invoice_id,invoice_number,supplier_id,department_id,po_id,invoice_date,invoice_amount,currency,payment_terms_days,due_date,invoice_status,missing_po_flag,round_amount_flag,high_value_invoice_flag,invoice_due_days,duplicate_invoice_flag
INV0000001,FCT-634138,SUP00091,DPT009,PO0002176,2024-03-06,1082.2,EUR,30,2024-04-05,Validated,0,0,0,30,0
INV0000002,FCT-562234,SUP00057,DPT002,PO0003629,2024-07-06,17142.87,DZD,15,2024-07-21,Validated,0,0,0,15,0
INV0000003,FCT-647518,SUP00011,DPT002,,2024-06-22,1411.51,DZD,30,2024-07-22,Validated,1,0,0,30,0
INV0000004,FCT-802936,SUP00017,DPT006,,2024-10-24,3925.9,DZD,90,2025-01-22,Validated,1,0,0,90,0
INV0000005,FCT-449867,SUP00004,DPT009,PO0000920,2024-09-19,15000.0,DZD,60,2024-11-18,Pending Review,0,1,0,60,0
INV0000006,FCT-680723,SUP00063,DPT010,PO0003646,2024-10-24,7748.86,DZD,30,2024-11-23,Validated,0,0,0,30,0
INV0000007,FCT-487368,SUP00056,DPT004,PO0003562,2024-06-05,3532.68,DZD,15,2024-06-20,Validated,0,0,0,15,0
INV0000008,FCT-709390,SUP00002,DPT011,PO0001876,2024-04-29,980.58,DZD,45,2024-06-13,Validated,0,0,0,45,0
INV0000009,FCT-441135,SUP00279,DPT010,PO0000722,2024-08-25,1498.44,DZD,30,2024-09-24,Pending Review,0,0,0,30,0
INV0000010,FCT-279335,SUP00016,DPT010,PO0000428,2024-09-21,1790.48,USD,45,2024-11-05,Validated,0,0,0,45,0
INV0000011,FCT-954236,SUP00010,DPT005,PO0004956,2024-03-06,285.58,USD,45,2024-04-20,Validated,0,0,0,45,0
INV0000012,FCT-964644,SUP00004,DPT011,PO0004219,2024-11-19,50000.0,EUR,30,2024-12-19,Validated,0,1,0,30,0
INV0000013,FCT-638246,SUP00028,DPT004,,2024-06-25,10734.8,EUR,45,2024-08-09,Validated,1,0,0,45,0
INV0000014,FCT-681368,SUP00207,DPT004,PO0001226,2024-10-27,1750.1,USD,90,2025-01-25,Validated,0,0,0,90,0
INV0000015,FCT-243005,SUP00075,DPT001,PO0000692,2024-01-25,26908.89,DZD,45,2024-03-10,Validated,0,0,0,45,0
INV0000016,FCT-764720,SUP00028,DPT001,PO0003522,2024-04-29,5311.56,DZD,15,2024-05-14,Validated,0,0,0,15,0
INV0000017,FCT-793347,SUP00043,DPT012,PO0003256,2024-05-16,15908.57,DZD,30,2024-06-15,Pending Review,0,0,0,30,0
INV0000018,FCT-207786,SUP00232,DPT001,PO0000359,2024-09-27,14651.29,DZD,30,2024-10-27,Validated,0,0,0,30,0
INV0000019,FCT-724897,SUP00006,DPT004,PO0000614,2024-03-30,5144.66,DZD,60,2024-05-29,Validated,0,0,0,60,0
INV0000020,FCT-245672,SUP00245,DPT008,PO0004886,2024-09-26,581.89,DZD,45,2024-11-10,Validated,0,0,0,45,0
INV0000021,FCT-669971,SUP00005,DPT006,PO0000494,2024-10-30,7546.94,DZD,30,2024-11-29,Validated,0,0,0,30,0
INV0000022,FCT-805429,SUP00259,DPT005,PO0003651,2024-03-29,10996.92,EUR,30,2024-04-28,Validated,0,0,0,30,0
INV0000023,FCT-337681,SUP00241,DPT011,PO0000232,2024-12-24,2834.31,EUR,45,2025-02-07,Validated,0,0,0,45,0
INV0000024,FCT-878907,SUP00251,DPT009,,2024-09-01,7222.41,USD,60,2024-10-31,Validated,1,0,0,60,0
INV0000025,FCT-656780,SUP00007,DPT012,PO0001946,2024-07-04,5808.19,DZD,30,2024-08-03,Validated,0,0,0,30,0
INV0000026,FCT-989413,SUP00274,DPT004,PO0003423,2024-02-02,2005.65,DZD,30,2024-03-03,Pending Review,0,0,0,30,0
INV0000027,FCT-834708,SUP00003,DPT004,PO0001044,2024-07-05,5351.52,DZD,45,2024-08-19,Validated,0,0,0,45,0
INV0000028,FCT-666502,SUP00001,DPT007,PO0004138,2024-04-10,3342.28,DZD,30,2024-05-10,Validated,0,0,0,30,0
INV0000029,FCT-250479,SUP00313,DPT002,PO0000493,2024-05-31,9240.31,DZD,30,2024-06-30,Validated,0,0,0,30,0
INV0000030,FCT-956532,SUP00007,DPT011,,2024-01-11,3045.72,DZD,30,2024-02-10,Validated,1,0,0,30,0
INV0000031,FCT-592628,SUP00010,DPT004,PO0002155,2024-10-15,100000.0,EUR,45,2024-11-29,Validated,0,1,1,45,0
INV0000032,FCT-475442,SUP00123,DPT002,,2024-02-17,912.88,EUR,15,2024-03-03,Validated,1,0,0,15,0
INV0000033,FCT-288074,SUP00002,DPT001,PO0001857,2024-07-06,75918.41,DZD,30,2024-08-05,Validated,0,0,0,30,0
INV0000034,FCT-561966,SUP00132,DPT011,PO0004249,2024-02-08,3567.23,DZD,15,2024-02-23,Validated,0,0,0,15,0
INV0000035,FCT-597132,SUP00008,DPT011,PO0002360,2024-04-26,1635.84,EUR,30,2024-05-26,Validated,0,0,0,30,0
INV0000036,FCT-140127,SUP00154,DPT002,PO0004088,2024-12-11,12016.55,DZD,30,2025-01-10,Validated,0,0,0,30,0
INV0000037,FCT-677881,SUP00003,DPT010,PO0004462,2024-03-07,7442.53,DZD,30,2024-04-06,Validated,0,0,0,30,0
INV0000038,FCT-137401,SUP00210,DPT004,PO0002070,2024-02-29,11275.96,DZD,30,2024-03-30,Validated,0,0,0,30,0
INV0000039,FCT-829719,SUP00005,DPT005,PO0001021,2024-12-04,12736.26,DZD,30,2025-01-03,Validated,0,0,0,30,0
INV0000040,FCT-561509,SUP00001,DPT002,PO0001711,2024-01-27,21197.21,EUR,30,2024-02-26,Validated,0,0,0,30,0
INV0000041,FCT-548582,SUP00098,DPT001,,2024-12-17,1764.33,EUR,30,2025-01-16,Pending Review,1,0,0,30,0
INV0000042,FCT-462796,SUP00122,DPT005,PO0003996,2024-09-30,7105.06,DZD,30,2024-10-30,Pending Review,0,0,0,30,0
INV0000043,FCT-937367,SUP00059,DPT005,PO0004110,2024-05-18,976.62,DZD,30,2024-06-17,Pending Review,0,0,0,30,0
INV0000044,FCT-773252,SUP00205,DPT006,PO0002361,2024-08-24,25000.0,DZD,30,2024-09-23,Validated,0,1,0,30,0
INV0000045,FCT-920219,SUP00014,DPT005,PO0005148,2024-08-04,12981.12,DZD,30,2024-09-03,Validated,0,0,0,30,0
INV0000046,FCT-843368,SUP00029,DPT001,PO0002439,2024-08-20,2144.17,DZD,30,2024-09-19,Validated,0,0,0,30,0
INV0000047,FCT-835194,SUP00006,DPT009,,2024-03-09,78080.93,USD,60,2024-05-08,Validated,1,0,0,60,0
INV0000048,FCT-850415,SUP00124,DPT005,PO0003853,2024-11-21,6128.68,USD,30,2024-12-21,Pending Review,0,0,0,30,0
INV0000049,FCT-599651,SUP00141,DPT010,PO0002572,2024-06-19,748.54,DZD,30,2024-07-19,Validated,0,0,0,30,0
INV0000050,FCT-387511,SUP00028,DPT004,PO0004698,2024-08-31,13507.8,EUR,45,2024-10-15,Validated,0,0,0,45,0
INV0000051,FCT-270471,SUP00288,DPT002,PO0005068,2024-09-17,77128.02,DZD,15,2024-10-02,Validated,0,0,0,15,0
INV0000052,FCT-345708,SUP00030,DPT004,PO0002641,2024-08-31,458.57,DZD,60,2024-10-30,Validated,0,0,0,60,0
INV0000053,FCT-685759,SUP00002,DPT012,PO0000124,2024-06-27,13651.52,DZD,45,2024-08-11,Validated,0,0,0,45,0
INV0000054,FCT-478794,SUP00003,DPT005,PO0003866,2024-06-15,1924.18,DZD,30,2024-07-15,Pending Review,0,0,0,30,0
INV0000055,FCT-735374,SUP00005,DPT004,PO0003009,2024-07-27,5641.25,DZD,45,2024-09-10,Validated,0,0,0,45,0
INV0000056,FCT-614731,SUP00009,DPT003,PO0005126,2024-07-25,1332.02,DZD,30,2024-08-24,Validated,0,0,0,30,0
INV0000057,FCT-545167,SUP00094,DPT012,PO0001818,2024-10-24,16018.91,DZD,15,2024-11-08,Validated,0,0,0,15,0
INV0000058,FCT-310858,SUP00004,DPT006,PO0002876,2024-10-06,4162.26,DZD,30,2024-11-05,Validated,0,0,0,30,0
INV0000059,FCT-970251,SUP00297,DPT004,PO0001775,2024-08-28,22798.39,DZD,30,2024-09-27,Validated,0,0,0,30,0
INV0000060,FCT-583338,SUP00002,DPT003,PO0001491,2024-05-11,1837.1,DZD,30,2024-06-10,Validated,0,0,0,30,0
INV0000061,FCT-187338,SUP00005,DPT004,PO0002961,2024-06-29,4733.53,DZD,30,2024-07-29,Validated,0,0,0,30,0
INV0000062,FCT-451974,SUP00238,DPT009,PO0001784,2024-01-14,419.55,DZD,45,2024-02-28,Validated,0,0,0,45,0
INV0000063,FCT-868781,SUP00001,DPT001,PO0004632,2024-04-10,119057.89,DZD,30,2024-05-10,Validated,0,0,1,30,0
INV0000064,FCT-386356,SUP00017,DPT005,PO0002912,2024-06-04,54589.98,DZD,30,2024-07-04,Pending Review,0,0,0,30,0
INV0000065,FCT-913411,SUP00005,DPT002,PO0002756,2024-08-07,73582.15,DZD,60,2024-10-06,Validated,0,0,0,60,0
INV0000066,FCT-330180,SUP00260,DPT005,PO0000814,2024-05-17,34998.83,DZD,30,2024-06-16,Validated,0,0,0,30,0
INV0000067,FCT-665336,SUP00076,DPT008,PO0002436,2024-01-20,3042.58,DZD,15,2024-02-04,Validated,0,0,0,15,0
INV0000068,FCT-563069,SUP00022,DPT003,PO0004741,2024-03-07,5705.78,DZD,60,2024-05-06,Validated,0,0,0,60,0
INV0000069,FCT-898986,SUP00006,DPT011,,2024-03-05,8393.04,DZD,60,2024-05-04,Pending Review,1,0,0,60,0
INV0000070,FCT-351836,SUP00007,DPT011,PO0000786,2024-09-15,9233.77,EUR,30,2024-10-15,Validated,0,0,0,30,0
INV0000071,FCT-290889,SUP00001,DPT001,PO0002383,2024-11-26,1703.03,DZD,15,2024-12-11,Pending Review,0,0,0,15,0
INV0000072,FCT-312859,SUP00005,DPT003,PO0000261,2024-10-20,1607.31,DZD,45,2024-12-04,Validated,0,0,0,45,0
INV0000073,FCT-410726,SUP00108,DPT003,PO0000369,2024-06-30,1289.95,DZD,90,2024-09-28,Validated,0,0,0,90,0
INV0000074,FCT-341282,SUP00086,DPT012,PO0003831,2024-02-27,3675.67,USD,15,2024-03-13,Validated,0,0,0,15,0
INV0000075,FCT-263249,SUP00214,DPT009,PO0002818,2024-11-28,4154.96,USD,15,2024-12-13,Validated,0,0,0,15,0
INV0000076,FCT-620708,SUP00019,DPT002,,2024-06-24,3566.81,USD,30,2024-07-24,Validated,1,0,0,30,0
INV0000077,FCT-382198,SUP00012,DPT009,,2024-10-03,8013.68,DZD,15,2024-10-18,Validated,1,0,0,15,0
INV0000078,FCT-240507,SUP00037,DPT001,,2024-04-29,1223.76,DZD,45,2024-06-13,Validated,1,0,0,45,0
INV0000079,FCT-248810,SUP00005,DPT010,PO0003829,2024-04-29,2247.26,DZD,30,2024-05-29,Validated,0,0,0,30,0
INV0000080,FCT-203263,SUP00036,DPT002,,2024-07-26,2503.97,DZD,45,2024-09-09,Validated,1,0,0,45,0
INV0000081,FCT-247459,SUP00007,DPT002,PO0002306,2024-09-13,15394.95,DZD,30,2024-10-13,Validated,0,0,0,30,0
INV0000082,FCT-947268,SUP00021,DPT004,PO0003170,2024-02-04,7533.49,DZD,30,2024-03-05,Validated,0,0,0,30,0
INV0000083,FCT-127720,SUP00307,DPT001,,2024-05-27,8856.68,DZD,30,2024-06-26,Validated,1,0,0,30,0
INV0000084,FCT-958190,SUP00016,DPT011,,2024-12-06,2050.76,DZD,30,2025-01-05,Validated,1,0,0,30,0
INV0000085,FCT-770224,SUP00264,DPT005,PO0004180,2024-08-07,6289.07,DZD,15,2024-08-22,Validated,0,0,0,15,0
INV0000086,FCT-354729,SUP00002,DPT011,PO0001327,2024-01-24,2463.71,DZD,45,2024-03-09,Validated,0,0,0,45,0
INV0000087,FCT-371927,SUP00029,DPT003,PO0002443,2024-08-24,2562.63,DZD,30,2024-09-23,Validated,0,0,0,30,0
INV0000088,FCT-182610,SUP00010,DPT009,PO0000188,2024-10-27,9182.12,EUR,30,2024-11-26,Validated,0,0,0,30,0
INV0000089,FCT-649963,SUP00009,DPT003,PO0000287,2024-11-07,2852.84,DZD,60,2025-01-06,Validated,0,0,0,60,0
INV0000090,FCT-166393,SUP00091,DPT012,PO0002681,2024-03-12,5316.97,DZD,90,2024-06-10,Validated,0,0,0,90,0
INV0000091,FCT-725045,SUP00001,DPT005,,2024-03-05,4401.17,DZD,45,2024-04-19,Disputed,1,0,0,45,0
INV0000092,FCT-511896,SUP00160,DPT011,PO0002612,2024-10-08,1555.63,DZD,60,2024-12-07,Validated,0,0,0,60,0
INV0000093,FCT-704010,SUP00236,DPT001,PO0003193,2024-11-20,3089.83,DZD,45,2025-01-04,Validated,0,0,0,45,0
INV0000094,FCT-958304,SUP00133,DPT008,PO0000915,2024-04-12,3147.22,USD,15,2024-04-27,Validated,0,0,0,15,0
INV0000095,FCT-937655,SUP00126,DPT009,PO0002212,2024-03-01,3870.22,DZD,45,2024-04-15,Validated,0,0,0,45,0
INV0000096,FCT-271754,SUP00222,DPT002,PO0002205,2024-10-15,754.95,DZD,45,2024-11-29,Validated,0,0,0,45,0
INV0000097,FCT-747794,SUP00030,DPT002,PO0000772,2024-10-05,2594.95,EUR,30,2024-11-04,Validated,0,0,0,30,0
INV0000098,FCT-598159,SUP00028,DPT003,,2024-11-30,17130.78,DZD,45,2025-01-14,Validated,1,0,0,45,0
INV0000099,FCT-654320,SUP00003,DPT007,PO0004227,2024-09-13,9926.83,DZD,90,2024-12-12,Pending Review,0,0,0,90,0
INV0000100,FCT-169866,SUP00021,DPT008,,2024-12-07,3791.91,DZD,60,2025-02-05,Validated,1,0,0,60,0
INV0000101,FCT-219104,SUP00215,DPT005,,2024-10-28,1545.8,DZD,30,2024-11-27,Validated,1,0,0,30,1
INV0000102,FCT-250238,SUP00200,DPT003,PO0002343,2024-11-11,6737.61,DZD,90,2025-02-09,Validated,0,0,0,90,0
INV0000103,FCT-119124,SUP00003,DPT002,PO0000844,2024-10-08,18266.66,DZD,30,2024-11-07,Validated,0,0,0,30,0
INV0000104,FCT-188612,SUP00006,DPT004,PO0002732,2024-06-04,34358.29,DZD,30,2024-07-04,Validated,0,0,0,30,0
INV0000105,FCT-752653,SUP00016,DPT010,,2024-02-09,3285.94,DZD,30,2024-03-10,Validated,1,0,0,30,0
INV0000106,FCT-390617,SUP00273,DPT001,PO0000824,2024-06-05,1773.84,DZD,30,2024-07-05,Validated,0,0,0,30,0
INV0000107,FCT-880702,SUP00267,DPT003,,2024-04-06,10446.52,DZD,30,2024-05-06,Validated,1,0,0,30,0
INV0000108,FCT-804461,SUP00189,DPT002,,2024-12-13,9072.24,EUR,30,2025-01-12,Pending Review,1,0,0,30,0
INV0000109,FCT-638918,SUP00073,DPT009,PO0003586,2024-05-10,6075.39,DZD,30,2024-06-09,Pending Review,0,0,0,30,0
INV0000110,FCT-430607,SUP00023,DPT006,,2024-11-21,20000.0,DZD,30,2024-12-21,Pending Review,1,1,0,30,0
INV0000111,FCT-991620,SUP00023,DPT011,PO0003319,2024-05-09,1332.53,DZD,30,2024-06-08,Validated,0,0,0,30,0
INV0000112,FCT-669110,SUP00113,DPT011,PO0002977,2024-06-26,13040.12,DZD,45,2024-08-10,Validated,0,0,0,45,0
INV0000113,FCT-899197,SUP00021,DPT005,,2024-09-11,16831.68,EUR,60,2024-11-10,Validated,1,0,0,60,0
INV0000114,FCT-343230,SUP00116,DPT011,PO0002300,2024-05-25,3968.04,DZD,30,2024-06-24,Disputed,0,0,0,30,0
INV0000115,FCT-944954,SUP00024,DPT002,PO0004644,2024-09-10,42921.24,DZD,45,2024-10-25,Validated,0,0,0,45,0
INV0000116,FCT-351599,SUP00251,DPT004,PO0000027,2024-02-04,7876.63,DZD,45,2024-03-20,Validated,0,0,0,45,0
INV0000117,FCT-757740,SUP00139,DPT003,PO0000492,2024-08-03,5000.0,DZD,30,2024-09-02,Validated,0,1,0,30,0
INV0000118,FCT-997561,SUP00178,DPT007,PO0002283,2024-05-11,1540.25,DZD,30,2024-06-10,Disputed,0,0,0,30,0
INV0000119,FCT-967212,SUP00009,DPT009,PO0003367,2024-03-04,849.34,DZD,30,2024-04-03,Validated,0,0,0,30,0
INV0000120,FCT-425444,SUP00007,DPT002,PO0004922,2024-06-20,3331.73,DZD,30,2024-07-20,Validated,0,0,0,30,0
INV0000121,FCT-640407,SUP00150,DPT002,PO0001652,2024-02-13,9173.42,DZD,60,2024-04-13,Validated,0,0,0,60,0
INV0000122,FCT-751862,SUP00005,DPT007,PO0002476,2024-10-30,87870.59,DZD,30,2024-11-29,Validated,0,0,0,30,0
INV0000123,FCT-521939,SUP00005,DPT010,PO0001218,2024-11-25,6487.92,DZD,30,2024-12-25,Validated,0,0,0,30,0
INV0000124,FCT-552742,SUP00023,DPT004,,2024-04-28,11862.01,DZD,30,2024-05-28,Pending Review,1,0,0,30,0
INV0000125,FCT-141209,SUP00007,DPT006,PO0000582,2024-05-03,2318.47,EUR,45,2024-06-17,Validated,0,0,0,45,0
INV0000126,FCT-175873,SUP00002,DPT002,PO0000444,2024-04-20,7630.82,DZD,30,2024-05-20,Validated,0,0,0,30,0
INV0000127,FCT-929635,SUP00006,DPT004,PO0002564,2024-11-03,6566.1,DZD,30,2024-12-03,Pending Review,0,0,0,30,0
INV0000128,FCT-168838,SUP00007,DPT002,,2024-01-10,2023.75,DZD,30,2024-02-09,Validated,1,0,0,30,0
INV0000129,FCT-455328,SUP00006,DPT002,PO0001241,2024-02-19,27970.63,DZD,30,2024-03-20,Validated,0,0,0,30,0
INV0000130,FCT-791540,SUP00219,DPT006,PO0002432,2024-01-15,5145.3,USD,30,2024-02-14,Pending Review,0,0,0,30,0
INV0000131,FCT-187297,SUP00167,DPT009,PO0003968,2024-08-14,21400.41,DZD,15,2024-08-29,Validated,0,0,0,15,0
INV0000132,FCT-883080,SUP00011,DPT006,PO0004002,2024-10-21,6069.88,DZD,30,2024-11-20,Validated,0,0,0,30,0
INV0000133,FCT-741122,SUP00024,DPT002,PO0004644,2024-09-03,4100.61,DZD,45,2024-10-18,Validated,0,0,0,45,0
INV0000134,FCT-490401,SUP00005,DPT005,PO0000883,2024-02-29,2444.34,DZD,30,2024-03-30,Validated,0,0,0,30,0
INV0000135,FCT-399714,SUP00128,DPT009,PO0003688,2024-05-25,4012.16,DZD,45,2024-07-09,Validated,0,0,0,45,0
INV0000136,FCT-183370,SUP00022,DPT011,PO0004982,2024-12-18,32351.08,DZD,45,2025-02-01,Pending Review,0,0,0,45,0
INV0000137,FCT-589431,SUP00174,DPT003,PO0004445,2024-10-29,2135.65,DZD,30,2024-11-28,Pending Review,0,0,0,30,0
INV0000138,FCT-790518,SUP00165,DPT002,PO0000011,2024-01-22,25000.0,EUR,30,2024-02-21,Validated,0,1,0,30,0
INV0000139,FCT-996811,SUP00013,DPT009,PO0001660,2024-02-25,4197.06,DZD,30,2024-03-26,Validated,0,0,0,30,0
INV0000140,FCT-344511,SUP00100,DPT002,PO0004581,2024-10-21,11824.38,DZD,30,2024-11-20,Validated,0,0,0,30,0
INV0000141,FCT-689397,SUP00010,DPT009,PO0001742,2024-08-26,7615.21,DZD,90,2024-11-24,Validated,0,0,0,90,0
INV0000142,FCT-125011,SUP00096,DPT005,PO0000324,2024-02-12,1295.58,DZD,30,2024-03-13,Validated,0,0,0,30,0
INV0000143,FCT-122513,SUP00016,DPT002,PO0000897,2024-03-31,7262.96,DZD,45,2024-05-15,Validated,0,0,0,45,0
INV0000144,FCT-270857,SUP00019,DPT003,PO0001602,2024-08-19,72445.93,DZD,45,2024-10-03,Validated,0,0,0,45,0
INV0000145,FCT-150103,SUP00153,DPT010,PO0001145,2024-10-17,8549.26,EUR,30,2024-11-16,Validated,0,0,0,30,0
INV0000146,FCT-372035,SUP00010,DPT004,PO0001819,2024-10-03,17433.03,DZD,30,2024-11-02,Validated,0,0,0,30,0
INV0000147,FCT-621714,SUP00203,DPT003,PO0001185,2024-01-30,8449.07,DZD,45,2024-03-15,Disputed,0,0,0,45,0
INV0000148,FCT-246889,SUP00011,DPT002,PO0004464,2024-03-23,14860.49,USD,30,2024-04-22,Validated,0,0,0,30,0
INV0000149,FCT-145714,SUP00002,DPT010,PO0004699,2024-07-20,2628.76,DZD,30,2024-08-19,Validated,0,0,0,30,0
INV0000150,FCT-442494,SUP00006,DPT003,,2024-07-23,5220.53,DZD,60,2024-09-21,Validated,1,0,0,60,0
INV0000151,FCT-105649,SUP00003,DPT003,PO0003476,2024-12-21,16516.04,USD,30,2025-01-20,Validated,0,0,0,30,0
INV0000152,FCT-662478,SUP00286,DPT010,PO0000667,2024-10-11,4013.06,DZD,30,2024-11-10,Validated,0,0,0,30,0
INV0000153,FCT-389114,SUP00164,DPT011,PO0000865,2024-04-12,20598.79,DZD,60,2024-06-11,Validated,0,0,0,60,0
INV0000154,FCT-797780,SUP00272,DPT006,PO0003822,2024-03-03,1893.02,EUR,30,2024-04-02,Validated,0,0,0,30,0
INV0000155,FCT-151053,SUP00059,DPT007,PO0000092,2024-01-17,6422.94,DZD,45,2024-03-02,Validated,0,0,0,45,0
INV0000156,FCT-409489,SUP00010,DPT009,PO0001742,2024-07-09,4457.3,DZD,45,2024-08-23,Validated,0,0,0,45,0
INV0000157,FCT-871295,SUP00009,DPT003,,2024-02-24,124743.75,USD,30,2024-03-25,Validated,1,0,1,30,0
INV0000158,FCT-421891,SUP00173,DPT004,,2024-07-13,3834.32,DZD,30,2024-08-12,Pending Review,1,0,0,30,0
INV0000159,FCT-435740,SUP00185,DPT011,PO0000657,2024-08-18,9732.77,USD,45,2024-10-02,Validated,0,0,0,45,0
INV0000160,FCT-128976,SUP00239,DPT001,PO0002778,2024-10-07,607.83,DZD,60,2024-12-06,Validated,0,0,0,60,0
INV0000161,FCT-531928,SUP00006,DPT003,PO0003102,2024-07-12,1567.13,DZD,30,2024-08-11,Disputed,0,0,0,30,0
INV0000162,FCT-735182,SUP00054,DPT002,PO0000858,2024-05-11,8532.37,USD,30,2024-06-10,Validated,0,0,0,30,0
INV0000163,FCT-782948,SUP00218,DPT009,PO0001649,2024-11-06,4431.64,EUR,30,2024-12-06,Validated,0,0,0,30,0
INV0000164,FCT-241938,SUP00158,DPT006,PO0001256,2024-08-23,4530.8,DZD,45,2024-10-07,Validated,0,0,0,45,0
INV0000165,FCT-397938,SUP00005,DPT012,,2024-08-30,4131.01,DZD,30,2024-09-29,Validated,1,0,0,30,0
INV0000166,FCT-164346,SUP00130,DPT001,PO0005135,2024-12-12,4852.36,EUR,30,2025-01-11,Validated,0,0,0,30,0
INV0000167,FCT-390370,SUP00021,DPT003,PO0000727,2024-12-15,838.64,DZD,30,2025-01-14,Validated,0,0,0,30,0
INV0000168,FCT-917429,SUP00022,DPT003,PO0000756,2024-09-15,5432.82,DZD,45,2024-10-30,Validated,0,0,0,45,0
INV0000169,FCT-341749,SUP00020,DPT002,PO0001382,2024-02-26,4664.79,DZD,15,2024-03-12,Validated,0,0,0,15,0
INV0000170,FCT-548653,SUP00013,DPT011,PO0000673,2024-01-07,20464.57,USD,30,2024-02-06,Validated,0,0,0,30,0
INV0000171,FCT-978715,SUP00022,DPT009,PO0001016,2024-07-31,15684.36,DZD,45,2024-09-14,Validated,0,0,0,45,0
INV0000172,FCT-954817,SUP00269,DPT004,PO0000105,2024-02-25,232.05,DZD,15,2024-03-11,Validated,0,0,0,15,0
INV0000173,FCT-288612,SUP00038,DPT006,PO0001139,2024-11-29,2579.02,DZD,30,2024-12-29,Validated,0,0,0,30,0
INV0000174,FCT-477991,SUP00003,DPT001,PO0001939,2024-05-25,47687.1,DZD,30,2024-06-24,Validated,0,0,0,30,0
INV0000175,FCT-715748,SUP00006,DPT004,PO0003164,2024-04-03,17014.23,DZD,45,2024-05-18,Validated,0,0,0,45,0
INV0000176,FCT-989933,SUP00004,DPT007,PO0003619,2024-05-27,10556.38,DZD,45,2024-07-11,Validated,0,0,0,45,0
INV0000177,FCT-680338,SUP00056,DPT001,,2024-09-14,3367.28,DZD,30,2024-10-14,Validated,1,0,0,30,0
INV0000178,FCT-790149,SUP00089,DPT006,PO0004976,2024-04-30,10000.0,EUR,30,2024-05-30,Validated,0,1,0,30,0
INV0000179,FCT-515278,SUP00008,DPT012,PO0002353,2024-02-18,1050.9,DZD,30,2024-03-19,Pending Review,0,0,0,30,0
INV0000180,FCT-217870,SUP00025,DPT011,,2024-06-10,3131.22,DZD,30,2024-07-10,Validated,1,0,0,30,0
INV0000181,FCT-785998,SUP00019,DPT012,PO0000234,2024-06-21,8924.57,DZD,30,2024-07-21,Validated,0,0,0,30,0
INV0000182,FCT-457424,SUP00171,DPT005,PO0000130,2024-12-10,12073.32,EUR,45,2025-01-24,Validated,0,0,0,45,0
INV0000183,FCT-262316,SUP00122,DPT006,,2024-01-25,7699.07,DZD,30,2024-02-24,Validated,1,0,0,30,0
INV0000184,FCT-551221,SUP00007,DPT003,PO0004374,2024-10-20,9439.05,DZD,30,2024-11-19,Validated,0,0,0,30,0
INV0000185,FCT-171301,SUP00025,DPT005,PO0000497,2024-04-17,7250.4,DZD,30,2024-05-17,Validated,0,0,0,30,0
INV0000186,FCT-714987,SUP00012,DPT003,PO0000742,2024-02-20,4177.45,DZD,45,2024-04-05,Validated,0,0,0,45,0
INV0000187,FCT-675056,SUP00010,DPT012,PO0001472,2024-02-17,28051.6,DZD,15,2024-03-03,Pending Review,0,0,0,15,0
INV0000188,FCT-500892,SUP00003,DPT008,,2024-06-11,50465.89,USD,45,2024-07-26,Validated,1,0,0,45,0
INV0000189,FCT-334832,SUP00282,DPT010,PO0002223,2024-08-19,5662.33,DZD,30,2024-09-18,Validated,0,0,0,30,0
INV0000190,FCT-528362,SUP00213,DPT001,PO0003932,2024-09-05,1553.78,DZD,45,2024-10-20,Validated,0,0,0,45,0
INV0000191,FCT-886972,SUP00141,DPT010,PO0002572,2024-10-04,4581.76,DZD,30,2024-11-03,Validated,0,0,0,30,0
INV0000192,FCT-359397,SUP00017,DPT002,,2024-02-29,6633.4,DZD,90,2024-05-29,Pending Review,1,0,0,90,0
INV0000193,FCT-613694,SUP00038,DPT012,PO0001139,2024-08-10,472.73,DZD,15,2024-08-25,Validated,0,0,0,15,0
INV0000194,FCT-594402,SUP00022,DPT009,PO0001016,2024-01-19,27980.02,DZD,30,2024-02-18,Validated,0,0,0,30,0
INV0000195,FCT-265946,SUP00004,DPT006,PO0001586,2024-06-06,20000.0,DZD,30,2024-07-06,Validated,0,1,0,30,0
INV0000196,FCT-579755,SUP00122,DPT009,PO0002532,2024-12-15,2319.72,DZD,30,2025-01-14,Validated,0,0,0,30,0
INV0000197,FCT-356343,SUP00006,DPT011,PO0002855,2024-08-10,4062.32,DZD,30,2024-09-09,Validated,0,0,0,30,0
INV0000198,FCT-859105,SUP00319,DPT006,PO0004548,2024-10-13,3485.4,DZD,45,2024-11-27,Validated,0,0,0,45,0
INV0000199,FCT-637380,SUP00078,DPT009,PO0003015,2024-01-20,6407.23,DZD,15,2024-02-04,Validated,0,0,0,15,0
INV0000200,FCT-605569,SUP00006,DPT002,PO0000416,2024-11-19,14884.93,EUR,15,2024-12-04,Pending Review,0,0,0,15,0
INV0000201,FCT-938617,SUP00001,DPT003,PO0000535,2024-05-17,26026.77,DZD,45,2024-07-01,Validated,0,0,0,45,0
INV0000202,FCT-441101,SUP00009,DPT003,PO0001616,2024-10-12,14900.0,DZD,30,2024-11-11,Validated,0,0,0,30,0
INV0000203,FCT-443643,SUP00030,DPT004,PO0000191,2024-05-11,2030.03,DZD,45,2024-06-25,Validated,0,0,0,45,0
INV0000204,FCT-314707,SUP00008,DPT008,PO0002048,2024-09-04,5295.47,USD,60,2024-11-03,Validated,0,0,0,60,0
INV0000205,FCT-153727,SUP00007,DPT004,PO0003733,2024-07-15,6770.78,DZD,30,2024-08-14,Validated,0,0,0,30,0
INV0000206,FCT-831468,SUP00005,DPT002,PO0004868,2024-10-06,8546.59,DZD,30,2024-11-05,Validated,0,0,0,30,0
INV0000207,FCT-720743,SUP00052,DPT007,PO0002046,2024-12-07,10537.2,DZD,60,2025-02-05,Pending Review,0,0,0,60,0
INV0000208,FCT-711230,SUP00205,DPT010,PO0002095,2024-07-10,6564.71,DZD,30,2024-08-09,Validated,0,0,0,30,0
INV0000209,FCT-600742,SUP00007,DPT010,PO0000016,2024-01-12,5434.96,DZD,90,2024-04-11,Validated,0,0,0,90,0
INV0000210,FCT-688532,SUP00012,DPT009,PO0001806,2024-04-03,17108.76,EUR,90,2024-07-02,Validated,0,0,0,90,0
INV0000211,FCT-778727,SUP00015,DPT002,,2024-05-03,5152.77,DZD,30,2024-06-02,Validated,1,0,0,30,0
INV0000212,FCT-171619,SUP00266,DPT006,PO0004498,2024-02-04,18042.42,USD,30,2024-03-05,Validated,0,0,0,30,0
INV0000213,FCT-551374,SUP00007,DPT004,PO0003981,2024-06-26,20000.0,DZD,90,2024-09-24,Validated,0,1,0,90,0
INV0000214,FCT-860849,SUP00204,DPT007,,2024-08-06,31909.21,EUR,45,2024-09-20,Validated,1,0,0,45,0
INV0000215,FCT-458802,SUP00017,DPT001,PO0000131,2024-07-02,7711.08,DZD,30,2024-08-01,Validated,0,0,0,30,0
INV0000216,FCT-605951,SUP00118,DPT009,PO0004848,2024-03-21,31578.89,EUR,45,2024-05-05,Disputed,0,0,0,45,0
INV0000217,FCT-487168,SUP00004,DPT006,PO0001856,2024-05-15,4234.33,EUR,45,2024-06-29,Validated,0,0,0,45,0
INV0000218,FCT-863239,SUP00286,DPT002,,2024-10-27,8932.59,DZD,45,2024-12-11,Validated,1,0,0,45,0
INV0000219,FCT-830698,SUP00001,DPT002,PO0004663,2024-02-19,14469.01,DZD,45,2024-04-04,Validated,0,0,0,45,0
INV0000220,FCT-814065,SUP00007,DPT009,PO0004830,2024-07-14,1877.56,DZD,45,2024-08-28,Validated,0,0,0,45,0
INV0000221,FCT-450850,SUP00257,DPT002,PO0002859,2024-10-16,3821.17,DZD,30,2024-11-15,Validated,0,0,0,30,0
INV0000222,FCT-958758,SUP00181,DPT004,PO0001772,2024-12-29,2784.85,USD,90,2025-03-29,Validated,0,0,0,90,0
INV0000223,FCT-517643,SUP00010,DPT007,,2024-07-06,5618.2,DZD,15,2024-07-21,Validated,1,0,0,15,0
INV0000224,FCT-765270,SUP00242,DPT004,,2024-05-20,3253.18,DZD,60,2024-07-19,Validated,1,0,0,60,0
INV0000225,FCT-325345,SUP00006,DPT001,PO0004818,2024-08-19,6785.39,DZD,90,2024-11-17,Validated,0,0,0,90,0
INV0000226,FCT-263370,SUP00006,DPT005,PO0003344,2024-06-02,5488.28,DZD,90,2024-08-31,Validated,0,0,0,90,0
INV0000227,FCT-112773,SUP00079,DPT004,PO0003222,2024-10-17,4353.13,DZD,45,2024-12-01,Validated,0,0,0,45,0
INV0000228,FCT-351404,SUP00252,DPT012,PO0003094,2024-04-08,7139.68,DZD,30,2024-05-08,Validated,0,0,0,30,0
INV0000229,FCT-290486,SUP00298,DPT004,PO0002276,2024-04-21,2738.75,DZD,30,2024-05-21,Validated,0,0,0,30,0
INV0000230,FCT-966968,SUP00030,DPT005,PO0000567,2024-04-14,2227.16,DZD,60,2024-06-13,Validated,0,0,0,60,0
INV0000231,FCT-826417,SUP00017,DPT002,PO0001569,2024-10-13,5000.0,DZD,45,2024-11-27,Validated,0,1,0,45,0
INV0000232,FCT-988673,SUP00013,DPT005,PO0002049,2024-06-23,768.04,DZD,60,2024-08-22,Validated,0,0,0,60,0
INV0000233,FCT-923828,SUP00238,DPT006,PO0002662,2024-09-24,2747.22,DZD,45,2024-11-08,Validated,0,0,0,45,0
INV0000234,FCT-614071,SUP00008,DPT012,,2024-01-24,11154.98,DZD,30,2024-02-23,Disputed,1,0,0,30,0
INV0000235,FCT-767481,SUP00042,DPT001,PO0001930,2024-10-06,4782.1,DZD,45,2024-11-20,Validated,0,0,0,45,0
INV0000236,FCT-291524,SUP00317,DPT001,PO0003599,2024-10-31,6087.62,DZD,30,2024-11-30,Validated,0,0,0,30,0
INV0000237,FCT-493508,SUP00003,DPT005,PO0000495,2024-02-16,3769.13,DZD,30,2024-03-17,Validated,0,0,0,30,0
INV0000238,FCT-842909,SUP00007,DPT004,PO0001591,2024-02-06,55384.31,DZD,15,2024-02-21,Validated,0,0,0,15,0
INV0000239,FCT-712008,SUP00064,DPT006,PO0001763,2024-07-21,7261.78,EUR,45,2024-09-04,Validated,0,0,0,45,0
INV0000240,FCT-962350,SUP00009,DPT010,PO0005035,2024-11-26,3121.32,DZD,15,2024-12-11,Validated,0,0,0,15,0
INV0000241,FCT-211440,SUP00003,DPT003,PO0001931,2024-11-02,1780.46,DZD,45,2024-12-17,Validated,0,0,0,45,0
INV0000242,FCT-519992,SUP00175,DPT005,PO0000907,2024-05-25,43052.41,DZD,30,2024-06-24,Disputed,0,0,0,30,0
INV0000243,FCT-182825,SUP00002,DPT004,,2024-12-05,1197.29,DZD,90,2025-03-05,Validated,1,0,0,90,0
INV0000244,FCT-244185,SUP00085,DPT009,,2024-06-16,2406.75,DZD,30,2024-07-16,Validated,1,0,0,30,0
INV0000245,FCT-268899,SUP00287,DPT005,PO0005011,2024-08-31,2408.37,DZD,30,2024-09-30,Validated,0,0,0,30,0
INV0000246,FCT-756442,SUP00006,DPT001,PO0002594,2024-12-17,5768.07,DZD,30,2025-01-16,Pending Review,0,0,0,30,0
INV0000247,FCT-643614,SUP00292,DPT005,PO0000455,2024-03-04,9030.02,DZD,60,2024-05-03,Validated,0,0,0,60,0
INV0000248,FCT-532211,SUP00184,DPT006,PO0003090,2024-09-26,6494.48,DZD,30,2024-10-26,Validated,0,0,0,30,0
INV0000249,FCT-478312,SUP00001,DPT002,PO0004465,2024-06-02,3946.78,EUR,15,2024-06-17,Validated,0,0,0,15,0
INV0000250,FCT-852337,SUP00007,DPT012,PO0004756,2024-04-11,1203.81,DZD,60,2024-06-10,Validated,0,0,0,60,0
INV0000251,FCT-264669,SUP00069,DPT009,PO0002207,2024-05-31,50772.76,DZD,30,2024-06-30,Validated,0,0,0,30,0
INV0000252,FCT-443974,SUP00014,DPT010,,2024-04-21,8140.84,DZD,45,2024-06-05,Validated,1,0,0,45,0
INV0000253,FCT-591092,SUP00006,DPT009,PO0004068,2024-08-08,11530.53,DZD,30,2024-09-07,Validated,0,0,0,30,0
INV0000254,FCT-455782,SUP00028,DPT003,PO0000032,2024-02-24,2758.89,DZD,30,2024-03-25,Validated,0,0,0,30,0
INV0000255,FCT-920427,SUP00003,DPT003,,2024-08-04,25000.0,DZD,45,2024-09-18,Validated,1,1,0,45,0
INV0000256,FCT-453295,SUP00021,DPT004,PO0003993,2024-08-21,23127.63,EUR,60,2024-10-20,Validated,0,0,0,60,0
INV0000257,FCT-596160,SUP00001,DPT001,PO0005192,2024-10-19,475.33,DZD,30,2024-11-18,Pending Review,0,0,0,30,0
INV0000258,FCT-633023,SUP00027,DPT007,PO0003502,2024-08-29,14443.85,DZD,30,2024-09-28,Validated,0,0,0,30,0
INV0000259,FCT-565808,SUP00021,DPT007,PO0000917,2024-09-10,25000.0,DZD,45,2024-10-25,Validated,0,1,0,45,0
INV0000260,FCT-275799,SUP00134,DPT010,PO0003056,2024-11-20,9685.47,DZD,45,2025-01-04,Validated,0,0,0,45,0
INV0000261,FCT-419494,SUP00001,DPT004,PO0001898,2024-08-04,40726.64,DZD,60,2024-10-03,Validated,0,0,0,60,0
INV0000262,FCT-992641,SUP00002,DPT007,PO0000601,2024-04-13,3465.18,DZD,30,2024-05-13,Validated,0,0,0,30,0
INV0000263,FCT-111125,SUP00226,DPT002,PO0004039,2024-10-04,268.46,DZD,30,2024-11-03,Validated,0,0,0,30,0
INV0000264,FCT-852710,SUP00018,DPT006,,2024-01-25,1711.16,DZD,45,2024-03-10,Validated,1,0,0,45,0
INV0000265,FCT-321310,SUP00030,DPT007,,2024-05-23,6092.78,DZD,30,2024-06-22,Validated,1,0,0,30,0
INV0000266,FCT-653756,SUP00026,DPT002,PO0004894,2024-03-21,39993.19,DZD,45,2024-05-05,Validated,0,0,0,45,0
INV0000267,FCT-397146,SUP00021,DPT001,PO0004619,2024-10-25,3841.45,DZD,45,2024-12-09,Validated,0,0,0,45,0
INV0000268,FCT-243104,SUP00091,DPT005,,2024-12-17,35605.24,EUR,30,2025-01-16,Validated,1,0,0,30,0
INV0000269,FCT-508925,SUP00060,DPT002,,2024-05-01,414.35,DZD,30,2024-05-31,Validated,1,0,0,30,0
INV0000270,FCT-502742,SUP00293,DPT007,PO0001605,2024-12-26,3364.0,EUR,30,2025-01-25,Validated,0,0,0,30,0
INV0000271,FCT-929984,SUP00087,DPT003,,2024-12-16,19802.81,USD,60,2025-02-14,Validated,1,0,0,60,0
INV0000272,FCT-263671,SUP00006,DPT002,,2024-05-08,17773.22,DZD,60,2024-07-07,Disputed,1,0,0,60,0
INV0000273,FCT-370516,SUP00176,DPT003,PO0000777,2024-03-17,20000.0,EUR,45,2024-05-01,Validated,0,1,0,45,0
INV0000274,FCT-857502,SUP00008,DPT011,PO0001490,2024-06-27,2284.61,EUR,30,2024-07-27,Pending Review,0,0,0,30,0
INV0000275,FCT-381735,SUP00074,DPT001,,2024-11-11,5119.67,DZD,30,2024-12-11,Validated,1,0,0,30,1
INV0000276,FCT-115627,SUP00033,DPT004,PO0004342,2024-11-04,2796.94,EUR,45,2024-12-19,Disputed,0,0,0,45,0
INV0000277,FCT-388895,SUP00319,DPT006,PO0004222,2024-09-24,23032.97,DZD,90,2024-12-23,Validated,0,0,0,90,0
INV0000278,FCT-510456,SUP00004,DPT001,,2024-06-23,6092.46,DZD,45,2024-08-07,Validated,1,0,0,45,0
INV0000279,FCT-292760,SUP00256,DPT008,,2024-06-04,1140.23,DZD,30,2024-07-04,Validated,1,0,0,30,0
INV0000280,FCT-246754,SUP00010,DPT009,PO0003406,2024-12-16,10196.43,USD,30,2025-01-15,Validated,0,0,0,30,0
INV0000281,FCT-489433,SUP00005,DPT004,PO0001667,2024-07-21,10837.09,DZD,30,2024-08-20,Validated,0,0,0,30,0
INV0000282,FCT-129178,SUP00010,DPT006,,2024-11-01,1600.97,DZD,15,2024-11-16,Validated,1,0,0,15,0
INV0000283,FCT-772872,SUP00211,DPT009,PO0000043,2024-10-29,2154.59,DZD,30,2024-11-28,Validated,0,0,0,30,0
INV0000284,FCT-456122,SUP00227,DPT001,PO0001273,2024-09-27,2648.02,DZD,30,2024-10-27,Validated,0,0,0,30,0
INV0000285,FCT-761466,SUP00228,DPT004,,2024-11-17,28899.33,EUR,30,2024-12-17,Pending Review,1,0,0,30,0
INV0000286,FCT-543209,SUP00019,DPT004,PO0002419,2024-08-17,5423.4,DZD,15,2024-09-01,Pending Review,0,0,0,15,0
INV0000287,FCT-103568,SUP00010,DPT001,PO0003567,2024-06-10,473.07,DZD,60,2024-08-09,Validated,0,0,0,60,0
INV0000288,FCT-987075,SUP00003,DPT007,PO0004138,2024-03-16,1504.29,DZD,30,2024-04-15,Pending Review,0,0,0,30,0
INV0000289,FCT-791626,SUP00231,DPT008,,2024-01-22,13673.97,DZD,30,2024-02-21,Validated,1,0,0,30,0
INV0000290,FCT-164471,SUP00010,DPT008,PO0001486,2024-03-07,3753.92,DZD,90,2024-06-05,Validated,0,0,0,90,0
INV0000291,FCT-453773,SUP00001,DPT006,PO0003342,2024-12-22,1463.37,DZD,30,2025-01-21,Validated,0,0,0,30,0
INV0000292,FCT-688412,SUP00002,DPT011,,2024-11-12,3884.65,DZD,90,2025-02-10,Validated,1,0,0,90,0
INV0000293,FCT-117559,SUP00031,DPT001,PO0004729,2024-06-22,18555.24,DZD,30,2024-07-22,Validated,0,0,0,30,0
INV0000294,FCT-278907,SUP00150,DPT004,PO0000432,2024-03-28,73316.22,DZD,30,2024-04-27,Validated,0,0,0,30,0
INV0000295,FCT-991862,SUP00305,DPT004,PO0002069,2024-02-08,5615.8,DZD,45,2024-03-24,Validated,0,0,0,45,0
INV0000296,FCT-754883,SUP00006,DPT009,PO0003636,2024-03-29,10541.03,EUR,45,2024-05-13,Validated,0,0,0,45,0
INV0000297,FCT-886419,SUP00156,DPT002,PO0002524,2024-03-27,5349.61,DZD,30,2024-04-26,Validated,0,0,0,30,0
INV0000298,FCT-908263,SUP00003,DPT002,,2024-11-04,7721.69,DZD,45,2024-12-19,Validated,1,0,0,45,0
INV0000299,FCT-421839,SUP00110,DPT003,PO0001214,2024-09-21,2071.95,EUR,30,2024-10-21,Validated,0,0,0,30,0
INV0000300,FCT-826085,SUP00153,DPT005,PO0000593,2024-01-17,31627.12,DZD,30,2024-02-16,Validated,0,0,0,30,0
INV0000301,FCT-713846,SUP00023,DPT012,PO0004678,2024-01-03,3543.41,DZD,90,2024-04-02,Validated,0,0,0,90,0
INV0000302,FCT-655416,SUP00005,DPT001,PO0000512,2024-09-18,1695.32,DZD,45,2024-11-02,Validated,0,0,0,45,0
INV0000303,FCT-673983,SUP00005,DPT005,PO0004297,2024-02-19,2478.71,DZD,30,2024-03-20,Validated,0,0,0,30,0
INV0000304,FCT-276560,SUP00232,DPT004,PO0001597,2024-08-12,12896.56,DZD,60,2024-10-11,Validated,0,0,0,60,0
INV0000305,FCT-986890,SUP00216,DPT012,PO0001123,2024-06-12,20000.0,EUR,30,2024-07-12,Validated,0,1,0,30,0
INV0000306,FCT-239310,SUP00002,DPT001,PO0004143,2024-01-14,34344.11,DZD,60,2024-03-14,Validated,0,0,0,60,0
INV0000307,FCT-263414,SUP00166,DPT004,PO0004966,2024-08-27,12525.1,DZD,30,2024-09-26,Validated,0,0,0,30,0
INV0000308,FCT-903032,SUP00313,DPT009,PO0000210,2024-03-07,16167.24,DZD,15,2024-03-22,Pending Review,0,0,0,15,0
INV0000309,FCT-291812,SUP00005,DPT009,PO0003908,2024-03-23,3708.86,USD,60,2024-05-22,Validated,0,0,0,60,0
INV0000310,FCT-161900,SUP00008,DPT011,PO0004592,2024-04-19,2937.57,EUR,30,2024-05-19,Validated,0,0,0,30,0
INV0000311,FCT-703036,SUP00271,DPT007,PO0003236,2024-12-08,6234.57,DZD,30,2025-01-07,Disputed,0,0,0,30,0
INV0000312,FCT-379528,SUP00017,DPT002,,2024-03-23,1532.68,EUR,90,2024-06-21,Validated,1,0,0,90,0
INV0000313,FCT-167624,SUP00009,DPT002,PO0000528,2024-04-04,10334.81,DZD,30,2024-05-04,Validated,0,0,0,30,0
INV0000314,FCT-269943,SUP00195,DPT004,PO0004247,2024-03-02,17237.62,DZD,30,2024-04-01,Validated,0,0,0,30,0
INV0000315,FCT-838810,SUP00315,DPT001,PO0004680,2024-11-21,2708.56,DZD,60,2025-01-20,Validated,0,0,0,60,0
INV0000316,FCT-235843,SUP00015,DPT002,PO0000231,2024-11-07,13269.58,DZD,30,2024-12-07,Validated,0,0,0,30,0
INV0000317,FCT-292668,SUP00187,DPT003,PO0001510,2024-12-13,8045.35,DZD,90,2025-03-13,Validated,0,0,0,90,0
INV0000318,FCT-686259,SUP00010,DPT003,PO0000402,2024-12-03,21670.02,DZD,30,2025-01-02,Validated,0,0,0,30,0
INV0000319,FCT-790331,SUP00019,DPT011,PO0004304,2024-07-02,39741.41,DZD,90,2024-09-30,Validated,0,0,0,90,0
INV0000320,FCT-603607,SUP00004,DPT011,PO0003742,2024-03-04,14750.15,DZD,45,2024-04-18,Validated,0,0,0,45,0
INV0000321,FCT-238227,SUP00037,DPT004,PO0000978,2024-06-02,5626.69,USD,15,2024-06-17,Validated,0,0,0,15,0
INV0000322,FCT-369634,SUP00003,DPT003,PO0000633,2024-07-30,24019.79,DZD,30,2024-08-29,Validated,0,0,0,30,0
INV0000323,FCT-766272,SUP00115,DPT001,PO0004670,2024-10-18,6338.55,DZD,30,2024-11-17,Disputed,0,0,0,30,0
INV0000324,FCT-518415,SUP00010,DPT001,PO0003567,2024-06-07,4423.2,DZD,15,2024-06-22,Validated,0,0,0,15,0
INV0000325,FCT-172266,SUP00024,DPT010,PO0000551,2024-01-15,2977.27,DZD,30,2024-02-14,Validated,0,0,0,30,0
INV0000326,FCT-890206,SUP00233,DPT004,PO0002507,2024-05-17,20000.0,DZD,30,2024-06-16,Validated,0,1,0,30,0
INV0000327,FCT-193691,SUP00012,DPT009,PO0001731,2024-07-22,19071.05,DZD,15,2024-08-06,Validated,0,0,0,15,0
INV0000328,FCT-715809,SUP00158,DPT005,PO0000849,2024-12-13,1833.16,DZD,30,2025-01-12,Validated,0,0,0,30,0
INV0000329,FCT-143661,SUP00004,DPT002,PO0001914,2024-08-08,1442.05,DZD,45,2024-09-22,Pending Review,0,0,0,45,0
INV0000330,FCT-472569,SUP00009,DPT007,PO0000054,2024-01-17,1475.37,DZD,30,2024-02-16,Validated,0,0,0,30,0
INV0000331,FCT-693610,SUP00006,DPT008,PO0003077,2024-07-11,19441.47,DZD,45,2024-08-25,Validated,0,0,0,45,0
INV0000332,FCT-250990,SUP00025,DPT003,PO0001574,2024-12-21,9489.77,DZD,30,2025-01-20,Validated,0,0,0,30,0
INV0000333,FCT-248977,SUP00009,DPT009,PO0000020,2024-05-24,32716.84,DZD,30,2024-06-23,Validated,0,0,0,30,0
INV0000334,FCT-689170,SUP00003,DPT005,PO0000412,2024-04-25,3304.88,EUR,30,2024-05-25,Validated,0,0,0,30,0
INV0000335,FCT-427124,SUP00007,DPT004,PO0003733,2024-01-04,1471.28,DZD,30,2024-02-03,Validated,0,0,0,30,0
INV0000336,FCT-348425,SUP00015,DPT005,,2024-07-26,35973.29,DZD,30,2024-08-25,Validated,1,0,0,30,0
INV0000337,FCT-899895,SUP00298,DPT006,PO0002284,2024-04-12,2576.62,DZD,45,2024-05-27,Validated,0,0,0,45,0
INV0000338,FCT-366391,SUP00003,DPT002,,2024-12-05,13059.14,DZD,45,2025-01-19,Validated,1,0,0,45,0
INV0000339,FCT-385536,SUP00027,DPT007,PO0002747,2024-04-02,1294.2,DZD,30,2024-05-02,Validated,0,0,0,30,0
INV0000340,FCT-819396,SUP00033,DPT004,PO0002877,2024-08-23,7390.08,DZD,30,2024-09-22,Validated,0,0,0,30,0
INV0000341,FCT-248027,SUP00024,DPT002,PO0001570,2024-08-21,4976.06,DZD,45,2024-10-05,Validated,0,0,0,45,0
INV0000342,FCT-503937,SUP00005,DPT006,PO0004709,2024-10-06,1167.31,DZD,30,2024-11-05,Validated,0,0,0,30,0
INV0000343,FCT-702691,SUP00096,DPT005,PO0000324,2024-05-21,52877.5,DZD,60,2024-07-20,Validated,0,0,0,60,0
INV0000344,FCT-162854,SUP00094,DPT001,PO0005073,2024-02-05,2161.19,DZD,45,2024-03-21,Validated,0,0,0,45,0
INV0000345,FCT-242991,SUP00008,DPT008,PO0002928,2024-03-03,2047.8,DZD,45,2024-04-17,Validated,0,0,0,45,0
INV0000346,FCT-926284,SUP00174,DPT002,PO0000771,2024-07-26,2828.46,DZD,45,2024-09-09,Pending Review,0,0,0,45,0
INV0000347,FCT-756072,SUP00260,DPT004,PO0004248,2024-04-16,489.81,DZD,30,2024-05-16,Validated,0,0,0,30,0
INV0000348,FCT-399335,SUP00003,DPT001,PO0000128,2024-04-23,4120.67,DZD,45,2024-06-07,Validated,0,0,0,45,0
INV0000349,FCT-500715,SUP00001,DPT002,PO0004663,2024-02-10,2829.34,DZD,30,2024-03-11,Validated,0,0,0,30,0
INV0000350,FCT-436888,SUP00002,DPT006,PO0000664,2024-06-02,18791.5,DZD,90,2024-08-31,Pending Review,0,0,0,90,0
INV0000351,FCT-940851,SUP00029,DPT003,PO0002443,2024-07-26,8632.82,DZD,30,2024-08-25,Validated,0,0,0,30,0
INV0000352,FCT-768755,SUP00010,DPT012,PO0005024,2024-03-27,1396.92,EUR,60,2024-05-26,Pending Review,0,0,0,60,0
INV0000353,FCT-308992,SUP00298,DPT006,PO0004911,2024-09-29,2831.7,EUR,60,2024-11-28,Validated,0,0,0,60,0
INV0000354,FCT-178030,SUP00015,DPT004,PO0001302,2024-08-12,71616.47,DZD,45,2024-09-26,Validated,0,0,0,45,0
INV0000355,FCT-537865,SUP00005,DPT009,PO0003908,2024-05-17,2103.46,DZD,60,2024-07-16,Validated,0,0,0,60,0
INV0000356,FCT-824317,SUP00243,DPT004,PO0003847,2024-07-14,15476.36,EUR,30,2024-08-13,Validated,0,0,0,30,0
INV0000357,FCT-866142,SUP00005,DPT007,PO0002316,2024-10-18,2745.95,DZD,45,2024-12-02,Validated,0,0,0,45,0
INV0000358,FCT-192375,SUP00318,DPT007,PO0001074,2024-02-16,1894.1,DZD,30,2024-03-17,Validated,0,0,0,30,0
INV0000359,FCT-684052,SUP00028,DPT005,PO0003652,2024-04-24,3219.08,DZD,45,2024-06-08,Validated,0,0,0,45,0
INV0000360,FCT-513720,SUP00010,DPT012,PO0001236,2024-09-23,32563.79,DZD,45,2024-11-07,Validated,0,0,0,45,0
INV0000361,FCT-284373,SUP00254,DPT002,PO0000791,2024-09-19,1110.48,DZD,30,2024-10-19,Validated,0,0,0,30,0
INV0000362,FCT-586650,SUP00164,DPT012,,2024-04-13,12772.68,EUR,45,2024-05-28,Validated,1,0,0,45,0
INV0000363,FCT-163657,SUP00039,DPT004,,2024-08-12,24400.37,DZD,30,2024-09-11,Validated,1,0,0,30,0
INV0000364,FCT-150836,SUP00296,DPT009,PO0001453,2024-08-02,3181.85,DZD,45,2024-09-16,Pending Review,0,0,0,45,0
INV0000365,FCT-604946,SUP00153,DPT005,PO0000593,2024-07-31,10000.0,DZD,90,2024-10-29,Validated,0,1,0,90,0
INV0000366,FCT-251238,SUP00148,DPT004,PO0004281,2024-11-12,15797.43,DZD,30,2024-12-12,Validated,0,0,0,30,0
INV0000367,FCT-611992,SUP00250,DPT001,PO0003428,2024-03-27,2374.26,DZD,30,2024-04-26,Validated,0,0,0,30,0
INV0000368,FCT-980856,SUP00022,DPT003,PO0002496,2024-05-25,2013.69,DZD,30,2024-06-24,Validated,0,0,0,30,0
INV0000369,FCT-293205,SUP00003,DPT009,,2024-06-06,5028.84,DZD,45,2024-07-21,Validated,1,0,0,45,0
INV0000370,FCT-748458,SUP00024,DPT001,PO0001176,2024-08-21,6798.09,DZD,15,2024-09-05,Pending Review,0,0,0,15,0
INV0000371,FCT-811727,SUP00035,DPT002,PO0002397,2024-09-11,3923.72,DZD,30,2024-10-11,Validated,0,0,0,30,0
INV0000372,FCT-215688,SUP00007,DPT003,PO0000148,2024-11-10,11496.57,DZD,30,2024-12-10,Pending Review,0,0,0,30,0
INV0000373,FCT-312669,SUP00258,DPT003,PO0000707,2024-02-24,2465.5,DZD,30,2024-03-25,Validated,0,0,0,30,0
INV0000374,FCT-292210,SUP00016,DPT002,PO0001860,2024-08-15,2104.08,DZD,30,2024-09-14,Pending Review,0,0,0,30,0
INV0000375,FCT-974852,SUP00269,DPT005,PO0003990,2024-03-03,6030.23,DZD,45,2024-04-17,Validated,0,0,0,45,0
INV0000376,FCT-628225,SUP00046,DPT009,PO0004633,2024-12-24,7806.86,DZD,30,2025-01-23,Disputed,0,0,0,30,0
INV0000377,FCT-740407,SUP00016,DPT001,PO0001625,2024-01-02,27138.68,DZD,30,2024-02-01,Validated,0,0,0,30,0
INV0000378,FCT-207147,SUP00009,DPT003,PO0005102,2024-01-30,10122.1,DZD,30,2024-02-29,Validated,0,0,0,30,0
INV0000379,FCT-645132,SUP00003,DPT003,PO0000701,2024-11-23,5000.0,DZD,30,2024-12-23,Validated,0,1,0,30,0
INV0000380,FCT-602674,SUP00025,DPT003,PO0001107,2024-05-12,4036.9,EUR,30,2024-06-11,Pending Review,0,0,0,30,0
INV0000381,FCT-689568,SUP00141,DPT002,PO0002834,2024-05-07,4068.45,DZD,30,2024-06-06,Validated,0,0,0,30,0
INV0000382,FCT-502385,SUP00012,DPT003,PO0004630,2024-09-13,2890.31,DZD,60,2024-11-12,Validated,0,0,0,60,0
INV0000383,FCT-105880,SUP00198,DPT012,PO0000906,2024-02-19,7407.33,DZD,60,2024-04-19,Pending Review,0,0,0,60,0
INV0000384,FCT-698667,SUP00096,DPT003,,2024-06-27,7096.98,DZD,30,2024-07-27,Disputed,1,0,0,30,0
INV0000385,FCT-424756,SUP00026,DPT003,PO0004933,2024-04-28,6710.08,DZD,90,2024-07-27,Validated,0,0,0,90,0
INV0000386,FCT-335805,SUP00015,DPT003,,2024-04-04,4755.25,DZD,30,2024-05-04,Validated,1,0,0,30,0
INV0000387,FCT-880116,SUP00243,DPT008,PO0002742,2024-03-13,5715.67,DZD,30,2024-04-12,Validated,0,0,0,30,0
INV0000388,FCT-255271,SUP00235,DPT007,,2024-05-02,20000.0,DZD,45,2024-06-16,Validated,1,1,0,45,0
INV0000389,FCT-929454,SUP00093,DPT009,PO0002193,2024-07-01,8229.48,EUR,30,2024-07-31,Validated,0,0,0,30,0
INV0000390,FCT-542784,SUP00002,DPT006,,2024-09-21,20000.0,USD,90,2024-12-20,Validated,1,1,0,90,0
INV0000391,FCT-272203,SUP00003,DPT001,PO0003280,2024-03-11,10292.82,USD,45,2024-04-25,Validated,0,0,0,45,0
INV0000392,FCT-860140,SUP00129,DPT004,PO0002367,2024-10-14,4913.01,DZD,45,2024-11-28,Disputed,0,0,0,45,0
INV0000393,FCT-908562,SUP00211,DPT012,,2024-03-08,11130.09,DZD,45,2024-04-22,Validated,1,0,0,45,0
INV0000394,FCT-951846,SUP00030,DPT004,,2024-08-19,6148.31,DZD,30,2024-09-18,Validated,1,0,0,30,0
INV0000395,FCT-435855,SUP00092,DPT001,PO0003228,2024-05-18,1425.34,DZD,45,2024-07-02,Validated,0,0,0,45,0
INV0000396,FCT-932046,SUP00030,DPT004,PO0002641,2024-11-20,3078.71,DZD,30,2024-12-20,Validated,0,0,0,30,0
INV0000397,FCT-726325,SUP00007,DPT007,,2024-09-09,59427.95,DZD,30,2024-10-09,Validated,1,0,0,30,0
INV0000398,FCT-454902,SUP00160,DPT003,PO0000801,2024-07-09,22967.81,DZD,45,2024-08-23,Validated,0,0,0,45,0
INV0000399,FCT-887768,SUP00024,DPT002,PO0003373,2024-01-24,4256.94,DZD,45,2024-03-09,Validated,0,0,0,45,0
INV0000400,FCT-563255,SUP00014,DPT004,PO0003237,2024-10-27,13045.09,DZD,45,2024-12-11,Validated,0,0,0,45,0
INV0000401,FCT-300079,SUP00005,DPT012,PO0002292,2024-12-27,7719.42,DZD,30,2025-01-26,Pending Review,0,0,0,30,0
INV0000402,FCT-774706,SUP00295,DPT002,PO0003775,2024-02-09,25000.0,DZD,90,2024-05-09,Validated,0,1,0,90,0
INV0000403,FCT-222388,SUP00002,DPT009,PO0000746,2024-07-16,5171.78,DZD,60,2024-09-14,Validated,0,0,0,60,0
INV0000404,FCT-363929,SUP00234,DPT001,PO0004203,2024-12-25,7770.93,DZD,30,2025-01-24,Validated,0,0,0,30,0
INV0000405,FCT-525450,SUP00005,DPT004,PO0001015,2024-08-12,2400.36,DZD,60,2024-10-11,Validated,0,0,0,60,0
INV0000406,FCT-639735,SUP00028,DPT001,PO0003522,2024-11-15,5143.26,DZD,30,2024-12-15,Validated,0,0,0,30,0
INV0000407,FCT-660600,SUP00009,DPT007,PO0001193,2024-10-19,256.64,DZD,45,2024-12-03,Validated,0,0,0,45,0
INV0000408,FCT-838941,SUP00002,DPT006,PO0001374,2024-11-22,8092.26,DZD,60,2025-01-21,Validated,0,0,0,60,0
INV0000409,FCT-611068,SUP00023,DPT002,PO0004459,2024-04-18,19035.39,DZD,45,2024-06-02,Validated,0,0,0,45,0
INV0000410,FCT-557584,SUP00014,DPT003,,2024-11-17,42027.02,DZD,45,2025-01-01,Validated,1,0,0,45,0
INV0000411,FCT-711852,SUP00004,DPT002,PO0000928,2024-02-29,10437.06,DZD,45,2024-04-14,Validated,0,0,0,45,0
INV0000412,FCT-562379,SUP00146,DPT008,PO0000788,2024-11-03,3943.4,DZD,45,2024-12-18,Validated,0,0,0,45,0
INV0000413,FCT-926843,SUP00005,DPT003,,2024-07-25,2334.0,DZD,30,2024-08-24,Validated,1,0,0,30,0
INV0000414,FCT-453251,SUP00009,DPT001,PO0000871,2024-02-01,3475.16,DZD,90,2024-05-01,Pending Review,0,0,0,90,0
INV0000415,FCT-203158,SUP00117,DPT006,PO0000736,2024-09-10,955.03,EUR,60,2024-11-09,Validated,0,0,0,60,0
INV0000416,FCT-655334,SUP00029,DPT005,,2024-11-28,4493.53,DZD,30,2024-12-28,Pending Review,1,0,0,30,0
INV0000417,FCT-967195,SUP00023,DPT006,PO0004019,2024-11-16,1466.32,DZD,30,2024-12-16,Pending Review,0,0,0,30,0
INV0000418,FCT-280692,SUP00085,DPT005,PO0004824,2024-03-02,3020.54,DZD,90,2024-05-31,Validated,0,0,0,90,0
INV0000419,FCT-244702,SUP00261,DPT006,,2024-11-04,4745.76,DZD,30,2024-12-04,Validated,1,0,0,30,0
INV0000420,FCT-480871,SUP00192,DPT002,PO0001960,2024-11-12,8767.22,DZD,90,2025-02-10,Validated,0,0,0,90,0
INV0000421,FCT-939370,SUP00007,DPT004,PO0004642,2024-12-18,898.93,DZD,90,2025-03-18,Validated,0,0,0,90,0
INV0000422,FCT-349320,SUP00012,DPT002,PO0003998,2024-07-22,4045.75,DZD,30,2024-08-21,Validated,0,0,0,30,0
INV0000423,FCT-782708,SUP00011,DPT007,PO0004031,2024-11-28,13212.59,USD,45,2025-01-12,Validated,0,0,0,45,0
INV0000424,FCT-342716,SUP00009,DPT004,PO0002908,2024-04-13,30022.76,DZD,90,2024-07-12,Pending Review,0,0,0,90,0
INV0000425,FCT-830211,SUP00031,DPT008,PO0004309,2024-07-08,5511.08,DZD,45,2024-08-22,Validated,0,0,0,45,0
INV0000426,FCT-330695,SUP00138,DPT007,,2024-04-24,75114.87,DZD,30,2024-05-24,Validated,1,0,0,30,0
INV0000427,FCT-887095,SUP00128,DPT010,PO0001622,2024-05-11,13431.19,DZD,30,2024-06-10,Validated,0,0,0,30,0
INV0000428,FCT-549123,SUP00003,DPT007,PO0001601,2024-04-08,6444.11,DZD,45,2024-05-23,Validated,0,0,0,45,0
INV0000429,FCT-201482,SUP00028,DPT012,PO0000040,2024-08-27,25000.0,DZD,30,2024-09-26,Validated,0,1,0,30,0
INV0000430,FCT-946717,SUP00233,DPT008,PO0003536,2024-09-21,3350.43,DZD,30,2024-10-21,Validated,0,0,0,30,0
INV0000431,FCT-697485,SUP00045,DPT008,PO0001289,2024-10-24,1798.94,DZD,45,2024-12-08,Validated,0,0,0,45,0
INV0000432,FCT-104766,SUP00086,DPT012,PO0003831,2024-09-25,17469.35,DZD,60,2024-11-24,Validated,0,0,0,60,0
INV0000433,FCT-411413,SUP00029,DPT001,PO0004093,2024-02-16,11050.93,DZD,30,2024-03-17,Pending Review,0,0,0,30,0
INV0000434,FCT-901845,SUP00157,DPT011,PO0000977,2024-06-05,19947.73,EUR,30,2024-07-05,Validated,0,0,0,30,0
INV0000435,FCT-442251,SUP00250,DPT004,PO0004847,2024-08-14,20000.0,DZD,90,2024-11-12,Validated,0,1,0,90,0
INV0000436,FCT-958854,SUP00114,DPT012,PO0000508,2024-06-04,60588.25,DZD,30,2024-07-04,Validated,0,0,0,30,0
INV0000437,FCT-573509,SUP00146,DPT004,PO0002407,2024-03-02,25000.0,DZD,30,2024-04-01,Validated,0,1,0,30,0
INV0000438,FCT-207941,SUP00250,DPT004,,2024-03-18,3993.13,EUR,15,2024-04-02,Validated,1,0,0,15,0
INV0000439,FCT-638989,SUP00142,DPT004,PO0001434,2024-07-14,4311.06,DZD,15,2024-07-29,Validated,0,0,0,15,0
INV0000440,FCT-157287,SUP00235,DPT010,PO0003198,2024-05-25,22964.75,DZD,90,2024-08-23,Validated,0,0,0,90,0
INV0000441,FCT-732386,SUP00119,DPT003,PO0003271,2024-09-14,9215.64,DZD,15,2024-09-29,Disputed,0,0,0,15,0
INV0000442,FCT-174108,SUP00015,DPT007,PO0004057,2024-08-29,23067.48,DZD,90,2024-11-27,Validated,0,0,0,90,0
INV0000443,FCT-649530,SUP00008,DPT002,PO0004558,2024-04-01,8313.28,DZD,15,2024-04-16,Validated,0,0,0,15,0
INV0000444,FCT-245039,SUP00094,DPT003,,2024-08-16,5876.7,USD,60,2024-10-15,Validated,1,0,0,60,0
INV0000445,FCT-304237,SUP00003,DPT001,PO0004152,2024-07-30,13132.23,DZD,45,2024-09-13,Pending Review,0,0,0,45,0
INV0000446,FCT-278808,SUP00005,DPT001,,2024-02-17,8106.96,DZD,30,2024-03-18,Validated,1,0,0,30,0
INV0000447,FCT-425905,SUP00137,DPT003,PO0001205,2024-10-31,9397.71,DZD,60,2024-12-30,Validated,0,0,0,60,0
INV0000448,FCT-644259,SUP00020,DPT003,,2024-09-23,12704.04,DZD,30,2024-10-23,Validated,1,0,0,30,0
INV0000449,FCT-875166,SUP00171,DPT007,PO0002709,2024-11-18,9885.35,DZD,60,2025-01-17,Validated,0,0,0,60,0
INV0000450,FCT-682179,SUP00008,DPT005,PO0002792,2024-12-27,18585.83,DZD,45,2025-02-10,Validated,0,0,0,45,0
INV0000451,FCT-742591,SUP00223,DPT002,,2024-04-13,6371.4,DZD,15,2024-04-28,Pending Review,1,0,0,15,0
INV0000452,FCT-867982,SUP00042,DPT004,PO0000373,2024-10-22,7295.75,DZD,15,2024-11-06,Validated,0,0,0,15,0
INV0000453,FCT-513929,SUP00024,DPT002,PO0003206,2024-12-15,1898.76,DZD,30,2025-01-14,Validated,0,0,0,30,0
INV0000454,FCT-187931,SUP00003,DPT003,PO0000923,2024-01-03,18592.89,DZD,15,2024-01-18,Validated,0,0,0,15,0
INV0000455,FCT-313919,SUP00017,DPT009,PO0002357,2024-08-22,42959.02,DZD,45,2024-10-06,Pending Review,0,0,0,45,0
INV0000456,FCT-990459,SUP00299,DPT002,PO0004752,2024-10-27,25000.0,EUR,30,2024-11-26,Validated,0,1,0,30,0
INV0000457,FCT-848937,SUP00282,DPT006,,2024-02-14,12545.43,DZD,30,2024-03-15,Disputed,1,0,0,30,0
INV0000458,FCT-993711,SUP00027,DPT012,PO0001475,2024-01-11,5075.26,USD,60,2024-03-11,Pending Review,0,0,0,60,0
INV0000459,FCT-324565,SUP00009,DPT001,,2024-04-22,4856.12,DZD,30,2024-05-22,Validated,1,0,0,30,0
INV0000460,FCT-234596,SUP00006,DPT001,PO0000408,2024-02-19,12354.91,DZD,45,2024-04-04,Validated,0,0,0,45,0
INV0000461,FCT-913713,SUP00297,DPT011,PO0003949,2024-03-10,5801.25,DZD,45,2024-04-24,Validated,0,0,0,45,0
INV0000462,FCT-999506,SUP00174,DPT005,PO0000052,2024-03-29,9427.82,DZD,30,2024-04-28,Validated,0,0,0,30,0
INV0000463,FCT-495854,SUP00002,DPT001,PO0004560,2024-03-30,3969.38,DZD,60,2024-05-29,Validated,0,0,0,60,0
INV0000464,FCT-982107,SUP00095,DPT002,,2024-06-28,33877.12,DZD,15,2024-07-13,Validated,1,0,0,15,0
INV0000465,FCT-696239,SUP00017,DPT005,,2024-12-06,4591.95,EUR,90,2025-03-06,Validated,1,0,0,90,0
INV0000466,FCT-860866,SUP00308,DPT006,PO0003897,2024-11-04,2501.35,EUR,30,2024-12-04,Validated,0,0,0,30,0
INV0000467,FCT-300284,SUP00017,DPT009,,2024-02-09,8946.47,DZD,90,2024-05-09,Validated,1,0,0,90,0
INV0000468,FCT-614369,SUP00013,DPT009,PO0001660,2024-10-24,2298.06,DZD,30,2024-11-23,Validated,0,0,0,30,0
INV0000469,FCT-237961,SUP00022,DPT001,PO0000008,2024-10-02,7864.01,DZD,60,2024-12-01,Validated,0,0,0,60,0
INV0000470,FCT-780461,SUP00244,DPT002,PO0003772,2024-05-15,39900.82,DZD,30,2024-06-14,Validated,0,0,0,30,0
INV0000471,FCT-313329,SUP00157,DPT011,PO0000977,2024-05-29,5701.36,DZD,30,2024-06-28,Validated,0,0,0,30,0
INV0000472,FCT-869024,SUP00138,DPT001,PO0005070,2024-06-21,1264.6,DZD,60,2024-08-20,Validated,0,0,0,60,0
INV0000473,FCT-601546,SUP00021,DPT002,PO0001105,2024-11-22,3724.25,DZD,30,2024-12-22,Validated,0,0,0,30,0
INV0000474,FCT-717065,SUP00006,DPT001,PO0000408,2024-03-03,15280.3,DZD,15,2024-03-18,Validated,0,0,0,15,0
INV0000475,FCT-719092,SUP00010,DPT003,PO0003635,2024-07-01,6788.06,DZD,30,2024-07-31,Validated,0,0,0,30,0
INV0000476,FCT-912595,SUP00008,DPT006,PO0003321,2024-12-13,13446.58,DZD,30,2025-01-12,Validated,0,0,0,30,0
INV0000477,FCT-533435,SUP00013,DPT003,PO0000265,2024-09-01,2899.88,DZD,30,2024-10-01,Validated,0,0,0,30,0
INV0000478,FCT-456730,SUP00007,DPT011,PO0003012,2024-04-09,3737.77,DZD,45,2024-05-24,Validated,0,0,0,45,0
INV0000479,FCT-808558,SUP00021,DPT003,PO0000663,2024-10-27,12440.25,DZD,60,2024-12-26,Validated,0,0,0,60,0
INV0000480,FCT-460233,SUP00004,DPT004,PO0003113,2024-03-15,38274.23,DZD,30,2024-04-14,Validated,0,0,0,30,0
INV0000481,FCT-236483,SUP00008,DPT002,PO0001191,2024-03-28,3845.41,DZD,15,2024-04-12,Validated,0,0,0,15,0
INV0000482,FCT-668593,SUP00206,DPT003,PO0005171,2024-12-26,6266.71,DZD,30,2025-01-25,Validated,0,0,0,30,0
INV0000483,FCT-943421,SUP00007,DPT004,,2024-10-08,21266.56,DZD,30,2024-11-07,Validated,1,0,0,30,0
INV0000484,FCT-674346,SUP00023,DPT002,PO0003313,2024-03-18,6979.32,DZD,30,2024-04-17,Validated,0,0,0,30,0
INV0000485,FCT-639927,SUP00029,DPT001,PO0001687,2024-10-11,12499.45,DZD,45,2024-11-25,Validated,0,0,0,45,0
INV0000486,FCT-339627,SUP00008,DPT008,PO0001164,2024-03-07,5000.0,DZD,45,2024-04-21,Disputed,0,1,0,45,0
INV0000487,FCT-398958,SUP00062,DPT004,PO0002299,2024-04-20,6027.48,DZD,30,2024-05-20,Validated,0,0,0,30,0
INV0000488,FCT-641790,SUP00043,DPT001,PO0004417,2024-12-24,2937.78,EUR,45,2025-02-07,Validated,0,0,0,45,0
INV0000489,FCT-592578,SUP00182,DPT005,PO0001483,2024-05-12,864.02,DZD,45,2024-06-26,Validated,0,0,0,45,0
INV0000490,FCT-948874,SUP00208,DPT001,PO0002012,2024-01-28,2170.82,DZD,30,2024-02-27,Validated,0,0,0,30,0
INV0000491,FCT-497845,SUP00009,DPT008,,2024-12-29,10051.14,EUR,30,2025-01-28,Validated,1,0,0,30,0
INV0000492,FCT-708853,SUP00079,DPT004,PO0003222,2024-01-13,11323.07,DZD,45,2024-02-27,Validated,0,0,0,45,0
INV0000493,FCT-827304,SUP00025,DPT002,PO0002502,2024-12-23,14528.7,DZD,60,2025-02-21,Validated,0,0,0,60,0
INV0000494,FCT-700000,SUP00030,DPT006,,2024-06-15,10778.51,DZD,30,2024-07-15,Validated,1,0,0,30,0
INV0000495,FCT-357809,SUP00005,DPT002,,2024-04-10,4650.35,DZD,30,2024-05-10,Validated,1,0,0,30,0
INV0000496,FCT-841521,SUP00001,DPT004,PO0001683,2024-04-18,729.19,DZD,30,2024-05-18,Validated,0,0,0,30,0
INV0000497,FCT-661668,SUP00060,DPT011,PO0001956,2024-02-16,1610.46,DZD,45,2024-04-01,Validated,0,0,0,45,0
INV0000498,FCT-531901,SUP00137,DPT008,PO0003601,2024-11-13,21385.27,DZD,30,2024-12-13,Validated,0,0,0,30,0
INV0000499,FCT-757289,SUP00270,DPT008,PO0002089,2024-12-19,2279.1,DZD,30,2025-01-18,Validated,0,0,0,30,0
INV0000500,FCT-847446,SUP00036,DPT006,PO0001459,2024-09-25,5510.04,DZD,30,2024-10-25,Validated,0,0,0,30,0
INV0000501,FCT-975070,SUP00087,DPT009,PO0002359,2024-03-22,6452.11,USD,30,2024-04-21,Validated,0,0,0,30,0
INV0000502,FCT-763709,SUP00257,DPT007,PO0001234,2024-07-16,1220.5,DZD,30,2024-08-15,Validated,0,0,0,30,0
INV0000503,FCT-181601,SUP00201,DPT004,PO0001465,2024-09-13,8795.91,DZD,45,2024-10-28,Validated,0,0,0,45,0
INV0000504,FCT-636844,SUP00225,DPT003,PO0004789,2024-01-04,34785.23,EUR,30,2024-02-03,Disputed,0,0,0,30,0
INV0000505,FCT-659430,SUP00009,DPT012,PO0002586,2024-08-18,5874.84,USD,30,2024-09-17,Validated,0,0,0,30,0
INV0000506,FCT-164222,SUP00114,DPT005,PO0004231,2024-04-06,4404.21,DZD,30,2024-05-06,Validated,0,0,0,30,0
INV0000507,FCT-426673,SUP00027,DPT003,PO0002037,2024-09-25,1584.22,EUR,45,2024-11-09,Validated,0,0,0,45,0
INV0000508,FCT-178797,SUP00023,DPT004,PO0004841,2024-11-21,4381.01,DZD,30,2024-12-21,Pending Review,0,0,0,30,0
INV0000509,FCT-453521,SUP00008,DPT003,PO0001127,2024-05-09,11186.4,DZD,15,2024-05-24,Validated,0,0,0,15,0
INV0000510,FCT-498420,SUP00012,DPT006,PO0005176,2024-03-31,5959.09,DZD,30,2024-04-30,Validated,0,0,0,30,0
INV0000511,FCT-483046,SUP00016,DPT001,PO0004582,2024-05-27,3620.37,DZD,30,2024-06-26,Validated,0,0,0,30,0
INV0000512,FCT-785224,SUP00006,DPT002,PO0002513,2024-01-11,19087.4,USD,60,2024-03-11,Pending Review,0,0,0,60,0
INV0000513,FCT-402864,SUP00005,DPT006,PO0000606,2024-04-03,4443.46,DZD,30,2024-05-03,Validated,0,0,0,30,0
INV0000514,FCT-433732,SUP00278,DPT002,PO0000620,2024-03-25,3670.12,EUR,15,2024-04-09,Validated,0,0,0,15,0
INV0000515,FCT-576122,SUP00119,DPT003,,2024-01-10,7061.34,DZD,45,2024-02-24,Validated,1,0,0,45,0
INV0000516,FCT-226585,SUP00086,DPT004,PO0000328,2024-10-03,26985.17,DZD,90,2025-01-01,Validated,0,0,0,90,0
INV0000517,FCT-319514,SUP00070,DPT005,PO0001147,2024-06-18,5025.49,DZD,90,2024-09-16,Pending Review,0,0,0,90,0
INV0000518,FCT-668277,SUP00028,DPT004,PO0000919,2024-11-09,2168.15,DZD,30,2024-12-09,Pending Review,0,0,0,30,0
INV0000519,FCT-864897,SUP00015,DPT005,PO0000679,2024-04-15,11245.12,DZD,30,2024-05-15,Pending Review,0,0,0,30,0
INV0000520,FCT-695496,SUP00059,DPT002,,2024-04-14,4098.92,DZD,30,2024-05-14,Validated,1,0,0,30,0
INV0000521,FCT-852098,SUP00009,DPT012,PO0002521,2024-06-06,11362.4,DZD,30,2024-07-06,Pending Review,0,0,0,30,0
INV0000522,FCT-271007,SUP00134,DPT012,PO0002724,2024-03-25,569.06,DZD,45,2024-05-09,Validated,0,0,0,45,0
INV0000523,FCT-183928,SUP00013,DPT004,PO0001523,2024-10-04,6262.55,DZD,15,2024-10-19,Validated,0,0,0,15,0
INV0000524,FCT-833321,SUP00193,DPT001,PO0003452,2024-11-01,4510.16,DZD,60,2024-12-31,Validated,0,0,0,60,0
INV0000525,FCT-167738,SUP00086,DPT005,PO0005086,2024-09-04,1991.16,DZD,30,2024-10-04,Pending Review,0,0,0,30,0
INV0000526,FCT-899045,SUP00003,DPT009,PO0001400,2024-03-12,1487.88,DZD,90,2024-06-10,Validated,0,0,0,90,0
INV0000527,FCT-475834,SUP00025,DPT001,PO0005199,2024-10-10,10000.0,DZD,60,2024-12-09,Validated,0,1,0,60,0
INV0000528,FCT-123738,SUP00009,DPT004,PO0002908,2024-05-12,1754.88,EUR,30,2024-06-11,Validated,0,0,0,30,0
INV0000529,FCT-701720,SUP00008,DPT003,PO0003460,2024-12-25,198.2,DZD,30,2025-01-24,Validated,0,0,0,30,0
INV0000530,FCT-998088,SUP00004,DPT007,PO0001714,2024-05-18,1553.73,DZD,30,2024-06-17,Validated,0,0,0,30,0
INV0000531,FCT-641316,SUP00021,DPT007,PO0003480,2024-08-07,15000.0,DZD,30,2024-09-06,Validated,0,1,0,30,0
INV0000532,FCT-825445,SUP00040,DPT006,PO0002289,2024-05-24,6208.35,DZD,60,2024-07-23,Validated,0,0,0,60,0
INV0000533,FCT-286501,SUP00186,DPT001,PO0003523,2024-11-16,1529.75,DZD,45,2024-12-31,Validated,0,0,0,45,0
INV0000534,FCT-934084,SUP00002,DPT001,PO0001642,2024-01-28,25000.0,DZD,30,2024-02-27,Validated,0,1,0,30,0
INV0000535,FCT-595725,SUP00017,DPT002,PO0000524,2024-12-24,2005.97,DZD,30,2025-01-23,Validated,0,0,0,30,0
INV0000536,FCT-784013,SUP00285,DPT010,,2024-11-03,50000.0,DZD,60,2025-01-02,Pending Review,1,1,0,60,0
INV0000537,FCT-118345,SUP00002,DPT004,PO0003828,2024-01-13,9235.85,DZD,30,2024-02-12,Validated,0,0,0,30,0
INV0000538,FCT-417054,SUP00320,DPT007,PO0005099,2024-03-19,5000.0,DZD,45,2024-05-03,Validated,0,1,0,45,0
INV0000539,FCT-248810,SUP00095,DPT001,PO0002827,2024-04-30,7083.48,DZD,30,2024-05-30,Validated,0,0,0,30,0
INV0000540,FCT-930363,SUP00008,DPT001,PO0003457,2024-05-13,11625.61,DZD,30,2024-06-12,Validated,0,0,0,30,0
INV0000541,FCT-351528,SUP00009,DPT002,PO0000115,2024-08-01,6440.23,DZD,30,2024-08-31,Validated,0,0,0,30,0
INV0000542,FCT-596869,SUP00119,DPT003,PO0003271,2024-08-20,7061.07,DZD,45,2024-10-04,Pending Review,0,0,0,45,0
INV0000543,FCT-757742,SUP00007,DPT012,PO0004756,2024-03-04,531.97,DZD,45,2024-04-18,Validated,0,0,0,45,0
INV0000544,FCT-333243,SUP00104,DPT002,PO0003975,2024-10-20,3307.31,DZD,90,2025-01-18,Validated,0,0,0,90,0
INV0000545,FCT-777148,SUP00010,DPT001,PO0003786,2024-01-02,5000.0,DZD,60,2024-03-02,Pending Review,0,1,0,60,0
INV0000546,FCT-691655,SUP00038,DPT005,PO0000760,2024-08-02,5000.0,USD,30,2024-09-01,Validated,0,1,0,30,0
INV0000547,FCT-210569,SUP00007,DPT008,PO0003978,2024-09-30,3831.54,DZD,45,2024-11-14,Validated,0,0,0,45,0
INV0000548,FCT-326778,SUP00008,DPT006,PO0000604,2024-05-12,2762.95,USD,45,2024-06-26,Validated,0,0,0,45,0
INV0000549,FCT-251595,SUP00219,DPT006,PO0002432,2024-05-31,11708.24,EUR,45,2024-07-15,Validated,0,0,0,45,0
INV0000550,FCT-290837,SUP00171,DPT012,PO0003994,2024-01-02,1046.45,EUR,30,2024-02-01,Validated,0,0,0,30,0
INV0000551,FCT-276496,SUP00023,DPT003,PO0002637,2024-02-21,5436.51,DZD,60,2024-04-21,Validated,0,0,0,60,0
INV0000552,FCT-647319,SUP00005,DPT009,PO0000678,2024-06-29,618.41,DZD,60,2024-08-28,Validated,0,0,0,60,0
INV0000553,FCT-613648,SUP00006,DPT005,PO0002892,2024-02-14,2621.98,DZD,30,2024-03-15,Disputed,0,0,0,30,0
INV0000554,FCT-540602,SUP00007,DPT002,PO0000149,2024-07-24,3524.98,DZD,60,2024-09-22,Validated,0,0,0,60,0
INV0000555,FCT-176775,SUP00317,DPT003,PO0000652,2024-11-27,32068.42,DZD,15,2024-12-12,Pending Review,0,0,0,15,0
INV0000556,FCT-754621,SUP00009,DPT012,PO0004438,2024-05-11,5058.13,USD,45,2024-06-25,Validated,0,0,0,45,0
INV0000557,FCT-808825,SUP00021,DPT011,,2024-09-15,2155.84,DZD,60,2024-11-14,Pending Review,1,0,0,60,0
INV0000558,FCT-791884,SUP00203,DPT003,PO0002754,2024-08-17,5148.69,EUR,30,2024-09-16,Validated,0,0,0,30,0
INV0000559,FCT-709100,SUP00040,DPT002,,2024-09-25,31468.05,DZD,90,2024-12-24,Validated,1,0,0,90,0
INV0000560,FCT-629883,SUP00005,DPT002,PO0001370,2024-10-14,565.25,DZD,30,2024-11-13,Pending Review,0,0,0,30,0
INV0000561,FCT-740229,SUP00236,DPT001,PO0001997,2024-09-14,14595.46,DZD,15,2024-09-29,Validated,0,0,0,15,0
INV0000562,FCT-438426,SUP00006,DPT003,PO0003102,2024-01-13,9285.55,DZD,30,2024-02-12,Pending Review,0,0,0,30,0
INV0000563,FCT-365143,SUP00203,DPT003,,2024-10-20,5249.23,DZD,30,2024-11-19,Validated,1,0,0,30,0
INV0000564,FCT-613832,SUP00009,DPT005,PO0001564,2024-10-23,4199.9,DZD,15,2024-11-07,Validated,0,0,0,15,0
INV0000565,FCT-595783,SUP00293,DPT002,PO0002475,2024-05-25,31340.82,DZD,15,2024-06-09,Pending Review,0,0,0,15,0
INV0000566,FCT-237681,SUP00301,DPT005,PO0001800,2024-08-03,13713.77,DZD,15,2024-08-18,Validated,0,0,0,15,0
INV0000567,FCT-374806,SUP00016,DPT007,PO0004066,2024-10-27,1820.22,DZD,45,2024-12-11,Validated,0,0,0,45,0
INV0000568,FCT-247431,SUP00020,DPT006,PO0003201,2024-04-28,6159.14,DZD,30,2024-05-28,Validated,0,0,0,30,0
INV0000569,FCT-488155,SUP00119,DPT003,PO0003271,2024-03-02,25134.9,DZD,30,2024-04-01,Validated,0,0,0,30,0
INV0000570,FCT-798095,SUP00007,DPT001,PO0003255,2024-09-10,11143.0,DZD,30,2024-10-10,Validated,0,0,0,30,0
INV0000571,FCT-180178,SUP00294,DPT009,PO0004033,2024-04-27,8116.97,DZD,30,2024-05-27,Validated,0,0,0,30,0
INV0000572,FCT-653726,SUP00266,DPT006,PO0004498,2024-09-13,1341.35,DZD,30,2024-10-13,Validated,0,0,0,30,0
INV0000573,FCT-276371,SUP00016,DPT009,PO0003863,2024-05-27,85850.1,EUR,30,2024-06-26,Validated,0,0,0,30,0
INV0000574,FCT-611246,SUP00004,DPT011,PO0004660,2024-10-03,13761.78,DZD,45,2024-11-17,Disputed,0,0,0,45,0
INV0000575,FCT-174143,SUP00023,DPT008,PO0003305,2024-03-05,46675.92,DZD,30,2024-04-04,Validated,0,0,0,30,0
INV0000576,FCT-268861,SUP00009,DPT006,PO0001938,2024-05-30,8488.55,DZD,90,2024-08-28,Validated,0,0,0,90,0
INV0000577,FCT-657337,SUP00130,DPT003,PO0001863,2024-07-17,5878.34,DZD,30,2024-08-16,Validated,0,0,0,30,0
INV0000578,FCT-962047,SUP00022,DPT004,,2024-07-29,2861.12,DZD,30,2024-08-28,Validated,1,0,0,30,0
INV0000579,FCT-823643,SUP00178,DPT004,PO0004208,2024-11-02,18425.83,EUR,45,2024-12-17,Validated,0,0,0,45,0
INV0000580,FCT-994981,SUP00139,DPT001,PO0002860,2024-06-22,33598.2,DZD,30,2024-07-22,Pending Review,0,0,0,30,0
INV0000581,FCT-981490,SUP00024,DPT005,PO0003510,2024-12-29,19881.1,DZD,45,2025-02-12,Validated,0,0,0,45,0
INV0000582,FCT-604061,SUP00202,DPT011,,2024-05-12,80339.62,USD,90,2024-08-10,Validated,1,0,0,90,0
INV0000583,FCT-716937,SUP00010,DPT001,,2024-10-30,6979.38,DZD,15,2024-11-14,Validated,1,0,0,15,0
INV0000584,FCT-487450,SUP00097,DPT008,PO0004721,2024-02-17,2939.47,DZD,90,2024-05-17,Validated,0,0,0,90,0
INV0000585,FCT-872962,SUP00004,DPT012,PO0001848,2024-06-22,8069.79,DZD,30,2024-07-22,Validated,0,0,0,30,0
INV0000586,FCT-271460,SUP00194,DPT002,PO0004387,2024-12-01,15133.87,DZD,15,2024-12-16,Validated,0,0,0,15,0
INV0000587,FCT-410879,SUP00117,DPT006,,2024-12-06,4437.37,DZD,30,2025-01-05,Validated,1,0,0,30,0
INV0000588,FCT-945605,SUP00223,DPT001,PO0000852,2024-02-16,5710.46,DZD,90,2024-05-16,Validated,0,0,0,90,0
INV0000589,FCT-822036,SUP00006,DPT011,PO0002855,2024-05-01,7676.4,EUR,30,2024-05-31,Validated,0,0,0,30,0
INV0000590,FCT-171741,SUP00235,DPT001,PO0003496,2024-08-24,10589.42,USD,90,2024-11-22,Validated,0,0,0,90,0
INV0000591,FCT-303625,SUP00034,DPT002,PO0000536,2024-01-19,7009.47,DZD,45,2024-03-04,Validated,0,0,0,45,0
INV0000592,FCT-830526,SUP00214,DPT001,PO0004504,2024-05-25,7650.72,DZD,30,2024-06-24,Validated,0,0,0,30,0
INV0000593,FCT-598858,SUP00010,DPT002,PO0000362,2024-12-02,12472.65,DZD,60,2025-01-31,Validated,0,0,0,60,0
INV0000594,FCT-803633,SUP00010,DPT009,PO0003573,2024-10-26,14529.66,DZD,30,2024-11-25,Validated,0,0,0,30,0
INV0000595,FCT-439633,SUP00130,DPT007,,2024-06-27,3397.33,DZD,45,2024-08-11,Disputed,1,0,0,45,0
INV0000596,FCT-808775,SUP00026,DPT010,PO0001364,2024-06-21,726.52,DZD,30,2024-07-21,Validated,0,0,0,30,0
INV0000597,FCT-718752,SUP00247,DPT002,PO0003173,2024-05-08,1818.99,EUR,45,2024-06-22,Pending Review,0,0,0,45,0
INV0000598,FCT-601109,SUP00026,DPT002,,2024-03-09,10200.56,DZD,45,2024-04-23,Validated,1,0,0,45,0
INV0000599,FCT-627636,SUP00111,DPT003,PO0005077,2024-09-09,2590.37,DZD,30,2024-10-09,Validated,0,0,0,30,0
INV0000600,FCT-144962,SUP00007,DPT010,,2024-02-24,8146.82,DZD,30,2024-03-25,Validated,1,0,0,30,0
INV0000601,FCT-800082,SUP00005,DPT012,PO0002292,2024-09-29,5620.46,DZD,60,2024-11-28,Validated,0,0,0,60,0
INV0000602,FCT-650332,SUP00231,DPT005,PO0000082,2024-05-22,6483.32,DZD,15,2024-06-06,Validated,0,0,0,15,0
INV0000603,FCT-308071,SUP00028,DPT006,PO0003790,2024-10-17,10562.41,EUR,30,2024-11-16,Pending Review,0,0,0,30,0
INV0000604,FCT-193047,SUP00306,DPT009,,2024-07-14,23588.02,DZD,30,2024-08-13,Validated,1,0,0,30,0
INV0000605,FCT-903938,SUP00249,DPT004,PO0004528,2024-12-17,5889.09,DZD,30,2025-01-16,Validated,0,0,0,30,0
INV0000606,FCT-499029,SUP00319,DPT001,PO0003286,2024-08-17,50000.0,EUR,30,2024-09-16,Validated,0,1,0,30,0
INV0000607,FCT-382733,SUP00225,DPT007,,2024-12-02,8583.74,DZD,60,2025-01-31,Validated,1,0,0,60,0
INV0000608,FCT-886079,SUP00008,DPT001,PO0005056,2024-11-05,13628.2,DZD,30,2024-12-05,Disputed,0,0,0,30,0
INV0000609,FCT-161396,SUP00269,DPT003,PO0003092,2024-09-24,449.57,EUR,45,2024-11-08,Pending Review,0,0,0,45,0
INV0000610,FCT-888841,SUP00003,DPT011,PO0000931,2024-05-16,2615.79,EUR,30,2024-06-15,Validated,0,0,0,30,0
INV0000611,FCT-455553,SUP00090,DPT012,PO0004260,2024-01-22,6208.18,DZD,30,2024-02-21,Validated,0,0,0,30,0
INV0000612,FCT-810287,SUP00012,DPT003,PO0001783,2024-10-12,3455.27,USD,15,2024-10-27,Pending Review,0,0,0,15,0
INV0000613,FCT-129889,SUP00009,DPT010,PO0000621,2024-08-10,7006.75,EUR,30,2024-09-09,Validated,0,0,0,30,0
INV0000614,FCT-781373,SUP00010,DPT003,PO0004849,2024-03-23,2928.69,EUR,45,2024-05-07,Validated,0,0,0,45,0
INV0000615,FCT-691085,SUP00008,DPT003,PO0000488,2024-01-23,17634.97,DZD,30,2024-02-22,Pending Review,0,0,0,30,0
INV0000616,FCT-897557,SUP00005,DPT001,PO0000741,2024-11-16,50000.0,DZD,30,2024-12-16,Validated,0,1,0,30,0
INV0000617,FCT-269599,SUP00079,DPT006,PO0004157,2024-07-21,757.68,USD,45,2024-09-04,Validated,0,0,0,45,0
INV0000618,FCT-193780,SUP00143,DPT002,,2024-02-05,13920.19,DZD,45,2024-03-21,Validated,1,0,0,45,0
INV0000619,FCT-765871,SUP00005,DPT003,PO0004201,2024-11-12,14975.0,DZD,60,2025-01-11,Validated,0,0,0,60,0
INV0000620,FCT-701029,SUP00243,DPT010,PO0004987,2024-10-20,5750.63,DZD,60,2024-12-19,Pending Review,0,0,0,60,0
INV0000621,FCT-917938,SUP00012,DPT009,PO0003291,2024-06-14,723.95,DZD,30,2024-07-14,Pending Review,0,0,0,30,0
INV0000622,FCT-803366,SUP00007,DPT004,PO0004912,2024-04-07,16936.92,DZD,90,2024-07-06,Validated,0,0,0,90,0
INV0000623,FCT-630736,SUP00014,DPT007,PO0004482,2024-03-17,1853.22,DZD,30,2024-04-16,Validated,0,0,0,30,0
INV0000624,FCT-841857,SUP00007,DPT006,PO0000133,2024-08-27,3962.01,DZD,45,2024-10-11,Validated,0,0,0,45,0
INV0000625,FCT-697899,SUP00015,DPT002,PO0001866,2024-03-31,50000.0,USD,30,2024-04-30,Validated,0,1,0,30,0
INV0000626,FCT-235220,SUP00042,DPT004,PO0000373,2024-07-17,1146.59,DZD,30,2024-08-16,Validated,0,0,0,30,0
INV0000627,FCT-484868,SUP00306,DPT005,,2024-01-07,6045.39,DZD,30,2024-02-06,Validated,1,0,0,30,0
INV0000628,FCT-299472,SUP00007,DPT006,PO0000582,2024-07-30,7579.17,DZD,30,2024-08-29,Disputed,0,0,0,30,0
INV0000629,FCT-179635,SUP00267,DPT006,PO0003334,2024-05-17,6839.06,DZD,30,2024-06-16,Validated,0,0,0,30,0
INV0000630,FCT-245727,SUP00010,DPT002,PO0003178,2024-12-23,4718.61,DZD,60,2025-02-21,Validated,0,0,0,60,0
INV0000631,FCT-487441,SUP00006,DPT005,PO0003466,2024-09-04,2548.55,DZD,30,2024-10-04,Validated,0,0,0,30,0
INV0000632,FCT-610082,SUP00018,DPT006,PO0003788,2024-08-06,32515.21,DZD,30,2024-09-05,Validated,0,0,0,30,0
INV0000633,FCT-469120,SUP00056,DPT004,PO0000077,2024-06-11,7428.95,USD,30,2024-07-11,Validated,0,0,0,30,0
INV0000634,FCT-979224,SUP00147,DPT012,PO0000731,2024-03-19,2047.12,DZD,60,2024-05-18,Validated,0,0,0,60,0
INV0000635,FCT-447440,SUP00026,DPT009,PO0002674,2024-09-23,9961.89,DZD,60,2024-11-22,Validated,0,0,0,60,0
INV0000636,FCT-535806,SUP00009,DPT006,PO0001239,2024-05-29,9127.89,DZD,45,2024-07-13,Validated,0,0,0,45,0
INV0000637,FCT-662248,SUP00002,DPT005,,2024-02-27,12181.04,DZD,90,2024-05-27,Validated,1,0,0,90,0
INV0000638,FCT-304887,SUP00051,DPT006,,2024-02-05,5784.57,DZD,30,2024-03-06,Validated,1,0,0,30,0
INV0000639,FCT-561192,SUP00016,DPT006,PO0001249,2024-07-26,2933.58,DZD,45,2024-09-09,Pending Review,0,0,0,45,0
INV0000640,FCT-302614,SUP00001,DPT010,PO0002305,2024-05-02,1242.83,DZD,45,2024-06-16,Validated,0,0,0,45,0
INV0000641,FCT-918465,SUP00263,DPT002,PO0003709,2024-01-18,3262.2,DZD,30,2024-02-17,Validated,0,0,0,30,0
INV0000642,FCT-509486,SUP00032,DPT008,PO0002924,2024-04-16,20000.0,DZD,60,2024-06-15,Validated,0,1,0,60,0
INV0000643,FCT-781480,SUP00023,DPT005,PO0000943,2024-12-29,15000.0,DZD,30,2025-01-28,Validated,0,1,0,30,0
INV0000644,FCT-504839,SUP00115,DPT004,,2024-08-22,946.64,DZD,30,2024-09-21,Validated,1,0,0,30,0
INV0000645,FCT-741505,SUP00010,DPT009,,2024-02-13,3988.72,DZD,15,2024-02-28,Validated,1,0,0,15,0
INV0000646,FCT-214310,SUP00319,DPT010,PO0002052,2024-11-29,13881.44,DZD,30,2024-12-29,Validated,0,0,0,30,0
INV0000647,FCT-914348,SUP00003,DPT009,PO0003850,2024-12-25,4544.19,USD,45,2025-02-08,Validated,0,0,0,45,0
INV0000648,FCT-375565,SUP00029,DPT007,PO0003083,2024-04-12,5608.52,DZD,45,2024-05-27,Pending Review,0,0,0,45,0
INV0000649,FCT-531575,SUP00264,DPT007,PO0000417,2024-06-23,9996.58,DZD,45,2024-08-07,Validated,0,0,0,45,0
INV0000650,FCT-783266,SUP00010,DPT006,PO0002943,2024-11-05,10832.46,DZD,60,2025-01-04,Validated,0,0,0,60,0
INV0000651,FCT-927123,SUP00001,DPT008,PO0000456,2024-06-26,19803.09,DZD,30,2024-07-26,Validated,0,0,0,30,0
INV0000652,FCT-578802,SUP00007,DPT003,PO0000392,2024-11-15,11473.98,DZD,30,2024-12-15,Validated,0,0,0,30,0
INV0000653,FCT-473067,SUP00311,DPT002,PO0003579,2024-07-19,100000.0,DZD,30,2024-08-18,Validated,0,1,1,30,0
INV0000654,FCT-525532,SUP00008,DPT004,PO0001585,2024-08-18,629.13,DZD,90,2024-11-16,Validated,0,0,0,90,0
INV0000655,FCT-359434,SUP00010,DPT009,PO0000188,2024-10-24,7926.04,DZD,30,2024-11-23,Validated,0,0,0,30,0
INV0000656,FCT-450548,SUP00273,DPT001,PO0002019,2024-09-12,40431.13,EUR,30,2024-10-12,Validated,0,0,0,30,0
INV0000657,FCT-811922,SUP00010,DPT009,,2024-01-12,100000.0,DZD,15,2024-01-27,Validated,1,1,1,15,0
INV0000658,FCT-729482,SUP00008,DPT008,PO0002048,2024-10-18,18307.96,DZD,30,2024-11-17,Validated,0,0,0,30,0
INV0000659,FCT-820762,SUP00248,DPT007,PO0002852,2024-01-30,2764.4,DZD,30,2024-02-29,Validated,0,0,0,30,0
INV0000660,FCT-378058,SUP00013,DPT009,PO0001660,2024-05-15,5545.88,USD,45,2024-06-29,Validated,0,0,0,45,0
INV0000661,FCT-469867,SUP00027,DPT005,PO0004343,2024-01-08,11490.28,DZD,90,2024-04-07,Validated,0,0,0,90,0
INV0000662,FCT-182893,SUP00026,DPT007,PO0000284,2024-12-26,9991.4,DZD,30,2025-01-25,Validated,0,0,0,30,0
INV0000663,FCT-670698,SUP00023,DPT002,PO0004113,2024-08-14,14892.61,DZD,90,2024-11-12,Validated,0,0,0,90,0
INV0000664,FCT-734086,SUP00207,DPT005,PO0002690,2024-05-19,1628.69,DZD,45,2024-07-03,Validated,0,0,0,45,0
INV0000665,FCT-880049,SUP00006,DPT008,PO0004187,2024-11-04,2411.33,DZD,15,2024-11-19,Validated,0,0,0,15,0
INV0000666,FCT-893522,SUP00111,DPT008,PO0003275,2024-01-31,1355.79,DZD,90,2024-04-30,Validated,0,0,0,90,0
INV0000667,FCT-125822,SUP00002,DPT005,PO0003045,2024-03-25,8082.44,DZD,45,2024-05-09,Validated,0,0,0,45,0
INV0000668,FCT-255890,SUP00280,DPT002,PO0001128,2024-09-24,4839.75,DZD,90,2024-12-23,Validated,0,0,0,90,0
INV0000669,FCT-787885,SUP00016,DPT003,PO0003000,2024-12-01,100000.0,DZD,60,2025-01-30,Validated,0,1,1,60,0
INV0000670,FCT-517213,SUP00141,DPT002,PO0004170,2024-05-02,2744.2,DZD,30,2024-06-01,Validated,0,0,0,30,0
INV0000671,FCT-413799,SUP00092,DPT009,PO0004241,2024-09-06,2275.67,DZD,30,2024-10-06,Validated,0,0,0,30,0
INV0000672,FCT-510874,SUP00139,DPT011,PO0004219,2024-01-11,6015.69,DZD,60,2024-03-11,Validated,0,0,0,60,0
INV0000673,FCT-937404,SUP00100,DPT004,PO0001028,2024-03-25,21449.65,DZD,15,2024-04-09,Validated,0,0,0,15,0
INV0000674,FCT-962852,SUP00028,DPT003,PO0000032,2024-03-06,36406.84,DZD,45,2024-04-20,Validated,0,0,0,45,0
INV0000675,FCT-225063,SUP00022,DPT004,PO0000785,2024-07-01,36554.45,DZD,30,2024-07-31,Validated,0,0,0,30,0
INV0000676,FCT-682724,SUP00197,DPT001,PO0002179,2024-05-14,3502.78,DZD,90,2024-08-12,Validated,0,0,0,90,0
INV0000677,FCT-679489,SUP00068,DPT009,,2024-02-04,1539.98,DZD,30,2024-03-05,Validated,1,0,0,30,0
INV0000678,FCT-488790,SUP00277,DPT004,PO0003620,2024-03-18,16585.04,DZD,60,2024-05-17,Validated,0,0,0,60,0
INV0000679,FCT-783134,SUP00226,DPT011,PO0002839,2024-02-02,25998.9,DZD,30,2024-03-03,Validated,0,0,0,30,0
INV0000680,FCT-270210,SUP00017,DPT009,PO0000524,2024-02-19,9703.57,DZD,30,2024-03-20,Validated,0,0,0,30,0
INV0000681,FCT-230468,SUP00038,DPT012,PO0000811,2024-08-29,5846.48,DZD,45,2024-10-13,Pending Review,0,0,0,45,0
INV0000682,FCT-415461,SUP00222,DPT012,,2024-02-29,2919.3,DZD,30,2024-03-30,Validated,1,0,0,30,0
INV0000683,FCT-887693,SUP00239,DPT002,PO0004503,2024-01-23,12044.73,EUR,30,2024-02-22,Validated,0,0,0,30,0
INV0000684,FCT-134410,SUP00318,DPT006,PO0000815,2024-08-16,11638.45,DZD,30,2024-09-15,Disputed,0,0,0,30,0
INV0000685,FCT-464473,SUP00105,DPT001,PO0003374,2024-09-29,8311.81,DZD,30,2024-10-29,Validated,0,0,0,30,0
INV0000686,FCT-655775,SUP00009,DPT006,PO0004786,2024-02-16,1681.73,DZD,90,2024-05-16,Validated,0,0,0,90,0
INV0000687,FCT-127654,SUP00278,DPT003,,2024-05-13,1914.83,DZD,60,2024-07-12,Validated,1,0,0,60,0
INV0000688,FCT-343990,SUP00003,DPT003,,2024-10-12,5388.39,DZD,45,2024-11-26,Validated,1,0,0,45,0
INV0000689,FCT-691113,SUP00052,DPT011,,2024-02-25,19893.76,DZD,15,2024-03-11,Validated,1,0,0,15,0
INV0000690,FCT-795517,SUP00049,DPT010,,2024-11-03,17087.96,DZD,90,2025-02-01,Validated,1,0,0,90,0
INV0000691,FCT-104117,SUP00011,DPT001,PO0000877,2024-08-10,5000.0,DZD,15,2024-08-25,Disputed,0,1,0,15,0
INV0000692,FCT-710553,SUP00029,DPT001,PO0002694,2024-09-21,734.43,DZD,45,2024-11-05,Validated,0,0,0,45,0
INV0000693,FCT-943864,SUP00192,DPT001,PO0000041,2024-10-31,27876.58,DZD,45,2024-12-15,Validated,0,0,0,45,0
INV0000694,FCT-547590,SUP00004,DPT004,PO0001017,2024-03-30,25010.27,DZD,15,2024-04-14,Validated,0,0,0,15,0
INV0000695,FCT-561468,SUP00010,DPT003,PO0003326,2024-03-27,6922.37,EUR,90,2024-06-25,Validated,0,0,0,90,0
INV0000696,FCT-813435,SUP00030,DPT003,PO0004820,2024-07-29,3661.09,DZD,30,2024-08-28,Validated,0,0,0,30,0
INV0000697,FCT-889775,SUP00099,DPT002,,2024-10-14,4216.35,DZD,45,2024-11-28,Pending Review,1,0,0,45,0
INV0000698,FCT-365556,SUP00005,DPT005,PO0003697,2024-01-23,15000.0,DZD,30,2024-02-22,Validated,0,1,0,30,0
INV0000699,FCT-700985,SUP00278,DPT006,PO0003860,2024-08-10,11130.33,DZD,45,2024-09-24,Validated,0,0,0,45,0
INV0000700,FCT-754141,SUP00068,DPT002,PO0003694,2024-12-10,3669.42,USD,30,2025-01-09,Validated,0,0,0,30,0
INV0000701,FCT-944413,SUP00217,DPT004,PO0000449,2024-08-12,75497.8,EUR,30,2024-09-11,Validated,0,0,0,30,0
INV0000702,FCT-478482,SUP00033,DPT004,,2024-01-03,1033.31,DZD,60,2024-03-03,Validated,1,0,0,60,0
INV0000703,FCT-587619,SUP00006,DPT005,PO0002892,2024-02-29,3005.43,DZD,30,2024-03-30,Validated,0,0,0,30,0
INV0000704,FCT-441750,SUP00259,DPT005,PO0000645,2024-03-21,100000.0,DZD,60,2024-05-20,Pending Review,0,1,1,60,0
INV0000705,FCT-392922,SUP00011,DPT007,PO0003841,2024-05-18,6781.6,DZD,30,2024-06-17,Validated,0,0,0,30,0
INV0000706,FCT-401681,SUP00256,DPT001,,2024-01-31,22075.65,DZD,30,2024-03-01,Validated,1,0,0,30,0
INV0000707,FCT-172327,SUP00168,DPT011,,2024-10-16,15567.94,DZD,30,2024-11-15,Validated,1,0,0,30,0
INV0000708,FCT-767586,SUP00020,DPT009,PO0001831,2024-12-29,6944.47,DZD,30,2025-01-28,Validated,0,0,0,30,0
INV0000709,FCT-328289,SUP00019,DPT009,PO0002358,2024-05-18,1304.81,DZD,45,2024-07-02,Validated,0,0,0,45,0
INV0000710,FCT-626100,SUP00094,DPT012,PO0001818,2024-01-15,18005.44,EUR,60,2024-03-15,Validated,0,0,0,60,0
INV0000711,FCT-914985,SUP00003,DPT004,PO0000894,2024-08-27,1626.98,DZD,45,2024-10-11,Validated,0,0,0,45,0
INV0000712,FCT-480991,SUP00008,DPT003,PO0000080,2024-01-01,3781.62,DZD,90,2024-03-31,Validated,0,0,0,90,0
INV0000713,FCT-985028,SUP00283,DPT004,PO0001685,2024-05-07,5503.4,DZD,30,2024-06-06,Validated,0,0,0,30,0
INV0000714,FCT-155395,SUP00002,DPT001,PO0004509,2024-02-06,2371.81,DZD,60,2024-04-06,Validated,0,0,0,60,0
INV0000715,FCT-133204,SUP00007,DPT005,PO0004805,2024-08-19,2319.25,EUR,30,2024-09-18,Validated,0,0,0,30,0
INV0000716,FCT-403653,SUP00317,DPT001,PO0003599,2024-11-17,16644.17,DZD,15,2024-12-02,Validated,0,0,0,15,0
INV0000717,FCT-331066,SUP00280,DPT009,PO0001983,2024-05-18,31963.06,DZD,45,2024-07-02,Validated,0,0,0,45,0
INV0000718,FCT-794703,SUP00072,DPT001,PO0003169,2024-05-26,5513.34,DZD,30,2024-06-25,Validated,0,0,0,30,0
INV0000719,FCT-282762,SUP00018,DPT005,PO0004754,2024-07-07,775.98,DZD,30,2024-08-06,Validated,0,0,0,30,0
INV0000720,FCT-843778,SUP00088,DPT009,PO0000961,2024-12-10,8288.45,DZD,45,2025-01-24,Validated,0,0,0,45,0
INV0000721,FCT-563866,SUP00006,DPT010,PO0001461,2024-09-04,2695.79,DZD,45,2024-10-19,Validated,0,0,0,45,0
INV0000722,FCT-313980,SUP00010,DPT001,PO0001189,2024-12-16,9087.65,DZD,90,2025-03-16,Validated,0,0,0,90,0
INV0000723,FCT-512855,SUP00008,DPT004,PO0001380,2024-04-21,8432.19,DZD,45,2024-06-05,Validated,0,0,0,45,0
INV0000724,FCT-677928,SUP00048,DPT004,PO0002656,2024-09-22,689.63,EUR,30,2024-10-22,Validated,0,0,0,30,0
INV0000725,FCT-983339,SUP00008,DPT001,PO0000598,2024-12-10,3831.7,DZD,30,2025-01-09,Validated,0,0,0,30,0
INV0000726,FCT-157617,SUP00021,DPT008,PO0000447,2024-03-02,12195.37,DZD,60,2024-05-01,Validated,0,0,0,60,0
INV0000727,FCT-418542,SUP00005,DPT002,,2024-06-05,5392.88,DZD,30,2024-07-05,Validated,1,0,0,30,0
INV0000728,FCT-508326,SUP00005,DPT002,PO0001530,2024-12-20,1701.35,USD,30,2025-01-19,Validated,0,0,0,30,0
INV0000729,FCT-633536,SUP00203,DPT003,PO0004229,2024-07-08,12768.58,EUR,45,2024-08-22,Validated,0,0,0,45,0
INV0000730,FCT-892820,SUP00004,DPT004,PO0001285,2024-06-08,884.22,EUR,45,2024-07-23,Validated,0,0,0,45,0
INV0000731,FCT-816042,SUP00088,DPT001,,2024-08-13,7856.86,DZD,15,2024-08-28,Validated,1,0,0,15,0
INV0000732,FCT-558541,SUP00010,DPT009,PO0002094,2024-06-18,3229.53,USD,30,2024-07-18,Validated,0,0,0,30,0
INV0000733,FCT-113574,SUP00011,DPT001,,2024-06-28,9888.85,DZD,30,2024-07-28,Validated,1,0,0,30,0
INV0000734,FCT-318485,SUP00012,DPT010,PO0003477,2024-08-20,4617.7,DZD,30,2024-09-19,Validated,0,0,0,30,0
INV0000735,FCT-811395,SUP00094,DPT011,PO0004214,2024-03-07,10499.7,DZD,30,2024-04-06,Validated,0,0,0,30,0
INV0000736,FCT-532277,SUP00005,DPT001,,2024-09-18,28718.19,DZD,30,2024-10-18,Validated,1,0,0,30,0
INV0000737,FCT-723543,SUP00252,DPT012,,2024-10-24,13337.68,DZD,45,2024-12-08,Validated,1,0,0,45,0
INV0000738,FCT-725819,SUP00093,DPT009,PO0003192,2024-12-17,13062.47,DZD,30,2025-01-16,Validated,0,0,0,30,0
INV0000739,FCT-918065,SUP00100,DPT009,PO0004300,2024-10-03,20000.0,USD,60,2024-12-02,Validated,0,1,0,60,0
INV0000740,FCT-349942,SUP00199,DPT005,PO0004320,2024-12-20,833.57,USD,60,2025-02-18,Validated,0,0,0,60,0
INV0000741,FCT-967549,SUP00018,DPT001,PO0000836,2024-07-08,6585.37,DZD,45,2024-08-22,Validated,0,0,0,45,0
INV0000742,FCT-748420,SUP00031,DPT007,PO0003613,2024-05-30,8185.96,DZD,60,2024-07-29,Validated,0,0,0,60,0
INV0000743,FCT-609906,SUP00275,DPT001,PO0002590,2024-09-10,11336.75,DZD,45,2024-10-25,Validated,0,0,0,45,0
INV0000744,FCT-222476,SUP00015,DPT007,PO0004593,2024-02-21,5446.88,EUR,30,2024-03-22,Validated,0,0,0,30,0
INV0000745,FCT-760635,SUP00184,DPT006,PO0003090,2024-06-05,13669.16,DZD,60,2024-08-04,Validated,0,0,0,60,0
INV0000746,FCT-955698,SUP00029,DPT001,PO0002439,2024-11-30,1992.99,DZD,60,2025-01-29,Validated,0,0,0,60,0
INV0000747,FCT-988050,SUP00004,DPT002,PO0003728,2024-01-07,59380.77,DZD,45,2024-02-21,Validated,0,0,0,45,0
INV0000748,FCT-329684,SUP00003,DPT010,PO0003341,2024-02-13,11406.86,DZD,30,2024-03-14,Validated,0,0,0,30,0
INV0000749,FCT-859041,SUP00127,DPT004,,2024-08-27,2083.12,EUR,30,2024-09-26,Validated,1,0,0,30,0
INV0000750,FCT-951894,SUP00026,DPT009,PO0004672,2024-07-20,28532.23,DZD,30,2024-08-19,Validated,0,0,0,30,0
INV0000751,FCT-623568,SUP00013,DPT003,,2024-10-06,1663.41,DZD,30,2024-11-05,Validated,1,0,0,30,0
INV0000752,FCT-162690,SUP00020,DPT001,,2024-03-01,6068.49,DZD,30,2024-03-31,Validated,1,0,0,30,0
INV0000753,FCT-232022,SUP00001,DPT002,PO0003682,2024-06-05,6854.4,DZD,30,2024-07-05,Validated,0,0,0,30,0
INV0000754,FCT-726103,SUP00020,DPT003,PO0001177,2024-05-10,3746.6,USD,30,2024-06-09,Validated,0,0,0,30,0
INV0000755,FCT-434158,SUP00004,DPT002,PO0000654,2024-12-12,5216.58,DZD,30,2025-01-11,Validated,0,0,0,30,0
INV0000756,FCT-564280,SUP00074,DPT009,PO0003848,2024-07-12,6455.84,DZD,30,2024-08-11,Validated,0,0,0,30,0
INV0000757,FCT-889050,SUP00009,DPT007,PO0003244,2024-02-14,1747.06,DZD,15,2024-02-29,Validated,0,0,0,15,0
INV0000758,FCT-645361,SUP00046,DPT009,PO0004633,2024-09-14,8220.38,DZD,30,2024-10-14,Validated,0,0,0,30,0
INV0000759,FCT-174982,SUP00004,DPT009,,2024-08-12,6023.62,EUR,45,2024-09-26,Validated,1,0,0,45,0
INV0000760,FCT-478254,SUP00009,DPT004,PO0005101,2024-12-21,56135.16,DZD,45,2025-02-04,Validated,0,0,0,45,0
INV0000761,FCT-898194,SUP00009,DPT007,PO0001193,2024-05-26,33073.46,DZD,30,2024-06-25,Pending Review,0,0,0,30,0
INV0000762,FCT-848418,SUP00214,DPT005,PO0001201,2024-12-01,2583.37,USD,60,2025-01-30,Pending Review,0,0,0,60,0
INV0000763,FCT-667777,SUP00296,DPT001,PO0003750,2024-04-26,5104.2,DZD,45,2024-06-10,Validated,0,0,0,45,0
INV0000764,FCT-529888,SUP00054,DPT002,PO0000858,2024-07-08,2703.52,DZD,30,2024-08-07,Validated,0,0,0,30,0
INV0000765,FCT-828733,SUP00202,DPT002,PO0000153,2024-04-28,4477.11,DZD,15,2024-05-13,Validated,0,0,0,15,0
INV0000766,FCT-581830,SUP00182,DPT001,PO0002024,2024-04-24,16129.66,DZD,45,2024-06-08,Validated,0,0,0,45,0
INV0000767,FCT-461941,SUP00007,DPT012,PO0003892,2024-07-31,5334.82,EUR,45,2024-09-14,Validated,0,0,0,45,0
INV0000768,FCT-240589,SUP00013,DPT010,PO0001798,2024-07-14,3381.78,USD,30,2024-08-13,Validated,0,0,0,30,0
INV0000769,FCT-376041,SUP00178,DPT007,PO0002283,2024-11-25,12042.85,DZD,30,2024-12-25,Validated,0,0,0,30,0
INV0000770,FCT-819793,SUP00009,DPT002,PO0000528,2024-05-13,647.32,DZD,45,2024-06-27,Pending Review,0,0,0,45,0
INV0000771,FCT-972607,SUP00315,DPT006,PO0004994,2024-08-08,3849.38,DZD,30,2024-09-07,Validated,0,0,0,30,0
INV0000772,FCT-637411,SUP00004,DPT009,PO0001784,2024-06-16,29012.5,EUR,45,2024-07-31,Pending Review,0,0,0,45,0
INV0000773,FCT-630651,SUP00010,DPT012,PO0004891,2024-11-13,30644.97,DZD,45,2024-12-28,Validated,0,0,0,45,0
INV0000774,FCT-691863,SUP00013,DPT003,PO0000351,2024-11-29,26933.95,EUR,30,2024-12-29,Validated,0,0,0,30,0
INV0000775,FCT-716837,SUP00017,DPT009,PO0003671,2024-04-17,1456.87,DZD,30,2024-05-17,Validated,0,0,0,30,0
INV0000776,FCT-650989,SUP00020,DPT003,PO0000952,2024-07-06,1444.37,DZD,60,2024-09-04,Pending Review,0,0,0,60,0
INV0000777,FCT-934481,SUP00009,DPT007,PO0004631,2024-05-12,3402.36,DZD,60,2024-07-11,Validated,0,0,0,60,0
INV0000778,FCT-888675,SUP00025,DPT005,PO0005026,2024-01-16,6090.09,EUR,30,2024-02-15,Validated,0,0,0,30,0
INV0000779,FCT-527271,SUP00151,DPT009,PO0000281,2024-11-16,2583.75,USD,45,2024-12-31,Validated,0,0,0,45,0
INV0000780,FCT-356022,SUP00004,DPT007,PO0004519,2024-09-06,868.96,DZD,30,2024-10-06,Validated,0,0,0,30,0
INV0000781,FCT-173940,SUP00001,DPT004,PO0003877,2024-12-09,17448.53,DZD,30,2025-01-08,Validated,0,0,0,30,0
INV0000782,FCT-634622,SUP00165,DPT010,PO0004972,2024-04-12,14405.24,DZD,30,2024-05-12,Validated,0,0,0,30,0
INV0000783,FCT-323525,SUP00002,DPT005,PO0003630,2024-05-02,3043.17,DZD,60,2024-07-01,Validated,0,0,0,60,0
INV0000784,FCT-276208,SUP00286,DPT010,PO0004351,2024-03-19,13612.93,DZD,45,2024-05-03,Validated,0,0,0,45,0
INV0000785,FCT-661012,SUP00030,DPT004,PO0002029,2024-05-08,10000.0,USD,45,2024-06-22,Pending Review,0,1,0,45,0
INV0000786,FCT-771555,SUP00208,DPT009,PO0005125,2024-10-06,388.82,DZD,15,2024-10-21,Validated,0,0,0,15,0
INV0000787,FCT-786673,SUP00063,DPT009,,2024-11-05,12581.41,DZD,30,2024-12-05,Validated,1,0,0,30,0
INV0000788,FCT-444695,SUP00002,DPT007,PO0004476,2024-03-01,5597.05,DZD,45,2024-04-15,Validated,0,0,0,45,0
INV0000789,FCT-555420,SUP00149,DPT005,PO0001482,2024-01-16,333.55,DZD,30,2024-02-15,Validated,0,0,0,30,0
INV0000790,FCT-513922,SUP00013,DPT001,PO0003490,2024-08-10,19358.77,DZD,30,2024-09-09,Disputed,0,0,0,30,0
INV0000791,FCT-677308,SUP00016,DPT003,PO0002716,2024-02-23,6577.1,DZD,30,2024-03-24,Pending Review,0,0,0,30,0
INV0000792,FCT-434641,SUP00001,DPT006,PO0002381,2024-10-25,957.56,DZD,45,2024-12-09,Validated,0,0,0,45,0
INV0000793,FCT-713393,SUP00247,DPT001,,2024-02-07,10000.0,EUR,30,2024-03-08,Validated,1,1,0,30,0
INV0000794,FCT-284098,SUP00029,DPT001,PO0002694,2024-04-19,7392.01,DZD,30,2024-05-19,Validated,0,0,0,30,0
INV0000795,FCT-137589,SUP00006,DPT004,,2024-04-30,11180.96,DZD,60,2024-06-29,Validated,1,0,0,60,0
INV0000796,FCT-504686,SUP00030,DPT004,PO0003366,2024-06-21,649.2,EUR,30,2024-07-21,Validated,0,0,0,30,0
INV0000797,FCT-527949,SUP00093,DPT004,PO0002708,2024-11-08,4249.02,DZD,45,2024-12-23,Pending Review,0,0,0,45,0
INV0000798,FCT-602873,SUP00170,DPT012,PO0004267,2024-07-29,1943.26,DZD,60,2024-09-27,Pending Review,0,0,0,60,0
INV0000799,FCT-889377,SUP00272,DPT003,PO0000205,2024-04-14,4977.06,DZD,30,2024-05-14,Validated,0,0,0,30,0
INV0000800,FCT-383097,SUP00007,DPT004,PO0001088,2024-08-22,851.55,DZD,30,2024-09-21,Validated,0,0,0,30,0
INV0000801,FCT-153712,SUP00025,DPT001,PO0003167,2024-07-06,1661.18,DZD,90,2024-10-04,Validated,0,0,0,90,0
INV0000802,FCT-352435,SUP00150,DPT001,PO0001617,2024-12-20,35257.34,DZD,30,2025-01-19,Validated,0,0,0,30,0
INV0000803,FCT-707242,SUP00285,DPT005,PO0003666,2024-12-15,25000.0,DZD,30,2025-01-14,Pending Review,0,1,0,30,0
INV0000804,FCT-967804,SUP00059,DPT004,,2024-11-20,18349.65,EUR,30,2024-12-20,Validated,1,0,0,30,0
INV0000805,FCT-596351,SUP00130,DPT010,,2024-03-02,32575.92,USD,45,2024-04-16,Validated,1,0,0,45,0
INV0000806,FCT-346512,SUP00026,DPT006,PO0002492,2024-03-17,699.25,DZD,30,2024-04-16,Validated,0,0,0,30,0
INV0000807,FCT-747331,SUP00009,DPT001,PO0004640,2024-03-08,5624.47,EUR,45,2024-04-22,Pending Review,0,0,0,45,0
INV0000808,FCT-359715,SUP00006,DPT002,PO0001241,2024-07-18,7946.81,EUR,90,2024-10-16,Pending Review,0,0,0,90,0
INV0000809,FCT-902168,SUP00002,DPT001,PO0004143,2024-10-23,3844.8,DZD,30,2024-11-22,Pending Review,0,0,0,30,0
INV0000810,FCT-228967,SUP00110,DPT003,PO0001214,2024-02-27,706.29,DZD,45,2024-04-12,Validated,0,0,0,45,0
INV0000811,FCT-899495,SUP00119,DPT002,PO0001927,2024-12-20,16583.75,DZD,30,2025-01-19,Pending Review,0,0,0,30,0
INV0000812,FCT-635585,SUP00001,DPT005,PO0001426,2024-01-22,12216.01,DZD,45,2024-03-07,Disputed,0,0,0,45,0
INV0000813,FCT-840421,SUP00320,DPT003,PO0001425,2024-07-08,2940.21,DZD,60,2024-09-06,Pending Review,0,0,0,60,0
INV0000814,FCT-672239,SUP00317,DPT001,PO0000123,2024-05-14,15873.85,DZD,30,2024-06-13,Validated,0,0,0,30,0
INV0000815,FCT-489412,SUP00248,DPT010,PO0003017,2024-11-29,6925.62,DZD,30,2024-12-29,Validated,0,0,0,30,0
INV0000816,FCT-714827,SUP00204,DPT007,PO0000992,2024-04-26,12442.73,DZD,30,2024-05-26,Validated,0,0,0,30,0
INV0000817,FCT-260272,SUP00247,DPT002,PO0004882,2024-03-08,2097.36,DZD,60,2024-05-07,Validated,0,0,0,60,0
INV0000818,FCT-383689,SUP00090,DPT012,PO0004260,2024-07-27,7898.77,DZD,45,2024-09-10,Validated,0,0,0,45,0
INV0000819,FCT-746744,SUP00008,DPT003,PO0000429,2024-01-20,7995.44,DZD,45,2024-03-05,Validated,0,0,0,45,0
INV0000820,FCT-122262,SUP00010,DPT005,PO0005200,2024-08-22,4599.74,DZD,15,2024-09-06,Pending Review,0,0,0,15,0
INV0000821,FCT-778253,SUP00003,DPT003,PO0001931,2024-02-23,277.27,DZD,30,2024-03-24,Validated,0,0,0,30,0
INV0000822,FCT-192452,SUP00086,DPT004,,2024-05-20,7313.86,DZD,30,2024-06-19,Validated,1,0,0,30,1
INV0000823,FCT-233853,SUP00002,DPT011,PO0003642,2024-08-01,7909.36,DZD,30,2024-08-31,Validated,0,0,0,30,0
INV0000824,FCT-195100,SUP00024,DPT004,PO0001168,2024-11-12,2023.39,DZD,30,2024-12-12,Validated,0,0,0,30,0
INV0000825,FCT-766739,SUP00007,DPT008,PO0000926,2024-09-09,11592.39,DZD,60,2024-11-08,Validated,0,0,0,60,0
INV0000826,FCT-114738,SUP00009,DPT009,PO0000666,2024-11-03,7953.47,USD,30,2024-12-03,Validated,0,0,0,30,0
INV0000827,FCT-766955,SUP00070,DPT006,PO0005071,2024-10-22,9613.57,DZD,30,2024-11-21,Validated,0,0,0,30,0
INV0000828,FCT-845956,SUP00021,DPT006,PO0003823,2024-09-20,3889.05,DZD,30,2024-10-20,Validated,0,0,0,30,0
INV0000829,FCT-587996,SUP00013,DPT002,PO0003795,2024-05-01,841.29,EUR,30,2024-05-31,Validated,0,0,0,30,0
INV0000830,FCT-194648,SUP00009,DPT002,PO0003915,2024-05-08,863.0,DZD,15,2024-05-23,Validated,0,0,0,15,0
INV0000831,FCT-870589,SUP00015,DPT002,PO0004323,2024-11-13,13235.0,DZD,60,2025-01-12,Validated,0,0,0,60,0
INV0000832,FCT-305743,SUP00042,DPT010,PO0002959,2024-03-29,1706.22,EUR,30,2024-04-28,Validated,0,0,0,30,0
INV0000833,FCT-912009,SUP00293,DPT001,PO0000507,2024-11-11,2397.75,DZD,30,2024-12-11,Validated,0,0,0,30,0
INV0000834,FCT-656291,SUP00004,DPT002,PO0000654,2024-02-12,15765.33,DZD,60,2024-04-12,Validated,0,0,0,60,0
INV0000835,FCT-260546,SUP00134,DPT004,PO0001431,2024-10-29,514.46,DZD,45,2024-12-13,Validated,0,0,0,45,0
INV0000836,FCT-181681,SUP00100,DPT009,,2024-04-01,946.23,DZD,30,2024-05-01,Validated,1,0,0,30,0
INV0000837,FCT-258243,SUP00009,DPT004,PO0004358,2024-09-21,14875.84,DZD,45,2024-11-05,Validated,0,0,0,45,0
INV0000838,FCT-618311,SUP00014,DPT002,,2024-12-16,6613.95,DZD,45,2025-01-30,Validated,1,0,0,45,0
INV0000839,FCT-183346,SUP00021,DPT007,,2024-12-01,606.36,DZD,60,2025-01-30,Validated,1,0,0,60,0
INV0000840,FCT-506982,SUP00005,DPT006,PO0000517,2024-06-01,3620.84,DZD,30,2024-07-01,Disputed,0,0,0,30,0
INV0000841,FCT-928103,SUP00006,DPT001,PO0000347,2024-02-23,7349.49,EUR,30,2024-03-24,Validated,0,0,0,30,0
INV0000842,FCT-981943,SUP00003,DPT004,,2024-05-31,1690.51,DZD,45,2024-07-15,Validated,1,0,0,45,0
INV0000843,FCT-248078,SUP00171,DPT006,PO0004960,2024-08-08,15000.0,DZD,15,2024-08-23,Validated,0,1,0,15,0
INV0000844,FCT-661705,SUP00018,DPT001,PO0005144,2024-06-20,861.0,DZD,15,2024-07-05,Pending Review,0,0,0,15,0
INV0000845,FCT-581471,SUP00317,DPT005,,2024-10-06,15887.95,DZD,15,2024-10-21,Disputed,1,0,0,15,0
INV0000846,FCT-526617,SUP00008,DPT007,PO0002079,2024-08-24,19926.21,DZD,30,2024-09-23,Validated,0,0,0,30,0
INV0000847,FCT-183538,SUP00207,DPT001,PO0002777,2024-01-12,14298.36,DZD,15,2024-01-27,Pending Review,0,0,0,15,0
INV0000848,FCT-443423,SUP00010,DPT005,PO0003248,2024-12-01,24764.09,DZD,45,2025-01-15,Validated,0,0,0,45,0
INV0000849,FCT-632399,SUP00288,DPT002,,2024-04-09,26173.06,DZD,30,2024-05-09,Validated,1,0,0,30,0
INV0000850,FCT-689986,SUP00219,DPT005,PO0002616,2024-02-11,1050.02,DZD,45,2024-03-27,Validated,0,0,0,45,0
INV0000851,FCT-480809,SUP00199,DPT002,,2024-03-29,18986.61,DZD,30,2024-04-28,Validated,1,0,0,30,0
INV0000852,FCT-929709,SUP00004,DPT001,PO0003019,2024-10-26,6829.72,DZD,30,2024-11-25,Validated,0,0,0,30,0
INV0000853,FCT-309731,SUP00297,DPT004,PO0000395,2024-10-15,53342.31,DZD,30,2024-11-14,Pending Review,0,0,0,30,0
INV0000854,FCT-588183,SUP00076,DPT007,PO0003766,2024-06-12,294727.78,DZD,60,2024-08-11,Validated,0,0,1,60,0
INV0000855,FCT-712504,SUP00066,DPT004,PO0002847,2024-07-05,4793.57,DZD,15,2024-07-20,Validated,0,0,0,15,0
INV0000856,FCT-286067,SUP00238,DPT006,PO0001122,2024-04-10,4227.08,USD,60,2024-06-09,Validated,0,0,0,60,0
INV0000857,FCT-522627,SUP00067,DPT003,PO0004562,2024-12-25,3861.22,DZD,15,2025-01-09,Validated,0,0,0,15,0
INV0000858,FCT-193991,SUP00002,DPT011,PO0001254,2024-07-17,6520.5,EUR,30,2024-08-16,Validated,0,0,0,30,0
INV0000859,FCT-540199,SUP00004,DPT012,PO0002031,2024-02-13,7838.18,DZD,15,2024-02-28,Validated,0,0,0,15,0
INV0000860,FCT-688899,SUP00038,DPT005,PO0000760,2024-07-16,124715.55,DZD,45,2024-08-30,Pending Review,0,0,1,45,0
INV0000861,FCT-970792,SUP00276,DPT004,PO0001933,2024-01-26,7077.27,DZD,30,2024-02-25,Validated,0,0,0,30,0
INV0000862,FCT-126853,SUP00214,DPT010,,2024-02-18,3662.59,DZD,30,2024-03-19,Validated,1,0,0,30,0
INV0000863,FCT-383305,SUP00008,DPT001,PO0000857,2024-03-20,6093.99,DZD,30,2024-04-19,Validated,0,0,0,30,0
INV0000864,FCT-375018,SUP00001,DPT002,PO0004624,2024-02-05,2324.59,DZD,30,2024-03-06,Validated,0,0,0,30,0
INV0000865,FCT-993419,SUP00043,DPT003,PO0000026,2024-11-08,871.47,EUR,45,2024-12-23,Validated,0,0,0,45,0
INV0000866,FCT-880032,SUP00199,DPT007,,2024-08-16,5063.46,DZD,30,2024-09-15,Validated,1,0,0,30,0
INV0000867,FCT-854806,SUP00142,DPT004,PO0001434,2024-07-02,87853.44,DZD,45,2024-08-16,Pending Review,0,0,0,45,0
INV0000868,FCT-871684,SUP00021,DPT009,PO0000519,2024-09-25,16674.33,DZD,15,2024-10-10,Validated,0,0,0,15,0
INV0000869,FCT-244690,SUP00004,DPT006,PO0001902,2024-08-11,3457.7,DZD,30,2024-09-10,Validated,0,0,0,30,0
INV0000870,FCT-279276,SUP00216,DPT008,PO0001143,2024-08-12,8987.1,DZD,30,2024-09-11,Validated,0,0,0,30,0
INV0000871,FCT-416761,SUP00286,DPT002,PO0000348,2024-07-24,108152.14,DZD,45,2024-09-07,Pending Review,0,0,1,45,0
INV0000872,FCT-708129,SUP00274,DPT002,PO0002834,2024-05-08,7545.84,EUR,30,2024-06-07,Validated,0,0,0,30,0
INV0000873,FCT-382961,SUP00171,DPT002,PO0001067,2024-01-01,2156.7,DZD,30,2024-01-31,Disputed,0,0,0,30,0
INV0000874,FCT-826539,SUP00177,DPT009,,2024-07-21,6495.0,DZD,45,2024-09-04,Pending Review,1,0,0,45,0
INV0000875,FCT-757782,SUP00161,DPT010,,2024-10-11,15000.0,EUR,45,2024-11-25,Validated,1,1,0,45,0
INV0000876,FCT-735613,SUP00251,DPT007,PO0002450,2024-11-26,20000.0,DZD,30,2024-12-26,Validated,0,1,0,30,0
INV0000877,FCT-339247,SUP00006,DPT006,PO0001052,2024-03-27,31909.71,DZD,45,2024-05-11,Disputed,0,0,0,45,0
INV0000878,FCT-570732,SUP00007,DPT001,PO0001789,2024-12-03,6732.99,DZD,15,2024-12-18,Pending Review,0,0,0,15,0
INV0000879,FCT-351602,SUP00170,DPT012,PO0004267,2024-01-19,405.67,DZD,30,2024-02-18,Validated,0,0,0,30,0
INV0000880,FCT-652457,SUP00008,DPT009,PO0003885,2024-03-25,100000.0,DZD,30,2024-04-24,Validated,0,1,1,30,0
INV0000881,FCT-762551,SUP00314,DPT008,,2024-11-05,9550.79,USD,30,2024-12-05,Validated,1,0,0,30,0
INV0000882,FCT-503058,SUP00088,DPT006,PO0005078,2024-02-04,8861.9,DZD,45,2024-03-20,Validated,0,0,0,45,0
INV0000883,FCT-798005,SUP00001,DPT003,PO0004044,2024-06-22,2262.34,EUR,30,2024-07-22,Validated,0,0,0,30,0
INV0000884,FCT-361014,SUP00003,DPT005,PO0000495,2024-08-26,59414.91,DZD,60,2024-10-25,Validated,0,0,0,60,0
INV0000885,FCT-761318,SUP00195,DPT002,PO0001345,2024-01-16,1718.83,DZD,30,2024-02-15,Validated,0,0,0,30,0
INV0000886,FCT-286812,SUP00025,DPT011,PO0001592,2024-03-04,1942.22,DZD,30,2024-04-03,Validated,0,0,0,30,0
INV0000887,FCT-546485,SUP00008,DPT001,PO0003457,2024-05-20,4613.92,DZD,30,2024-06-19,Validated,0,0,0,30,0
INV0000888,FCT-884820,SUP00116,DPT011,PO0000734,2024-10-19,27593.77,USD,45,2024-12-03,Validated,0,0,0,45,0
INV0000889,FCT-769390,SUP00010,DPT002,PO0001009,2024-10-04,29004.13,DZD,45,2024-11-18,Validated,0,0,0,45,0
INV0000890,FCT-534350,SUP00174,DPT003,PO0003759,2024-04-12,12534.35,DZD,30,2024-05-12,Validated,0,0,0,30,0
INV0000891,FCT-631948,SUP00280,DPT009,PO0001478,2024-05-25,16770.14,EUR,90,2024-08-23,Disputed,0,0,0,90,0
INV0000892,FCT-678129,SUP00283,DPT001,PO0002333,2024-02-24,1342.28,DZD,30,2024-03-25,Pending Review,0,0,0,30,0
INV0000893,FCT-871683,SUP00221,DPT002,PO0002937,2024-06-11,850.0,DZD,15,2024-06-26,Validated,0,0,0,15,0
INV0000894,FCT-372724,SUP00212,DPT004,PO0002772,2024-10-24,3913.59,EUR,30,2024-11-23,Validated,0,0,0,30,0
INV0000895,FCT-736468,SUP00004,DPT007,PO0002704,2024-02-02,16622.01,DZD,90,2024-05-02,Validated,0,0,0,90,0
INV0000896,FCT-944375,SUP00176,DPT003,PO0004183,2024-03-17,17126.96,DZD,30,2024-04-16,Validated,0,0,0,30,0
INV0000897,FCT-651769,SUP00002,DPT003,PO0001491,2024-04-17,2209.52,DZD,30,2024-05-17,Validated,0,0,0,30,0
INV0000898,FCT-743898,SUP00173,DPT009,PO0003292,2024-01-04,1951.27,USD,30,2024-02-03,Validated,0,0,0,30,0
INV0000899,FCT-657027,SUP00063,DPT010,PO0002317,2024-11-26,100000.0,EUR,45,2025-01-10,Validated,0,1,1,45,0
INV0000900,FCT-939743,SUP00001,DPT006,PO0002579,2024-10-26,7470.73,DZD,30,2024-11-25,Validated,0,0,0,30,0
INV0000901,FCT-363653,SUP00124,DPT001,PO0004036,2024-04-29,554.21,DZD,15,2024-05-14,Validated,0,0,0,15,0
INV0000902,FCT-945679,SUP00007,DPT012,,2024-02-04,1647.84,DZD,30,2024-03-05,Validated,1,0,0,30,0
INV0000903,FCT-632496,SUP00183,DPT010,PO0000647,2024-07-01,10487.19,DZD,30,2024-07-31,Validated,0,0,0,30,0
INV0000904,FCT-650597,SUP00003,DPT003,PO0001931,2024-06-02,1534.15,DZD,45,2024-07-17,Validated,0,0,0,45,0
INV0000905,FCT-977583,SUP00013,DPT004,,2024-02-22,1935.3,DZD,30,2024-03-23,Validated,1,0,0,30,0
INV0000906,FCT-157413,SUP00006,DPT003,PO0001929,2024-05-24,2017.97,USD,45,2024-07-08,Validated,0,0,0,45,0
INV0000907,FCT-951656,SUP00006,DPT010,PO0002161,2024-11-30,16418.5,DZD,90,2025-02-28,Validated,0,0,0,90,0
INV0000908,FCT-950028,SUP00024,DPT003,PO0002900,2024-02-22,5937.5,DZD,60,2024-04-22,Pending Review,0,0,0,60,0
INV0000909,FCT-208676,SUP00012,DPT002,PO0001451,2024-11-15,41266.93,DZD,60,2025-01-14,Validated,0,0,0,60,0
INV0000910,FCT-672609,SUP00054,DPT001,PO0001389,2024-01-13,3665.43,DZD,15,2024-01-28,Validated,0,0,0,15,0
INV0000911,FCT-454388,SUP00037,DPT004,PO0004867,2024-06-12,4710.02,DZD,30,2024-07-12,Validated,0,0,0,30,0
INV0000912,FCT-298587,SUP00004,DPT001,PO0004762,2024-01-31,8819.84,DZD,30,2024-03-01,Validated,0,0,0,30,0
INV0000913,FCT-304549,SUP00129,DPT001,PO0001610,2024-09-10,2926.7,DZD,45,2024-10-25,Validated,0,0,0,45,0
INV0000914,FCT-100284,SUP00024,DPT001,PO0001566,2024-06-05,955.03,DZD,30,2024-07-05,Validated,0,0,0,30,0
INV0000915,FCT-795043,SUP00110,DPT011,PO0001057,2024-08-10,4002.03,DZD,30,2024-09-09,Validated,0,0,0,30,0
INV0000916,FCT-351351,SUP00289,DPT003,,2024-12-15,2537.8,EUR,30,2025-01-14,Validated,1,0,0,30,0
INV0000917,FCT-604123,SUP00030,DPT003,,2024-11-16,5188.54,DZD,30,2024-12-16,Validated,1,0,0,30,0
INV0000918,FCT-472226,SUP00139,DPT003,,2024-09-21,3017.26,DZD,90,2024-12-20,Validated,1,0,0,90,0
INV0000919,FCT-898426,SUP00092,DPT010,PO0003217,2024-05-07,15000.0,DZD,30,2024-06-06,Validated,0,1,0,30,0
INV0000920,FCT-226685,SUP00059,DPT002,,2024-09-17,4004.91,DZD,30,2024-10-17,Disputed,1,0,0,30,0
INV0000921,FCT-215573,SUP00005,DPT010,PO0000864,2024-07-16,50000.0,DZD,15,2024-07-31,Validated,0,1,0,15,0
INV0000922,FCT-753982,SUP00294,DPT009,PO0004033,2024-09-01,2933.58,DZD,15,2024-09-16,Validated,0,0,0,15,0
INV0000923,FCT-658965,SUP00007,DPT007,PO0004697,2024-09-09,1506.29,DZD,60,2024-11-08,Validated,0,0,0,60,0
INV0000924,FCT-612919,SUP00004,DPT011,PO0001761,2024-10-07,54713.99,DZD,30,2024-11-06,Validated,0,0,0,30,0
INV0000925,FCT-536151,SUP00006,DPT003,PO0002516,2024-09-24,5000.0,EUR,60,2024-11-23,Disputed,0,1,0,60,0
INV0000926,FCT-581949,SUP00301,DPT011,PO0000759,2024-07-12,12929.19,DZD,60,2024-09-10,Validated,0,0,0,60,0
INV0000927,FCT-627352,SUP00236,DPT003,PO0000660,2024-03-11,5376.25,DZD,30,2024-04-10,Validated,0,0,0,30,0
INV0000928,FCT-940252,SUP00001,DPT001,PO0001061,2024-12-25,49462.11,DZD,15,2025-01-09,Validated,0,0,0,15,0
INV0000929,FCT-834706,SUP00243,DPT004,PO0004423,2024-01-27,1408.01,DZD,30,2024-02-26,Validated,0,0,0,30,0
INV0000930,FCT-919560,SUP00003,DPT001,PO0002856,2024-08-09,2415.52,DZD,30,2024-09-08,Pending Review,0,0,0,30,0
INV0000931,FCT-860425,SUP00204,DPT007,PO0001752,2024-03-23,21586.16,DZD,45,2024-05-07,Validated,0,0,0,45,0
INV0000932,FCT-301718,SUP00129,DPT010,PO0000309,2024-08-18,3309.94,DZD,45,2024-10-02,Pending Review,0,0,0,45,0
INV0000933,FCT-100141,SUP00007,DPT007,PO0002376,2024-06-13,2539.0,DZD,45,2024-07-28,Validated,0,0,0,45,0
INV0000934,FCT-594604,SUP00278,DPT002,PO0000620,2024-01-08,3147.4,EUR,15,2024-01-23,Validated,0,0,0,15,0
INV0000935,FCT-869121,SUP00239,DPT006,PO0000136,2024-12-06,55359.19,DZD,30,2025-01-05,Validated,0,0,0,30,0
INV0000936,FCT-474987,SUP00270,DPT003,PO0005005,2024-10-02,63022.26,EUR,45,2024-11-16,Validated,0,0,0,45,0
INV0000937,FCT-982369,SUP00253,DPT009,PO0004236,2024-05-02,9616.04,DZD,30,2024-06-01,Validated,0,0,0,30,0
INV0000938,FCT-329959,SUP00001,DPT001,PO0002922,2024-05-09,7526.64,DZD,60,2024-07-08,Validated,0,0,0,60,0
INV0000939,FCT-789637,SUP00185,DPT006,PO0004785,2024-07-21,14779.04,DZD,30,2024-08-20,Validated,0,0,0,30,0
INV0000940,FCT-203796,SUP00253,DPT008,,2024-10-09,9427.31,DZD,30,2024-11-08,Validated,1,0,0,30,0
INV0000941,FCT-276741,SUP00182,DPT005,PO0001248,2024-12-27,7347.23,DZD,90,2025-03-27,Validated,0,0,0,90,0
INV0000942,FCT-918000,SUP00007,DPT004,PO0003963,2024-11-05,3575.3,DZD,30,2024-12-05,Pending Review,0,0,0,30,0
INV0000943,FCT-367105,SUP00280,DPT002,PO0001406,2024-01-28,2957.14,DZD,30,2024-02-27,Validated,0,0,0,30,0
INV0000944,FCT-952452,SUP00024,DPT003,PO0001976,2024-01-09,10620.81,DZD,45,2024-02-23,Validated,0,0,0,45,0
INV0000945,FCT-188773,SUP00134,DPT005,PO0005179,2024-03-07,7044.43,DZD,45,2024-04-21,Disputed,0,0,0,45,0
INV0000946,FCT-911443,SUP00006,DPT002,PO0000400,2024-05-20,32492.9,DZD,30,2024-06-19,Validated,0,0,0,30,0
INV0000947,FCT-990161,SUP00006,DPT005,PO0002740,2024-01-17,100000.0,DZD,30,2024-02-16,Validated,0,1,1,30,0
INV0000948,FCT-991289,SUP00081,DPT006,PO0001435,2024-11-26,2071.54,EUR,45,2025-01-10,Disputed,0,0,0,45,0
INV0000949,FCT-472968,SUP00014,DPT001,PO0000613,2024-08-27,1118.49,DZD,15,2024-09-11,Validated,0,0,0,15,0
INV0000950,FCT-508813,SUP00023,DPT009,PO0004705,2024-02-16,2481.5,DZD,60,2024-04-16,Validated,0,0,0,60,0
INV0000951,FCT-912290,SUP00218,DPT011,PO0001078,2024-11-09,1148.57,DZD,45,2024-12-24,Validated,0,0,0,45,0
INV0000952,FCT-227370,SUP00004,DPT001,PO0004506,2024-09-28,22465.3,DZD,45,2024-11-12,Disputed,0,0,0,45,0
INV0000953,FCT-792842,SUP00006,DPT007,PO0003961,2024-04-21,3681.62,DZD,45,2024-06-05,Validated,0,0,0,45,0
INV0000954,FCT-183478,SUP00005,DPT001,PO0004728,2024-04-27,2482.47,DZD,60,2024-06-26,Validated,0,0,0,60,0
INV0000955,FCT-419068,SUP00104,DPT005,PO0003491,2024-09-11,10422.58,USD,30,2024-10-11,Validated,0,0,0,30,0
INV0000956,FCT-805199,SUP00003,DPT001,PO0001258,2024-07-04,56467.76,DZD,30,2024-08-03,Validated,0,0,0,30,0
INV0000957,FCT-333268,SUP00014,DPT004,PO0002441,2024-12-15,3674.51,DZD,45,2025-01-29,Validated,0,0,0,45,0
INV0000958,FCT-178249,SUP00006,DPT007,PO0004466,2024-11-25,1629.2,DZD,45,2025-01-09,Validated,0,0,0,45,0
INV0000959,FCT-509852,SUP00007,DPT010,PO0003561,2024-12-07,3808.71,EUR,30,2025-01-06,Validated,0,0,0,30,0
INV0000960,FCT-687441,SUP00013,DPT005,PO0001311,2024-08-19,707.99,DZD,30,2024-09-18,Validated,0,0,0,30,0
INV0000961,FCT-401133,SUP00022,DPT004,PO0003763,2024-10-08,10849.52,USD,30,2024-11-07,Validated,0,0,0,30,0
INV0000962,FCT-693080,SUP00205,DPT010,PO0002095,2024-06-07,11654.69,EUR,45,2024-07-22,Validated,0,0,0,45,0
INV0000963,FCT-601029,SUP00005,DPT004,PO0001232,2024-10-02,3621.6,USD,60,2024-12-01,Validated,0,0,0,60,0
INV0000964,FCT-723406,SUP00232,DPT009,PO0005168,2024-09-11,1654.92,DZD,45,2024-10-26,Validated,0,0,0,45,0
INV0000965,FCT-126643,SUP00238,DPT011,PO0001925,2024-07-04,94878.19,DZD,30,2024-08-03,Validated,0,0,0,30,0
INV0000966,FCT-266878,SUP00015,DPT009,PO0002178,2024-03-22,1460.03,DZD,90,2024-06-20,Validated,0,0,0,90,0
INV0000967,FCT-660836,SUP00004,DPT002,PO0004660,2024-12-17,2533.31,DZD,30,2025-01-16,Validated,0,0,0,30,0
INV0000968,FCT-464284,SUP00008,DPT011,PO0004592,2024-01-05,6243.12,DZD,30,2024-02-04,Pending Review,0,0,0,30,0
INV0000969,FCT-898732,SUP00063,DPT011,PO0001499,2024-02-10,16154.16,DZD,60,2024-04-10,Validated,0,0,0,60,0
INV0000970,FCT-344310,SUP00007,DPT010,PO0003942,2024-08-13,5047.85,EUR,30,2024-09-12,Validated,0,0,0,30,0
INV0000971,FCT-302424,SUP00027,DPT005,,2024-05-21,6252.1,DZD,45,2024-07-05,Validated,1,0,0,45,0
INV0000972,FCT-129175,SUP00021,DPT004,,2024-11-10,12134.27,DZD,60,2025-01-09,Validated,1,0,0,60,0
INV0000973,FCT-409482,SUP00182,DPT010,PO0002596,2024-01-18,239557.56,DZD,45,2024-03-03,Validated,0,0,1,45,0
INV0000974,FCT-160350,SUP00168,DPT008,,2024-09-12,3083.87,DZD,30,2024-10-12,Validated,1,0,0,30,0
INV0000975,FCT-920922,SUP00226,DPT001,PO0004212,2024-03-28,3339.57,DZD,30,2024-04-27,Validated,0,0,0,30,0
INV0000976,FCT-551636,SUP00027,DPT001,PO0000867,2024-07-08,5304.04,USD,30,2024-08-07,Pending Review,0,0,0,30,0
INV0000977,FCT-727029,SUP00005,DPT004,PO0001284,2024-06-07,13106.36,DZD,30,2024-07-07,Validated,0,0,0,30,0
INV0000978,FCT-645475,SUP00029,DPT010,PO0000062,2024-02-22,109531.35,DZD,30,2024-03-23,Validated,0,0,1,30,0
INV0000979,FCT-112219,SUP00037,DPT002,PO0002421,2024-06-01,5285.31,USD,45,2024-07-16,Validated,0,0,0,45,0
INV0000980,FCT-617069,SUP00007,DPT001,PO0002171,2024-01-31,11360.28,DZD,30,2024-03-01,Disputed,0,0,0,30,0
INV0000981,FCT-469543,SUP00038,DPT007,PO0002885,2024-11-07,501.21,DZD,30,2024-12-07,Validated,0,0,0,30,0
INV0000982,FCT-829682,SUP00023,DPT005,PO0000809,2024-04-12,6465.97,DZD,30,2024-05-12,Validated,0,0,0,30,0
INV0000983,FCT-209194,SUP00130,DPT002,PO0004710,2024-02-07,20000.0,DZD,45,2024-03-23,Validated,0,1,0,45,0
INV0000984,FCT-492766,SUP00281,DPT006,PO0004069,2024-12-17,19379.81,DZD,15,2025-01-01,Validated,0,0,0,15,0
INV0000985,FCT-312080,SUP00063,DPT012,PO0004308,2024-08-11,3311.25,USD,90,2024-11-09,Validated,0,0,0,90,0
INV0000986,FCT-423243,SUP00006,DPT002,PO0000588,2024-06-17,1471.8,EUR,30,2024-07-17,Validated,0,0,0,30,0
INV0000987,FCT-790838,SUP00005,DPT005,PO0003980,2024-06-25,7817.65,USD,30,2024-07-25,Validated,0,0,0,30,0
INV0000988,FCT-184248,SUP00309,DPT002,PO0004675,2024-10-20,999.31,DZD,45,2024-12-04,Validated,0,0,0,45,0
INV0000989,FCT-178719,SUP00007,DPT006,,2024-05-28,2382.08,DZD,30,2024-06-27,Validated,1,0,0,30,0
INV0000990,FCT-806445,SUP00251,DPT009,PO0000278,2024-01-05,6394.86,DZD,90,2024-04-04,Validated,0,0,0,90,0
INV0000991,FCT-398864,SUP00009,DPT003,PO0003549,2024-09-01,381.37,DZD,60,2024-10-31,Validated,0,0,0,60,0
INV0000992,FCT-145891,SUP00026,DPT005,PO0004884,2024-06-21,4473.57,DZD,60,2024-08-20,Validated,0,0,0,60,0
INV0000993,FCT-243014,SUP00010,DPT009,PO0000300,2024-02-14,36958.95,DZD,60,2024-04-14,Validated,0,0,0,60,0
INV0000994,FCT-179912,SUP00259,DPT004,PO0004238,2024-03-31,941.42,DZD,15,2024-04-15,Validated,0,0,0,15,0
INV0000995,FCT-791829,SUP00024,DPT001,PO0001566,2024-05-16,2735.53,DZD,60,2024-07-15,Validated,0,0,0,60,0
INV0000996,FCT-811783,SUP00181,DPT005,PO0004857,2024-12-13,11810.32,DZD,90,2025-03-13,Validated,0,0,0,90,0
INV0000997,FCT-449494,SUP00007,DPT003,PO0001144,2024-10-23,15332.72,DZD,45,2024-12-07,Validated,0,0,0,45,0
INV0000998,FCT-561380,SUP00126,DPT009,PO0002212,2024-03-13,6416.56,DZD,30,2024-04-12,Validated,0,0,0,30,0
INV0000999,FCT-533902,SUP00023,DPT001,,2024-03-20,4845.29,EUR,30,2024-04-19,Validated,1,0,0,30,0
INV0001000,FCT-465498,SUP00134,DPT005,PO0005179,2024-01-19,40193.8,DZD,30,2024-02-18,Disputed,0,0,0,30,0
INV0001001,FCT-222167,SUP00009,DPT007,PO0003138,2024-03-16,7666.75,DZD,30,2024-04-15,Validated,0,0,0,30,0
INV0001002,FCT-216694,SUP00198,DPT004,PO0001964,2024-02-29,1778.75,DZD,60,2024-04-29,Validated,0,0,0,60,0
INV0001003,FCT-916895,SUP00005,DPT004,PO0005124,2024-07-10,6892.39,USD,30,2024-08-09,Validated,0,0,0,30,0
INV0001004,FCT-308256,SUP00090,DPT002,,2024-01-24,5000.0,DZD,45,2024-03-09,Validated,1,1,0,45,0
INV0001005,FCT-881473,SUP00004,DPT006,PO0000539,2024-07-19,3624.8,EUR,15,2024-08-03,Validated,0,0,0,15,0
INV0001006,FCT-779284,SUP00001,DPT002,PO0001038,2024-04-25,20000.0,DZD,45,2024-06-09,Validated,0,1,0,45,0
INV0001007,FCT-810071,SUP00185,DPT001,,2024-09-03,5954.19,DZD,30,2024-10-03,Validated,1,0,0,30,0
INV0001008,FCT-303635,SUP00250,DPT001,,2024-12-29,11729.84,DZD,15,2025-01-13,Pending Review,1,0,0,15,0
INV0001009,FCT-848425,SUP00025,DPT002,PO0004054,2024-12-13,14229.05,EUR,30,2025-01-12,Validated,0,0,0,30,0
INV0001010,FCT-580017,SUP00001,DPT003,PO0000535,2024-12-05,6080.2,USD,30,2025-01-04,Validated,0,0,0,30,0
INV0001011,FCT-996049,SUP00026,DPT010,PO0001364,2024-07-26,6253.44,DZD,30,2024-08-25,Pending Review,0,0,0,30,0
INV0001012,FCT-941281,SUP00247,DPT004,PO0000740,2024-07-27,3152.86,USD,90,2024-10-25,Validated,0,0,0,90,0
INV0001013,FCT-585180,SUP00156,DPT001,,2024-08-02,18272.78,DZD,45,2024-09-16,Validated,1,0,0,45,0
INV0001014,FCT-570555,SUP00019,DPT001,PO0001166,2024-10-30,1529.27,DZD,30,2024-11-29,Validated,0,0,0,30,0
INV0001015,FCT-881173,SUP00003,DPT002,PO0001536,2024-04-06,3297.16,USD,30,2024-05-06,Validated,0,0,0,30,0
INV0001016,FCT-605755,SUP00008,DPT002,PO0000598,2024-05-25,2376.19,DZD,30,2024-06-24,Validated,0,0,0,30,0
INV0001017,FCT-888997,SUP00009,DPT002,PO0001807,2024-05-04,5279.24,DZD,30,2024-06-03,Validated,0,0,0,30,0
INV0001018,FCT-864481,SUP00227,DPT007,PO0004402,2024-11-21,27165.26,DZD,15,2024-12-06,Validated,0,0,0,15,0
INV0001019,FCT-531949,SUP00014,DPT009,PO0003597,2024-03-18,1531.69,DZD,90,2024-06-16,Pending Review,0,0,0,90,0
INV0001020,FCT-986759,SUP00023,DPT004,,2024-03-17,8276.26,EUR,30,2024-04-16,Validated,1,0,0,30,0
INV0001021,FCT-258972,SUP00011,DPT007,PO0002077,2024-05-13,8491.06,DZD,30,2024-06-12,Disputed,0,0,0,30,0
INV0001022,FCT-472285,SUP00252,DPT002,PO0002205,2024-05-27,1980.94,DZD,30,2024-06-26,Pending Review,0,0,0,30,0
INV0001023,FCT-611047,SUP00312,DPT004,PO0005119,2024-09-15,4810.35,DZD,30,2024-10-15,Validated,0,0,0,30,0
INV0001024,FCT-847748,SUP00044,DPT001,PO0002435,2024-02-14,2140.36,DZD,45,2024-03-30,Validated,0,0,0,45,0
INV0001025,FCT-806444,SUP00004,DPT001,PO0001637,2024-03-19,6739.95,DZD,60,2024-05-18,Validated,0,0,0,60,0
INV0001026,FCT-177885,SUP00002,DPT004,PO0002831,2024-12-07,5239.72,DZD,45,2025-01-21,Validated,0,0,0,45,0
INV0001027,FCT-704098,SUP00019,DPT007,PO0004787,2024-08-22,33878.43,DZD,30,2024-09-21,Validated,0,0,0,30,0
INV0001028,FCT-305196,SUP00004,DPT008,PO0002197,2024-05-03,2489.65,DZD,45,2024-06-17,Validated,0,0,0,45,0
INV0001029,FCT-745380,SUP00017,DPT001,PO0001343,2024-12-21,4925.79,DZD,15,2025-01-05,Disputed,0,0,0,15,0
INV0001030,FCT-853756,SUP00274,DPT006,PO0003832,2024-03-30,3906.27,DZD,60,2024-05-29,Disputed,0,0,0,60,0
INV0001031,FCT-269328,SUP00304,DPT011,PO0000795,2024-08-21,28573.27,DZD,30,2024-09-20,Validated,0,0,0,30,0
INV0001032,FCT-417256,SUP00005,DPT001,PO0000883,2024-03-21,3407.78,DZD,45,2024-05-05,Validated,0,0,0,45,0
INV0001033,FCT-193997,SUP00058,DPT005,PO0001701,2024-09-07,2154.16,DZD,45,2024-10-22,Validated,0,0,0,45,0
INV0001034,FCT-222454,SUP00007,DPT003,PO0002779,2024-06-21,2459.34,DZD,30,2024-07-21,Disputed,0,0,0,30,0
INV0001035,FCT-376590,SUP00011,DPT006,PO0004002,2024-02-21,2413.02,DZD,30,2024-03-22,Validated,0,0,0,30,0
INV0001036,FCT-265451,SUP00083,DPT004,PO0003878,2024-07-02,3076.6,DZD,60,2024-08-31,Validated,0,0,0,60,0
INV0001037,FCT-587843,SUP00003,DPT011,PO0004259,2024-06-12,2243.67,DZD,45,2024-07-27,Validated,0,0,0,45,0
INV0001038,FCT-307006,SUP00080,DPT003,,2024-09-02,6110.73,DZD,30,2024-10-02,Validated,1,0,0,30,0
INV0001039,FCT-293168,SUP00009,DPT004,PO0002394,2024-11-23,1348.29,DZD,30,2024-12-23,Validated,0,0,0,30,0
INV0001040,FCT-952717,SUP00181,DPT004,PO0003544,2024-10-22,11650.28,DZD,30,2024-11-21,Validated,0,0,0,30,0
INV0001041,FCT-273224,SUP00210,DPT004,PO0002070,2024-05-01,6294.05,DZD,30,2024-05-31,Validated,0,0,0,30,0
INV0001042,FCT-700290,SUP00069,DPT011,PO0004103,2024-09-13,38755.84,DZD,30,2024-10-13,Validated,0,0,0,30,0
INV0001043,FCT-986818,SUP00006,DPT002,PO0004058,2024-07-21,10269.18,EUR,30,2024-08-20,Validated,0,0,0,30,0
INV0001044,FCT-942128,SUP00048,DPT011,PO0002327,2024-06-28,9143.31,DZD,60,2024-08-27,Validated,0,0,0,60,0
INV0001045,FCT-779968,SUP00279,DPT010,PO0000722,2024-03-19,60535.93,DZD,45,2024-05-03,Validated,0,0,0,45,0
INV0001046,FCT-882773,SUP00051,DPT010,PO0001055,2024-07-14,9893.21,DZD,30,2024-08-13,Validated,0,0,0,30,0
INV0001047,FCT-423905,SUP00020,DPT004,PO0003104,2024-05-02,4689.21,DZD,60,2024-07-01,Validated,0,0,0,60,0
INV0001048,FCT-933679,SUP00109,DPT004,PO0001777,2024-12-22,2209.24,DZD,30,2025-01-21,Validated,0,0,0,30,0
INV0001049,FCT-210553,SUP00267,DPT009,PO0000299,2024-06-16,31914.81,DZD,30,2024-07-16,Validated,0,0,0,30,0
INV0001050,FCT-454782,SUP00107,DPT007,PO0003244,2024-06-12,1882.53,DZD,90,2024-09-10,Validated,0,0,0,90,0
INV0001051,FCT-235499,SUP00010,DPT004,PO0004134,2024-01-29,1618.93,EUR,30,2024-02-28,Validated,0,0,0,30,0
INV0001052,FCT-649031,SUP00231,DPT001,PO0004812,2024-04-27,1627.28,DZD,15,2024-05-12,Validated,0,0,0,15,0
INV0001053,FCT-457115,SUP00020,DPT002,PO0001094,2024-12-26,2526.71,DZD,30,2025-01-25,Validated,0,0,0,30,0
INV0001054,FCT-832377,SUP00005,DPT004,PO0001030,2024-08-23,6310.32,DZD,30,2024-09-22,Validated,0,0,0,30,0
INV0001055,FCT-289832,SUP00038,DPT012,PO0000874,2024-09-26,25000.0,DZD,45,2024-11-10,Validated,0,1,0,45,0
INV0001056,FCT-345013,SUP00172,DPT011,PO0003421,2024-09-02,10983.86,DZD,30,2024-10-02,Validated,0,0,0,30,0
INV0001057,FCT-121478,SUP00009,DPT003,PO0001945,2024-06-22,1713.79,DZD,45,2024-08-06,Disputed,0,0,0,45,0
INV0001058,FCT-282949,SUP00006,DPT009,PO0004905,2024-12-08,2202.73,EUR,45,2025-01-22,Validated,0,0,0,45,0
INV0001059,FCT-826692,SUP00295,DPT012,PO0003785,2024-04-23,7162.21,DZD,45,2024-06-07,Validated,0,0,0,45,0
INV0001060,FCT-312621,SUP00155,DPT002,PO0000956,2024-05-08,1980.68,DZD,90,2024-08-06,Validated,0,0,0,90,0
INV0001061,FCT-334380,SUP00261,DPT008,PO0000729,2024-09-21,1253.27,DZD,45,2024-11-05,Pending Review,0,0,0,45,0
INV0001062,FCT-205732,SUP00004,DPT001,PO0000269,2024-07-05,1033.47,USD,15,2024-07-20,Validated,0,0,0,15,0
INV0001063,FCT-874597,SUP00280,DPT010,PO0000914,2024-05-21,5677.12,DZD,45,2024-07-05,Validated,0,0,0,45,0
INV0001064,FCT-526174,SUP00013,DPT004,PO0002211,2024-08-15,5546.1,EUR,15,2024-08-30,Validated,0,0,0,15,0
INV0001065,FCT-946893,SUP00004,DPT002,,2024-10-28,5253.49,DZD,45,2024-12-12,Validated,1,0,0,45,0
INV0001066,FCT-254343,SUP00008,DPT006,PO0000013,2024-09-15,24330.78,DZD,45,2024-10-30,Validated,0,0,0,45,0
INV0001067,FCT-535476,SUP00006,DPT001,PO0000408,2024-06-05,8497.57,DZD,30,2024-07-05,Validated,0,0,0,30,0
INV0001068,FCT-731094,SUP00023,DPT001,PO0004027,2024-01-15,6005.28,DZD,45,2024-02-29,Validated,0,0,0,45,0
INV0001069,FCT-327236,SUP00065,DPT001,PO0002940,2024-10-20,28288.72,DZD,90,2025-01-18,Validated,0,0,0,90,0
INV0001070,FCT-776626,SUP00020,DPT003,PO0002402,2024-11-24,18421.31,DZD,30,2024-12-24,Validated,0,0,0,30,0
INV0001071,FCT-677271,SUP00026,DPT001,PO0001899,2024-09-27,2593.06,USD,45,2024-11-11,Validated,0,0,0,45,0
INV0001072,FCT-797361,SUP00113,DPT001,PO0002977,2024-03-05,15673.57,DZD,30,2024-04-04,Validated,0,0,0,30,0
INV0001073,FCT-953998,SUP00161,DPT002,PO0004594,2024-11-12,46115.07,DZD,30,2024-12-12,Validated,0,0,0,30,0
INV0001074,FCT-818084,SUP00007,DPT008,PO0004022,2024-03-23,20000.0,DZD,30,2024-04-22,Validated,0,1,0,30,0
INV0001075,FCT-777352,SUP00080,DPT011,PO0000968,2024-11-13,18457.82,USD,60,2025-01-12,Validated,0,0,0,60,0
INV0001076,FCT-524870,SUP00002,DPT011,PO0003564,2024-09-10,9378.55,DZD,30,2024-10-10,Validated,0,0,0,30,0
INV0001077,FCT-238365,SUP00302,DPT004,PO0002225,2024-07-01,8381.37,USD,30,2024-07-31,Validated,0,0,0,30,0
INV0001078,FCT-325510,SUP00098,DPT004,PO0004412,2024-03-13,32073.19,DZD,30,2024-04-12,Disputed,0,0,0,30,0
INV0001079,FCT-841192,SUP00023,DPT003,PO0001362,2024-06-04,1289.06,DZD,30,2024-07-04,Validated,0,0,0,30,0
INV0001080,FCT-198523,SUP00021,DPT005,,2024-02-18,25790.62,DZD,60,2024-04-18,Validated,1,0,0,60,0
INV0001081,FCT-606841,SUP00027,DPT012,PO0001475,2024-09-15,6974.2,DZD,30,2024-10-15,Validated,0,0,0,30,0
INV0001082,FCT-808351,SUP00102,DPT002,,2024-12-12,2077.46,EUR,45,2025-01-26,Pending Review,1,0,0,45,0
INV0001083,FCT-511789,SUP00009,DPT011,,2024-10-31,1541.79,DZD,30,2024-11-30,Validated,1,0,0,30,1
INV0001084,FCT-644046,SUP00005,DPT011,,2024-08-22,844.33,DZD,30,2024-09-21,Validated,1,0,0,30,0
INV0001085,FCT-263910,SUP00010,DPT003,PO0004041,2024-12-22,11489.22,DZD,60,2025-02-20,Validated,0,0,0,60,0
INV0001086,FCT-839319,SUP00055,DPT009,PO0004049,2024-12-11,54765.95,DZD,60,2025-02-09,Validated,0,0,0,60,0
INV0001087,FCT-585748,SUP00009,DPT003,PO0001725,2024-12-28,3381.03,USD,45,2025-02-11,Validated,0,0,0,45,0
INV0001088,FCT-326958,SUP00005,DPT007,PO0002476,2024-01-24,2248.3,DZD,15,2024-02-08,Validated,0,0,0,15,0
INV0001089,FCT-764896,SUP00008,DPT009,,2024-12-21,24094.44,DZD,30,2025-01-20,Validated,1,0,0,30,0
INV0001090,FCT-834569,SUP00038,DPT002,PO0005159,2024-01-13,100000.0,DZD,45,2024-02-27,Validated,0,1,1,45,0
INV0001091,FCT-440392,SUP00023,DPT002,PO0002473,2024-05-23,25400.36,DZD,30,2024-06-22,Validated,0,0,0,30,0
INV0001092,FCT-743834,SUP00021,DPT010,PO0003592,2024-04-11,1954.28,DZD,60,2024-06-10,Validated,0,0,0,60,0
INV0001093,FCT-957674,SUP00214,DPT009,PO0003864,2024-11-06,12714.14,DZD,60,2025-01-05,Validated,0,0,0,60,0
INV0001094,FCT-821295,SUP00015,DPT008,PO0005100,2024-01-15,48409.71,DZD,30,2024-02-14,Pending Review,0,0,0,30,0
INV0001095,FCT-252546,SUP00265,DPT010,PO0004233,2024-12-15,1794.69,DZD,45,2025-01-29,Validated,0,0,0,45,0
INV0001096,FCT-431525,SUP00008,DPT006,PO0004279,2024-06-09,4151.08,DZD,45,2024-07-24,Validated,0,0,0,45,0
INV0001097,FCT-119430,SUP00309,DPT007,PO0001396,2024-01-30,3960.68,DZD,45,2024-03-15,Pending Review,0,0,0,45,0
INV0001098,FCT-840160,SUP00001,DPT006,PO0003607,2024-12-16,14213.66,DZD,30,2025-01-15,Disputed,0,0,0,30,0
INV0001099,FCT-556451,SUP00073,DPT009,PO0003586,2024-01-19,25584.6,DZD,45,2024-03-04,Validated,0,0,0,45,0
INV0001100,FCT-261084,SUP00009,DPT003,PO0004436,2024-05-10,2740.7,DZD,15,2024-05-25,Pending Review,0,0,0,15,0
INV0001101,FCT-253802,SUP00018,DPT004,PO0001042,2024-04-05,106166.26,EUR,30,2024-05-05,Pending Review,0,0,1,30,0
INV0001102,FCT-113501,SUP00170,DPT006,PO0002869,2024-09-24,6405.75,DZD,45,2024-11-08,Validated,0,0,0,45,0
INV0001103,FCT-677814,SUP00141,DPT007,PO0001091,2024-03-28,3125.05,DZD,45,2024-05-12,Validated,0,0,0,45,0
INV0001104,FCT-380339,SUP00116,DPT006,PO0001481,2024-08-23,25000.0,DZD,30,2024-09-22,Validated,0,1,0,30,0
INV0001105,FCT-490084,SUP00003,DPT002,,2024-02-02,7052.06,DZD,45,2024-03-18,Validated,1,0,0,45,0
INV0001106,FCT-306966,SUP00265,DPT009,PO0000379,2024-01-12,20000.0,DZD,90,2024-04-11,Validated,0,1,0,90,0
INV0001107,FCT-469948,SUP00184,DPT011,,2024-01-27,3217.28,EUR,30,2024-02-26,Validated,1,0,0,30,0
INV0001108,FCT-460517,SUP00030,DPT004,PO0003266,2024-03-25,67341.94,DZD,30,2024-04-24,Validated,0,0,0,30,0
INV0001109,FCT-509355,SUP00005,DPT008,PO0001916,2024-06-27,1914.15,DZD,30,2024-07-27,Validated,0,0,0,30,0
INV0001110,FCT-457926,SUP00004,DPT003,PO0000651,2024-08-17,21910.1,DZD,30,2024-09-16,Validated,0,0,0,30,0
INV0001111,FCT-208993,SUP00108,DPT003,PO0000369,2024-08-11,2360.49,EUR,90,2024-11-09,Pending Review,0,0,0,90,0
INV0001112,FCT-873796,SUP00010,DPT001,PO0001919,2024-02-03,2933.22,DZD,45,2024-03-19,Validated,0,0,0,45,0
INV0001113,FCT-347234,SUP00163,DPT006,PO0003029,2024-05-13,5463.07,DZD,15,2024-05-28,Validated,0,0,0,15,0
INV0001114,FCT-100750,SUP00002,DPT002,,2024-06-15,10252.11,EUR,90,2024-09-13,Validated,1,0,0,90,0
INV0001115,FCT-502929,SUP00169,DPT005,PO0004523,2024-05-23,905.56,DZD,45,2024-07-07,Validated,0,0,0,45,0
INV0001116,FCT-374727,SUP00008,DPT004,,2024-09-04,50000.0,USD,30,2024-10-04,Pending Review,1,1,0,30,0
INV0001117,FCT-787807,SUP00246,DPT009,PO0004845,2024-06-29,19603.31,DZD,15,2024-07-14,Validated,0,0,0,15,0
INV0001118,FCT-424907,SUP00248,DPT008,PO0003076,2024-05-04,19501.37,DZD,90,2024-08-02,Validated,0,0,0,90,0
INV0001119,FCT-896185,SUP00013,DPT003,PO0000351,2024-03-20,4298.93,DZD,30,2024-04-19,Validated,0,0,0,30,0
INV0001120,FCT-368282,SUP00009,DPT009,PO0004332,2024-04-23,1553.72,DZD,30,2024-05-23,Validated,0,0,0,30,0
INV0001121,FCT-344192,SUP00225,DPT002,,2024-10-28,7691.42,DZD,60,2024-12-27,Disputed,1,0,0,60,0
INV0001122,FCT-181049,SUP00007,DPT004,PO0001474,2024-09-20,15655.28,DZD,30,2024-10-20,Validated,0,0,0,30,0
INV0001123,FCT-241495,SUP00015,DPT005,PO0004739,2024-06-06,7396.68,DZD,45,2024-07-21,Validated,0,0,0,45,0
INV0001124,FCT-374173,SUP00156,DPT011,PO0000204,2024-06-01,30217.88,USD,30,2024-07-01,Validated,0,0,0,30,0
INV0001125,FCT-428952,SUP00002,DPT007,PO0001759,2024-04-18,4401.83,DZD,45,2024-06-02,Validated,0,0,0,45,0
INV0001126,FCT-332790,SUP00002,DPT001,PO0002390,2024-07-13,1318.61,EUR,30,2024-08-12,Pending Review,0,0,0,30,0
INV0001127,FCT-431601,SUP00010,DPT002,PO0002105,2024-11-16,3029.0,DZD,45,2024-12-31,Validated,0,0,0,45,0
INV0001128,FCT-157642,SUP00005,DPT006,PO0002788,2024-03-13,6013.52,DZD,30,2024-04-12,Validated,0,0,0,30,0
INV0001129,FCT-508043,SUP00224,DPT006,,2024-08-01,2673.22,DZD,45,2024-09-15,Validated,1,0,0,45,0
INV0001130,FCT-177437,SUP00003,DPT003,PO0001690,2024-10-15,3302.59,DZD,45,2024-11-29,Validated,0,0,0,45,0
INV0001131,FCT-650891,SUP00002,DPT002,PO0000444,2024-01-25,25000.0,USD,30,2024-02-24,Validated,0,1,0,30,0
INV0001132,FCT-312358,SUP00008,DPT001,PO0003551,2024-08-06,2358.57,DZD,30,2024-09-05,Validated,0,0,0,30,0
INV0001133,FCT-480629,SUP00246,DPT004,PO0000965,2024-08-01,1295.85,DZD,30,2024-08-31,Validated,0,0,0,30,0
INV0001134,FCT-535956,SUP00064,DPT006,PO0001763,2024-12-21,15236.68,DZD,45,2025-02-04,Validated,0,0,0,45,0
INV0001135,FCT-328592,SUP00005,DPT002,PO0004168,2024-05-21,12609.44,DZD,60,2024-07-20,Validated,0,0,0,60,0
INV0001136,FCT-249375,SUP00011,DPT002,PO0002946,2024-10-02,1821.18,DZD,30,2024-11-01,Validated,0,0,0,30,0
INV0001137,FCT-172979,SUP00014,DPT002,PO0001132,2024-01-30,13541.96,DZD,30,2024-02-29,Validated,0,0,0,30,0
INV0001138,FCT-935919,SUP00216,DPT002,PO0004205,2024-08-06,1635.67,DZD,45,2024-09-20,Validated,0,0,0,45,0
INV0001139,FCT-823220,SUP00015,DPT010,PO0001280,2024-04-01,2612.18,DZD,45,2024-05-16,Pending Review,0,0,0,45,0
INV0001140,FCT-137439,SUP00008,DPT011,PO0002933,2024-08-12,1685.67,DZD,60,2024-10-11,Validated,0,0,0,60,0
INV0001141,FCT-765029,SUP00023,DPT001,PO0002473,2024-08-07,3543.39,DZD,45,2024-09-21,Disputed,0,0,0,45,0
INV0001142,FCT-499780,SUP00008,DPT012,PO0002353,2024-05-01,11483.51,EUR,60,2024-06-30,Validated,0,0,0,60,0
INV0001143,FCT-869912,SUP00003,DPT009,PO0000071,2024-11-04,8187.3,DZD,30,2024-12-04,Pending Review,0,0,0,30,0
INV0001144,FCT-441767,SUP00006,DPT011,PO0000946,2024-06-11,2354.81,EUR,30,2024-07-11,Validated,0,0,0,30,0
INV0001145,FCT-270284,SUP00038,DPT004,PO0004807,2024-04-02,7464.16,DZD,30,2024-05-02,Validated,0,0,0,30,0
INV0001146,FCT-785460,SUP00154,DPT012,PO0003584,2024-09-02,9315.29,DZD,45,2024-10-17,Validated,0,0,0,45,0
INV0001147,FCT-865051,SUP00014,DPT010,PO0004488,2024-07-11,18011.55,DZD,45,2024-08-25,Validated,0,0,0,45,0
INV0001148,FCT-123723,SUP00002,DPT009,PO0001412,2024-07-06,9073.95,DZD,30,2024-08-05,Validated,0,0,0,30,0
INV0001149,FCT-913120,SUP00234,DPT006,PO0004512,2024-02-19,14021.59,DZD,45,2024-04-04,Validated,0,0,0,45,0
INV0001150,FCT-427577,SUP00021,DPT009,,2024-12-14,6467.37,EUR,60,2025-02-12,Validated,1,0,0,60,0
INV0001151,FCT-860837,SUP00003,DPT001,PO0003229,2024-05-12,2351.73,DZD,45,2024-06-26,Validated,0,0,0,45,0
INV0001152,FCT-641779,SUP00011,DPT005,PO0000877,2024-07-20,5000.0,DZD,30,2024-08-19,Pending Review,0,1,0,30,0
INV0001153,FCT-134491,SUP00024,DPT005,,2024-02-25,24293.16,DZD,60,2024-04-25,Validated,1,0,0,60,0
INV0001154,FCT-953917,SUP00008,DPT012,,2024-01-05,25796.71,DZD,30,2024-02-04,Validated,1,0,0,30,0
INV0001155,FCT-411613,SUP00007,DPT001,PO0002598,2024-09-19,308.38,EUR,15,2024-10-04,Validated,0,0,0,15,0
INV0001156,FCT-219659,SUP00133,DPT001,PO0002013,2024-02-16,12372.99,DZD,30,2024-03-17,Validated,0,0,0,30,0
INV0001157,FCT-970795,SUP00027,DPT003,PO0004952,2024-09-09,10000.0,DZD,30,2024-10-09,Validated,0,1,0,30,0
INV0001158,FCT-413284,SUP00028,DPT004,PO0000135,2024-01-17,9515.76,DZD,30,2024-02-16,Validated,0,0,0,30,0
INV0001159,FCT-584803,SUP00005,DPT001,PO0000512,2024-04-28,1247.89,USD,90,2024-07-27,Validated,0,0,0,90,0
INV0001160,FCT-543625,SUP00023,DPT009,PO0003899,2024-11-25,3660.39,DZD,30,2024-12-25,Validated,0,0,0,30,0
INV0001161,FCT-792588,SUP00220,DPT001,PO0001505,2024-07-19,948.83,DZD,90,2024-10-17,Validated,0,0,0,90,0
INV0001162,FCT-367555,SUP00257,DPT007,PO0001234,2024-04-25,3649.92,USD,90,2024-07-24,Validated,0,0,0,90,0
INV0001163,FCT-378090,SUP00010,DPT004,PO0001484,2024-02-11,12072.89,DZD,30,2024-03-12,Validated,0,0,0,30,0
INV0001164,FCT-947895,SUP00010,DPT002,PO0003120,2024-11-01,10014.64,EUR,30,2024-12-01,Validated,0,0,0,30,0
INV0001165,FCT-502471,SUP00029,DPT005,,2024-07-27,25000.0,DZD,30,2024-08-26,Validated,1,1,0,30,0
INV0001166,FCT-254390,SUP00225,DPT006,,2024-06-11,3319.96,DZD,60,2024-08-10,Validated,1,0,0,60,0
INV0001167,FCT-444973,SUP00027,DPT007,PO0002747,2024-10-12,2186.26,DZD,45,2024-11-26,Validated,0,0,0,45,0
INV0001168,FCT-467282,SUP00287,DPT001,PO0001805,2024-12-01,29549.14,DZD,60,2025-01-30,Validated,0,0,0,60,0
INV0001169,FCT-816711,SUP00020,DPT003,PO0000952,2024-09-02,834.0,DZD,45,2024-10-17,Validated,0,0,0,45,0
INV0001170,FCT-207656,SUP00021,DPT004,PO0003170,2024-06-25,20000.0,DZD,30,2024-07-25,Validated,0,1,0,30,0
INV0001171,FCT-234410,SUP00006,DPT006,PO0002264,2024-08-16,10703.27,DZD,30,2024-09-15,Validated,0,0,0,30,0
INV0001172,FCT-638779,SUP00186,DPT003,PO0000756,2024-11-09,421.27,DZD,60,2025-01-08,Validated,0,0,0,60,0
INV0001173,FCT-514041,SUP00205,DPT001,PO0004801,2024-04-13,1713.28,EUR,30,2024-05-13,Validated,0,0,0,30,0
INV0001174,FCT-151534,SUP00008,DPT005,,2024-09-02,25000.0,DZD,30,2024-10-02,Validated,1,1,0,30,0
INV0001175,FCT-898403,SUP00010,DPT002,PO0003178,2024-07-10,15648.76,DZD,30,2024-08-09,Disputed,0,0,0,30,0
INV0001176,FCT-109428,SUP00252,DPT002,,2024-04-07,2867.39,DZD,45,2024-05-22,Disputed,1,0,0,45,0
INV0001177,FCT-877851,SUP00194,DPT002,PO0004387,2024-03-24,4449.63,DZD,45,2024-05-08,Validated,0,0,0,45,0
INV0001178,FCT-659753,SUP00006,DPT006,PO0002264,2024-07-29,938.62,DZD,60,2024-09-27,Validated,0,0,0,60,0
INV0001179,FCT-833175,SUP00019,DPT001,PO0001070,2024-03-05,2365.25,EUR,45,2024-04-19,Validated,0,0,0,45,0
INV0001180,FCT-886501,SUP00320,DPT003,PO0001425,2024-04-07,2419.64,USD,60,2024-06-06,Validated,0,0,0,60,0
INV0001181,FCT-195176,SUP00010,DPT006,,2024-05-17,4671.05,DZD,15,2024-06-01,Validated,1,0,0,15,0
INV0001182,FCT-640863,SUP00078,DPT007,PO0001432,2024-03-13,4222.54,DZD,30,2024-04-12,Validated,0,0,0,30,0
INV0001183,FCT-622280,SUP00005,DPT003,PO0000178,2024-04-26,32556.37,DZD,60,2024-06-25,Validated,0,0,0,60,0
INV0001184,FCT-486032,SUP00093,DPT002,PO0000464,2024-04-26,13298.9,DZD,30,2024-05-26,Validated,0,0,0,30,0
INV0001185,FCT-390205,SUP00214,DPT004,PO0002229,2024-01-18,778.31,DZD,45,2024-03-03,Validated,0,0,0,45,0
INV0001186,FCT-675311,SUP00024,DPT006,PO0000411,2024-04-18,19344.5,DZD,60,2024-06-17,Validated,0,0,0,60,0
INV0001187,FCT-974095,SUP00148,DPT001,PO0002676,2024-08-29,16516.0,DZD,45,2024-10-13,Validated,0,0,0,45,0
INV0001188,FCT-990038,SUP00003,DPT001,PO0001258,2024-06-30,6492.15,DZD,30,2024-07-30,Validated,0,0,0,30,0
INV0001189,FCT-619849,SUP00100,DPT002,PO0004581,2024-05-15,18649.99,USD,15,2024-05-30,Validated,0,0,0,15,0
INV0001190,FCT-531834,SUP00177,DPT003,PO0000944,2024-08-20,23931.27,DZD,60,2024-10-19,Validated,0,0,0,60,0
INV0001191,FCT-911062,SUP00011,DPT010,PO0001762,2024-03-12,3433.48,DZD,30,2024-04-11,Validated,0,0,0,30,0
INV0001192,FCT-256970,SUP00309,DPT011,,2024-12-19,1476.27,DZD,30,2025-01-18,Validated,1,0,0,30,0
INV0001193,FCT-262070,SUP00008,DPT002,PO0003883,2024-01-25,11493.89,USD,60,2024-03-25,Validated,0,0,0,60,0
INV0001194,FCT-323387,SUP00017,DPT001,,2024-06-20,2350.01,DZD,90,2024-09-18,Validated,1,0,0,90,0
INV0001195,FCT-844224,SUP00023,DPT008,PO0001356,2024-10-14,8135.24,DZD,45,2024-11-28,Validated,0,0,0,45,0
INV0001196,FCT-284320,SUP00189,DPT003,PO0004422,2024-10-04,1819.44,DZD,45,2024-11-18,Pending Review,0,0,0,45,0
INV0001197,FCT-473214,SUP00277,DPT010,,2024-06-17,18400.64,DZD,60,2024-08-16,Validated,1,0,0,60,0
INV0001198,FCT-247214,SUP00124,DPT009,PO0001106,2024-06-28,2506.54,DZD,45,2024-08-12,Pending Review,0,0,0,45,0
INV0001199,FCT-536877,SUP00095,DPT002,,2024-11-17,4709.82,DZD,15,2024-12-02,Pending Review,1,0,0,15,0
INV0001200,FCT-485982,SUP00075,DPT010,PO0002124,2024-06-07,4374.46,DZD,60,2024-08-06,Pending Review,0,0,0,60,0
INV0001201,FCT-840385,SUP00147,DPT004,PO0002352,2024-01-16,1177.67,USD,45,2024-03-01,Validated,0,0,0,45,0
INV0001202,FCT-165495,SUP00001,DPT010,PO0002305,2024-05-30,20773.75,EUR,30,2024-06-29,Validated,0,0,0,30,0
INV0001203,FCT-279267,SUP00099,DPT001,PO0002334,2024-01-16,26314.67,DZD,45,2024-03-01,Validated,0,0,0,45,0
INV0001204,FCT-760137,SUP00115,DPT008,PO0003108,2024-11-15,5090.05,DZD,30,2024-12-15,Validated,0,0,0,30,0
INV0001205,FCT-246640,SUP00008,DPT011,PO0002295,2024-03-21,2506.19,DZD,90,2024-06-19,Validated,0,0,0,90,0
INV0001206,FCT-456283,SUP00234,DPT011,PO0005061,2024-02-23,4586.61,DZD,45,2024-04-08,Validated,0,0,0,45,0
INV0001207,FCT-146539,SUP00209,DPT006,PO0000258,2024-08-16,3354.56,USD,60,2024-10-15,Validated,0,0,0,60,0
INV0001208,FCT-662481,SUP00010,DPT001,,2024-04-15,5848.0,DZD,15,2024-04-30,Validated,1,0,0,15,0
INV0001209,FCT-585853,SUP00005,DPT012,PO0002292,2024-09-26,4194.5,DZD,15,2024-10-11,Validated,0,0,0,15,0
INV0001210,FCT-569284,SUP00015,DPT010,PO0003214,2024-09-20,2114.81,DZD,45,2024-11-04,Validated,0,0,0,45,0
INV0001211,FCT-728632,SUP00128,DPT001,PO0001263,2024-07-08,22051.05,DZD,60,2024-09-06,Validated,0,0,0,60,0
INV0001212,FCT-394159,SUP00171,DPT004,,2024-04-17,4692.84,DZD,45,2024-06-01,Validated,1,0,0,45,0
INV0001213,FCT-935544,SUP00308,DPT006,,2024-04-12,55348.1,DZD,30,2024-05-12,Validated,1,0,0,30,0
INV0001214,FCT-960615,SUP00030,DPT012,,2024-01-01,5000.0,DZD,30,2024-01-31,Validated,1,1,0,30,0
INV0001215,FCT-791604,SUP00029,DPT001,PO0002439,2024-11-18,3768.67,DZD,90,2025-02-16,Validated,0,0,0,90,0
INV0001216,FCT-916958,SUP00021,DPT002,PO0000140,2024-03-20,4339.64,USD,30,2024-04-19,Validated,0,0,0,30,0
INV0001217,FCT-656634,SUP00027,DPT007,PO0003502,2024-06-19,3934.97,USD,30,2024-07-19,Validated,0,0,0,30,0
INV0001218,FCT-930485,SUP00001,DPT004,PO0001898,2024-01-11,5313.14,DZD,30,2024-02-10,Validated,0,0,0,30,0
INV0001219,FCT-557536,SUP00022,DPT003,,2024-07-04,7766.6,DZD,30,2024-08-03,Validated,1,0,0,30,0
INV0001220,FCT-812150,SUP00004,DPT003,PO0004596,2024-04-16,1652.0,DZD,30,2024-05-16,Validated,0,0,0,30,0
INV0001221,FCT-511016,SUP00053,DPT001,PO0000383,2024-07-03,1854.63,DZD,30,2024-08-02,Validated,0,0,0,30,0
INV0001222,FCT-759086,SUP00001,DPT012,PO0003277,2024-04-29,14723.5,DZD,30,2024-05-29,Validated,0,0,0,30,0
INV0001223,FCT-493447,SUP00012,DPT005,PO0001441,2024-10-07,10824.51,DZD,45,2024-11-21,Validated,0,0,0,45,0
INV0001224,FCT-403710,SUP00025,DPT003,PO0001965,2024-12-13,981.1,EUR,45,2025-01-27,Validated,0,0,0,45,0
INV0001225,FCT-825248,SUP00002,DPT012,PO0004876,2024-08-24,10948.59,DZD,45,2024-10-08,Pending Review,0,0,0,45,0
INV0001226,FCT-233667,SUP00003,DPT001,PO0000294,2024-10-21,15779.12,DZD,30,2024-11-20,Validated,0,0,0,30,0
INV0001227,FCT-420811,SUP00005,DPT002,PO0003667,2024-06-17,8024.88,EUR,60,2024-08-16,Validated,0,0,0,60,0
INV0001228,FCT-939775,SUP00297,DPT011,PO0005084,2024-02-14,895.88,DZD,15,2024-02-29,Validated,0,0,0,15,0
INV0001229,FCT-382929,SUP00267,DPT007,PO0001982,2024-05-11,1289.92,EUR,60,2024-07-10,Validated,0,0,0,60,0
INV0001230,FCT-606605,SUP00016,DPT006,,2024-02-14,5687.04,EUR,30,2024-03-15,Validated,1,0,0,30,0
INV0001231,FCT-903411,SUP00028,DPT011,PO0002688,2024-01-17,52297.46,DZD,30,2024-02-16,Validated,0,0,0,30,0
INV0001232,FCT-925694,SUP00005,DPT002,PO0000981,2024-12-29,3232.0,DZD,30,2025-01-28,Validated,0,0,0,30,0
INV0001233,FCT-884374,SUP00009,DPT001,,2024-06-24,12043.68,DZD,30,2024-07-24,Validated,1,0,0,30,0
INV0001234,FCT-276697,SUP00021,DPT005,PO0003520,2024-09-02,2862.43,DZD,60,2024-11-01,Validated,0,0,0,60,0
INV0001235,FCT-762925,SUP00288,DPT004,PO0001892,2024-06-06,42401.24,DZD,30,2024-07-06,Validated,0,0,0,30,0
INV0001236,FCT-785560,SUP00274,DPT002,,2024-08-16,6296.2,DZD,30,2024-09-15,Validated,1,0,0,30,0
INV0001237,FCT-689156,SUP00022,DPT010,PO0000668,2024-04-17,1488.4,EUR,60,2024-06-16,Pending Review,0,0,0,60,0
INV0001238,FCT-821245,SUP00009,DPT004,PO0005116,2024-08-02,2349.88,DZD,15,2024-08-17,Validated,0,0,0,15,0
INV0001239,FCT-427488,SUP00074,DPT006,PO0000193,2024-07-12,5000.0,DZD,30,2024-08-11,Validated,0,1,0,30,0
INV0001240,FCT-794831,SUP00226,DPT006,PO0005057,2024-02-24,6862.25,EUR,90,2024-05-24,Validated,0,0,0,90,0
INV0001241,FCT-789671,SUP00215,DPT001,PO0003081,2024-07-17,2695.21,DZD,45,2024-08-31,Pending Review,0,0,0,45,0
INV0001242,FCT-862723,SUP00176,DPT004,PO0002218,2024-04-06,3396.58,DZD,90,2024-07-05,Validated,0,0,0,90,0
INV0001243,FCT-806930,SUP00030,DPT010,PO0001221,2024-07-23,56288.49,DZD,30,2024-08-22,Validated,0,0,0,30,0
INV0001244,FCT-618375,SUP00126,DPT004,PO0004053,2024-06-06,3058.43,DZD,45,2024-07-21,Validated,0,0,0,45,0
INV0001245,FCT-554649,SUP00003,DPT001,PO0001258,2024-04-28,7353.43,DZD,30,2024-05-28,Validated,0,0,0,30,0
INV0001246,FCT-630290,SUP00290,DPT004,PO0000723,2024-06-11,4385.62,DZD,45,2024-07-26,Validated,0,0,0,45,0
INV0001247,FCT-449128,SUP00003,DPT008,PO0003810,2024-01-27,100000.0,DZD,45,2024-03-12,Validated,0,1,1,45,0
INV0001248,FCT-980237,SUP00010,DPT001,PO0002993,2024-12-20,12924.42,DZD,60,2025-02-18,Validated,0,0,0,60,0
INV0001249,FCT-206658,SUP00283,DPT006,PO0002235,2024-07-31,479.17,DZD,30,2024-08-30,Validated,0,0,0,30,0
INV0001250,FCT-941102,SUP00014,DPT002,PO0001132,2024-01-16,7135.64,EUR,30,2024-02-15,Validated,0,0,0,30,0
INV0001251,FCT-621014,SUP00164,DPT012,PO0004988,2024-02-21,3894.85,DZD,60,2024-04-21,Validated,0,0,0,60,0
INV0001252,FCT-350772,SUP00021,DPT009,PO0002893,2024-01-06,7345.57,EUR,30,2024-02-05,Validated,0,0,0,30,0
INV0001253,FCT-568765,SUP00247,DPT010,PO0004276,2024-04-01,4750.97,USD,30,2024-05-01,Validated,0,0,0,30,0
INV0001254,FCT-206153,SUP00079,DPT004,PO0003222,2024-11-29,4800.33,DZD,15,2024-12-14,Pending Review,0,0,0,15,0
INV0001255,FCT-673482,SUP00223,DPT006,PO0000099,2024-09-22,8432.82,EUR,15,2024-10-07,Validated,0,0,0,15,0
INV0001256,FCT-981345,SUP00006,DPT010,PO0002161,2024-11-16,3188.41,DZD,60,2025-01-15,Validated,0,0,0,60,0
INV0001257,FCT-112091,SUP00010,DPT004,,2024-06-23,57650.58,DZD,15,2024-07-08,Validated,1,0,0,15,0
INV0001258,FCT-547287,SUP00091,DPT010,PO0002176,2024-04-15,1985.47,DZD,15,2024-04-30,Validated,0,0,0,15,0
INV0001259,FCT-662094,SUP00008,DPT011,PO0004150,2024-05-18,31414.33,USD,60,2024-07-17,Validated,0,0,0,60,0
INV0001260,FCT-640255,SUP00006,DPT002,PO0004998,2024-04-27,1440.24,DZD,45,2024-06-11,Validated,0,0,0,45,0
INV0001261,FCT-840191,SUP00012,DPT005,PO0002159,2024-11-13,4433.22,USD,45,2024-12-28,Disputed,0,0,0,45,0
INV0001262,FCT-739280,SUP00120,DPT006,PO0002423,2024-08-04,8581.63,DZD,45,2024-09-18,Validated,0,0,0,45,0
INV0001263,FCT-630014,SUP00026,DPT005,PO0000012,2024-10-30,2053.48,DZD,60,2024-12-29,Validated,0,0,0,60,0
INV0001264,FCT-948527,SUP00125,DPT009,PO0003200,2024-03-14,1896.87,DZD,90,2024-06-12,Validated,0,0,0,90,0
INV0001265,FCT-506719,SUP00243,DPT002,PO0001579,2024-11-24,4345.94,EUR,90,2025-02-22,Pending Review,0,0,0,90,0
INV0001266,FCT-308952,SUP00003,DPT011,PO0000462,2024-11-15,16816.95,DZD,30,2024-12-15,Validated,0,0,0,30,0
INV0001267,FCT-996150,SUP00055,DPT010,PO0004339,2024-08-04,6596.26,DZD,30,2024-09-03,Validated,0,0,0,30,0
INV0001268,FCT-770694,SUP00161,DPT001,PO0003097,2024-04-08,53048.31,EUR,45,2024-05-23,Validated,0,0,0,45,0
INV0001269,FCT-652522,SUP00026,DPT002,,2024-08-05,11491.62,DZD,45,2024-09-19,Validated,1,0,0,45,0
INV0001270,FCT-409962,SUP00005,DPT010,PO0003182,2024-01-22,25000.0,DZD,45,2024-03-07,Disputed,0,1,0,45,0
INV0001271,FCT-818180,SUP00010,DPT009,,2024-03-11,5000.0,DZD,15,2024-03-26,Validated,1,1,0,15,0
INV0001272,FCT-178785,SUP00234,DPT007,PO0000856,2024-07-13,1008.81,DZD,30,2024-08-12,Validated,0,0,0,30,0
INV0001273,FCT-299871,SUP00003,DPT005,PO0001811,2024-12-19,4424.15,DZD,30,2025-01-18,Pending Review,0,0,0,30,0
INV0001274,FCT-910632,SUP00006,DPT001,PO0002725,2024-09-24,25000.0,DZD,30,2024-10-24,Validated,0,1,0,30,0
INV0001275,FCT-274587,SUP00004,DPT012,PO0001163,2024-03-27,4810.19,DZD,90,2024-06-25,Validated,0,0,0,90,0
INV0001276,FCT-124900,SUP00027,DPT003,,2024-12-15,7760.6,DZD,45,2025-01-29,Validated,1,0,0,45,0
INV0001277,FCT-931211,SUP00063,DPT002,PO0003605,2024-06-25,4287.53,DZD,30,2024-07-25,Validated,0,0,0,30,0
INV0001278,FCT-411510,SUP00201,DPT004,,2024-08-16,4394.01,DZD,15,2024-08-31,Validated,1,0,0,15,0
INV0001279,FCT-934623,SUP00005,DPT003,PO0003293,2024-10-21,57027.09,EUR,30,2024-11-20,Validated,0,0,0,30,0
INV0001280,FCT-102065,SUP00097,DPT004,PO0001375,2024-02-07,6474.41,DZD,30,2024-03-08,Disputed,0,0,0,30,0
INV0001281,FCT-215469,SUP00290,DPT005,PO0001195,2024-03-12,5123.41,USD,30,2024-04-11,Validated,0,0,0,30,0
INV0001282,FCT-585131,SUP00002,DPT009,,2024-08-29,1913.25,DZD,90,2024-11-27,Validated,1,0,0,90,0
INV0001283,FCT-967254,SUP00029,DPT002,PO0002061,2024-06-07,5980.52,DZD,45,2024-07-22,Validated,0,0,0,45,0
INV0001284,FCT-507185,SUP00009,DPT009,PO0001742,2024-02-03,3462.35,DZD,90,2024-05-03,Validated,0,0,0,90,0
INV0001285,FCT-756177,SUP00014,DPT010,PO0004488,2024-02-20,47666.03,DZD,15,2024-03-06,Pending Review,0,0,0,15,0
INV0001286,FCT-107238,SUP00005,DPT007,,2024-03-11,11553.82,DZD,30,2024-04-10,Validated,1,0,0,30,0
INV0001287,FCT-369171,SUP00003,DPT012,,2024-06-30,30744.14,DZD,45,2024-08-14,Validated,1,0,0,45,0
INV0001288,FCT-561501,SUP00074,DPT006,PO0000193,2024-04-18,7629.25,DZD,30,2024-05-18,Validated,0,0,0,30,0
INV0001289,FCT-296140,SUP00027,DPT001,PO0001178,2024-11-28,25153.32,DZD,90,2025-02-26,Validated,0,0,0,90,0
INV0001290,FCT-272900,SUP00014,DPT006,,2024-01-21,1899.2,DZD,45,2024-03-06,Validated,1,0,0,45,0
INV0001291,FCT-686318,SUP00023,DPT003,PO0004684,2024-06-06,7998.82,DZD,30,2024-07-06,Validated,0,0,0,30,0
INV0001292,FCT-319516,SUP00075,DPT001,PO0002962,2024-05-13,2209.21,DZD,15,2024-05-28,Validated,0,0,0,15,0
INV0001293,FCT-187693,SUP00004,DPT008,PO0000021,2024-02-16,3620.72,DZD,45,2024-04-01,Disputed,0,0,0,45,0
INV0001294,FCT-286991,SUP00125,DPT001,PO0004140,2024-10-06,6297.29,DZD,90,2025-01-04,Validated,0,0,0,90,0
INV0001295,FCT-739555,SUP00002,DPT005,PO0002438,2024-10-05,1996.69,EUR,30,2024-11-04,Pending Review,0,0,0,30,0
INV0001296,FCT-639210,SUP00212,DPT004,PO0002000,2024-01-20,1117.14,USD,60,2024-03-20,Validated,0,0,0,60,0
INV0001297,FCT-839948,SUP00025,DPT012,PO0003720,2024-07-16,18605.92,DZD,90,2024-10-14,Validated,0,0,0,90,0
INV0001298,FCT-138027,SUP00005,DPT008,PO0001916,2024-06-29,25000.0,DZD,45,2024-08-13,Validated,0,1,0,45,0
INV0001299,FCT-558092,SUP00010,DPT001,PO0003326,2024-01-19,41923.3,EUR,30,2024-02-18,Validated,0,0,0,30,0
INV0001300,FCT-945595,SUP00224,DPT002,PO0003614,2024-03-23,2349.58,DZD,90,2024-06-21,Validated,0,0,0,90,0
INV0001301,FCT-843027,SUP00028,DPT009,,2024-05-14,11515.92,DZD,45,2024-06-28,Validated,1,0,0,45,0
INV0001302,FCT-647419,SUP00177,DPT002,PO0001801,2024-07-25,12318.21,DZD,45,2024-09-08,Validated,0,0,0,45,0
INV0001303,FCT-707124,SUP00015,DPT010,PO0003190,2024-06-16,1683.32,EUR,90,2024-09-14,Validated,0,0,0,90,0
INV0001304,FCT-174334,SUP00222,DPT002,PO0002854,2024-06-28,10189.63,EUR,30,2024-07-28,Validated,0,0,0,30,0
INV0001305,FCT-620713,SUP00010,DPT001,PO0002875,2024-09-22,7312.9,DZD,15,2024-10-07,Validated,0,0,0,15,0
INV0001306,FCT-188695,SUP00196,DPT007,PO0002570,2024-03-01,12406.25,DZD,45,2024-04-15,Validated,0,0,0,45,0
INV0001307,FCT-484030,SUP00007,DPT003,PO0000223,2024-01-26,24125.21,USD,30,2024-02-25,Validated,0,0,0,30,0
INV0001308,FCT-386850,SUP00050,DPT005,,2024-11-07,15301.98,DZD,30,2024-12-07,Validated,1,0,0,30,0
INV0001309,FCT-687146,SUP00219,DPT006,PO0004487,2024-03-25,2211.38,DZD,45,2024-05-09,Validated,0,0,0,45,0
INV0001310,FCT-802030,SUP00302,DPT002,PO0001411,2024-07-01,5133.67,DZD,30,2024-07-31,Validated,0,0,0,30,0
INV0001311,FCT-976903,SUP00008,DPT009,PO0000226,2024-01-24,2327.08,DZD,60,2024-03-24,Pending Review,0,0,0,60,0
INV0001312,FCT-971910,SUP00065,DPT001,PO0000843,2024-12-25,3095.79,DZD,15,2025-01-09,Validated,0,0,0,15,0
INV0001313,FCT-206037,SUP00297,DPT006,PO0003949,2024-09-17,10521.2,DZD,30,2024-10-17,Validated,0,0,0,30,0
INV0001314,FCT-134117,SUP00319,DPT001,PO0001305,2024-12-25,12038.33,DZD,45,2025-02-08,Pending Review,0,0,0,45,0
INV0001315,FCT-251848,SUP00002,DPT002,,2024-12-13,11723.37,EUR,90,2025-03-13,Validated,1,0,0,90,0
INV0001316,FCT-825046,SUP00019,DPT001,,2024-04-01,8358.0,DZD,30,2024-05-01,Validated,1,0,0,30,0
INV0001317,FCT-696714,SUP00081,DPT006,,2024-05-29,9963.9,DZD,30,2024-06-28,Validated,1,0,0,30,0
INV0001318,FCT-646550,SUP00143,DPT002,PO0001989,2024-11-18,3558.4,DZD,60,2025-01-17,Validated,0,0,0,60,0
INV0001319,FCT-986110,SUP00015,DPT010,PO0003214,2024-07-10,28390.51,DZD,45,2024-08-24,Validated,0,0,0,45,0
INV0001320,FCT-525707,SUP00006,DPT004,PO0003611,2024-09-19,12942.23,EUR,90,2024-12-18,Validated,0,0,0,90,0
INV0001321,FCT-549628,SUP00001,DPT007,PO0005032,2024-06-17,5859.51,DZD,60,2024-08-16,Validated,0,0,0,60,0
INV0001322,FCT-732934,SUP00013,DPT001,PO0001166,2024-06-06,20000.0,DZD,45,2024-07-21,Validated,0,1,0,45,0
INV0001323,FCT-456426,SUP00207,DPT004,PO0001226,2024-05-29,3319.43,DZD,30,2024-06-28,Pending Review,0,0,0,30,0
INV0001324,FCT-258436,SUP00320,DPT001,PO0005030,2024-10-24,6887.82,EUR,30,2024-11-23,Validated,0,0,0,30,0
INV0001325,FCT-964345,SUP00158,DPT005,PO0004910,2024-06-30,16799.86,EUR,60,2024-08-29,Validated,0,0,0,60,0
INV0001326,FCT-974157,SUP00008,DPT006,PO0001335,2024-06-02,1479.13,DZD,30,2024-07-02,Validated,0,0,0,30,0
INV0001327,FCT-350953,SUP00063,DPT002,PO0003605,2024-07-03,77348.92,DZD,30,2024-08-02,Validated,0,0,0,30,0
INV0001328,FCT-217421,SUP00001,DPT004,,2024-06-28,3049.73,USD,45,2024-08-12,Validated,1,0,0,45,0
INV0001329,FCT-395969,SUP00001,DPT004,PO0000072,2024-03-18,3567.43,DZD,30,2024-04-17,Validated,0,0,0,30,0
INV0001330,FCT-449183,SUP00005,DPT004,PO0003673,2024-05-15,6143.35,EUR,30,2024-06-14,Pending Review,0,0,0,30,0
INV0001331,FCT-479762,SUP00021,DPT002,PO0000140,2024-08-16,14059.26,DZD,45,2024-09-30,Validated,0,0,0,45,0
INV0001332,FCT-978464,SUP00219,DPT003,PO0003873,2024-11-03,15692.6,DZD,60,2025-01-02,Validated,0,0,0,60,0
INV0001333,FCT-567393,SUP00003,DPT006,PO0003082,2024-05-27,33658.69,DZD,30,2024-06-26,Validated,0,0,0,30,0
INV0001334,FCT-818140,SUP00025,DPT003,PO0002257,2024-11-26,5577.89,DZD,30,2024-12-26,Validated,0,0,0,30,0
INV0001335,FCT-148631,SUP00015,DPT001,PO0000231,2024-12-26,8774.28,DZD,30,2025-01-25,Validated,0,0,0,30,0
INV0001336,FCT-247546,SUP00008,DPT004,PO0000059,2024-02-25,1023.61,DZD,45,2024-04-10,Validated,0,0,0,45,0
INV0001337,FCT-462324,SUP00249,DPT004,PO0004060,2024-03-16,1752.18,DZD,30,2024-04-15,Validated,0,0,0,30,0
INV0001338,FCT-176639,SUP00232,DPT008,PO0001924,2024-08-03,5404.48,USD,45,2024-09-17,Validated,0,0,0,45,0
INV0001339,FCT-624414,SUP00008,DPT005,,2024-04-09,9059.25,DZD,30,2024-05-09,Pending Review,1,0,0,30,0
INV0001340,FCT-312252,SUP00214,DPT001,PO0004504,2024-02-12,5692.58,DZD,30,2024-03-13,Validated,0,0,0,30,0
INV0001341,FCT-211304,SUP00007,DPT002,PO0004708,2024-10-15,10969.69,DZD,30,2024-11-14,Validated,0,0,0,30,0
INV0001342,FCT-205939,SUP00013,DPT003,PO0000913,2024-11-19,5623.54,DZD,30,2024-12-19,Validated,0,0,0,30,0
INV0001343,FCT-515015,SUP00001,DPT002,PO0004663,2024-03-27,4586.83,DZD,90,2024-06-25,Validated,0,0,0,90,0
INV0001344,FCT-393041,SUP00285,DPT002,,2024-03-21,94871.84,DZD,60,2024-05-20,Validated,1,0,0,60,0
INV0001345,FCT-376559,SUP00005,DPT001,PO0000512,2024-10-26,4435.18,DZD,30,2024-11-25,Pending Review,0,0,0,30,0
INV0001346,FCT-377545,SUP00006,DPT003,,2024-01-14,19231.6,DZD,60,2024-03-14,Validated,1,0,0,60,0
INV0001347,FCT-200369,SUP00020,DPT009,PO0001831,2024-01-07,1337.32,DZD,30,2024-02-06,Validated,0,0,0,30,0
INV0001348,FCT-206473,SUP00042,DPT003,PO0004167,2024-09-29,6917.19,DZD,60,2024-11-28,Validated,0,0,0,60,0
INV0001349,FCT-924412,SUP00030,DPT005,PO0002618,2024-03-09,2763.61,DZD,60,2024-05-08,Validated,0,0,0,60,0
INV0001350,FCT-194372,SUP00170,DPT012,PO0004267,2024-08-31,58513.56,DZD,45,2024-10-15,Validated,0,0,0,45,0
INV0001351,FCT-422172,SUP00013,DPT004,,2024-05-27,3161.38,DZD,30,2024-06-26,Validated,1,0,0,30,0
INV0001352,FCT-285459,SUP00107,DPT008,PO0002669,2024-05-30,5793.34,DZD,30,2024-06-29,Validated,0,0,0,30,0
INV0001353,FCT-543608,SUP00022,DPT003,,2024-12-12,2328.52,DZD,30,2025-01-11,Validated,1,0,0,30,0
INV0001354,FCT-769359,SUP00012,DPT003,PO0001783,2024-08-13,2172.87,DZD,30,2024-09-12,Validated,0,0,0,30,0
INV0001355,FCT-572277,SUP00072,DPT004,PO0005138,2024-04-02,5499.4,DZD,30,2024-05-02,Pending Review,0,0,0,30,0
INV0001356,FCT-793368,SUP00036,DPT005,,2024-10-08,9108.32,DZD,45,2024-11-22,Validated,1,0,0,45,0
INV0001357,FCT-249333,SUP00182,DPT005,PO0001248,2024-02-23,20257.18,DZD,45,2024-04-08,Validated,0,0,0,45,0
INV0001358,FCT-661273,SUP00082,DPT006,PO0000899,2024-03-03,3084.29,DZD,45,2024-04-17,Validated,0,0,0,45,0
INV0001359,FCT-609840,SUP00137,DPT007,,2024-05-25,3025.53,DZD,30,2024-06-24,Pending Review,1,0,0,30,0
INV0001360,FCT-115658,SUP00021,DPT008,PO0000134,2024-04-21,26314.71,DZD,45,2024-06-05,Validated,0,0,0,45,0
INV0001361,FCT-321262,SUP00011,DPT006,PO0003747,2024-12-23,37533.31,DZD,45,2025-02-06,Pending Review,0,0,0,45,0
INV0001362,FCT-567623,SUP00295,DPT005,PO0002763,2024-06-26,5449.19,DZD,30,2024-07-26,Pending Review,0,0,0,30,0
INV0001363,FCT-644555,SUP00028,DPT006,,2024-05-28,10255.34,USD,45,2024-07-12,Validated,1,0,0,45,0
INV0001364,FCT-284459,SUP00010,DPT005,,2024-08-19,40946.11,DZD,15,2024-09-03,Pending Review,1,0,0,15,0
INV0001365,FCT-205589,SUP00025,DPT003,,2024-06-11,126266.73,DZD,30,2024-07-11,Validated,1,0,1,30,0
INV0001366,FCT-228077,SUP00002,DPT001,PO0004560,2024-08-11,9717.55,DZD,90,2024-11-09,Validated,0,0,0,90,0
INV0001367,FCT-812801,SUP00117,DPT001,PO0000401,2024-05-31,14275.7,DZD,45,2024-07-15,Validated,0,0,0,45,0
INV0001368,FCT-185556,SUP00269,DPT004,PO0004541,2024-06-29,6994.04,DZD,30,2024-07-29,Pending Review,0,0,0,30,0
INV0001369,FCT-877115,SUP00197,DPT005,PO0003086,2024-11-29,1094.27,DZD,45,2025-01-13,Validated,0,0,0,45,0
INV0001370,FCT-238147,SUP00080,DPT003,PO0000895,2024-08-29,8941.82,DZD,30,2024-09-28,Validated,0,0,0,30,0
INV0001371,FCT-982369,SUP00296,DPT003,PO0002349,2024-02-01,29052.62,DZD,30,2024-03-02,Disputed,0,0,0,30,0
INV0001372,FCT-669142,SUP00023,DPT004,PO0004555,2024-01-08,25000.0,USD,45,2024-02-22,Pending Review,0,1,0,45,0
INV0001373,FCT-905944,SUP00018,DPT004,PO0000486,2024-06-12,711.48,DZD,45,2024-07-27,Validated,0,0,0,45,0
INV0001374,FCT-506489,SUP00017,DPT005,PO0002912,2024-04-28,11842.7,DZD,60,2024-06-27,Validated,0,0,0,60,0
INV0001375,FCT-697757,SUP00198,DPT005,PO0002773,2024-07-17,796.54,DZD,45,2024-08-31,Validated,0,0,0,45,0
INV0001376,FCT-411938,SUP00019,DPT011,PO0002563,2024-07-27,984.47,DZD,30,2024-08-26,Validated,0,0,0,30,0
INV0001377,FCT-230153,SUP00257,DPT006,,2024-11-11,916.22,DZD,60,2025-01-10,Disputed,1,0,0,60,0
INV0001378,FCT-762389,SUP00294,DPT002,PO0001884,2024-04-21,599.85,DZD,45,2024-06-05,Validated,0,0,0,45,0
INV0001379,FCT-178589,SUP00252,DPT003,,2024-09-03,20251.33,DZD,45,2024-10-18,Pending Review,1,0,0,45,0
INV0001380,FCT-479465,SUP00022,DPT002,PO0002771,2024-12-09,7037.78,DZD,30,2025-01-08,Validated,0,0,0,30,0
INV0001381,FCT-171158,SUP00001,DPT001,PO0003687,2024-03-16,63907.27,DZD,30,2024-04-15,Validated,0,0,0,30,0
INV0001382,FCT-564562,SUP00004,DPT002,PO0001245,2024-12-17,13973.01,DZD,60,2025-02-15,Pending Review,0,0,0,60,0
INV0001383,FCT-855962,SUP00001,DPT009,PO0005127,2024-12-11,64257.48,EUR,15,2024-12-26,Validated,0,0,0,15,0
INV0001384,FCT-261131,SUP00145,DPT006,PO0004874,2024-05-15,2862.4,EUR,45,2024-06-29,Validated,0,0,0,45,0
INV0001385,FCT-788373,SUP00013,DPT004,PO0003132,2024-10-14,9106.86,DZD,45,2024-11-28,Validated,0,0,0,45,0
INV0001386,FCT-378472,SUP00258,DPT006,PO0000019,2024-03-25,1386.76,EUR,30,2024-04-24,Validated,0,0,0,30,0
INV0001387,FCT-300286,SUP00030,DPT005,PO0002618,2024-01-13,4363.72,USD,30,2024-02-12,Validated,0,0,0,30,0
INV0001388,FCT-911219,SUP00019,DPT007,,2024-03-22,31249.98,DZD,30,2024-04-21,Validated,1,0,0,30,0
INV0001389,FCT-312852,SUP00011,DPT004,PO0001869,2024-02-13,5729.56,DZD,45,2024-03-29,Disputed,0,0,0,45,0
INV0001390,FCT-619618,SUP00008,DPT004,PO0001585,2024-06-11,4582.25,DZD,30,2024-07-11,Validated,0,0,0,30,0
INV0001391,FCT-186945,SUP00006,DPT007,,2024-04-04,5851.84,EUR,60,2024-06-03,Validated,1,0,0,60,0
INV0001392,FCT-234979,SUP00006,DPT004,PO0002732,2024-12-15,7080.43,DZD,30,2025-01-14,Pending Review,0,0,0,30,0
INV0001393,FCT-974667,SUP00002,DPT004,PO0000802,2024-07-01,7090.79,DZD,30,2024-07-31,Pending Review,0,0,0,30,0
INV0001394,FCT-486359,SUP00001,DPT001,PO0001804,2024-03-27,27806.39,DZD,30,2024-04-26,Validated,0,0,0,30,0
INV0001395,FCT-326035,SUP00280,DPT009,PO0000924,2024-04-16,2619.66,EUR,30,2024-05-16,Pending Review,0,0,0,30,0
INV0001396,FCT-887605,SUP00004,DPT010,PO0002949,2024-04-30,4732.84,EUR,60,2024-06-29,Validated,0,0,0,60,0
INV0001397,FCT-862940,SUP00003,DPT003,,2024-02-06,6718.54,DZD,45,2024-03-22,Validated,1,0,0,45,0
INV0001398,FCT-322209,SUP00187,DPT004,PO0000642,2024-07-23,2123.85,DZD,30,2024-08-22,Validated,0,0,0,30,0
INV0001399,FCT-788653,SUP00001,DPT005,PO0001426,2024-01-09,3591.33,DZD,30,2024-02-08,Validated,0,0,0,30,0
INV0001400,FCT-345871,SUP00020,DPT001,PO0003330,2024-07-27,14492.5,EUR,30,2024-08-26,Validated,0,0,0,30,0
INV0001401,FCT-821923,SUP00005,DPT004,PO0000158,2024-09-20,2326.88,EUR,45,2024-11-04,Validated,0,0,0,45,0
INV0001402,FCT-368856,SUP00009,DPT005,PO0004617,2024-08-29,145777.24,DZD,30,2024-09-28,Validated,0,0,1,30,0
INV0001403,FCT-665751,SUP00003,DPT003,PO0004810,2024-01-03,39423.06,DZD,30,2024-02-02,Validated,0,0,0,30,0
INV0001404,FCT-971959,SUP00116,DPT002,PO0001265,2024-09-22,7357.35,EUR,30,2024-10-22,Validated,0,0,0,30,0
INV0001405,FCT-291846,SUP00003,DPT003,PO0000633,2024-06-29,11637.28,DZD,60,2024-08-28,Validated,0,0,0,60,0
INV0001406,FCT-293702,SUP00108,DPT005,PO0001650,2024-10-15,14561.23,DZD,30,2024-11-14,Validated,0,0,0,30,0
INV0001407,FCT-298256,SUP00051,DPT005,PO0002023,2024-06-03,11430.4,DZD,30,2024-07-03,Validated,0,0,0,30,0
INV0001408,FCT-534850,SUP00024,DPT011,,2024-06-28,6699.23,EUR,60,2024-08-27,Validated,1,0,0,60,0
INV0001409,FCT-940243,SUP00184,DPT003,PO0004193,2024-06-09,142149.89,DZD,15,2024-06-24,Validated,0,0,1,15,0
INV0001410,FCT-858140,SUP00021,DPT001,PO0004619,2024-01-26,2627.8,DZD,60,2024-03-26,Validated,0,0,0,60,0
INV0001411,FCT-598097,SUP00025,DPT012,PO0001733,2024-06-13,3846.62,EUR,30,2024-07-13,Validated,0,0,0,30,0
INV0001412,FCT-526159,SUP00021,DPT003,,2024-09-03,6526.05,DZD,60,2024-11-02,Validated,1,0,0,60,0
INV0001413,FCT-703619,SUP00005,DPT006,PO0003043,2024-10-27,12604.17,DZD,45,2024-12-11,Validated,0,0,0,45,0
INV0001414,FCT-853876,SUP00143,DPT011,,2024-08-04,60691.48,DZD,45,2024-09-18,Validated,1,0,0,45,0
INV0001415,FCT-577395,SUP00020,DPT009,PO0002672,2024-05-16,5991.54,DZD,60,2024-07-15,Validated,0,0,0,60,0
INV0001416,FCT-570722,SUP00236,DPT002,PO0003003,2024-03-19,11676.29,DZD,30,2024-04-18,Validated,0,0,0,30,0
INV0001417,FCT-408223,SUP00016,DPT012,PO0002506,2024-10-19,9352.86,DZD,15,2024-11-03,Validated,0,0,0,15,0
INV0001418,FCT-930371,SUP00012,DPT005,PO0000938,2024-11-07,5458.49,EUR,30,2024-12-07,Validated,0,0,0,30,0
INV0001419,FCT-734060,SUP00021,DPT003,PO0000663,2024-04-12,25034.53,DZD,30,2024-05-12,Validated,0,0,0,30,0
INV0001420,FCT-664268,SUP00109,DPT005,PO0000957,2024-09-27,9824.94,DZD,15,2024-10-12,Validated,0,0,0,15,0
INV0001421,FCT-873549,SUP00003,DPT011,PO0004259,2024-11-01,18712.3,DZD,45,2024-12-16,Validated,0,0,0,45,0
INV0001422,FCT-669244,SUP00009,DPT007,PO0004859,2024-06-02,4285.2,DZD,45,2024-07-17,Validated,0,0,0,45,0
INV0001423,FCT-310394,SUP00004,DPT004,PO0002831,2024-07-27,3223.48,DZD,30,2024-08-26,Validated,0,0,0,30,0
INV0001424,FCT-724814,SUP00100,DPT001,PO0003676,2024-12-19,4045.44,DZD,15,2025-01-03,Validated,0,0,0,15,0
INV0001425,FCT-246299,SUP00002,DPT008,PO0002945,2024-08-14,8465.91,DZD,45,2024-09-28,Validated,0,0,0,45,0
INV0001426,FCT-252947,SUP00285,DPT006,PO0002836,2024-09-04,21706.02,USD,30,2024-10-04,Validated,0,0,0,30,0
INV0001427,FCT-159322,SUP00013,DPT004,PO0003902,2024-11-26,66916.87,EUR,15,2024-12-11,Validated,0,0,0,15,0
INV0001428,FCT-221210,SUP00005,DPT001,PO0000055,2024-12-05,7341.04,USD,30,2025-01-04,Validated,0,0,0,30,0
INV0001429,FCT-912847,SUP00224,DPT008,PO0004122,2024-10-12,51163.37,USD,60,2024-12-11,Validated,0,0,0,60,0
INV0001430,FCT-132385,SUP00094,DPT011,PO0004272,2024-09-22,12334.37,DZD,60,2024-11-21,Validated,0,0,0,60,0
INV0001431,FCT-718562,SUP00029,DPT006,PO0002511,2024-03-19,2783.15,DZD,90,2024-06-17,Disputed,0,0,0,90,0
INV0001432,FCT-902766,SUP00030,DPT004,PO0001913,2024-09-16,6882.51,DZD,30,2024-10-16,Validated,0,0,0,30,0
INV0001433,FCT-739578,SUP00214,DPT005,PO0001116,2024-05-11,14540.03,DZD,45,2024-06-25,Validated,0,0,0,45,0
INV0001434,FCT-324243,SUP00003,DPT002,PO0000403,2024-03-20,15892.74,DZD,60,2024-05-19,Pending Review,0,0,0,60,0
INV0001435,FCT-148912,SUP00003,DPT003,,2024-12-27,3457.98,DZD,45,2025-02-10,Validated,1,0,0,45,0
INV0001436,FCT-512305,SUP00007,DPT011,,2024-06-01,3985.88,USD,30,2024-07-01,Validated,1,0,0,30,0
INV0001437,FCT-458754,SUP00282,DPT007,PO0001293,2024-08-21,4082.88,EUR,60,2024-10-20,Validated,0,0,0,60,0
INV0001438,FCT-775127,SUP00202,DPT004,PO0002230,2024-08-20,4782.58,EUR,30,2024-09-19,Validated,0,0,0,30,0
INV0001439,FCT-151574,SUP00263,DPT002,PO0001032,2024-08-12,8528.59,DZD,30,2024-09-11,Validated,0,0,0,30,0
INV0001440,FCT-806003,SUP00207,DPT010,PO0000607,2024-10-29,52642.61,DZD,30,2024-11-28,Validated,0,0,0,30,0
INV0001441,FCT-720053,SUP00004,DPT010,PO0004472,2024-10-25,3698.44,DZD,30,2024-11-24,Validated,0,0,0,30,0
INV0001442,FCT-388190,SUP00006,DPT005,PO0002740,2024-11-28,910.95,EUR,15,2024-12-13,Validated,0,0,0,15,0
INV0001443,FCT-408168,SUP00006,DPT010,PO0002574,2024-11-19,845.96,DZD,30,2024-12-19,Validated,0,0,0,30,0
INV0001444,FCT-721234,SUP00213,DPT004,,2024-01-30,15357.19,DZD,30,2024-02-29,Validated,1,0,0,30,1
INV0001445,FCT-982635,SUP00096,DPT011,PO0002820,2024-05-26,3207.01,DZD,30,2024-06-25,Validated,0,0,0,30,0
INV0001446,FCT-416000,SUP00002,DPT006,,2024-09-17,8185.01,DZD,90,2024-12-16,Validated,1,0,0,90,0
INV0001447,FCT-748777,SUP00223,DPT003,,2024-11-03,2660.6,DZD,15,2024-11-18,Validated,1,0,0,15,0
INV0001448,FCT-637520,SUP00005,DPT001,PO0003972,2024-04-07,5062.09,USD,30,2024-05-07,Validated,0,0,0,30,0
INV0001449,FCT-228424,SUP00030,DPT009,PO0001994,2024-10-28,4130.66,DZD,90,2025-01-26,Validated,0,0,0,90,0
INV0001450,FCT-846838,SUP00175,DPT008,,2024-09-16,2724.82,DZD,60,2024-11-15,Validated,1,0,0,60,0
INV0001451,FCT-263916,SUP00284,DPT002,PO0001961,2024-07-07,50000.0,DZD,30,2024-08-06,Validated,0,1,0,30,0
INV0001452,FCT-180085,SUP00011,DPT002,PO0004437,2024-04-25,100000.0,DZD,15,2024-05-10,Validated,0,1,1,15,0
INV0001453,FCT-209698,SUP00248,DPT008,PO0003076,2024-08-02,12528.59,DZD,30,2024-09-01,Validated,0,0,0,30,0
INV0001454,FCT-451561,SUP00004,DPT002,PO0003494,2024-07-27,62971.44,DZD,30,2024-08-26,Validated,0,0,0,30,0
INV0001455,FCT-324550,SUP00079,DPT003,PO0002944,2024-04-14,1322.26,EUR,45,2024-05-29,Validated,0,0,0,45,0
INV0001456,FCT-505509,SUP00002,DPT003,PO0003242,2024-07-11,4709.75,DZD,30,2024-08-10,Validated,0,0,0,30,0
INV0001457,FCT-974058,SUP00004,DPT012,PO0002031,2024-07-23,4017.7,DZD,30,2024-08-22,Validated,0,0,0,30,0
INV0001458,FCT-166632,SUP00161,DPT002,PO0004594,2024-11-14,13572.4,DZD,30,2024-12-14,Validated,0,0,0,30,0
INV0001459,FCT-986829,SUP00137,DPT003,,2024-03-06,1408.53,USD,30,2024-04-05,Validated,1,0,0,30,0
INV0001460,FCT-385428,SUP00010,DPT001,PO0003022,2024-08-26,12933.13,DZD,45,2024-10-10,Validated,0,0,0,45,0
INV0001461,FCT-358213,SUP00259,DPT008,PO0002789,2024-01-30,1142.08,DZD,30,2024-02-29,Validated,0,0,0,30,0
INV0001462,FCT-172748,SUP00298,DPT001,,2024-03-29,14186.44,DZD,45,2024-05-13,Validated,1,0,0,45,0
INV0001463,FCT-319784,SUP00001,DPT009,PO0003732,2024-10-31,22654.96,DZD,30,2024-11-30,Validated,0,0,0,30,0
INV0001464,FCT-979562,SUP00025,DPT011,PO0001592,2024-08-17,1633.19,EUR,30,2024-09-16,Validated,0,0,0,30,0
INV0001465,FCT-330928,SUP00003,DPT009,PO0003778,2024-03-24,3935.39,USD,60,2024-05-23,Validated,0,0,0,60,0
INV0001466,FCT-825069,SUP00008,DPT004,PO0000246,2024-08-21,23594.5,DZD,60,2024-10-20,Validated,0,0,0,60,0
INV0001467,FCT-555267,SUP00177,DPT001,,2024-12-18,29752.31,DZD,45,2025-02-01,Validated,1,0,0,45,0
INV0001468,FCT-130754,SUP00190,DPT009,PO0003247,2024-05-12,1162.34,DZD,60,2024-07-11,Validated,0,0,0,60,0
INV0001469,FCT-533535,SUP00003,DPT012,,2024-09-28,9256.72,DZD,45,2024-11-12,Validated,1,0,0,45,0
INV0001470,FCT-178769,SUP00075,DPT001,PO0002962,2024-04-05,15000.0,DZD,30,2024-05-05,Validated,0,1,0,30,0
INV0001471,FCT-503593,SUP00301,DPT003,,2024-05-15,5939.39,DZD,15,2024-05-30,Validated,1,0,0,15,0
INV0001472,FCT-532667,SUP00002,DPT003,PO0004625,2024-11-28,31303.6,DZD,30,2024-12-28,Validated,0,0,0,30,0
INV0001473,FCT-171640,SUP00055,DPT006,PO0004216,2024-02-15,3200.38,USD,60,2024-04-15,Validated,0,0,0,60,0
INV0001474,FCT-642790,SUP00005,DPT002,,2024-02-26,3725.18,DZD,30,2024-03-27,Validated,1,0,0,30,0
INV0001475,FCT-332528,SUP00072,DPT004,PO0000260,2024-01-20,2812.85,DZD,15,2024-02-04,Validated,0,0,0,15,0
INV0001476,FCT-816972,SUP00008,DPT011,PO0002206,2024-02-21,7961.64,DZD,15,2024-03-07,Validated,0,0,0,15,0
INV0001477,FCT-508772,SUP00020,DPT006,PO0000087,2024-10-11,4407.64,DZD,45,2024-11-25,Validated,0,0,0,45,0
INV0001478,FCT-881619,SUP00098,DPT004,PO0003571,2024-08-03,16368.88,DZD,45,2024-09-17,Validated,0,0,0,45,0
INV0001479,FCT-294076,SUP00004,DPT003,,2024-02-15,4025.27,DZD,45,2024-03-31,Validated,1,0,0,45,0
INV0001480,FCT-688189,SUP00016,DPT003,PO0003598,2024-04-22,4960.93,DZD,30,2024-05-22,Validated,0,0,0,30,0
INV0001481,FCT-662093,SUP00018,DPT001,PO0001545,2024-10-20,8028.73,DZD,45,2024-12-04,Pending Review,0,0,0,45,0
INV0001482,FCT-102814,SUP00007,DPT007,PO0003741,2024-07-03,2455.07,DZD,30,2024-08-02,Validated,0,0,0,30,0
INV0001483,FCT-238586,SUP00007,DPT010,PO0000016,2024-09-14,20536.05,DZD,30,2024-10-14,Validated,0,0,0,30,0
INV0001484,FCT-360301,SUP00269,DPT006,PO0004161,2024-04-07,14042.04,EUR,30,2024-05-07,Validated,0,0,0,30,0
INV0001485,FCT-423255,SUP00285,DPT002,PO0003318,2024-12-04,13525.3,USD,60,2025-02-02,Validated,0,0,0,60,0
INV0001486,FCT-894519,SUP00005,DPT002,PO0003568,2024-05-14,1974.09,USD,45,2024-06-28,Validated,0,0,0,45,0
INV0001487,FCT-783065,SUP00263,DPT003,PO0000263,2024-12-14,37763.02,DZD,15,2024-12-29,Validated,0,0,0,15,0
INV0001488,FCT-282286,SUP00009,DPT003,PO0003314,2024-05-28,759.24,DZD,30,2024-06-27,Disputed,0,0,0,30,0
INV0001489,FCT-632466,SUP00081,DPT006,PO0005187,2024-09-27,14963.1,EUR,60,2024-11-26,Disputed,0,0,0,60,0
INV0001490,FCT-142098,SUP00004,DPT008,,2024-07-24,7504.29,DZD,45,2024-09-07,Validated,1,0,0,45,0
INV0001491,FCT-921144,SUP00006,DPT010,PO0002161,2024-08-13,13770.58,DZD,30,2024-09-12,Pending Review,0,0,0,30,0
INV0001492,FCT-720386,SUP00018,DPT001,PO0001545,2024-01-29,4991.53,EUR,30,2024-02-28,Validated,0,0,0,30,0
INV0001493,FCT-359535,SUP00023,DPT003,PO0001140,2024-10-16,7048.84,EUR,30,2024-11-15,Validated,0,0,0,30,0
INV0001494,FCT-705766,SUP00285,DPT009,,2024-06-06,14305.0,DZD,60,2024-08-05,Pending Review,1,0,0,60,0
INV0001495,FCT-109278,SUP00271,DPT003,PO0003633,2024-04-04,6391.46,USD,15,2024-04-19,Validated,0,0,0,15,0
INV0001496,FCT-334544,SUP00007,DPT004,,2024-09-07,8199.68,DZD,30,2024-10-07,Validated,1,0,0,30,0
INV0001497,FCT-555639,SUP00225,DPT009,PO0001987,2024-10-04,8512.15,DZD,30,2024-11-03,Validated,0,0,0,30,0
INV0001498,FCT-667555,SUP00007,DPT002,PO0002156,2024-09-15,79829.16,DZD,45,2024-10-30,Validated,0,0,0,45,0
INV0001499,FCT-299126,SUP00237,DPT010,PO0001082,2024-12-04,1019.75,USD,30,2025-01-03,Validated,0,0,0,30,0
INV0001500,FCT-622067,SUP00255,DPT012,,2024-04-08,28435.75,DZD,30,2024-05-08,Validated,1,0,0,30,0
INV0001501,FCT-210914,SUP00056,DPT005,PO0002830,2024-03-10,10777.79,DZD,15,2024-03-25,Disputed,0,0,0,15,0
INV0001502,FCT-224644,SUP00294,DPT002,PO0001884,2024-07-17,9343.88,USD,60,2024-09-15,Validated,0,0,0,60,0
INV0001503,FCT-116027,SUP00056,DPT012,,2024-05-03,1483.23,EUR,30,2024-06-02,Validated,1,0,0,30,0
INV0001504,FCT-787848,SUP00022,DPT009,PO0000466,2024-05-20,24105.19,DZD,45,2024-07-04,Validated,0,0,0,45,0
INV0001505,FCT-627917,SUP00009,DPT005,PO0001421,2024-08-22,1739.08,EUR,30,2024-09-21,Validated,0,0,0,30,0
INV0001506,FCT-297466,SUP00028,DPT003,PO0003467,2024-01-14,34825.67,DZD,30,2024-02-13,Validated,0,0,0,30,0
INV0001507,FCT-447624,SUP00112,DPT003,,2024-06-06,3426.22,DZD,30,2024-07-06,Validated,1,0,0,30,0
INV0001508,FCT-807223,SUP00002,DPT003,PO0005051,2024-06-06,34823.93,DZD,15,2024-06-21,Validated,0,0,0,15,0
INV0001509,FCT-390976,SUP00016,DPT005,PO0003078,2024-01-09,2831.38,DZD,30,2024-02-08,Validated,0,0,0,30,0
INV0001510,FCT-340717,SUP00255,DPT001,,2024-09-02,2187.59,DZD,30,2024-10-02,Validated,1,0,0,30,0
INV0001511,FCT-443287,SUP00067,DPT006,PO0003272,2024-10-30,5716.86,DZD,30,2024-11-29,Validated,0,0,0,30,0
INV0001512,FCT-295427,SUP00093,DPT011,PO0002927,2024-12-11,2720.14,DZD,60,2025-02-09,Validated,0,0,0,60,0
INV0001513,FCT-786844,SUP00305,DPT010,,2024-12-11,4865.96,DZD,45,2025-01-25,Validated,1,0,0,45,0
INV0001514,FCT-889158,SUP00090,DPT008,PO0003530,2024-02-10,44398.86,EUR,30,2024-03-11,Validated,0,0,0,30,0
INV0001515,FCT-308921,SUP00007,DPT003,PO0000392,2024-03-31,3377.72,DZD,45,2024-05-15,Validated,0,0,0,45,0
INV0001516,FCT-928655,SUP00117,DPT004,PO0000401,2024-06-05,7797.7,DZD,15,2024-06-20,Validated,0,0,0,15,0
INV0001517,FCT-558709,SUP00113,DPT009,PO0002301,2024-08-01,39805.92,EUR,45,2024-09-15,Validated,0,0,0,45,0
INV0001518,FCT-690323,SUP00109,DPT004,,2024-12-09,8395.14,DZD,60,2025-02-07,Validated,1,0,0,60,0
INV0001519,FCT-994594,SUP00021,DPT006,,2024-04-08,23293.14,DZD,60,2024-06-07,Pending Review,1,0,0,60,0
INV0001520,FCT-921069,SUP00002,DPT010,,2024-06-20,12100.97,DZD,90,2024-09-18,Validated,1,0,0,90,0
INV0001521,FCT-144932,SUP00017,DPT004,,2024-09-05,20130.59,DZD,90,2024-12-04,Validated,1,0,0,90,0
INV0001522,FCT-202048,SUP00030,DPT004,,2024-11-22,5906.03,DZD,30,2024-12-22,Validated,1,0,0,30,0
INV0001523,FCT-691882,SUP00009,DPT004,PO0002589,2024-09-11,12456.04,EUR,30,2024-10-11,Validated,0,0,0,30,0
INV0001524,FCT-656836,SUP00210,DPT002,PO0003483,2024-09-05,51028.88,DZD,45,2024-10-20,Validated,0,0,0,45,0
INV0001525,FCT-714521,SUP00004,DPT007,,2024-12-23,4360.2,USD,45,2025-02-06,Validated,1,0,0,45,0
INV0001526,FCT-252523,SUP00159,DPT001,PO0003197,2024-11-12,10318.94,DZD,15,2024-11-27,Validated,0,0,0,15,0
INV0001527,FCT-480467,SUP00038,DPT001,,2024-11-11,2922.22,DZD,30,2024-12-11,Validated,1,0,0,30,0
INV0001528,FCT-534174,SUP00025,DPT003,,2024-10-03,21009.87,DZD,30,2024-11-02,Disputed,1,0,0,30,0
INV0001529,FCT-826482,SUP00176,DPT004,PO0004481,2024-04-30,933.83,DZD,45,2024-06-14,Validated,0,0,0,45,0
INV0001530,FCT-681825,SUP00013,DPT007,PO0001858,2024-01-27,4533.55,DZD,30,2024-02-26,Validated,0,0,0,30,0
INV0001531,FCT-704266,SUP00192,DPT007,PO0004928,2024-10-13,20273.63,DZD,45,2024-11-27,Validated,0,0,0,45,0
INV0001532,FCT-407434,SUP00276,DPT005,,2024-10-05,5346.71,DZD,45,2024-11-19,Validated,1,0,0,45,0
INV0001533,FCT-741048,SUP00023,DPT001,,2024-08-15,812.36,DZD,30,2024-09-14,Validated,1,0,0,30,0
INV0001534,FCT-178131,SUP00004,DPT002,PO0003494,2024-02-16,2625.63,DZD,30,2024-03-17,Validated,0,0,0,30,0
INV0001535,FCT-216469,SUP00021,DPT003,PO0000075,2024-12-18,2898.89,DZD,30,2025-01-17,Validated,0,0,0,30,0
INV0001536,FCT-484550,SUP00200,DPT001,PO0000202,2024-09-30,38884.46,DZD,30,2024-10-30,Validated,0,0,0,30,0
INV0001537,FCT-592624,SUP00209,DPT004,PO0000438,2024-08-27,15794.73,DZD,45,2024-10-11,Validated,0,0,0,45,0
INV0001538,FCT-360613,SUP00220,DPT006,PO0004312,2024-06-01,17762.38,DZD,60,2024-07-31,Validated,0,0,0,60,0
INV0001539,FCT-250597,SUP00008,DPT001,,2024-01-20,1543.27,DZD,30,2024-02-19,Validated,1,0,0,30,0
INV0001540,FCT-554006,SUP00278,DPT012,PO0000325,2024-09-06,6385.73,DZD,45,2024-10-21,Validated,0,0,0,45,0
INV0001541,FCT-171711,SUP00010,DPT005,PO0001694,2024-05-18,38045.4,DZD,15,2024-06-02,Validated,0,0,0,15,0
INV0001542,FCT-289648,SUP00310,DPT006,,2024-01-23,17804.88,DZD,90,2024-04-22,Validated,1,0,0,90,0
INV0001543,FCT-482062,SUP00065,DPT001,,2024-01-22,3542.64,DZD,45,2024-03-07,Validated,1,0,0,45,0
INV0001544,FCT-552371,SUP00061,DPT002,PO0003726,2024-02-11,15682.03,DZD,45,2024-03-27,Validated,0,0,0,45,0
INV0001545,FCT-188829,SUP00271,DPT002,PO0001882,2024-04-08,1450.42,DZD,45,2024-05-23,Validated,0,0,0,45,0
INV0001546,FCT-824757,SUP00010,DPT007,PO0003210,2024-02-08,2370.01,DZD,45,2024-03-24,Validated,0,0,0,45,0
INV0001547,FCT-100351,SUP00012,DPT001,PO0001590,2024-02-17,10000.0,DZD,30,2024-03-18,Validated,0,1,0,30,0
INV0001548,FCT-549968,SUP00003,DPT010,PO0004316,2024-05-17,5581.82,DZD,15,2024-06-01,Validated,0,0,0,15,0
INV0001549,FCT-974006,SUP00146,DPT003,PO0001779,2024-01-12,13158.11,DZD,30,2024-02-11,Validated,0,0,0,30,0
INV0001550,FCT-907265,SUP00300,DPT001,PO0001598,2024-03-02,2096.44,DZD,30,2024-04-01,Validated,0,0,0,30,0
INV0001551,FCT-889207,SUP00007,DPT009,PO0002510,2024-05-22,5713.74,DZD,30,2024-06-21,Validated,0,0,0,30,0
INV0001552,FCT-738284,SUP00095,DPT002,PO0001397,2024-01-03,2418.5,DZD,30,2024-02-02,Validated,0,0,0,30,0
INV0001553,FCT-267298,SUP00234,DPT011,PO0000856,2024-03-17,3216.92,DZD,90,2024-06-15,Validated,0,0,0,90,0
INV0001554,FCT-668835,SUP00023,DPT004,PO0003673,2024-11-16,1906.26,DZD,30,2024-12-16,Validated,0,0,0,30,0
INV0001555,FCT-234897,SUP00283,DPT005,PO0001816,2024-05-26,26463.12,DZD,90,2024-08-24,Validated,0,0,0,90,0
INV0001556,FCT-980010,SUP00009,DPT009,PO0004004,2024-10-01,10000.0,EUR,60,2024-11-30,Validated,0,1,0,60,0
INV0001557,FCT-408755,SUP00024,DPT004,PO0002213,2024-06-13,4766.4,DZD,60,2024-08-12,Validated,0,0,0,60,0
INV0001558,FCT-141146,SUP00026,DPT009,PO0004672,2024-07-26,15000.0,DZD,30,2024-08-25,Validated,0,1,0,30,0
INV0001559,FCT-201366,SUP00275,DPT006,PO0000719,2024-02-17,9122.79,DZD,60,2024-04-17,Validated,0,0,0,60,0
INV0001560,FCT-185493,SUP00078,DPT004,PO0002802,2024-09-21,111312.79,EUR,45,2024-11-05,Validated,0,0,1,45,0
INV0001561,FCT-405039,SUP00225,DPT004,PO0002482,2024-04-09,156405.61,DZD,15,2024-04-24,Validated,0,0,1,15,0
INV0001562,FCT-259885,SUP00005,DPT004,PO0001030,2024-04-20,4937.12,DZD,30,2024-05-20,Validated,0,0,0,30,0
INV0001563,FCT-734819,SUP00283,DPT012,PO0003618,2024-04-04,10269.43,DZD,15,2024-04-19,Validated,0,0,0,15,0
INV0001564,FCT-729000,SUP00027,DPT004,PO0001341,2024-09-14,19216.59,DZD,90,2024-12-13,Validated,0,0,0,90,0
INV0001565,FCT-315482,SUP00113,DPT009,PO0002301,2024-08-27,26955.14,DZD,45,2024-10-11,Validated,0,0,0,45,0
INV0001566,FCT-199682,SUP00022,DPT004,PO0000466,2024-07-08,13221.19,DZD,30,2024-08-07,Validated,0,0,0,30,0
INV0001567,FCT-800748,SUP00007,DPT007,PO0002882,2024-05-01,22711.24,DZD,45,2024-06-15,Validated,0,0,0,45,0
INV0001568,FCT-145901,SUP00006,DPT007,PO0002878,2024-02-02,10231.33,DZD,30,2024-03-03,Validated,0,0,0,30,0
INV0001569,FCT-930598,SUP00217,DPT008,PO0003777,2024-10-30,3087.35,EUR,30,2024-11-29,Validated,0,0,0,30,0
INV0001570,FCT-358993,SUP00214,DPT006,PO0004295,2024-08-30,22549.56,DZD,60,2024-10-29,Pending Review,0,0,0,60,0
INV0001571,FCT-134226,SUP00249,DPT007,PO0001909,2024-07-28,7470.6,DZD,30,2024-08-27,Validated,0,0,0,30,0
INV0001572,FCT-742219,SUP00011,DPT001,PO0000798,2024-12-28,9361.85,DZD,15,2025-01-12,Pending Review,0,0,0,15,0
INV0001573,FCT-586528,SUP00002,DPT009,PO0004784,2024-01-31,1341.76,DZD,45,2024-03-16,Validated,0,0,0,45,0
INV0001574,FCT-891155,SUP00318,DPT003,,2024-04-03,2632.4,DZD,30,2024-05-03,Validated,1,0,0,30,0
INV0001575,FCT-168826,SUP00041,DPT001,PO0004278,2024-11-24,4097.99,DZD,30,2024-12-24,Validated,0,0,0,30,0
INV0001576,FCT-473408,SUP00011,DPT009,,2024-01-02,11695.37,DZD,30,2024-02-01,Validated,1,0,0,30,0
INV0001577,FCT-596023,SUP00293,DPT001,PO0000507,2024-04-25,50296.38,DZD,30,2024-05-25,Validated,0,0,0,30,0
INV0001578,FCT-387212,SUP00066,DPT007,PO0000207,2024-10-01,15623.42,DZD,30,2024-10-31,Validated,0,0,0,30,0
INV0001579,FCT-133493,SUP00042,DPT003,PO0004167,2024-07-26,5169.56,EUR,30,2024-08-25,Validated,0,0,0,30,0
INV0001580,FCT-204884,SUP00027,DPT009,PO0005172,2024-04-11,2046.9,DZD,45,2024-05-26,Validated,0,0,0,45,0
INV0001581,FCT-547546,SUP00009,DPT003,PO0001469,2024-05-06,26766.24,DZD,30,2024-06-05,Validated,0,0,0,30,0
INV0001582,FCT-586183,SUP00190,DPT004,PO0002302,2024-05-27,9198.85,DZD,45,2024-07-11,Validated,0,0,0,45,0
INV0001583,FCT-484297,SUP00016,DPT001,PO0000047,2024-04-02,160.71,DZD,45,2024-05-17,Validated,0,0,0,45,0
INV0001584,FCT-656273,SUP00060,DPT002,PO0004707,2024-01-03,21135.54,DZD,45,2024-02-17,Validated,0,0,0,45,0
INV0001585,FCT-961878,SUP00075,DPT005,PO0004097,2024-08-11,9796.35,DZD,30,2024-09-10,Validated,0,0,0,30,0
INV0001586,FCT-160096,SUP00008,DPT010,PO0000109,2024-01-24,538.07,DZD,45,2024-03-09,Validated,0,0,0,45,0
INV0001587,FCT-263542,SUP00093,DPT005,PO0001175,2024-09-17,13032.56,DZD,45,2024-11-01,Validated,0,0,0,45,0
INV0001588,FCT-557065,SUP00013,DPT005,PO0002727,2024-09-15,7023.04,DZD,45,2024-10-30,Validated,0,0,0,45,0
INV0001589,FCT-197585,SUP00003,DPT002,PO0002084,2024-12-11,1402.73,USD,30,2025-01-10,Validated,0,0,0,30,0
INV0001590,FCT-458849,SUP00281,DPT006,PO0004032,2024-12-17,66438.91,EUR,30,2025-01-16,Validated,0,0,0,30,0
INV0001591,FCT-165737,SUP00210,DPT007,,2024-12-10,10548.07,DZD,30,2025-01-09,Validated,1,0,0,30,0
INV0001592,FCT-144313,SUP00028,DPT009,PO0004731,2024-08-03,3647.34,DZD,30,2024-09-02,Validated,0,0,0,30,0
INV0001593,FCT-225683,SUP00002,DPT003,PO0001810,2024-02-03,2585.34,USD,45,2024-03-19,Validated,0,0,0,45,0
INV0001594,FCT-200939,SUP00011,DPT010,PO0003995,2024-11-03,5104.01,USD,45,2024-12-18,Validated,0,0,0,45,0
INV0001595,FCT-627644,SUP00081,DPT012,PO0003312,2024-11-26,5299.1,DZD,45,2025-01-10,Validated,0,0,0,45,0
INV0001596,FCT-626827,SUP00006,DPT004,PO0002504,2024-03-16,12336.18,EUR,30,2024-04-15,Validated,0,0,0,30,0
INV0001597,FCT-976009,SUP00242,DPT008,PO0001681,2024-05-11,4827.46,EUR,30,2024-06-10,Validated,0,0,0,30,0
INV0001598,FCT-869674,SUP00016,DPT002,PO0001860,2024-01-25,3950.59,EUR,30,2024-02-24,Validated,0,0,0,30,0
INV0001599,FCT-636175,SUP00014,DPT001,,2024-04-28,7623.67,DZD,45,2024-06-12,Validated,1,0,0,45,0
INV0001600,FCT-925720,SUP00028,DPT004,PO0003755,2024-05-06,3846.08,DZD,30,2024-06-05,Validated,0,0,0,30,0
INV0001601,FCT-686756,SUP00002,DPT011,PO0001254,2024-11-12,5560.11,DZD,30,2024-12-12,Validated,0,0,0,30,0
INV0001602,FCT-941853,SUP00150,DPT006,,2024-03-16,31115.3,DZD,15,2024-03-31,Validated,1,0,0,15,0
INV0001603,FCT-653854,SUP00227,DPT009,PO0002889,2024-02-22,3641.29,DZD,30,2024-03-23,Validated,0,0,0,30,0
INV0001604,FCT-863978,SUP00241,DPT011,PO0000232,2024-08-13,5191.24,DZD,60,2024-10-12,Validated,0,0,0,60,0
INV0001605,FCT-257822,SUP00061,DPT002,PO0005052,2024-09-18,2494.57,DZD,45,2024-11-02,Validated,0,0,0,45,0
INV0001606,FCT-975753,SUP00002,DPT003,,2024-12-15,21396.02,DZD,90,2025-03-15,Validated,1,0,0,90,0
INV0001607,FCT-950123,SUP00004,DPT005,,2024-10-14,860.07,EUR,45,2024-11-28,Validated,1,0,0,45,0
INV0001608,FCT-153207,SUP00006,DPT001,PO0002022,2024-03-25,2309.76,USD,60,2024-05-24,Validated,0,0,0,60,0
INV0001609,FCT-992644,SUP00184,DPT010,PO0001145,2024-09-09,13641.34,DZD,60,2024-11-08,Validated,0,0,0,60,0
INV0001610,FCT-472131,SUP00053,DPT011,PO0002538,2024-11-25,5049.54,DZD,30,2024-12-25,Validated,0,0,0,30,0
INV0001611,FCT-240535,SUP00020,DPT003,PO0003514,2024-10-30,16567.97,DZD,30,2024-11-29,Validated,0,0,0,30,0
INV0001612,FCT-754833,SUP00029,DPT007,,2024-07-15,4807.28,DZD,30,2024-08-14,Validated,1,0,0,30,0
INV0001613,FCT-323956,SUP00206,DPT004,PO0001170,2024-04-17,2771.24,DZD,45,2024-06-01,Validated,0,0,0,45,0
INV0001614,FCT-703035,SUP00006,DPT012,PO0002971,2024-02-07,5215.2,DZD,90,2024-05-07,Validated,0,0,0,90,0
INV0001615,FCT-613247,SUP00293,DPT007,PO0001605,2024-05-05,1359.09,EUR,45,2024-06-19,Validated,0,0,0,45,0
INV0001616,FCT-697213,SUP00003,DPT005,,2024-07-14,2322.46,DZD,45,2024-08-28,Validated,1,0,0,45,0
INV0001617,FCT-927162,SUP00210,DPT005,,2024-12-19,17144.52,DZD,30,2025-01-18,Validated,1,0,0,30,0
INV0001618,FCT-733555,SUP00149,DPT003,PO0002233,2024-06-19,4457.83,DZD,30,2024-07-19,Validated,0,0,0,30,0
INV0001619,FCT-622887,SUP00009,DPT002,PO0003149,2024-09-17,5797.8,DZD,30,2024-10-17,Validated,0,0,0,30,0
INV0001620,FCT-336651,SUP00003,DPT005,PO0001823,2024-09-30,6927.87,DZD,30,2024-10-30,Validated,0,0,0,30,0
INV0001621,FCT-439507,SUP00188,DPT009,,2024-06-18,988.62,DZD,30,2024-07-18,Validated,1,0,0,30,0
INV0001622,FCT-238258,SUP00024,DPT003,PO0002340,2024-09-30,999.7,DZD,90,2024-12-29,Disputed,0,0,0,90,0
INV0001623,FCT-441947,SUP00010,DPT004,PO0000627,2024-11-11,9309.85,DZD,45,2024-12-26,Validated,0,0,0,45,0
INV0001624,FCT-112324,SUP00028,DPT007,,2024-08-21,3744.48,DZD,45,2024-10-05,Validated,1,0,0,45,0
INV0001625,FCT-460110,SUP00070,DPT006,PO0005014,2024-09-15,4660.24,USD,30,2024-10-15,Validated,0,0,0,30,0
INV0001626,FCT-112821,SUP00298,DPT008,PO0002231,2024-08-31,15000.0,USD,45,2024-10-15,Validated,0,1,0,45,0
INV0001627,FCT-937630,SUP00009,DPT003,,2024-12-29,2049.1,DZD,30,2025-01-28,Validated,1,0,0,30,0
INV0001628,FCT-328794,SUP00119,DPT008,,2024-08-09,3128.24,DZD,45,2024-09-23,Validated,1,0,0,45,0
INV0001629,FCT-793956,SUP00010,DPT002,PO0000501,2024-02-14,4001.78,DZD,30,2024-03-15,Validated,0,0,0,30,0
INV0001630,FCT-230122,SUP00271,DPT002,PO0004938,2024-03-27,8840.31,DZD,45,2024-05-11,Validated,0,0,0,45,0
INV0001631,FCT-820535,SUP00281,DPT003,,2024-04-12,3970.41,DZD,30,2024-05-12,Validated,1,0,0,30,0
INV0001632,FCT-120796,SUP00010,DPT012,PO0002764,2024-12-03,2899.32,USD,90,2025-03-03,Validated,0,0,0,90,0
INV0001633,FCT-138837,SUP00009,DPT011,PO0000112,2024-01-01,42091.3,DZD,45,2024-02-15,Validated,0,0,0,45,0
INV0001634,FCT-355952,SUP00003,DPT004,PO0002459,2024-03-18,6285.06,DZD,60,2024-05-17,Validated,0,0,0,60,0
INV0001635,FCT-378557,SUP00102,DPT002,PO0000775,2024-09-11,12745.84,USD,15,2024-09-26,Validated,0,0,0,15,0
INV0001636,FCT-826986,SUP00268,DPT001,PO0004108,2024-08-05,749.4,DZD,45,2024-09-19,Validated,0,0,0,45,0
INV0001637,FCT-805205,SUP00012,DPT002,PO0002615,2024-01-06,1364.64,DZD,45,2024-02-20,Validated,0,0,0,45,0
INV0001638,FCT-570825,SUP00007,DPT002,PO0004781,2024-10-09,11772.92,DZD,30,2024-11-08,Validated,0,0,0,30,0
INV0001639,FCT-206704,SUP00147,DPT006,PO0001986,2024-01-12,4550.23,DZD,15,2024-01-27,Validated,0,0,0,15,0
INV0001640,FCT-823540,SUP00004,DPT010,PO0001749,2024-01-31,3849.62,DZD,30,2024-03-01,Validated,0,0,0,30,0
INV0001641,FCT-335356,SUP00264,DPT002,PO0002067,2024-10-27,2012.23,DZD,30,2024-11-26,Validated,0,0,0,30,0
INV0001642,FCT-701138,SUP00004,DPT003,PO0004206,2024-06-13,18405.68,DZD,30,2024-07-13,Validated,0,0,0,30,0
INV0001643,FCT-840570,SUP00235,DPT012,,2024-07-19,12740.81,DZD,45,2024-09-02,Validated,1,0,0,45,0
INV0001644,FCT-322148,SUP00223,DPT004,PO0000119,2024-01-11,5569.24,DZD,30,2024-02-10,Validated,0,0,0,30,0
INV0001645,FCT-602671,SUP00003,DPT007,,2024-02-29,7964.11,DZD,45,2024-04-14,Validated,1,0,0,45,0
INV0001646,FCT-770750,SUP00254,DPT002,PO0004564,2024-03-23,4227.19,EUR,30,2024-04-22,Pending Review,0,0,0,30,0
INV0001647,FCT-589677,SUP00009,DPT012,,2024-05-07,2734.11,DZD,30,2024-06-06,Validated,1,0,0,30,0
INV0001648,FCT-452297,SUP00001,DPT010,PO0001722,2024-08-20,3305.65,DZD,30,2024-09-19,Validated,0,0,0,30,0
INV0001649,FCT-365645,SUP00017,DPT003,,2024-05-21,14459.1,DZD,90,2024-08-19,Validated,1,0,0,90,0
INV0001650,FCT-712952,SUP00079,DPT001,PO0002879,2024-11-29,3813.14,DZD,30,2024-12-29,Validated,0,0,0,30,0
INV0001651,FCT-183413,SUP00011,DPT009,PO0002935,2024-03-19,6412.56,DZD,60,2024-05-18,Validated,0,0,0,60,0
INV0001652,FCT-604912,SUP00128,DPT002,PO0004028,2024-04-21,3662.99,DZD,30,2024-05-21,Pending Review,0,0,0,30,0
INV0001653,FCT-878539,SUP00002,DPT003,PO0000707,2024-02-02,17687.76,DZD,30,2024-03-03,Validated,0,0,0,30,0
INV0001654,FCT-302894,SUP00006,DPT002,PO0000513,2024-10-31,2842.17,DZD,30,2024-11-30,Validated,0,0,0,30,0
INV0001655,FCT-263431,SUP00027,DPT002,PO0002871,2024-08-09,34757.6,USD,30,2024-09-08,Validated,0,0,0,30,0
INV0001656,FCT-618610,SUP00001,DPT001,PO0004047,2024-07-10,3104.28,DZD,45,2024-08-24,Validated,0,0,0,45,0
INV0001657,FCT-573989,SUP00023,DPT003,PO0001323,2024-10-25,3108.42,DZD,15,2024-11-09,Validated,0,0,0,15,0
INV0001658,FCT-233728,SUP00006,DPT002,PO0004998,2024-10-04,60109.33,DZD,45,2024-11-18,Validated,0,0,0,45,0
INV0001659,FCT-633198,SUP00086,DPT011,PO0001533,2024-05-28,1760.72,EUR,45,2024-07-12,Validated,0,0,0,45,0
INV0001660,FCT-171613,SUP00007,DPT004,PO0004322,2024-10-22,5750.41,DZD,15,2024-11-06,Validated,0,0,0,15,0
INV0001661,FCT-529307,SUP00007,DPT006,PO0000125,2024-04-06,19214.52,DZD,30,2024-05-06,Validated,0,0,0,30,0
INV0001662,FCT-158081,SUP00150,DPT004,PO0000610,2024-08-20,1017.42,DZD,30,2024-09-19,Validated,0,0,0,30,0
INV0001663,FCT-832150,SUP00026,DPT004,,2024-06-09,8078.2,DZD,45,2024-07-24,Pending Review,1,0,0,45,0
INV0001664,FCT-972005,SUP00291,DPT002,PO0004493,2024-06-03,1022.62,DZD,45,2024-07-18,Validated,0,0,0,45,0
INV0001665,FCT-104506,SUP00170,DPT002,PO0000014,2024-08-19,6261.2,DZD,45,2024-10-03,Validated,0,0,0,45,0
INV0001666,FCT-676261,SUP00013,DPT007,PO0001858,2024-08-01,62398.79,DZD,45,2024-09-15,Pending Review,0,0,0,45,0
INV0001667,FCT-426297,SUP00072,DPT004,PO0001797,2024-12-08,401.9,DZD,30,2025-01-07,Validated,0,0,0,30,0
INV0001668,FCT-192200,SUP00293,DPT011,PO0002562,2024-09-09,5503.48,DZD,90,2024-12-08,Validated,0,0,0,90,0
INV0001669,FCT-730190,SUP00313,DPT003,PO0001445,2024-05-30,25000.0,DZD,45,2024-07-14,Validated,0,1,0,45,0
INV0001670,FCT-890554,SUP00227,DPT009,PO0002324,2024-11-10,1884.86,DZD,15,2024-11-25,Validated,0,0,0,15,0
INV0001671,FCT-143405,SUP00303,DPT004,PO0002984,2024-12-20,20000.0,DZD,45,2025-02-03,Validated,0,1,0,45,0
INV0001672,FCT-229912,SUP00224,DPT005,PO0002286,2024-07-19,21244.53,DZD,30,2024-08-18,Validated,0,0,0,30,0
INV0001673,FCT-928842,SUP00100,DPT003,PO0000017,2024-04-04,7535.74,DZD,45,2024-05-19,Validated,0,0,0,45,0
INV0001674,FCT-121240,SUP00146,DPT012,PO0003328,2024-11-14,707.9,USD,45,2024-12-29,Validated,0,0,0,45,0
INV0001675,FCT-441003,SUP00032,DPT002,PO0002770,2024-08-23,2033.01,DZD,30,2024-09-22,Validated,0,0,0,30,0
INV0001676,FCT-921018,SUP00003,DPT009,PO0003359,2024-05-21,3193.46,EUR,30,2024-06-20,Validated,0,0,0,30,0
INV0001677,FCT-635636,SUP00064,DPT006,PO0004727,2024-05-31,985.37,DZD,45,2024-07-15,Validated,0,0,0,45,0
INV0001678,FCT-275483,SUP00133,DPT005,PO0001006,2024-10-04,6639.72,EUR,15,2024-10-19,Validated,0,0,0,15,0
INV0001679,FCT-108514,SUP00005,DPT004,PO0002686,2024-08-23,8049.29,DZD,15,2024-09-07,Validated,0,0,0,15,0
INV0001680,FCT-572137,SUP00001,DPT001,,2024-08-10,7918.75,EUR,45,2024-09-24,Pending Review,1,0,0,45,0
INV0001681,FCT-585408,SUP00029,DPT009,,2024-10-17,61319.45,EUR,30,2024-11-16,Validated,1,0,0,30,0
INV0001682,FCT-558621,SUP00040,DPT003,PO0003538,2024-01-29,2034.64,DZD,60,2024-03-29,Validated,0,0,0,60,0
INV0001683,FCT-285862,SUP00206,DPT003,,2024-05-07,3484.47,DZD,30,2024-06-06,Validated,1,0,0,30,0
INV0001684,FCT-960039,SUP00151,DPT004,PO0000227,2024-07-02,3274.36,DZD,45,2024-08-16,Validated,0,0,0,45,0
INV0001685,FCT-402211,SUP00010,DPT006,PO0003050,2024-04-06,16039.67,DZD,90,2024-07-05,Validated,0,0,0,90,0
INV0001686,FCT-924672,SUP00230,DPT007,PO0002542,2024-10-05,14142.48,EUR,30,2024-11-04,Validated,0,0,0,30,0
INV0001687,FCT-944096,SUP00002,DPT002,PO0002736,2024-04-05,1635.47,DZD,30,2024-05-05,Validated,0,0,0,30,0
INV0001688,FCT-283191,SUP00021,DPT007,PO0003480,2024-09-02,31632.51,DZD,45,2024-10-17,Validated,0,0,0,45,0
INV0001689,FCT-746099,SUP00155,DPT002,,2024-06-10,2112.85,DZD,15,2024-06-25,Validated,1,0,0,15,0
INV0001690,FCT-524910,SUP00092,DPT007,PO0004649,2024-07-24,50000.0,DZD,45,2024-09-07,Validated,0,1,0,45,0
INV0001691,FCT-681439,SUP00129,DPT001,PO0001610,2024-01-02,14952.15,DZD,60,2024-03-02,Validated,0,0,0,60,0
INV0001692,FCT-589991,SUP00117,DPT006,PO0000736,2024-10-16,9487.11,USD,30,2024-11-15,Validated,0,0,0,30,0
INV0001693,FCT-989868,SUP00118,DPT010,PO0004782,2024-04-02,4110.13,DZD,45,2024-05-17,Validated,0,0,0,45,0
INV0001694,FCT-637737,SUP00009,DPT012,PO0000143,2024-11-25,4198.23,DZD,30,2024-12-25,Pending Review,0,0,0,30,0
INV0001695,FCT-260898,SUP00268,DPT001,PO0004946,2024-12-17,10440.57,USD,30,2025-01-16,Pending Review,0,0,0,30,0
INV0001696,FCT-861582,SUP00060,DPT011,PO0003557,2024-02-22,10996.04,DZD,30,2024-03-23,Validated,0,0,0,30,0
INV0001697,FCT-154808,SUP00007,DPT005,PO0003681,2024-01-17,13575.01,DZD,30,2024-02-16,Validated,0,0,0,30,0
INV0001698,FCT-745297,SUP00138,DPT007,PO0004296,2024-04-03,13580.97,DZD,30,2024-05-03,Validated,0,0,0,30,0
INV0001699,FCT-791706,SUP00050,DPT002,PO0002866,2024-04-22,8899.92,EUR,15,2024-05-07,Pending Review,0,0,0,15,0
INV0001700,FCT-583453,SUP00021,DPT002,PO0000140,2024-12-26,30496.01,DZD,30,2025-01-25,Validated,0,0,0,30,0
INV0001701,FCT-120762,SUP00067,DPT005,PO0002006,2024-02-01,3010.18,DZD,30,2024-03-02,Validated,0,0,0,30,0
INV0001702,FCT-400163,SUP00023,DPT008,PO0003305,2024-03-29,6303.31,DZD,60,2024-05-28,Validated,0,0,0,60,0
INV0001703,FCT-801277,SUP00008,DPT004,PO0002551,2024-03-08,3159.06,DZD,90,2024-06-06,Validated,0,0,0,90,0
INV0001704,FCT-869524,SUP00080,DPT010,,2024-10-28,99723.05,DZD,30,2024-11-27,Validated,1,0,0,30,0
INV0001705,FCT-555499,SUP00029,DPT005,,2024-09-09,14457.24,DZD,30,2024-10-09,Validated,1,0,0,30,0
INV0001706,FCT-521952,SUP00097,DPT009,PO0004052,2024-07-13,19252.01,DZD,45,2024-08-27,Validated,0,0,0,45,0
INV0001707,FCT-304227,SUP00009,DPT003,PO0001945,2024-10-31,10029.75,DZD,30,2024-11-30,Validated,0,0,0,30,0
INV0001708,FCT-521651,SUP00179,DPT006,PO0003187,2024-05-20,5625.59,DZD,30,2024-06-19,Validated,0,0,0,30,0
INV0001709,FCT-676298,SUP00116,DPT012,PO0003037,2024-04-02,129490.7,DZD,45,2024-05-17,Disputed,0,0,1,45,0
INV0001710,FCT-947620,SUP00027,DPT004,PO0002050,2024-09-22,25000.0,DZD,60,2024-11-21,Pending Review,0,1,0,60,0
INV0001711,FCT-544706,SUP00216,DPT008,PO0003955,2024-11-21,4151.15,DZD,45,2025-01-05,Validated,0,0,0,45,0
INV0001712,FCT-167407,SUP00308,DPT006,PO0003100,2024-10-01,4390.39,DZD,45,2024-11-15,Validated,0,0,0,45,0
INV0001713,FCT-270417,SUP00014,DPT001,PO0000613,2024-01-05,7748.78,USD,30,2024-02-04,Validated,0,0,0,30,0
INV0001714,FCT-543013,SUP00006,DPT009,PO0002043,2024-04-09,3222.94,DZD,30,2024-05-09,Pending Review,0,0,0,30,0
INV0001715,FCT-825313,SUP00024,DPT001,PO0005081,2024-12-30,4024.81,DZD,45,2025-02-13,Validated,0,0,0,45,0
INV0001716,FCT-636166,SUP00010,DPT005,PO0000745,2024-01-05,1045.57,DZD,30,2024-02-04,Validated,0,0,0,30,0
INV0001717,FCT-360308,SUP00126,DPT003,,2024-06-20,381.95,USD,15,2024-07-05,Disputed,1,0,0,15,0
INV0001718,FCT-948892,SUP00002,DPT012,PO0001374,2024-10-11,58306.04,DZD,60,2024-12-10,Validated,0,0,0,60,0
INV0001719,FCT-320513,SUP00018,DPT004,PO0004492,2024-11-13,3353.49,EUR,45,2024-12-28,Validated,0,0,0,45,0
INV0001720,FCT-118812,SUP00120,DPT005,PO0002867,2024-09-08,4231.87,DZD,15,2024-09-23,Validated,0,0,0,15,0
INV0001721,FCT-726095,SUP00025,DPT003,PO0001574,2024-11-20,6498.93,EUR,15,2024-12-05,Disputed,0,0,0,15,0
INV0001722,FCT-147041,SUP00002,DPT011,PO0003642,2024-02-13,13364.98,DZD,30,2024-03-14,Validated,0,0,0,30,0
INV0001723,FCT-477620,SUP00029,DPT002,PO0004467,2024-04-15,14651.3,DZD,30,2024-05-15,Validated,0,0,0,30,0
INV0001724,FCT-235683,SUP00006,DPT005,,2024-01-14,19603.94,DZD,60,2024-03-14,Validated,1,0,0,60,0
INV0001725,FCT-409284,SUP00021,DPT012,PO0003026,2024-10-20,11627.35,DZD,30,2024-11-19,Validated,0,0,0,30,0
INV0001726,FCT-409323,SUP00012,DPT010,PO0003477,2024-08-29,4410.88,DZD,45,2024-10-13,Validated,0,0,0,45,0
INV0001727,FCT-604049,SUP00006,DPT004,PO0004005,2024-11-25,25701.34,USD,30,2024-12-25,Validated,0,0,0,30,0
INV0001728,FCT-977951,SUP00243,DPT011,PO0003290,2024-08-07,4888.56,EUR,30,2024-09-06,Pending Review,0,0,0,30,0
INV0001729,FCT-693552,SUP00134,DPT001,PO0001339,2024-08-12,19660.71,DZD,30,2024-09-11,Validated,0,0,0,30,0
INV0001730,FCT-233978,SUP00016,DPT009,PO0001682,2024-10-05,1021.67,DZD,30,2024-11-04,Pending Review,0,0,0,30,0
INV0001731,FCT-211957,SUP00001,DPT002,PO0001391,2024-06-04,26811.61,DZD,45,2024-07-19,Validated,0,0,0,45,0
INV0001732,FCT-406509,SUP00111,DPT012,PO0004802,2024-11-14,2153.23,DZD,30,2024-12-14,Validated,0,0,0,30,0
INV0001733,FCT-905778,SUP00123,DPT007,,2024-12-28,1132.83,EUR,15,2025-01-12,Validated,1,0,0,15,0
INV0001734,FCT-494119,SUP00012,DPT007,PO0002079,2024-08-30,1347.58,USD,30,2024-09-29,Validated,0,0,0,30,0
INV0001735,FCT-435130,SUP00007,DPT002,PO0002165,2024-05-10,7580.14,DZD,30,2024-06-09,Validated,0,0,0,30,0
INV0001736,FCT-335336,SUP00219,DPT005,PO0002941,2024-08-20,83185.01,DZD,60,2024-10-19,Validated,0,0,0,60,0
INV0001737,FCT-275829,SUP00167,DPT011,PO0000469,2024-12-08,4791.1,DZD,60,2025-02-06,Disputed,0,0,0,60,0
INV0001738,FCT-545524,SUP00177,DPT011,PO0000896,2024-07-09,5275.57,DZD,45,2024-08-23,Validated,0,0,0,45,0
INV0001739,FCT-216482,SUP00082,DPT004,,2024-10-04,14525.82,DZD,30,2024-11-03,Pending Review,1,0,0,30,0
INV0001740,FCT-522249,SUP00025,DPT003,PO0001336,2024-07-25,3095.89,DZD,45,2024-09-08,Validated,0,0,0,45,0
INV0001741,FCT-909220,SUP00005,DPT001,PO0002111,2024-06-10,5053.99,DZD,30,2024-07-10,Validated,0,0,0,30,0
INV0001742,FCT-221907,SUP00003,DPT007,PO0004138,2024-12-21,4020.59,DZD,45,2025-02-04,Validated,0,0,0,45,0
INV0001743,FCT-157218,SUP00008,DPT011,PO0003500,2024-05-11,57662.46,DZD,45,2024-06-25,Validated,0,0,0,45,0
INV0001744,FCT-258218,SUP00025,DPT007,,2024-01-17,6548.35,DZD,30,2024-02-16,Pending Review,1,0,0,30,0
INV0001745,FCT-737799,SUP00023,DPT006,PO0005097,2024-10-17,14199.22,DZD,15,2024-11-01,Validated,0,0,0,15,0
INV0001746,FCT-148409,SUP00305,DPT008,PO0002069,2024-07-17,2646.41,DZD,45,2024-08-31,Validated,0,0,0,45,0
INV0001747,FCT-118369,SUP00008,DPT003,PO0003545,2024-01-11,1620.03,DZD,30,2024-02-10,Pending Review,0,0,0,30,0
INV0001748,FCT-178579,SUP00012,DPT002,,2024-03-31,12880.57,DZD,15,2024-04-15,Validated,1,0,0,15,0
INV0001749,FCT-890895,SUP00123,DPT001,PO0002311,2024-10-05,8028.55,DZD,45,2024-11-19,Pending Review,0,0,0,45,0
INV0001750,FCT-101082,SUP00133,DPT011,PO0003979,2024-09-21,19625.66,DZD,45,2024-11-05,Validated,0,0,0,45,0
INV0001751,FCT-919363,SUP00283,DPT002,PO0000706,2024-07-02,2165.09,DZD,30,2024-08-01,Validated,0,0,0,30,0
INV0001752,FCT-637340,SUP00009,DPT007,PO0000238,2024-09-30,5397.54,DZD,30,2024-10-30,Validated,0,0,0,30,0
INV0001753,FCT-340558,SUP00080,DPT003,,2024-12-30,1364.37,DZD,30,2025-01-29,Validated,1,0,0,30,0
INV0001754,FCT-910046,SUP00001,DPT001,PO0001043,2024-04-06,3399.56,DZD,30,2024-05-06,Disputed,0,0,0,30,0
INV0001755,FCT-155925,SUP00299,DPT010,PO0002124,2024-03-16,1138.91,DZD,60,2024-05-15,Pending Review,0,0,0,60,0
INV0001756,FCT-273648,SUP00013,DPT002,,2024-10-03,4328.52,DZD,30,2024-11-02,Validated,1,0,0,30,0
INV0001757,FCT-135288,SUP00021,DPT006,,2024-05-19,27011.52,DZD,60,2024-07-18,Validated,1,0,0,60,0
INV0001758,FCT-360190,SUP00007,DPT002,PO0004894,2024-08-23,2237.51,DZD,45,2024-10-07,Validated,0,0,0,45,0
INV0001759,FCT-962249,SUP00232,DPT004,PO0001597,2024-07-10,2205.38,DZD,60,2024-09-08,Validated,0,0,0,60,0
INV0001760,FCT-595167,SUP00009,DPT001,,2024-12-11,4954.16,DZD,30,2025-01-10,Validated,1,0,0,30,1
INV0001761,FCT-677207,SUP00109,DPT002,PO0004127,2024-01-30,4857.53,DZD,30,2024-02-29,Validated,0,0,0,30,0
INV0001762,FCT-294262,SUP00021,DPT009,PO0004305,2024-10-24,14553.43,DZD,30,2024-11-23,Validated,0,0,0,30,0
INV0001763,FCT-957289,SUP00204,DPT002,PO0002222,2024-12-08,1347.67,DZD,30,2025-01-07,Validated,0,0,0,30,0
INV0001764,FCT-947900,SUP00014,DPT004,PO0002469,2024-10-08,337.18,DZD,60,2024-12-07,Validated,0,0,0,60,0
INV0001765,FCT-532336,SUP00042,DPT002,PO0004686,2024-12-23,6457.79,DZD,30,2025-01-22,Disputed,0,0,0,30,0
INV0001766,FCT-509162,SUP00029,DPT005,PO0004262,2024-02-21,41951.45,DZD,30,2024-03-22,Pending Review,0,0,0,30,0
INV0001767,FCT-821915,SUP00008,DPT007,PO0000986,2024-12-17,4803.21,DZD,30,2025-01-16,Validated,0,0,0,30,0
INV0001768,FCT-493369,SUP00211,DPT001,,2024-12-26,9465.31,DZD,45,2025-02-09,Disputed,1,0,0,45,0
INV0001769,FCT-953731,SUP00009,DPT008,PO0004886,2024-12-05,5478.15,DZD,30,2025-01-04,Validated,0,0,0,30,0
INV0001770,FCT-365817,SUP00088,DPT003,PO0000409,2024-10-17,14148.53,DZD,15,2024-11-01,Validated,0,0,0,15,0
INV0001771,FCT-326009,SUP00201,DPT001,PO0002314,2024-05-10,4278.94,DZD,30,2024-06-09,Validated,0,0,0,30,0
INV0001772,FCT-279033,SUP00025,DPT004,PO0005195,2024-11-03,5515.19,EUR,30,2024-12-03,Validated,0,0,0,30,0
INV0001773,FCT-180716,SUP00153,DPT005,PO0001483,2024-01-06,39493.21,DZD,60,2024-03-06,Validated,0,0,0,60,0
INV0001774,FCT-886943,SUP00203,DPT003,PO0003745,2024-10-01,22374.59,DZD,90,2024-12-30,Validated,0,0,0,90,0
INV0001775,FCT-352687,SUP00217,DPT011,PO0000682,2024-03-07,2709.41,DZD,45,2024-04-21,Validated,0,0,0,45,0
INV0001776,FCT-563675,SUP00021,DPT007,PO0004935,2024-11-07,2792.0,DZD,30,2024-12-07,Validated,0,0,0,30,0
INV0001777,FCT-593202,SUP00023,DPT002,PO0004917,2024-03-14,3024.65,EUR,15,2024-03-29,Validated,0,0,0,15,0
INV0001778,FCT-214209,SUP00038,DPT006,PO0002815,2024-08-10,1648.42,DZD,30,2024-09-09,Validated,0,0,0,30,0
INV0001779,FCT-725904,SUP00115,DPT007,PO0004118,2024-02-17,3180.62,DZD,90,2024-05-17,Pending Review,0,0,0,90,0
INV0001780,FCT-243965,SUP00092,DPT008,PO0002514,2024-01-05,5220.15,DZD,45,2024-02-19,Validated,0,0,0,45,0
INV0001781,FCT-978105,SUP00004,DPT008,PO0002197,2024-01-13,2466.52,DZD,30,2024-02-12,Validated,0,0,0,30,0
INV0001782,FCT-540135,SUP00108,DPT001,,2024-06-18,10809.31,USD,45,2024-08-02,Validated,1,0,0,45,0
INV0001783,FCT-806257,SUP00253,DPT007,PO0003768,2024-11-03,876.03,DZD,45,2024-12-18,Pending Review,0,0,0,45,0
INV0001784,FCT-591810,SUP00194,DPT006,PO0004013,2024-03-31,1545.5,DZD,30,2024-04-30,Validated,0,0,0,30,0
INV0001785,FCT-178738,SUP00008,DPT012,PO0002488,2024-03-17,12810.13,DZD,45,2024-05-01,Validated,0,0,0,45,0
INV0001786,FCT-822867,SUP00274,DPT006,PO0000333,2024-04-23,53426.41,DZD,60,2024-06-22,Validated,0,0,0,60,0
INV0001787,FCT-928512,SUP00096,DPT006,PO0001971,2024-03-04,8028.9,DZD,45,2024-04-18,Validated,0,0,0,45,0
INV0001788,FCT-587695,SUP00181,DPT005,PO0004225,2024-04-10,2299.97,DZD,45,2024-05-25,Validated,0,0,0,45,0
INV0001789,FCT-860456,SUP00226,DPT011,PO0002839,2024-05-14,1668.9,EUR,60,2024-07-13,Validated,0,0,0,60,0
INV0001790,FCT-387524,SUP00023,DPT007,PO0003281,2024-08-18,3898.96,DZD,60,2024-10-17,Validated,0,0,0,60,0
INV0001791,FCT-293659,SUP00009,DPT012,,2024-08-10,25759.55,DZD,30,2024-09-09,Validated,1,0,0,30,0
INV0001792,FCT-762947,SUP00010,DPT009,PO0001133,2024-10-14,10843.92,DZD,45,2024-11-28,Validated,0,0,0,45,0
INV0001793,FCT-903087,SUP00020,DPT001,PO0000141,2024-05-14,1447.24,DZD,60,2024-07-13,Disputed,0,0,0,60,0
INV0001794,FCT-362912,SUP00008,DPT011,PO0002206,2024-11-13,9106.08,DZD,30,2024-12-13,Validated,0,0,0,30,0
INV0001795,FCT-304456,SUP00288,DPT009,PO0001270,2024-09-25,31254.65,DZD,30,2024-10-25,Validated,0,0,0,30,0
INV0001796,FCT-302809,SUP00203,DPT001,PO0001185,2024-11-15,23340.64,DZD,60,2025-01-14,Validated,0,0,0,60,0
INV0001797,FCT-572038,SUP00001,DPT006,PO0001391,2024-09-23,5000.0,DZD,30,2024-10-23,Validated,0,1,0,30,0
INV0001798,FCT-705046,SUP00023,DPT002,PO0002473,2024-01-08,15067.75,DZD,45,2024-02-22,Validated,0,0,0,45,0
INV0001799,FCT-792123,SUP00007,DPT006,PO0003145,2024-03-22,1373.96,DZD,45,2024-05-06,Validated,0,0,0,45,0
INV0001800,FCT-232087,SUP00229,DPT009,PO0003155,2024-10-02,2372.07,DZD,30,2024-11-01,Validated,0,0,0,30,0
INV0001801,FCT-186200,SUP00005,DPT009,PO0000553,2024-02-29,44377.23,DZD,90,2024-05-29,Pending Review,0,0,0,90,0
INV0001802,FCT-742960,SUP00138,DPT001,PO0005070,2024-12-05,4059.79,DZD,30,2025-01-04,Validated,0,0,0,30,0
INV0001803,FCT-736631,SUP00190,DPT004,PO0002900,2024-04-11,677.89,DZD,60,2024-06-10,Validated,0,0,0,60,0
INV0001804,FCT-472582,SUP00021,DPT007,PO0003480,2024-10-09,12056.14,DZD,30,2024-11-08,Validated,0,0,0,30,0
INV0001805,FCT-565983,SUP00097,DPT008,PO0004473,2024-04-14,20361.03,EUR,30,2024-05-14,Validated,0,0,0,30,0
INV0001806,FCT-255074,SUP00049,DPT010,PO0003323,2024-02-12,5472.76,DZD,15,2024-02-27,Validated,0,0,0,15,0
INV0001807,FCT-558657,SUP00107,DPT008,PO0004603,2024-04-03,11296.25,DZD,30,2024-05-03,Validated,0,0,0,30,0
INV0001808,FCT-382397,SUP00002,DPT002,PO0004747,2024-12-15,2315.97,EUR,30,2025-01-14,Validated,0,0,0,30,0
INV0001809,FCT-656878,SUP00008,DPT008,PO0003336,2024-07-08,3519.41,DZD,30,2024-08-07,Validated,0,0,0,30,0
INV0001810,FCT-966798,SUP00235,DPT004,PO0001348,2024-07-02,749.78,DZD,45,2024-08-16,Validated,0,0,0,45,0
INV0001811,FCT-168130,SUP00297,DPT004,PO0001775,2024-07-28,1746.59,DZD,30,2024-08-27,Validated,0,0,0,30,0
INV0001812,FCT-923868,SUP00007,DPT011,PO0002113,2024-07-28,31326.35,EUR,90,2024-10-26,Disputed,0,0,0,90,0
INV0001813,FCT-214550,SUP00269,DPT010,PO0003942,2024-09-30,132.69,DZD,30,2024-10-30,Validated,0,0,0,30,0
INV0001814,FCT-251437,SUP00010,DPT009,PO0003654,2024-04-13,3845.07,EUR,15,2024-04-28,Pending Review,0,0,0,15,0
INV0001815,FCT-258937,SUP00005,DPT001,PO0004622,2024-01-05,3249.26,DZD,15,2024-01-20,Validated,0,0,0,15,0
INV0001816,FCT-118521,SUP00018,DPT002,PO0002648,2024-11-05,11892.38,DZD,60,2025-01-04,Validated,0,0,0,60,0
INV0001817,FCT-236467,SUP00005,DPT005,PO0003343,2024-05-04,516.28,DZD,60,2024-07-03,Validated,0,0,0,60,0
INV0001818,FCT-814013,SUP00009,DPT005,,2024-11-16,2494.96,DZD,30,2024-12-16,Pending Review,1,0,0,30,0
INV0001819,FCT-504288,SUP00050,DPT001,,2024-08-12,3051.23,DZD,30,2024-09-11,Validated,1,0,0,30,0
INV0001820,FCT-492468,SUP00229,DPT003,,2024-10-24,9566.63,DZD,30,2024-11-23,Validated,1,0,0,30,0
INV0001821,FCT-640158,SUP00159,DPT001,PO0003197,2024-09-27,5936.63,EUR,60,2024-11-26,Validated,0,0,0,60,0
INV0001822,FCT-298134,SUP00192,DPT011,,2024-03-16,893.88,DZD,45,2024-04-30,Validated,1,0,0,45,0
INV0001823,FCT-220441,SUP00009,DPT003,PO0001623,2024-03-10,4066.0,DZD,30,2024-04-09,Validated,0,0,0,30,0
INV0001824,FCT-421599,SUP00005,DPT003,PO0003293,2024-02-16,2455.18,DZD,90,2024-05-16,Validated,0,0,0,90,0
INV0001825,FCT-770414,SUP00204,DPT002,PO0005098,2024-04-01,10229.49,DZD,30,2024-05-01,Validated,0,0,0,30,0
INV0001826,FCT-240766,SUP00003,DPT008,PO0002722,2024-12-22,4522.99,DZD,45,2025-02-05,Validated,0,0,0,45,0
INV0001827,FCT-863765,SUP00007,DPT012,PO0000982,2024-01-09,44840.32,DZD,30,2024-02-08,Validated,0,0,0,30,0
INV0001828,FCT-108320,SUP00009,DPT002,PO0002241,2024-11-14,2797.48,DZD,30,2024-12-14,Validated,0,0,0,30,0
INV0001829,FCT-186976,SUP00033,DPT009,,2024-05-30,3124.25,DZD,60,2024-07-29,Validated,1,0,0,60,0
INV0001830,FCT-396565,SUP00008,DPT009,PO0003125,2024-11-08,3255.54,DZD,30,2024-12-08,Pending Review,0,0,0,30,0
INV0001831,FCT-251457,SUP00251,DPT011,PO0001568,2024-11-10,4808.02,DZD,15,2024-11-25,Validated,0,0,0,15,0
INV0001832,FCT-491232,SUP00001,DPT007,PO0002671,2024-10-11,15804.59,DZD,60,2024-12-10,Validated,0,0,0,60,0
INV0001833,FCT-432385,SUP00173,DPT011,PO0001549,2024-04-28,3610.01,DZD,30,2024-05-28,Validated,0,0,0,30,0
INV0001834,FCT-551421,SUP00153,DPT002,PO0003675,2024-02-08,3809.37,EUR,60,2024-04-08,Validated,0,0,0,60,0
INV0001835,FCT-691338,SUP00018,DPT005,PO0004754,2024-07-06,9050.61,DZD,45,2024-08-20,Validated,0,0,0,45,0
INV0001836,FCT-293677,SUP00018,DPT001,PO0002194,2024-07-06,2021.7,DZD,30,2024-08-05,Validated,0,0,0,30,0
INV0001837,FCT-176888,SUP00055,DPT004,,2024-04-04,100000.0,DZD,15,2024-04-19,Validated,1,1,1,15,0
INV0001838,FCT-145316,SUP00214,DPT002,PO0001780,2024-02-12,3886.93,EUR,30,2024-03-13,Validated,0,0,0,30,0
INV0001839,FCT-412570,SUP00024,DPT002,PO0000376,2024-06-17,2125.52,DZD,15,2024-07-02,Validated,0,0,0,15,0
INV0001840,FCT-816881,SUP00267,DPT006,PO0002791,2024-06-03,724.14,DZD,30,2024-07-03,Validated,0,0,0,30,0
INV0001841,FCT-991754,SUP00028,DPT001,PO0003522,2024-03-13,1690.22,DZD,30,2024-04-12,Validated,0,0,0,30,0
INV0001842,FCT-802887,SUP00008,DPT001,,2024-02-28,4733.34,DZD,30,2024-03-29,Validated,1,0,0,30,0
INV0001843,FCT-568188,SUP00300,DPT012,,2024-06-27,5397.86,USD,30,2024-07-27,Validated,1,0,0,30,0
INV0001844,FCT-565334,SUP00017,DPT011,PO0005084,2024-06-24,4329.39,DZD,30,2024-07-24,Validated,0,0,0,30,0
INV0001845,FCT-255949,SUP00001,DPT008,PO0003363,2024-07-04,1094.62,DZD,30,2024-08-03,Validated,0,0,0,30,0
INV0001846,FCT-375657,SUP00220,DPT001,,2024-09-02,4705.14,DZD,30,2024-10-02,Pending Review,1,0,0,30,0
INV0001847,FCT-650447,SUP00166,DPT002,PO0000329,2024-08-17,1006.27,USD,45,2024-10-01,Validated,0,0,0,45,0
INV0001848,FCT-120524,SUP00049,DPT002,PO0003323,2024-11-02,20000.0,DZD,30,2024-12-02,Validated,0,1,0,30,0
INV0001849,FCT-420808,SUP00012,DPT005,,2024-11-25,20907.82,DZD,15,2024-12-10,Validated,1,0,0,15,0
INV0001850,FCT-685870,SUP00143,DPT003,PO0005075,2024-01-30,5138.82,DZD,90,2024-04-29,Validated,0,0,0,90,0
INV0001851,FCT-900725,SUP00007,DPT002,PO0000793,2024-05-10,9752.5,DZD,30,2024-06-09,Validated,0,0,0,30,0
INV0001852,FCT-862685,SUP00284,DPT012,PO0001614,2024-11-21,30039.78,USD,30,2024-12-21,Pending Review,0,0,0,30,0
INV0001853,FCT-955520,SUP00008,DPT005,,2024-12-04,5416.33,DZD,30,2025-01-03,Validated,1,0,0,30,0
INV0001854,FCT-677029,SUP00316,DPT004,,2024-03-10,17464.88,DZD,30,2024-04-09,Validated,1,0,0,30,0
INV0001855,FCT-311745,SUP00194,DPT008,,2024-03-22,9030.91,DZD,30,2024-04-21,Validated,1,0,0,30,0
INV0001856,FCT-301217,SUP00015,DPT005,PO0000679,2024-12-10,2529.16,DZD,30,2025-01-09,Validated,0,0,0,30,0
INV0001857,FCT-926981,SUP00023,DPT009,PO0003899,2024-02-24,4897.99,DZD,15,2024-03-10,Validated,0,0,0,15,0
INV0001858,FCT-721640,SUP00027,DPT007,PO0002747,2024-06-24,2436.94,DZD,15,2024-07-09,Pending Review,0,0,0,15,0
INV0001859,FCT-798219,SUP00041,DPT004,PO0004278,2024-11-09,11678.18,DZD,45,2024-12-24,Validated,0,0,0,45,0
INV0001860,FCT-553763,SUP00022,DPT001,PO0002200,2024-01-21,18196.06,DZD,30,2024-02-20,Validated,0,0,0,30,0
INV0001861,FCT-240058,SUP00269,DPT006,PO0004161,2024-11-17,1199.73,USD,30,2024-12-17,Validated,0,0,0,30,0
INV0001862,FCT-631862,SUP00004,DPT012,PO0003967,2024-10-15,2102.53,EUR,45,2024-11-29,Validated,0,0,0,45,0
INV0001863,FCT-843574,SUP00023,DPT002,PO0004113,2024-11-17,3829.83,DZD,30,2024-12-17,Validated,0,0,0,30,0
INV0001864,FCT-319649,SUP00004,DPT003,,2024-01-18,2262.58,DZD,45,2024-03-03,Validated,1,0,0,45,0
INV0001865,FCT-260000,SUP00037,DPT009,PO0002058,2024-03-06,4412.44,DZD,30,2024-04-05,Validated,0,0,0,30,0
INV0001866,FCT-504433,SUP00021,DPT003,PO0002005,2024-08-17,8770.15,DZD,45,2024-10-01,Validated,0,0,0,45,0
INV0001867,FCT-108731,SUP00148,DPT002,PO0002016,2024-05-01,25353.69,DZD,45,2024-06-15,Validated,0,0,0,45,0
INV0001868,FCT-187022,SUP00007,DPT003,PO0004723,2024-10-17,3229.99,EUR,30,2024-11-16,Validated,0,0,0,30,0
INV0001869,FCT-800128,SUP00002,DPT003,PO0004576,2024-01-05,3061.28,DZD,30,2024-02-04,Validated,0,0,0,30,0
INV0001870,FCT-877388,SUP00016,DPT005,,2024-06-17,8860.35,EUR,30,2024-07-17,Validated,1,0,0,30,0
INV0001871,FCT-411523,SUP00259,DPT008,PO0002789,2024-03-13,5441.81,USD,30,2024-04-12,Validated,0,0,0,30,0
INV0001872,FCT-162775,SUP00257,DPT006,PO0005197,2024-09-05,5000.0,DZD,30,2024-10-05,Validated,0,1,0,30,0
INV0001873,FCT-929482,SUP00212,DPT002,PO0004502,2024-08-07,2140.36,DZD,45,2024-09-21,Validated,0,0,0,45,0
INV0001874,FCT-924232,SUP00118,DPT010,PO0004782,2024-07-27,3855.2,DZD,45,2024-09-10,Validated,0,0,0,45,0
INV0001875,FCT-498598,SUP00095,DPT002,,2024-08-02,14084.33,DZD,15,2024-08-17,Validated,1,0,0,15,0
INV0001876,FCT-950509,SUP00058,DPT002,PO0002680,2024-01-26,20629.25,EUR,30,2024-02-25,Validated,0,0,0,30,0
INV0001877,FCT-649397,SUP00135,DPT003,PO0001890,2024-04-03,1697.88,DZD,60,2024-06-02,Pending Review,0,0,0,60,0
INV0001878,FCT-709207,SUP00023,DPT004,PO0004871,2024-09-10,2370.98,DZD,30,2024-10-10,Validated,0,0,0,30,0
INV0001879,FCT-771242,SUP00063,DPT010,PO0002317,2024-04-06,15499.4,DZD,30,2024-05-06,Validated,0,0,0,30,0
INV0001880,FCT-326676,SUP00011,DPT003,PO0000649,2024-12-13,3376.69,DZD,30,2025-01-12,Validated,0,0,0,30,0
INV0001881,FCT-859961,SUP00007,DPT002,PO0002254,2024-01-29,8658.6,DZD,45,2024-03-14,Validated,0,0,0,45,0
INV0001882,FCT-238013,SUP00009,DPT011,PO0001537,2024-05-05,4607.71,DZD,45,2024-06-19,Validated,0,0,0,45,0
INV0001883,FCT-259686,SUP00182,DPT006,PO0002085,2024-05-11,5949.89,DZD,60,2024-07-10,Validated,0,0,0,60,0
INV0001884,FCT-197879,SUP00145,DPT009,PO0004516,2024-02-16,3560.73,DZD,45,2024-04-01,Pending Review,0,0,0,45,0
INV0001885,FCT-283704,SUP00010,DPT010,PO0004472,2024-12-29,20702.53,DZD,15,2025-01-13,Validated,0,0,0,15,0
INV0001886,FCT-796799,SUP00230,DPT011,PO0005050,2024-04-03,962.52,DZD,45,2024-05-18,Disputed,0,0,0,45,0
INV0001887,FCT-899052,SUP00025,DPT002,PO0001619,2024-11-26,3631.86,EUR,90,2025-02-24,Validated,0,0,0,90,0
INV0001888,FCT-203306,SUP00024,DPT001,PO0003269,2024-08-19,18601.1,EUR,90,2024-11-17,Validated,0,0,0,90,0
INV0001889,FCT-362769,SUP00017,DPT003,PO0002938,2024-07-21,4482.77,DZD,45,2024-09-04,Validated,0,0,0,45,0
INV0001890,FCT-315684,SUP00001,DPT007,,2024-12-24,5011.36,DZD,45,2025-02-07,Validated,1,0,0,45,0
INV0001891,FCT-673525,SUP00066,DPT004,PO0002847,2024-01-10,17125.85,DZD,30,2024-02-09,Validated,0,0,0,30,0
INV0001892,FCT-872098,SUP00288,DPT007,,2024-10-23,9670.73,DZD,30,2024-11-22,Disputed,1,0,0,30,0
INV0001893,FCT-163802,SUP00159,DPT009,PO0003053,2024-11-06,14991.56,DZD,30,2024-12-06,Validated,0,0,0,30,0
INV0001894,FCT-404750,SUP00006,DPT006,PO0002578,2024-10-12,22441.25,USD,30,2024-11-11,Pending Review,0,0,0,30,0
INV0001895,FCT-700987,SUP00279,DPT002,PO0001462,2024-07-31,1076.71,DZD,60,2024-09-29,Validated,0,0,0,60,0
INV0001896,FCT-914797,SUP00238,DPT002,PO0000485,2024-05-11,3342.96,EUR,15,2024-05-26,Validated,0,0,0,15,0
INV0001897,FCT-267590,SUP00008,DPT011,PO0004277,2024-02-27,2191.37,DZD,90,2024-05-27,Validated,0,0,0,90,0
INV0001898,FCT-558136,SUP00111,DPT003,PO0003865,2024-08-10,8186.95,EUR,90,2024-11-08,Pending Review,0,0,0,90,0
INV0001899,FCT-818032,SUP00268,DPT005,PO0003718,2024-06-09,18618.5,DZD,30,2024-07-09,Validated,0,0,0,30,0
INV0001900,FCT-850405,SUP00001,DPT002,PO0000406,2024-05-27,317.22,DZD,30,2024-06-26,Validated,0,0,0,30,0
INV0001901,FCT-767775,SUP00005,DPT002,PO0001083,2024-12-17,910.33,DZD,30,2025-01-16,Validated,0,0,0,30,0
INV0001902,FCT-794870,SUP00018,DPT006,PO0001534,2024-01-22,25000.0,DZD,30,2024-02-21,Validated,0,1,0,30,0
INV0001903,FCT-629215,SUP00136,DPT006,PO0000514,2024-03-19,2074.57,DZD,15,2024-04-03,Validated,0,0,0,15,0
INV0001904,FCT-124742,SUP00039,DPT001,PO0000200,2024-06-28,5778.73,DZD,45,2024-08-12,Validated,0,0,0,45,0
INV0001905,FCT-235452,SUP00002,DPT008,PO0000236,2024-12-17,35254.76,USD,45,2025-01-31,Pending Review,0,0,0,45,0
INV0001906,FCT-824818,SUP00146,DPT012,PO0005037,2024-07-18,1213.19,DZD,60,2024-09-16,Validated,0,0,0,60,0
INV0001907,FCT-338691,SUP00012,DPT007,PO0001268,2024-06-23,85399.47,DZD,30,2024-07-23,Validated,0,0,0,30,0
INV0001908,FCT-729917,SUP00131,DPT004,PO0002168,2024-11-05,9926.38,DZD,30,2024-12-05,Validated,0,0,0,30,0
INV0001909,FCT-137966,SUP00304,DPT012,PO0001215,2024-09-28,10352.2,DZD,45,2024-11-12,Validated,0,0,0,45,0
INV0001910,FCT-637689,SUP00009,DPT009,PO0003757,2024-10-05,12327.98,DZD,45,2024-11-19,Validated,0,0,0,45,0
INV0001911,FCT-383525,SUP00007,DPT001,PO0002246,2024-08-21,1064.89,EUR,30,2024-09-20,Validated,0,0,0,30,0
INV0001912,FCT-629545,SUP00063,DPT010,PO0001988,2024-06-14,2739.12,DZD,15,2024-06-29,Disputed,0,0,0,15,0
INV0001913,FCT-442601,SUP00015,DPT009,PO0002151,2024-07-31,1666.08,EUR,45,2024-09-14,Validated,0,0,0,45,0
INV0001914,FCT-777003,SUP00122,DPT009,PO0002532,2024-06-30,11315.08,DZD,30,2024-07-30,Validated,0,0,0,30,0
INV0001915,FCT-518711,SUP00197,DPT005,PO0004981,2024-06-17,1896.1,DZD,60,2024-08-16,Validated,0,0,0,60,0
INV0001916,FCT-804483,SUP00007,DPT005,PO0005023,2024-10-16,4191.66,DZD,60,2024-12-15,Validated,0,0,0,60,0
INV0001917,FCT-997084,SUP00316,DPT002,,2024-07-30,2489.59,DZD,30,2024-08-29,Validated,1,0,0,30,0
INV0001918,FCT-478451,SUP00130,DPT008,,2024-04-15,27674.53,DZD,45,2024-05-30,Validated,1,0,0,45,0
INV0001919,FCT-752766,SUP00018,DPT009,PO0004717,2024-08-22,2655.84,DZD,30,2024-09-21,Validated,0,0,0,30,0
INV0001920,FCT-514793,SUP00002,DPT003,PO0004280,2024-05-11,1508.15,DZD,30,2024-06-10,Validated,0,0,0,30,0
INV0001921,FCT-453633,SUP00137,DPT012,PO0000840,2024-10-24,9296.61,DZD,45,2024-12-08,Validated,0,0,0,45,0
INV0001922,FCT-722941,SUP00028,DPT004,PO0000808,2024-11-25,4973.48,DZD,60,2025-01-24,Validated,0,0,0,60,0
INV0001923,FCT-861108,SUP00025,DPT002,PO0002502,2024-08-08,26855.23,USD,30,2024-09-07,Validated,0,0,0,30,0
INV0001924,FCT-379871,SUP00023,DPT005,PO0000943,2024-10-04,7610.68,DZD,45,2024-11-18,Validated,0,0,0,45,0
INV0001925,FCT-429831,SUP00003,DPT004,PO0003889,2024-02-22,7323.97,DZD,30,2024-03-23,Validated,0,0,0,30,0
INV0001926,FCT-471123,SUP00023,DPT009,PO0003899,2024-12-10,14687.32,EUR,30,2025-01-09,Validated,0,0,0,30,0
INV0001927,FCT-426193,SUP00011,DPT005,PO0000814,2024-09-02,9079.69,DZD,30,2024-10-02,Validated,0,0,0,30,0
INV0001928,FCT-274200,SUP00310,DPT004,PO0000139,2024-11-16,13303.35,DZD,30,2024-12-16,Validated,0,0,0,30,0
INV0001929,FCT-157328,SUP00245,DPT004,,2024-10-05,12080.97,DZD,90,2025-01-03,Validated,1,0,0,90,0
INV0001930,FCT-359923,SUP00275,DPT006,PO0001324,2024-10-05,3669.85,DZD,45,2024-11-19,Validated,0,0,0,45,0
INV0001931,FCT-761681,SUP00002,DPT001,PO0001947,2024-02-08,1344.83,DZD,45,2024-03-24,Validated,0,0,0,45,0
INV0001932,FCT-930396,SUP00285,DPT008,PO0002813,2024-04-05,4365.94,DZD,30,2024-05-05,Validated,0,0,0,30,0
INV0001933,FCT-282094,SUP00016,DPT005,PO0004010,2024-05-08,532.6,DZD,30,2024-06-07,Validated,0,0,0,30,0
INV0001934,FCT-462707,SUP00301,DPT006,PO0002287,2024-07-09,2293.09,DZD,45,2024-08-23,Validated,0,0,0,45,0
INV0001935,FCT-311623,SUP00315,DPT003,PO0000367,2024-05-31,3398.86,DZD,30,2024-06-30,Validated,0,0,0,30,0
INV0001936,FCT-872114,SUP00076,DPT009,PO0001526,2024-06-01,23814.42,DZD,30,2024-07-01,Validated,0,0,0,30,0
INV0001937,FCT-411654,SUP00012,DPT003,PO0001865,2024-07-14,4498.17,DZD,45,2024-08-28,Validated,0,0,0,45,0
INV0001938,FCT-205539,SUP00229,DPT003,PO0001246,2024-05-22,40248.51,DZD,90,2024-08-20,Pending Review,0,0,0,90,0
INV0001939,FCT-839740,SUP00007,DPT008,PO0004872,2024-07-30,9210.31,DZD,15,2024-08-14,Validated,0,0,0,15,0
INV0001940,FCT-242074,SUP00300,DPT007,,2024-10-11,822.07,DZD,30,2024-11-10,Validated,1,0,0,30,0
INV0001941,FCT-874574,SUP00242,DPT002,,2024-08-16,20043.24,DZD,60,2024-10-15,Validated,1,0,0,60,0
INV0001942,FCT-586047,SUP00010,DPT005,PO0000820,2024-05-21,17785.91,DZD,30,2024-06-20,Validated,0,0,0,30,0
INV0001943,FCT-595824,SUP00004,DPT004,PO0000623,2024-12-15,778.94,DZD,45,2025-01-29,Validated,0,0,0,45,0
INV0001944,FCT-527314,SUP00109,DPT004,PO0001777,2024-02-23,12356.13,DZD,45,2024-04-08,Validated,0,0,0,45,0
INV0001945,FCT-933029,SUP00008,DPT009,PO0001212,2024-01-02,28236.6,DZD,60,2024-03-02,Validated,0,0,0,60,0
INV0001946,FCT-265207,SUP00007,DPT003,PO0000451,2024-05-07,456.26,DZD,30,2024-06-06,Validated,0,0,0,30,0
INV0001947,FCT-484489,SUP00022,DPT009,PO0002942,2024-07-15,1554.4,EUR,30,2024-08-14,Validated,0,0,0,30,0
INV0001948,FCT-156507,SUP00022,DPT004,PO0002170,2024-10-21,25000.0,DZD,30,2024-11-20,Validated,0,1,0,30,0
INV0001949,FCT-644380,SUP00004,DPT002,PO0000721,2024-08-03,4383.99,DZD,30,2024-09-02,Validated,0,0,0,30,0
INV0001950,FCT-671763,SUP00146,DPT009,PO0000038,2024-07-04,29600.06,DZD,45,2024-08-18,Validated,0,0,0,45,0
INV0001951,FCT-936317,SUP00042,DPT005,PO0000964,2024-04-20,16087.05,DZD,45,2024-06-04,Validated,0,0,0,45,0
INV0001952,FCT-690163,SUP00016,DPT002,PO0003839,2024-01-05,14143.36,EUR,45,2024-02-19,Validated,0,0,0,45,0
INV0001953,FCT-569172,SUP00016,DPT004,PO0004870,2024-05-22,20883.48,DZD,30,2024-06-21,Pending Review,0,0,0,30,0
INV0001954,FCT-716844,SUP00094,DPT003,,2024-08-15,2126.78,EUR,60,2024-10-14,Validated,1,0,0,60,0
INV0001955,FCT-514870,SUP00289,DPT010,,2024-10-26,20000.0,USD,30,2024-11-25,Validated,1,1,0,30,0
INV0001956,FCT-954559,SUP00183,DPT005,PO0001353,2024-03-04,51148.28,DZD,30,2024-04-03,Validated,0,0,0,30,0
INV0001957,FCT-126073,SUP00008,DPT005,PO0003372,2024-04-05,3646.89,DZD,60,2024-06-04,Validated,0,0,0,60,0
INV0001958,FCT-419619,SUP00317,DPT001,PO0000123,2024-02-09,19206.12,DZD,30,2024-03-10,Validated,0,0,0,30,0
INV0001959,FCT-892479,SUP00004,DPT010,PO0004377,2024-09-14,4346.26,DZD,30,2024-10-14,Validated,0,0,0,30,0
INV0001960,FCT-696411,SUP00027,DPT003,PO0002335,2024-04-21,2260.91,DZD,15,2024-05-06,Validated,0,0,0,15,0
INV0001961,FCT-270092,SUP00223,DPT006,PO0001906,2024-11-17,1753.86,DZD,15,2024-12-02,Disputed,0,0,0,15,0
INV0001962,FCT-763164,SUP00010,DPT008,,2024-10-08,10309.28,DZD,15,2024-10-23,Validated,1,0,0,15,0
INV0001963,FCT-511325,SUP00302,DPT002,PO0001411,2024-12-12,24456.43,DZD,45,2025-01-26,Pending Review,0,0,0,45,0
INV0001964,FCT-650426,SUP00062,DPT011,PO0000769,2024-01-19,9582.98,DZD,45,2024-03-04,Validated,0,0,0,45,0
INV0001965,FCT-814644,SUP00008,DPT003,PO0001112,2024-11-10,7315.41,DZD,30,2024-12-10,Validated,0,0,0,30,0
INV0001966,FCT-773236,SUP00214,DPT003,PO0004431,2024-03-16,1457.91,DZD,90,2024-06-14,Validated,0,0,0,90,0
INV0001967,FCT-561390,SUP00010,DPT012,,2024-08-01,5468.19,DZD,15,2024-08-16,Validated,1,0,0,15,0
INV0001968,FCT-815667,SUP00019,DPT011,PO0004442,2024-03-14,6722.39,DZD,30,2024-04-13,Validated,0,0,0,30,0
INV0001969,FCT-802884,SUP00035,DPT003,PO0001068,2024-08-20,1986.01,DZD,30,2024-09-19,Validated,0,0,0,30,0
INV0001970,FCT-580474,SUP00018,DPT003,PO0005160,2024-10-27,9001.31,DZD,30,2024-11-26,Validated,0,0,0,30,0
INV0001971,FCT-853054,SUP00209,DPT004,PO0000438,2024-06-14,2474.22,DZD,60,2024-08-13,Validated,0,0,0,60,0
INV0001972,FCT-478041,SUP00130,DPT004,PO0000107,2024-04-01,3479.86,DZD,45,2024-05-16,Validated,0,0,0,45,0
INV0001973,FCT-869764,SUP00023,DPT006,,2024-06-26,13305.66,DZD,30,2024-07-26,Disputed,1,0,0,30,0
INV0001974,FCT-786909,SUP00010,DPT003,,2024-07-30,34388.56,DZD,15,2024-08-14,Validated,1,0,0,15,0
INV0001975,FCT-171616,SUP00006,DPT004,,2024-09-30,31110.18,DZD,60,2024-11-29,Validated,1,0,0,60,1
INV0001976,FCT-505747,SUP00113,DPT001,PO0001699,2024-02-16,4650.33,DZD,30,2024-03-17,Validated,0,0,0,30,0
INV0001977,FCT-285902,SUP00029,DPT001,PO0002011,2024-01-18,10293.56,EUR,30,2024-02-17,Validated,0,0,0,30,0
INV0001978,FCT-292350,SUP00125,DPT010,,2024-10-15,11370.65,DZD,30,2024-11-14,Validated,1,0,0,30,0
INV0001979,FCT-918526,SUP00078,DPT005,PO0001852,2024-02-09,11294.01,DZD,15,2024-02-24,Pending Review,0,0,0,15,0
INV0001980,FCT-820314,SUP00014,DPT003,PO0003430,2024-04-05,6352.43,DZD,45,2024-05-20,Pending Review,0,0,0,45,0
INV0001981,FCT-336486,SUP00008,DPT009,PO0003125,2024-11-22,24375.32,DZD,60,2025-01-21,Validated,0,0,0,60,0
INV0001982,FCT-657735,SUP00215,DPT012,PO0001846,2024-06-17,2714.43,EUR,60,2024-08-16,Validated,0,0,0,60,0
INV0001983,FCT-735990,SUP00032,DPT008,PO0002248,2024-02-04,1479.58,USD,30,2024-03-05,Validated,0,0,0,30,0
INV0001984,FCT-242902,SUP00008,DPT006,,2024-05-01,8259.32,DZD,30,2024-05-31,Validated,1,0,0,30,0
INV0001985,FCT-576145,SUP00014,DPT004,,2024-11-11,50000.0,DZD,45,2024-12-26,Validated,1,1,0,45,0
INV0001986,FCT-688340,SUP00002,DPT003,PO0003537,2024-08-27,10000.0,DZD,45,2024-10-11,Validated,0,1,0,45,0
INV0001987,FCT-943282,SUP00210,DPT002,,2024-10-08,3221.71,DZD,30,2024-11-07,Validated,1,0,0,30,0
INV0001988,FCT-522654,SUP00023,DPT004,PO0001346,2024-04-04,18071.02,DZD,90,2024-07-03,Validated,0,0,0,90,0
INV0001989,FCT-329869,SUP00006,DPT010,PO0000821,2024-10-26,9487.7,DZD,30,2024-11-25,Disputed,0,0,0,30,0
INV0001990,FCT-547728,SUP00026,DPT006,PO0002492,2024-01-01,20000.0,DZD,30,2024-01-31,Validated,0,1,0,30,0
INV0001991,FCT-825622,SUP00005,DPT002,PO0002756,2024-03-03,10896.96,DZD,30,2024-04-02,Validated,0,0,0,30,0
INV0001992,FCT-245676,SUP00275,DPT003,PO0002428,2024-07-10,2602.96,DZD,30,2024-08-09,Validated,0,0,0,30,0
INV0001993,FCT-468685,SUP00003,DPT004,PO0004771,2024-11-15,87298.87,DZD,30,2024-12-15,Validated,0,0,0,30,0
INV0001994,FCT-198616,SUP00012,DPT003,PO0001783,2024-12-21,2222.77,DZD,45,2025-02-04,Validated,0,0,0,45,0
INV0001995,FCT-316374,SUP00136,DPT001,PO0004331,2024-05-25,1907.11,DZD,60,2024-07-24,Validated,0,0,0,60,0
INV0001996,FCT-182681,SUP00295,DPT002,PO0003775,2024-10-30,448.04,DZD,45,2024-12-14,Validated,0,0,0,45,0
INV0001997,FCT-541775,SUP00015,DPT003,,2024-04-02,2284.46,EUR,30,2024-05-02,Validated,1,0,0,30,0
INV0001998,FCT-725654,SUP00004,DPT006,PO0001856,2024-12-28,20000.0,DZD,45,2025-02-11,Validated,0,1,0,45,0
INV0001999,FCT-586832,SUP00283,DPT005,PO0001816,2024-02-10,1683.3,DZD,30,2024-03-11,Validated,0,0,0,30,0
INV0002000,FCT-201982,SUP00024,DPT002,PO0003225,2024-06-11,9965.16,DZD,45,2024-07-26,Validated,0,0,0,45,0
INV0002001,FCT-199199,SUP00069,DPT002,PO0002237,2024-01-02,7417.52,DZD,45,2024-02-16,Validated,0,0,0,45,0
INV0002002,FCT-504017,SUP00226,DPT011,,2024-07-26,1795.32,EUR,30,2024-08-25,Validated,1,0,0,30,0
INV0002003,FCT-272980,SUP00009,DPT005,,2024-06-09,4808.1,DZD,30,2024-07-09,Validated,1,0,0,30,0
INV0002004,FCT-235653,SUP00054,DPT002,PO0000858,2024-10-18,1867.07,DZD,45,2024-12-02,Validated,0,0,0,45,0
INV0002005,FCT-918315,SUP00055,DPT001,PO0001387,2024-08-18,14804.63,DZD,30,2024-09-17,Validated,0,0,0,30,0
INV0002006,FCT-432989,SUP00128,DPT007,,2024-05-03,678.38,EUR,45,2024-06-17,Validated,1,0,0,45,0
INV0002007,FCT-699134,SUP00279,DPT011,PO0003648,2024-12-12,12869.57,DZD,45,2025-01-26,Validated,0,0,0,45,0
INV0002008,FCT-493449,SUP00052,DPT005,PO0002422,2024-02-11,2403.58,DZD,30,2024-03-12,Validated,0,0,0,30,0
INV0002009,FCT-733719,SUP00002,DPT001,PO0000951,2024-01-26,6304.06,DZD,30,2024-02-25,Validated,0,0,0,30,0
INV0002010,FCT-406233,SUP00024,DPT001,PO0001735,2024-03-02,9420.42,USD,45,2024-04-16,Validated,0,0,0,45,0
INV0002011,FCT-418567,SUP00006,DPT003,PO0001847,2024-07-26,6484.6,DZD,30,2024-08-25,Validated,0,0,0,30,0
INV0002012,FCT-881952,SUP00070,DPT006,PO0002174,2024-12-17,59037.08,EUR,30,2025-01-16,Validated,0,0,0,30,0
INV0002013,FCT-585791,SUP00018,DPT001,PO0004828,2024-02-27,3410.07,DZD,15,2024-03-13,Pending Review,0,0,0,15,0
INV0002014,FCT-785132,SUP00215,DPT006,PO0001954,2024-10-03,1142.56,EUR,45,2024-11-17,Validated,0,0,0,45,0
INV0002015,FCT-134680,SUP00057,DPT004,PO0001697,2024-04-15,67081.57,EUR,45,2024-05-30,Validated,0,0,0,45,0
INV0002016,FCT-397895,SUP00070,DPT006,PO0002939,2024-02-25,8450.94,DZD,30,2024-03-26,Validated,0,0,0,30,0
INV0002017,FCT-228928,SUP00103,DPT001,,2024-10-11,6583.1,DZD,60,2024-12-10,Validated,1,0,0,60,0
INV0002018,FCT-132471,SUP00014,DPT005,PO0000497,2024-10-18,72763.43,DZD,30,2024-11-17,Validated,0,0,0,30,0
INV0002019,FCT-977969,SUP00244,DPT002,PO0004570,2024-09-14,1229.94,DZD,30,2024-10-14,Validated,0,0,0,30,0
INV0002020,FCT-828789,SUP00138,DPT012,PO0001670,2024-10-06,5038.81,DZD,45,2024-11-20,Validated,0,0,0,45,0
INV0002021,FCT-288613,SUP00240,DPT005,PO0004078,2024-06-20,1593.37,USD,45,2024-08-04,Validated,0,0,0,45,0
INV0002022,FCT-343829,SUP00185,DPT006,PO0004785,2024-05-17,4902.12,DZD,90,2024-08-15,Validated,0,0,0,90,0
INV0002023,FCT-541799,SUP00021,DPT007,PO0003480,2024-01-09,1072.55,DZD,30,2024-02-08,Validated,0,0,0,30,0
INV0002024,FCT-369974,SUP00029,DPT009,PO0002483,2024-07-05,6180.14,DZD,60,2024-09-03,Validated,0,0,0,60,0
INV0002025,FCT-937358,SUP00028,DPT003,PO0003467,2024-09-22,5688.77,DZD,60,2024-11-21,Validated,0,0,0,60,0
INV0002026,FCT-533530,SUP00006,DPT003,PO0003944,2024-03-10,5366.12,DZD,30,2024-04-09,Validated,0,0,0,30,0
INV0002027,FCT-688001,SUP00278,DPT009,,2024-04-16,411.22,DZD,60,2024-06-15,Validated,1,0,0,60,0
INV0002028,FCT-732593,SUP00034,DPT002,PO0002064,2024-07-26,13525.65,DZD,30,2024-08-25,Validated,0,0,0,30,0
INV0002029,FCT-249543,SUP00241,DPT002,PO0002989,2024-04-09,4294.2,DZD,90,2024-07-08,Validated,0,0,0,90,0
INV0002030,FCT-580939,SUP00018,DPT003,PO0005160,2024-11-17,115106.68,DZD,45,2025-01-01,Validated,0,0,1,45,0
INV0002031,FCT-504354,SUP00130,DPT002,PO0003085,2024-07-11,3266.7,EUR,30,2024-08-10,Validated,0,0,0,30,0
INV0002032,FCT-759040,SUP00004,DPT008,PO0001702,2024-06-01,2702.94,DZD,30,2024-07-01,Validated,0,0,0,30,0
INV0002033,FCT-516421,SUP00001,DPT009,,2024-04-07,6767.58,DZD,45,2024-05-22,Validated,1,0,0,45,0
INV0002034,FCT-151615,SUP00049,DPT011,,2024-11-27,1361.15,EUR,90,2025-02-25,Validated,1,0,0,90,0
INV0002035,FCT-528008,SUP00002,DPT009,PO0003711,2024-09-18,100000.0,DZD,45,2024-11-02,Pending Review,0,1,1,45,0
INV0002036,FCT-860592,SUP00001,DPT008,PO0000453,2024-07-28,1924.87,DZD,30,2024-08-27,Validated,0,0,0,30,0
INV0002037,FCT-857271,SUP00014,DPT010,PO0000600,2024-04-16,2179.5,DZD,60,2024-06-15,Validated,0,0,0,60,0
INV0002038,FCT-320568,SUP00002,DPT012,PO0004264,2024-02-13,14881.44,DZD,30,2024-03-14,Validated,0,0,0,30,0
INV0002039,FCT-600122,SUP00004,DPT007,PO0002377,2024-10-21,10000.0,DZD,30,2024-11-20,Validated,0,1,0,30,0
INV0002040,FCT-682597,SUP00153,DPT003,,2024-01-18,7492.35,DZD,45,2024-03-03,Validated,1,0,0,45,0
INV0002041,FCT-789212,SUP00009,DPT009,PO0003881,2024-06-08,20000.0,DZD,45,2024-07-23,Validated,0,1,0,45,0
INV0002042,FCT-380520,SUP00031,DPT009,PO0003751,2024-07-28,100000.0,DZD,30,2024-08-27,Validated,0,1,1,30,0
INV0002043,FCT-428691,SUP00061,DPT011,PO0000384,2024-07-07,1833.6,DZD,45,2024-08-21,Validated,0,0,0,45,0
INV0002044,FCT-885138,SUP00008,DPT008,PO0003462,2024-09-08,825.67,DZD,60,2024-11-07,Validated,0,0,0,60,0
INV0002045,FCT-726294,SUP00055,DPT006,PO0002826,2024-01-13,9183.19,DZD,90,2024-04-12,Validated,0,0,0,90,0
INV0002046,FCT-229971,SUP00181,DPT010,,2024-03-23,4688.59,DZD,30,2024-04-22,Disputed,1,0,0,30,0
INV0002047,FCT-485405,SUP00194,DPT011,PO0003927,2024-01-08,4559.38,DZD,30,2024-02-07,Validated,0,0,0,30,0
INV0002048,FCT-126809,SUP00021,DPT008,PO0004737,2024-04-01,12958.59,DZD,30,2024-05-01,Validated,0,0,0,30,0
INV0002049,FCT-790669,SUP00006,DPT012,PO0003566,2024-03-18,4156.13,DZD,60,2024-05-17,Validated,0,0,0,60,0
INV0002050,FCT-407145,SUP00166,DPT002,PO0004290,2024-11-10,803.05,DZD,45,2024-12-25,Validated,0,0,0,45,0
INV0002051,FCT-761898,SUP00230,DPT003,PO0004398,2024-05-06,4061.62,DZD,30,2024-06-05,Disputed,0,0,0,30,0
INV0002052,FCT-950001,SUP00186,DPT003,PO0000756,2024-07-25,8358.57,USD,90,2024-10-23,Validated,0,0,0,90,0
INV0002053,FCT-406326,SUP00002,DPT004,PO0002328,2024-03-05,7368.59,DZD,30,2024-04-04,Validated,0,0,0,30,0
INV0002054,FCT-990876,SUP00234,DPT001,PO0001186,2024-10-09,4885.61,EUR,30,2024-11-08,Disputed,0,0,0,30,0
INV0002055,FCT-420794,SUP00109,DPT002,PO0004127,2024-07-02,96057.52,DZD,30,2024-08-01,Validated,0,0,0,30,0
INV0002056,FCT-394284,SUP00284,DPT004,PO0003593,2024-11-21,40481.69,DZD,30,2024-12-21,Validated,0,0,0,30,0
INV0002057,FCT-840656,SUP00003,DPT002,PO0001536,2024-08-07,1508.81,DZD,30,2024-09-06,Validated,0,0,0,30,0
INV0002058,FCT-144833,SUP00151,DPT003,PO0003739,2024-10-15,1242.88,EUR,30,2024-11-14,Validated,0,0,0,30,0
INV0002059,FCT-637801,SUP00006,DPT007,PO0004466,2024-10-20,27582.35,DZD,30,2024-11-19,Validated,0,0,0,30,0
INV0002060,FCT-246193,SUP00085,DPT005,PO0001669,2024-01-29,15000.0,DZD,30,2024-02-28,Pending Review,0,1,0,30,0
INV0002061,FCT-654271,SUP00125,DPT004,PO0004927,2024-07-06,32907.66,USD,30,2024-08-05,Validated,0,0,0,30,0
INV0002062,FCT-348464,SUP00008,DPT002,PO0003238,2024-05-12,3601.89,DZD,45,2024-06-26,Validated,0,0,0,45,0
INV0002063,FCT-962695,SUP00012,DPT004,PO0001942,2024-05-14,4991.98,DZD,45,2024-06-28,Validated,0,0,0,45,0
INV0002064,FCT-378687,SUP00009,DPT012,PO0004591,2024-05-25,776.64,DZD,15,2024-06-09,Validated,0,0,0,15,0
INV0002065,FCT-301002,SUP00083,DPT010,PO0000699,2024-12-03,7083.46,DZD,45,2025-01-17,Validated,0,0,0,45,0
INV0002066,FCT-777647,SUP00012,DPT006,PO0005176,2024-12-21,2879.75,DZD,45,2025-02-04,Disputed,0,0,0,45,0
INV0002067,FCT-569768,SUP00003,DPT011,PO0000931,2024-06-08,2446.12,DZD,90,2024-09-06,Validated,0,0,0,90,0
INV0002068,FCT-698093,SUP00001,DPT002,PO0001377,2024-12-29,17366.61,DZD,30,2025-01-28,Validated,0,0,0,30,0
INV0002069,FCT-276148,SUP00160,DPT011,PO0002612,2024-04-12,5017.52,DZD,45,2024-05-27,Validated,0,0,0,45,0
INV0002070,FCT-338232,SUP00010,DPT003,PO0004234,2024-09-25,15498.95,DZD,90,2024-12-24,Validated,0,0,0,90,0
INV0002071,FCT-315633,SUP00001,DPT002,PO0001462,2024-01-28,5302.32,DZD,45,2024-03-13,Validated,0,0,0,45,0
INV0002072,FCT-775624,SUP00128,DPT002,PO0001428,2024-02-27,11275.55,DZD,30,2024-03-28,Validated,0,0,0,30,0
INV0002073,FCT-648121,SUP00010,DPT004,PO0000627,2024-03-08,1326.91,DZD,60,2024-05-07,Validated,0,0,0,60,0
INV0002074,FCT-394523,SUP00003,DPT004,PO0000894,2024-07-27,1929.41,DZD,30,2024-08-26,Validated,0,0,0,30,0
INV0002075,FCT-203646,SUP00015,DPT001,,2024-09-09,10110.84,EUR,30,2024-10-09,Validated,1,0,0,30,0
INV0002076,FCT-644962,SUP00080,DPT003,PO0004301,2024-01-12,42038.88,USD,30,2024-02-11,Validated,0,0,0,30,0
INV0002077,FCT-234166,SUP00002,DPT008,PO0000800,2024-03-13,10262.74,EUR,30,2024-04-12,Validated,0,0,0,30,0
INV0002078,FCT-965169,SUP00183,DPT004,PO0003622,2024-11-18,6110.35,DZD,30,2024-12-18,Validated,0,0,0,30,0
INV0002079,FCT-319116,SUP00005,DPT008,PO0005120,2024-05-13,33780.84,USD,30,2024-06-12,Validated,0,0,0,30,0
INV0002080,FCT-421322,SUP00002,DPT001,PO0005038,2024-09-18,4671.36,DZD,30,2024-10-18,Validated,0,0,0,30,0
INV0002081,FCT-557266,SUP00030,DPT003,PO0000862,2024-01-11,2401.75,DZD,60,2024-03-11,Validated,0,0,0,60,0
INV0002082,FCT-317227,SUP00113,DPT004,PO0001904,2024-06-06,6050.63,DZD,30,2024-07-06,Validated,0,0,0,30,0
INV0002083,FCT-963184,SUP00107,DPT001,,2024-05-18,9215.8,DZD,30,2024-06-17,Pending Review,1,0,0,30,0
INV0002084,FCT-631812,SUP00006,DPT002,PO0002931,2024-10-15,1399.44,DZD,15,2024-10-30,Validated,0,0,0,15,0
INV0002085,FCT-712828,SUP00005,DPT006,PO0003351,2024-08-24,6963.61,USD,15,2024-09-08,Validated,0,0,0,15,0
INV0002086,FCT-197370,SUP00201,DPT004,PO0002816,2024-01-26,15000.0,DZD,60,2024-03-26,Validated,0,1,0,60,0
INV0002087,FCT-687955,SUP00174,DPT003,PO0005018,2024-03-21,4248.91,DZD,60,2024-05-20,Validated,0,0,0,60,0
INV0002088,FCT-796888,SUP00005,DPT004,PO0002961,2024-07-21,5013.48,DZD,30,2024-08-20,Validated,0,0,0,30,0
INV0002089,FCT-432857,SUP00015,DPT002,PO0001266,2024-01-02,5784.44,DZD,30,2024-02-01,Validated,0,0,0,30,0
INV0002090,FCT-790371,SUP00058,DPT002,PO0002953,2024-02-11,631.62,DZD,60,2024-04-11,Validated,0,0,0,60,0
INV0002091,FCT-180395,SUP00010,DPT003,,2024-10-31,6738.42,DZD,15,2024-11-15,Validated,1,0,0,15,0
INV0002092,FCT-679556,SUP00150,DPT004,PO0000610,2024-01-08,16399.56,DZD,30,2024-02-07,Validated,0,0,0,30,0
INV0002093,FCT-816008,SUP00014,DPT005,PO0004035,2024-09-20,30311.31,EUR,30,2024-10-20,Validated,0,0,0,30,0
INV0002094,FCT-617893,SUP00006,DPT004,PO0004072,2024-07-19,31916.58,DZD,60,2024-09-17,Validated,0,0,0,60,0
INV0002095,FCT-135005,SUP00028,DPT002,PO0000332,2024-12-28,6180.72,EUR,45,2025-02-11,Pending Review,0,0,0,45,0
INV0002096,FCT-524012,SUP00026,DPT005,,2024-08-02,103811.22,DZD,45,2024-09-16,Pending Review,1,0,1,45,0
INV0002097,FCT-765091,SUP00025,DPT009,PO0005039,2024-02-19,2504.66,DZD,30,2024-03-20,Pending Review,0,0,0,30,0
INV0002098,FCT-186511,SUP00282,DPT010,PO0002821,2024-08-12,2597.67,DZD,60,2024-10-11,Validated,0,0,0,60,0
INV0002099,FCT-426806,SUP00302,DPT005,PO0000476,2024-09-04,6129.08,DZD,45,2024-10-19,Validated,0,0,0,45,0
INV0002100,FCT-768262,SUP00024,DPT003,PO0004156,2024-04-17,15541.4,USD,30,2024-05-17,Validated,0,0,0,30,0
INV0002101,FCT-528669,SUP00070,DPT001,PO0003074,2024-04-03,12578.74,DZD,45,2024-05-18,Validated,0,0,0,45,0
INV0002102,FCT-507512,SUP00011,DPT004,,2024-05-27,394.03,DZD,30,2024-06-26,Disputed,1,0,0,30,0
INV0002103,FCT-568063,SUP00004,DPT007,PO0000737,2024-07-02,20000.0,DZD,90,2024-09-30,Validated,0,1,0,90,0
INV0002104,FCT-597158,SUP00209,DPT002,PO0004293,2024-04-02,14505.25,DZD,30,2024-05-02,Validated,0,0,0,30,0
INV0002105,FCT-321067,SUP00005,DPT004,PO0004895,2024-09-29,2160.44,DZD,90,2024-12-28,Validated,0,0,0,90,0
INV0002106,FCT-189486,SUP00266,DPT009,,2024-11-07,5176.86,DZD,60,2025-01-06,Validated,1,0,0,60,0
INV0002107,FCT-701305,SUP00001,DPT002,,2024-03-02,9072.19,DZD,45,2024-04-16,Validated,1,0,0,45,0
INV0002108,FCT-825069,SUP00009,DPT006,,2024-09-27,10469.28,USD,30,2024-10-27,Pending Review,1,0,0,30,0
INV0002109,FCT-351186,SUP00179,DPT010,PO0004307,2024-06-18,5000.0,DZD,30,2024-07-18,Validated,0,1,0,30,0
INV0002110,FCT-360364,SUP00007,DPT003,PO0000947,2024-02-19,25894.55,DZD,30,2024-03-20,Validated,0,0,0,30,0
INV0002111,FCT-231320,SUP00030,DPT007,PO0003521,2024-04-08,100000.0,DZD,30,2024-05-08,Validated,0,1,1,30,0
INV0002112,FCT-319697,SUP00024,DPT002,PO0003225,2024-12-01,1463.26,DZD,30,2024-12-31,Validated,0,0,0,30,0
INV0002113,FCT-423996,SUP00139,DPT011,PO0001060,2024-02-26,11782.89,DZD,60,2024-04-26,Validated,0,0,0,60,0
INV0002114,FCT-825336,SUP00273,DPT001,PO0002019,2024-01-18,20827.15,DZD,30,2024-02-17,Validated,0,0,0,30,0
INV0002115,FCT-851399,SUP00024,DPT005,PO0003510,2024-09-20,10112.39,DZD,30,2024-10-20,Validated,0,0,0,30,0
INV0002116,FCT-902521,SUP00021,DPT004,PO0003900,2024-07-18,26454.65,USD,60,2024-09-16,Validated,0,0,0,60,0
INV0002117,FCT-474639,SUP00254,DPT005,PO0001277,2024-04-04,7888.68,DZD,30,2024-05-04,Validated,0,0,0,30,0
INV0002118,FCT-238114,SUP00021,DPT007,PO0004700,2024-09-30,5187.25,DZD,30,2024-10-30,Disputed,0,0,0,30,0
INV0002119,FCT-967126,SUP00253,DPT002,PO0002047,2024-07-12,2266.35,DZD,30,2024-08-11,Validated,0,0,0,30,0
INV0002120,FCT-173585,SUP00045,DPT003,PO0000616,2024-03-27,62286.06,DZD,30,2024-04-26,Validated,0,0,0,30,0
INV0002121,FCT-133468,SUP00002,DPT002,PO0004715,2024-09-09,1804.24,DZD,30,2024-10-09,Validated,0,0,0,30,0
INV0002122,FCT-785982,SUP00033,DPT004,PO0004342,2024-11-05,5969.97,DZD,30,2024-12-05,Pending Review,0,0,0,30,0
INV0002123,FCT-116505,SUP00004,DPT007,PO0002377,2024-06-10,3984.89,DZD,30,2024-07-10,Validated,0,0,0,30,0
INV0002124,FCT-596180,SUP00003,DPT009,PO0001793,2024-10-14,1294.23,DZD,45,2024-11-28,Validated,0,0,0,45,0
INV0002125,FCT-906653,SUP00318,DPT004,PO0002629,2024-02-18,16670.51,DZD,30,2024-03-19,Validated,0,0,0,30,0
INV0002126,FCT-946952,SUP00003,DPT003,PO0000701,2024-01-24,10655.13,DZD,60,2024-03-24,Validated,0,0,0,60,0
INV0002127,FCT-272876,SUP00015,DPT003,PO0002786,2024-01-05,7947.2,DZD,30,2024-02-04,Validated,0,0,0,30,0
INV0002128,FCT-252792,SUP00120,DPT005,PO0003070,2024-05-03,2917.6,USD,60,2024-07-02,Validated,0,0,0,60,0
INV0002129,FCT-294818,SUP00004,DPT002,PO0003494,2024-05-19,11474.58,EUR,30,2024-06-18,Validated,0,0,0,30,0
INV0002130,FCT-506567,SUP00003,DPT004,PO0004615,2024-11-17,4445.82,DZD,30,2024-12-17,Validated,0,0,0,30,0
INV0002131,FCT-803676,SUP00112,DPT007,PO0003930,2024-12-27,10437.73,USD,30,2025-01-26,Validated,0,0,0,30,0
INV0002132,FCT-278513,SUP00017,DPT005,PO0002912,2024-08-20,31305.8,DZD,30,2024-09-19,Validated,0,0,0,30,0
INV0002133,FCT-262684,SUP00236,DPT001,PO0003193,2024-12-21,361.36,DZD,45,2025-02-04,Validated,0,0,0,45,0
INV0002134,FCT-478693,SUP00004,DPT004,,2024-12-20,19004.8,DZD,45,2025-02-03,Validated,1,0,0,45,0
INV0002135,FCT-652869,SUP00008,DPT001,PO0003431,2024-06-12,91994.94,DZD,45,2024-07-27,Validated,0,0,0,45,0
INV0002136,FCT-371211,SUP00007,DPT010,PO0000016,2024-04-07,43432.82,DZD,45,2024-05-22,Validated,0,0,0,45,0
INV0002137,FCT-140255,SUP00273,DPT003,PO0001747,2024-05-31,14602.32,DZD,60,2024-07-30,Validated,0,0,0,60,0
INV0002138,FCT-944790,SUP00240,DPT002,PO0000976,2024-01-06,24512.79,DZD,15,2024-01-21,Validated,0,0,0,15,0
INV0002139,FCT-888308,SUP00210,DPT004,PO0002411,2024-08-23,2259.63,DZD,60,2024-10-22,Validated,0,0,0,60,0
INV0002140,FCT-525308,SUP00078,DPT004,PO0005013,2024-11-15,7913.94,DZD,45,2024-12-30,Validated,0,0,0,45,0
INV0002141,FCT-613710,SUP00003,DPT009,PO0000311,2024-10-30,5051.91,DZD,45,2024-12-14,Validated,0,0,0,45,0
INV0002142,FCT-411584,SUP00037,DPT007,PO0004037,2024-04-01,3507.88,DZD,15,2024-04-16,Validated,0,0,0,15,0
INV0002143,FCT-504118,SUP00207,DPT006,,2024-07-30,18704.95,DZD,30,2024-08-29,Validated,1,0,0,30,0
INV0002144,FCT-806217,SUP00072,DPT001,PO0003169,2024-11-19,4783.28,DZD,45,2025-01-03,Validated,0,0,0,45,0
INV0002145,FCT-426732,SUP00010,DPT005,,2024-09-21,711.62,DZD,15,2024-10-06,Validated,1,0,0,15,0
INV0002146,FCT-814392,SUP00097,DPT010,,2024-01-22,50000.0,DZD,15,2024-02-06,Validated,1,1,0,15,0
INV0002147,FCT-381330,SUP00291,DPT002,PO0003360,2024-01-09,5814.46,DZD,30,2024-02-08,Validated,0,0,0,30,0
INV0002148,FCT-300900,SUP00002,DPT001,PO0004204,2024-11-28,13321.06,DZD,45,2025-01-12,Pending Review,0,0,0,45,0
INV0002149,FCT-337712,SUP00224,DPT003,,2024-11-16,3747.44,DZD,45,2024-12-31,Validated,1,0,0,45,0
INV0002150,FCT-529894,SUP00014,DPT004,PO0003834,2024-10-02,827.79,DZD,30,2024-11-01,Pending Review,0,0,0,30,0
INV0002151,FCT-977646,SUP00179,DPT009,PO0004954,2024-07-15,1957.61,DZD,30,2024-08-14,Validated,0,0,0,30,0
INV0002152,FCT-689382,SUP00010,DPT007,PO0003664,2024-12-22,2095.14,DZD,45,2025-02-05,Validated,0,0,0,45,0
INV0002153,FCT-374617,SUP00161,DPT006,PO0002849,2024-06-28,1841.28,DZD,45,2024-08-12,Validated,0,0,0,45,0
INV0002154,FCT-214776,SUP00201,DPT003,PO0002626,2024-08-09,3143.01,DZD,30,2024-09-08,Validated,0,0,0,30,0
INV0002155,FCT-313897,SUP00030,DPT003,PO0000357,2024-03-19,13853.99,DZD,30,2024-04-18,Disputed,0,0,0,30,0
INV0002156,FCT-453567,SUP00014,DPT001,PO0000613,2024-05-01,1226.08,USD,45,2024-06-15,Validated,0,0,0,45,0
INV0002157,FCT-512079,SUP00010,DPT007,PO0000375,2024-02-19,16572.33,DZD,45,2024-04-04,Validated,0,0,0,45,0
INV0002158,FCT-307424,SUP00016,DPT005,PO0003078,2024-07-13,1393.82,DZD,45,2024-08-27,Validated,0,0,0,45,0
INV0002159,FCT-331678,SUP00010,DPT004,PO0002126,2024-05-14,3872.71,DZD,30,2024-06-13,Validated,0,0,0,30,0
INV0002160,FCT-261877,SUP00051,DPT005,PO0003226,2024-09-15,5761.88,DZD,45,2024-10-30,Validated,0,0,0,45,0
INV0002161,FCT-344378,SUP00011,DPT002,PO0002946,2024-12-01,4252.93,DZD,30,2024-12-31,Validated,0,0,0,30,0
INV0002162,FCT-852755,SUP00006,DPT001,PO0002022,2024-11-02,12272.97,DZD,60,2025-01-01,Validated,0,0,0,60,0
INV0002163,FCT-338840,SUP00018,DPT005,,2024-07-23,5299.32,EUR,45,2024-09-06,Pending Review,1,0,0,45,0
INV0002164,FCT-277535,SUP00006,DPT005,PO0002679,2024-10-15,5011.9,USD,30,2024-11-14,Validated,0,0,0,30,0
INV0002165,FCT-224058,SUP00004,DPT012,PO0004634,2024-05-30,25000.0,DZD,30,2024-06-29,Validated,0,1,0,30,0
INV0002166,FCT-148444,SUP00224,DPT005,PO0002286,2024-08-16,25000.0,DZD,90,2024-11-14,Validated,0,1,0,90,0
INV0002167,FCT-898190,SUP00002,DPT003,PO0004576,2024-02-20,52075.8,DZD,45,2024-04-05,Validated,0,0,0,45,0
INV0002168,FCT-778624,SUP00010,DPT002,PO0002764,2024-02-05,3409.36,DZD,45,2024-03-21,Validated,0,0,0,45,0
INV0002169,FCT-265763,SUP00149,DPT006,,2024-01-23,12830.24,DZD,30,2024-02-22,Validated,1,0,0,30,0
INV0002170,FCT-325477,SUP00097,DPT009,PO0003645,2024-04-18,2327.64,DZD,60,2024-06-17,Validated,0,0,0,60,0
INV0002171,FCT-119707,SUP00020,DPT009,,2024-08-09,18642.71,DZD,30,2024-09-08,Validated,1,0,0,30,0
INV0002172,FCT-131644,SUP00075,DPT002,,2024-06-21,10902.99,DZD,30,2024-07-21,Validated,1,0,0,30,0
INV0002173,FCT-799843,SUP00023,DPT003,,2024-12-15,3937.99,DZD,30,2025-01-14,Validated,1,0,0,30,0
INV0002174,FCT-435747,SUP00002,DPT003,PO0004111,2024-01-25,3650.68,DZD,30,2024-02-24,Validated,0,0,0,30,0
INV0002175,FCT-506394,SUP00269,DPT010,PO0001458,2024-06-12,12608.76,DZD,30,2024-07-12,Validated,0,0,0,30,0
INV0002176,FCT-805269,SUP00192,DPT007,PO0004928,2024-05-25,6292.14,USD,30,2024-06-24,Validated,0,0,0,30,0
INV0002177,FCT-418741,SUP00016,DPT009,,2024-03-27,1456.69,DZD,30,2024-04-26,Validated,1,0,0,30,0
INV0002178,FCT-975007,SUP00010,DPT005,,2024-07-16,1035.6,DZD,15,2024-07-31,Validated,1,0,0,15,0
INV0002179,FCT-579732,SUP00008,DPT006,,2024-05-17,11807.39,DZD,30,2024-06-16,Validated,1,0,0,30,0
INV0002180,FCT-266111,SUP00002,DPT009,PO0001412,2024-03-19,2496.01,DZD,30,2024-04-18,Validated,0,0,0,30,0
INV0002181,FCT-601073,SUP00169,DPT001,PO0002917,2024-07-05,6251.45,DZD,30,2024-08-04,Validated,0,0,0,30,0
INV0002182,FCT-386286,SUP00001,DPT002,PO0004624,2024-03-21,11805.35,DZD,30,2024-04-20,Validated,0,0,0,30,0
INV0002183,FCT-446396,SUP00204,DPT011,PO0000154,2024-10-02,1505.93,DZD,30,2024-11-01,Validated,0,0,0,30,0
INV0002184,FCT-700053,SUP00286,DPT002,PO0001392,2024-05-13,1869.93,DZD,15,2024-05-28,Validated,0,0,0,15,0
INV0002185,FCT-866353,SUP00273,DPT001,PO0002019,2024-06-14,38794.36,DZD,30,2024-07-14,Validated,0,0,0,30,0
INV0002186,FCT-554022,SUP00213,DPT009,PO0001182,2024-03-03,3736.36,DZD,60,2024-05-02,Validated,0,0,0,60,0
INV0002187,FCT-858514,SUP00009,DPT007,PO0002261,2024-12-04,19377.18,DZD,30,2025-01-03,Validated,0,0,0,30,0
INV0002188,FCT-441246,SUP00073,DPT007,PO0004151,2024-03-05,107297.3,DZD,30,2024-04-04,Validated,0,0,1,30,0
INV0002189,FCT-428818,SUP00178,DPT004,PO0002216,2024-08-21,25000.0,DZD,60,2024-10-20,Validated,0,1,0,60,0
INV0002190,FCT-855801,SUP00180,DPT003,PO0003799,2024-08-22,2227.56,DZD,30,2024-09-21,Validated,0,0,0,30,0
INV0002191,FCT-299891,SUP00007,DPT007,PO0001142,2024-02-14,6947.13,EUR,30,2024-03-15,Validated,0,0,0,30,0
INV0002192,FCT-246546,SUP00011,DPT009,PO0003176,2024-02-23,4831.44,DZD,45,2024-04-08,Validated,0,0,0,45,0
INV0002193,FCT-537826,SUP00029,DPT004,PO0002952,2024-02-11,6484.74,DZD,30,2024-03-12,Validated,0,0,0,30,0
INV0002194,FCT-206519,SUP00277,DPT007,PO0001084,2024-12-06,5000.0,DZD,30,2025-01-05,Validated,0,1,0,30,0
INV0002195,FCT-240573,SUP00001,DPT006,PO0000542,2024-07-20,15620.7,DZD,30,2024-08-19,Validated,0,0,0,30,0
INV0002196,FCT-668430,SUP00203,DPT003,,2024-02-24,598.56,DZD,30,2024-03-25,Validated,1,0,0,30,0
INV0002197,FCT-354088,SUP00019,DPT002,PO0004551,2024-10-20,23586.84,DZD,45,2024-12-04,Validated,0,0,0,45,0
INV0002198,FCT-211320,SUP00174,DPT004,PO0004040,2024-12-05,8222.95,DZD,45,2025-01-19,Validated,0,0,0,45,0
INV0002199,FCT-444842,SUP00024,DPT011,PO0003743,2024-07-13,3103.88,DZD,30,2024-08-12,Pending Review,0,0,0,30,0
INV0002200,FCT-862821,SUP00005,DPT004,PO0001232,2024-07-22,13964.49,EUR,90,2024-10-20,Validated,0,0,0,90,0
INV0002201,FCT-444549,SUP00156,DPT001,,2024-10-20,1793.57,DZD,45,2024-12-04,Validated,1,0,0,45,0
INV0002202,FCT-379595,SUP00001,DPT007,PO0000803,2024-06-03,1892.31,USD,45,2024-07-18,Validated,0,0,0,45,0
INV0002203,FCT-261475,SUP00002,DPT001,PO0000825,2024-01-30,20288.78,DZD,45,2024-03-15,Validated,0,0,0,45,0
INV0002204,FCT-366465,SUP00286,DPT007,,2024-09-26,5000.0,DZD,45,2024-11-10,Validated,1,1,0,45,0
INV0002205,FCT-558536,SUP00013,DPT001,PO0003902,2024-04-30,100000.0,DZD,30,2024-05-30,Pending Review,0,1,1,30,0
INV0002206,FCT-449706,SUP00013,DPT006,,2024-08-30,2726.95,DZD,30,2024-09-29,Validated,1,0,0,30,0
INV0002207,FCT-652429,SUP00226,DPT012,,2024-01-18,8392.04,DZD,30,2024-02-17,Validated,1,0,0,30,0
INV0002208,FCT-499661,SUP00158,DPT001,PO0002242,2024-05-05,9372.36,DZD,30,2024-06-04,Validated,0,0,0,30,0
INV0002209,FCT-650506,SUP00110,DPT009,,2024-05-09,9573.66,DZD,30,2024-06-08,Validated,1,0,0,30,0
INV0002210,FCT-850225,SUP00100,DPT003,PO0000752,2024-04-24,12257.17,DZD,30,2024-05-24,Disputed,0,0,0,30,0
INV0002211,FCT-822038,SUP00003,DPT005,PO0000111,2024-07-26,10183.82,DZD,60,2024-09-24,Validated,0,0,0,60,0
INV0002212,FCT-986013,SUP00152,DPT006,PO0002806,2024-06-07,6136.77,DZD,60,2024-08-06,Validated,0,0,0,60,0
INV0002213,FCT-169447,SUP00004,DPT004,,2024-12-03,643.65,DZD,45,2025-01-17,Validated,1,0,0,45,0
INV0002214,FCT-329726,SUP00027,DPT005,PO0003195,2024-09-19,16216.71,EUR,15,2024-10-04,Validated,0,0,0,15,0
INV0002215,FCT-241201,SUP00181,DPT009,PO0004857,2024-06-16,391.55,DZD,30,2024-07-16,Validated,0,0,0,30,0
INV0002216,FCT-761841,SUP00008,DPT001,PO0003469,2024-04-08,1452.79,DZD,30,2024-05-08,Validated,0,0,0,30,0
INV0002217,FCT-493270,SUP00196,DPT003,PO0001966,2024-05-17,2669.4,DZD,30,2024-06-16,Disputed,0,0,0,30,0
INV0002218,FCT-109581,SUP00055,DPT001,PO0001387,2024-04-23,16960.98,EUR,45,2024-06-07,Validated,0,0,0,45,0
INV0002219,FCT-534535,SUP00122,DPT009,PO0002532,2024-09-05,4649.17,DZD,30,2024-10-05,Disputed,0,0,0,30,0
INV0002220,FCT-591221,SUP00096,DPT005,PO0000176,2024-12-06,51854.4,EUR,15,2024-12-21,Validated,0,0,0,15,0
INV0002221,FCT-284918,SUP00274,DPT011,PO0000264,2024-09-19,1218.27,DZD,45,2024-11-03,Validated,0,0,0,45,0
INV0002222,FCT-386365,SUP00273,DPT002,PO0001266,2024-12-07,1694.94,DZD,30,2025-01-06,Pending Review,0,0,0,30,0
INV0002223,FCT-369415,SUP00027,DPT009,PO0001768,2024-03-03,451.24,DZD,60,2024-05-02,Validated,0,0,0,60,0
INV0002224,FCT-575763,SUP00009,DPT001,,2024-02-01,1605.53,DZD,30,2024-03-02,Validated,1,0,0,30,0
INV0002225,FCT-243455,SUP00016,DPT003,PO0003572,2024-09-12,2900.03,DZD,15,2024-09-27,Validated,0,0,0,15,0
INV0002226,FCT-524945,SUP00125,DPT006,PO0004242,2024-12-24,32359.95,DZD,30,2025-01-23,Validated,0,0,0,30,0
INV0002227,FCT-588460,SUP00014,DPT010,PO0000988,2024-07-15,20000.0,DZD,30,2024-08-14,Pending Review,0,1,0,30,0
INV0002228,FCT-577678,SUP00010,DPT003,PO0004881,2024-06-14,7896.84,DZD,30,2024-07-14,Validated,0,0,0,30,0
INV0002229,FCT-529446,SUP00029,DPT003,PO0000229,2024-07-04,4196.77,DZD,30,2024-08-03,Validated,0,0,0,30,0
INV0002230,FCT-757941,SUP00026,DPT011,,2024-02-26,14464.2,DZD,45,2024-04-11,Validated,1,0,0,45,0
INV0002231,FCT-719143,SUP00009,DPT001,PO0001469,2024-12-24,25943.37,DZD,60,2025-02-22,Validated,0,0,0,60,0
INV0002232,FCT-533733,SUP00075,DPT005,PO0004097,2024-01-22,2853.34,DZD,15,2024-02-06,Validated,0,0,0,15,0
INV0002233,FCT-667450,SUP00007,DPT009,PO0001613,2024-10-08,3199.31,EUR,45,2024-11-22,Validated,0,0,0,45,0
INV0002234,FCT-183620,SUP00149,DPT004,,2024-06-01,3654.87,DZD,30,2024-07-01,Validated,1,0,0,30,0
INV0002235,FCT-343799,SUP00277,DPT002,PO0002062,2024-10-24,816.75,DZD,15,2024-11-08,Validated,0,0,0,15,0
INV0002236,FCT-307307,SUP00013,DPT003,PO0004346,2024-09-23,24162.9,DZD,45,2024-11-07,Validated,0,0,0,45,0
INV0002237,FCT-784202,SUP00261,DPT001,,2024-10-26,10000.0,DZD,30,2024-11-25,Validated,1,1,0,30,0
INV0002238,FCT-470076,SUP00160,DPT006,,2024-09-23,4303.79,DZD,45,2024-11-07,Validated,1,0,0,45,0
INV0002239,FCT-236644,SUP00093,DPT009,PO0003504,2024-08-24,32028.43,DZD,30,2024-09-23,Validated,0,0,0,30,0
INV0002240,FCT-635201,SUP00269,DPT008,PO0001100,2024-07-13,3227.49,DZD,90,2024-10-11,Validated,0,0,0,90,0
INV0002241,FCT-667352,SUP00089,DPT005,PO0004598,2024-01-10,25744.63,DZD,30,2024-02-09,Validated,0,0,0,30,0
INV0002242,FCT-870939,SUP00311,DPT003,,2024-10-28,803.99,DZD,60,2024-12-27,Validated,1,0,0,60,0
INV0002243,FCT-658050,SUP00125,DPT008,PO0002410,2024-05-14,11449.04,DZD,60,2024-07-13,Pending Review,0,0,0,60,0
INV0002244,FCT-935529,SUP00184,DPT008,,2024-05-20,3596.49,DZD,30,2024-06-19,Validated,1,0,0,30,0
INV0002245,FCT-311864,SUP00264,DPT002,PO0002067,2024-10-06,976.22,DZD,30,2024-11-05,Pending Review,0,0,0,30,0
INV0002246,FCT-536933,SUP00304,DPT011,PO0000795,2024-01-27,1626.47,DZD,30,2024-02-26,Validated,0,0,0,30,0
INV0002247,FCT-275840,SUP00170,DPT010,PO0002083,2024-03-06,7054.78,DZD,30,2024-04-05,Validated,0,0,0,30,0
INV0002248,FCT-480875,SUP00137,DPT009,,2024-12-03,1990.31,DZD,30,2025-01-02,Validated,1,0,0,30,0
INV0002249,FCT-196075,SUP00031,DPT004,PO0002437,2024-12-15,9325.02,DZD,30,2025-01-14,Validated,0,0,0,30,0
INV0002250,FCT-431427,SUP00045,DPT008,PO0004721,2024-12-04,2547.49,EUR,45,2025-01-18,Validated,0,0,0,45,0
INV0002251,FCT-658334,SUP00193,DPT002,PO0001231,2024-01-03,932.29,DZD,30,2024-02-02,Validated,0,0,0,30,0
INV0002252,FCT-387539,SUP00020,DPT005,PO0003199,2024-05-21,18311.41,DZD,90,2024-08-19,Pending Review,0,0,0,90,0
INV0002253,FCT-427576,SUP00291,DPT002,PO0004493,2024-07-22,8421.6,DZD,30,2024-08-21,Validated,0,0,0,30,0
INV0002254,FCT-624750,SUP00209,DPT001,PO0000531,2024-04-24,754.87,EUR,45,2024-06-08,Validated,0,0,0,45,0
INV0002255,FCT-998843,SUP00008,DPT008,,2024-01-31,12720.91,DZD,30,2024-03-01,Pending Review,1,0,0,30,0
INV0002256,FCT-272455,SUP00001,DPT004,PO0002954,2024-01-14,6908.61,DZD,60,2024-03-14,Validated,0,0,0,60,0
INV0002257,FCT-671447,SUP00028,DPT003,PO0003467,2024-10-04,3654.37,USD,45,2024-11-18,Pending Review,0,0,0,45,0
INV0002258,FCT-951575,SUP00055,DPT010,PO0003561,2024-10-19,3824.87,DZD,60,2024-12-18,Validated,0,0,0,60,0
INV0002259,FCT-108910,SUP00290,DPT004,PO0000723,2024-08-13,20000.0,DZD,45,2024-09-27,Validated,0,1,0,45,0
INV0002260,FCT-454292,SUP00058,DPT005,PO0003628,2024-02-08,8664.44,DZD,30,2024-03-09,Validated,0,0,0,30,0
INV0002261,FCT-436435,SUP00003,DPT007,PO0001661,2024-05-27,29659.39,DZD,90,2024-08-25,Validated,0,0,0,90,0
INV0002262,FCT-972696,SUP00001,DPT004,PO0000247,2024-06-18,10374.91,DZD,45,2024-08-02,Pending Review,0,0,0,45,0
INV0002263,FCT-112784,SUP00124,DPT009,PO0001106,2024-02-07,7864.13,DZD,45,2024-03-23,Disputed,0,0,0,45,0
INV0002264,FCT-982192,SUP00242,DPT003,PO0004243,2024-03-10,2512.71,DZD,30,2024-04-09,Validated,0,0,0,30,0
INV0002265,FCT-663890,SUP00141,DPT002,,2024-06-13,7197.3,DZD,15,2024-06-28,Validated,1,0,0,15,0
INV0002266,FCT-125415,SUP00002,DPT012,PO0004264,2024-04-07,19421.79,DZD,15,2024-04-22,Pending Review,0,0,0,15,0
INV0002267,FCT-925857,SUP00022,DPT002,,2024-05-07,100000.0,DZD,30,2024-06-06,Validated,1,1,1,30,0
INV0002268,FCT-802934,SUP00163,DPT008,PO0000477,2024-03-21,55650.61,DZD,15,2024-04-05,Validated,0,0,0,15,0
INV0002269,FCT-770437,SUP00187,DPT005,PO0003511,2024-03-09,19388.43,DZD,45,2024-04-23,Validated,0,0,0,45,0
INV0002270,FCT-361486,SUP00030,DPT001,PO0003317,2024-12-26,1513.26,DZD,30,2025-01-25,Validated,0,0,0,30,0
INV0002271,FCT-338804,SUP00114,DPT010,,2024-03-08,3437.02,DZD,90,2024-06-06,Validated,1,0,0,90,0
INV0002272,FCT-818812,SUP00014,DPT004,PO0003702,2024-08-03,13021.21,DZD,45,2024-09-17,Validated,0,0,0,45,0
INV0002273,FCT-260846,SUP00299,DPT004,PO0004001,2024-11-05,1036.92,EUR,45,2024-12-20,Validated,0,0,0,45,0
INV0002274,FCT-509117,SUP00004,DPT006,PO0000539,2024-04-16,5250.49,DZD,45,2024-05-31,Disputed,0,0,0,45,0
INV0002275,FCT-889645,SUP00006,DPT006,PO0001493,2024-04-29,2053.81,DZD,60,2024-06-28,Validated,0,0,0,60,0
INV0002276,FCT-964724,SUP00012,DPT003,,2024-07-28,6290.58,EUR,15,2024-08-12,Validated,1,0,0,15,0
INV0002277,FCT-207405,SUP00183,DPT004,PO0001705,2024-02-06,2072.82,USD,30,2024-03-07,Validated,0,0,0,30,0
INV0002278,FCT-783585,SUP00009,DPT006,PO0004004,2024-08-23,20159.47,DZD,45,2024-10-07,Validated,0,0,0,45,0
INV0002279,FCT-738857,SUP00006,DPT011,PO0001621,2024-02-27,3342.35,DZD,30,2024-03-28,Validated,0,0,0,30,0
INV0002280,FCT-867381,SUP00008,DPT004,,2024-09-30,12891.69,DZD,30,2024-10-30,Validated,1,0,0,30,0
INV0002281,FCT-319912,SUP00003,DPT010,,2024-08-29,1077.53,DZD,45,2024-10-13,Validated,1,0,0,45,0
INV0002282,FCT-821744,SUP00056,DPT003,PO0001977,2024-05-25,4228.56,DZD,30,2024-06-24,Validated,0,0,0,30,0
INV0002283,FCT-371419,SUP00035,DPT012,PO0000331,2024-05-14,1378.17,DZD,30,2024-06-13,Validated,0,0,0,30,0
INV0002284,FCT-469732,SUP00019,DPT012,PO0004932,2024-03-03,23679.95,EUR,30,2024-04-02,Validated,0,0,0,30,0
INV0002285,FCT-142063,SUP00218,DPT003,PO0001338,2024-01-21,2463.77,EUR,30,2024-02-20,Validated,0,0,0,30,0
INV0002286,FCT-711012,SUP00309,DPT002,PO0001329,2024-12-22,5429.76,DZD,60,2025-02-20,Validated,0,0,0,60,0
INV0002287,FCT-252910,SUP00164,DPT001,,2024-01-21,8997.46,DZD,45,2024-03-06,Validated,1,0,0,45,0
INV0002288,FCT-452538,SUP00019,DPT005,,2024-03-06,2544.21,USD,30,2024-04-05,Validated,1,0,0,30,0
INV0002289,FCT-135378,SUP00023,DPT006,PO0005128,2024-01-22,1509.65,DZD,30,2024-02-21,Validated,0,0,0,30,0
INV0002290,FCT-591596,SUP00004,DPT008,PO0001702,2024-06-23,7431.16,USD,30,2024-07-23,Validated,0,0,0,30,0
INV0002291,FCT-568441,SUP00056,DPT005,,2024-09-26,650.6,DZD,30,2024-10-26,Validated,1,0,0,30,0
INV0002292,FCT-702226,SUP00013,DPT007,PO0001858,2024-04-03,28086.97,DZD,30,2024-05-03,Validated,0,0,0,30,0
INV0002293,FCT-504906,SUP00027,DPT009,PO0001768,2024-11-06,5129.78,DZD,90,2025-02-04,Pending Review,0,0,0,90,0
INV0002294,FCT-789670,SUP00304,DPT012,PO0001215,2024-08-09,1101.82,EUR,30,2024-09-08,Validated,0,0,0,30,0
INV0002295,FCT-579181,SUP00313,DPT009,PO0000210,2024-11-04,4427.82,DZD,30,2024-12-04,Validated,0,0,0,30,0
INV0002296,FCT-220286,SUP00005,DPT002,PO0001658,2024-05-22,11666.38,DZD,60,2024-07-21,Pending Review,0,0,0,60,0
INV0002297,FCT-158806,SUP00124,DPT001,PO0004452,2024-07-18,2345.79,DZD,30,2024-08-17,Validated,0,0,0,30,0
INV0002298,FCT-270877,SUP00006,DPT003,PO0002186,2024-03-22,643.36,DZD,30,2024-04-21,Pending Review,0,0,0,30,0
INV0002299,FCT-825490,SUP00139,DPT011,PO0000932,2024-05-23,5208.94,DZD,90,2024-08-21,Validated,0,0,0,90,0
INV0002300,FCT-471337,SUP00004,DPT002,PO0005103,2024-11-27,14405.37,EUR,15,2024-12-12,Pending Review,0,0,0,15,0
INV0002301,FCT-211737,SUP00002,DPT006,PO0003177,2024-04-25,7847.9,DZD,30,2024-05-25,Pending Review,0,0,0,30,0
INV0002302,FCT-455078,SUP00074,DPT009,PO0003848,2024-05-29,9539.51,DZD,15,2024-06-13,Validated,0,0,0,15,0
INV0002303,FCT-848708,SUP00002,DPT012,PO0000892,2024-09-29,18037.91,DZD,30,2024-10-29,Validated,0,0,0,30,0
INV0002304,FCT-822576,SUP00023,DPT002,PO0004459,2024-04-11,37063.49,USD,45,2024-05-26,Validated,0,0,0,45,0
INV0002305,FCT-389897,SUP00001,DPT007,PO0003528,2024-10-21,271.12,DZD,45,2024-12-05,Validated,0,0,0,45,0
INV0002306,FCT-350713,SUP00202,DPT003,,2024-04-11,1308.39,USD,90,2024-07-10,Validated,1,0,0,90,0
INV0002307,FCT-499549,SUP00236,DPT003,PO0000001,2024-12-08,7281.3,DZD,45,2025-01-22,Validated,0,0,0,45,0
INV0002308,FCT-367425,SUP00008,DPT001,PO0000315,2024-09-08,8255.33,DZD,30,2024-10-08,Validated,0,0,0,30,0
INV0002309,FCT-687373,SUP00041,DPT001,,2024-12-25,1011.13,DZD,45,2025-02-08,Validated,1,0,0,45,0
INV0002310,FCT-706722,SUP00007,DPT004,PO0003963,2024-07-26,2441.8,DZD,60,2024-09-24,Validated,0,0,0,60,0
INV0002311,FCT-644861,SUP00014,DPT005,PO0000787,2024-09-14,20000.0,DZD,30,2024-10-14,Validated,0,1,0,30,0
INV0002312,FCT-866428,SUP00024,DPT003,PO0000925,2024-09-06,3995.1,DZD,30,2024-10-06,Validated,0,0,0,30,0
INV0002313,FCT-609227,SUP00001,DPT001,,2024-03-11,7645.51,USD,45,2024-04-25,Validated,1,0,0,45,0
INV0002314,FCT-705406,SUP00153,DPT004,PO0004372,2024-01-11,47073.05,DZD,30,2024-02-10,Validated,0,0,0,30,0
INV0002315,FCT-460135,SUP00009,DPT002,PO0000963,2024-12-17,6689.58,DZD,30,2025-01-16,Validated,0,0,0,30,0
INV0002316,FCT-310477,SUP00229,DPT002,PO0005174,2024-08-05,14845.96,DZD,30,2024-09-04,Validated,0,0,0,30,0
INV0002317,FCT-531860,SUP00013,DPT005,PO0001626,2024-02-14,11576.1,DZD,45,2024-03-30,Validated,0,0,0,45,0
INV0002318,FCT-675647,SUP00030,DPT009,PO0001994,2024-08-09,4079.26,EUR,60,2024-10-08,Validated,0,0,0,60,0
INV0002319,FCT-158976,SUP00010,DPT005,PO0003248,2024-04-11,3819.8,DZD,30,2024-05-11,Validated,0,0,0,30,0
INV0002320,FCT-524836,SUP00177,DPT001,PO0003780,2024-05-04,50000.0,DZD,45,2024-06-18,Validated,0,1,0,45,0
INV0002321,FCT-245871,SUP00057,DPT004,PO0001697,2024-10-30,5947.55,DZD,45,2024-12-14,Validated,0,0,0,45,0
INV0002322,FCT-327970,SUP00001,DPT008,PO0001085,2024-07-19,1881.5,DZD,30,2024-08-18,Disputed,0,0,0,30,0
INV0002323,FCT-759488,SUP00042,DPT003,,2024-07-07,20840.74,DZD,60,2024-09-05,Validated,1,0,0,60,0
INV0002324,FCT-402822,SUP00007,DPT004,PO0004642,2024-07-22,225.19,DZD,45,2024-09-05,Validated,0,0,0,45,0
INV0002325,FCT-705032,SUP00226,DPT006,PO0005057,2024-03-30,36865.69,EUR,45,2024-05-14,Validated,0,0,0,45,0
INV0002326,FCT-575400,SUP00209,DPT011,,2024-10-13,4843.84,DZD,45,2024-11-27,Validated,1,0,0,45,0
INV0002327,FCT-403128,SUP00251,DPT011,PO0001568,2024-07-10,6058.26,DZD,45,2024-08-24,Validated,0,0,0,45,0
INV0002328,FCT-528484,SUP00018,DPT001,PO0002194,2024-05-25,6604.32,DZD,90,2024-08-23,Validated,0,0,0,90,0
INV0002329,FCT-813146,SUP00001,DPT005,PO0003928,2024-10-08,27730.62,DZD,90,2025-01-06,Validated,0,0,0,90,0
INV0002330,FCT-599318,SUP00011,DPT002,PO0001664,2024-08-02,7334.16,EUR,60,2024-10-01,Validated,0,0,0,60,0
INV0002331,FCT-825543,SUP00005,DPT003,PO0005180,2024-04-09,5848.33,DZD,45,2024-05-24,Pending Review,0,0,0,45,0
INV0002332,FCT-368469,SUP00261,DPT001,,2024-10-07,2007.85,DZD,30,2024-11-06,Validated,1,0,0,30,0
INV0002333,FCT-574752,SUP00009,DPT005,,2024-07-01,2642.09,DZD,30,2024-07-31,Validated,1,0,0,30,0
INV0002334,FCT-378335,SUP00148,DPT004,PO0000029,2024-02-06,12561.34,DZD,30,2024-03-07,Validated,0,0,0,30,0
INV0002335,FCT-981862,SUP00011,DPT010,,2024-04-14,7754.93,DZD,30,2024-05-14,Validated,1,0,0,30,0
INV0002336,FCT-891175,SUP00003,DPT012,,2024-09-17,41780.44,EUR,45,2024-11-01,Pending Review,1,0,0,45,0
INV0002337,FCT-339886,SUP00020,DPT010,PO0004566,2024-05-25,2351.81,USD,30,2024-06-24,Disputed,0,0,0,30,0
INV0002338,FCT-274586,SUP00152,DPT001,,2024-09-14,1592.47,DZD,30,2024-10-14,Validated,1,0,0,30,0
INV0002339,FCT-365264,SUP00029,DPT001,,2024-03-18,8473.93,DZD,30,2024-04-17,Validated,1,0,0,30,0
INV0002340,FCT-156081,SUP00001,DPT005,PO0000527,2024-12-13,15000.0,DZD,30,2025-01-12,Validated,0,1,0,30,0
INV0002341,FCT-108393,SUP00008,DPT008,,2024-09-15,1512.77,DZD,30,2024-10-15,Validated,1,0,0,30,0
INV0002342,FCT-125386,SUP00020,DPT006,,2024-03-30,3304.79,EUR,30,2024-04-29,Validated,1,0,0,30,0
INV0002343,FCT-234872,SUP00013,DPT001,PO0003103,2024-04-24,13500.51,EUR,45,2024-06-08,Validated,0,0,0,45,0
INV0002344,FCT-717739,SUP00101,DPT001,PO0002814,2024-04-28,1315.18,DZD,30,2024-05-28,Validated,0,0,0,30,0
INV0002345,FCT-836164,SUP00302,DPT010,PO0004792,2024-07-03,1622.64,DZD,30,2024-08-02,Validated,0,0,0,30,0
INV0002346,FCT-146412,SUP00215,DPT006,PO0001954,2024-05-04,2598.02,DZD,30,2024-06-03,Validated,0,0,0,30,0
INV0002347,FCT-666327,SUP00054,DPT005,PO0004109,2024-10-20,2660.14,DZD,45,2024-12-04,Pending Review,0,0,0,45,0
INV0002348,FCT-623542,SUP00005,DPT001,PO0004527,2024-03-12,14943.07,DZD,45,2024-04-26,Validated,0,0,0,45,0
INV0002349,FCT-271125,SUP00110,DPT004,PO0000435,2024-02-21,3170.06,DZD,30,2024-03-22,Validated,0,0,0,30,0
INV0002350,FCT-689807,SUP00138,DPT012,PO0005070,2024-01-19,39187.3,DZD,30,2024-02-18,Validated,0,0,0,30,0
INV0002351,FCT-709563,SUP00002,DPT006,PO0004767,2024-08-29,1808.99,EUR,45,2024-10-13,Validated,0,0,0,45,0
INV0002352,FCT-960593,SUP00226,DPT003,PO0004695,2024-11-21,9132.3,DZD,45,2025-01-05,Validated,0,0,0,45,0
INV0002353,FCT-247201,SUP00027,DPT008,,2024-04-30,5732.21,DZD,45,2024-06-14,Validated,1,0,0,45,0
INV0002354,FCT-132017,SUP00251,DPT004,PO0000027,2024-10-23,6025.1,DZD,30,2024-11-22,Validated,0,0,0,30,0
INV0002355,FCT-466024,SUP00218,DPT010,PO0003609,2024-06-27,353.85,DZD,60,2024-08-26,Validated,0,0,0,60,0
INV0002356,FCT-732544,SUP00248,DPT007,PO0000183,2024-04-13,1699.28,DZD,30,2024-05-13,Validated,0,0,0,30,0
INV0002357,FCT-998261,SUP00007,DPT006,PO0004645,2024-09-18,4951.59,DZD,60,2024-11-17,Validated,0,0,0,60,0
INV0002358,FCT-651491,SUP00002,DPT004,PO0003846,2024-01-01,623.29,DZD,45,2024-02-15,Validated,0,0,0,45,0
INV0002359,FCT-384669,SUP00069,DPT003,PO0000833,2024-12-03,208.18,DZD,30,2025-01-02,Validated,0,0,0,30,0
INV0002360,FCT-305695,SUP00012,DPT001,PO0003419,2024-12-25,1451.12,DZD,30,2025-01-24,Validated,0,0,0,30,0
INV0002361,FCT-711321,SUP00025,DPT006,PO0000529,2024-11-10,8847.75,DZD,60,2025-01-09,Validated,0,0,0,60,0
INV0002362,FCT-729661,SUP00007,DPT004,PO0004912,2024-11-17,10392.19,DZD,30,2024-12-17,Validated,0,0,0,30,0
INV0002363,FCT-105457,SUP00254,DPT001,PO0002766,2024-11-24,1469.81,DZD,45,2025-01-08,Pending Review,0,0,0,45,0
INV0002364,FCT-921469,SUP00300,DPT009,,2024-06-10,4762.09,DZD,30,2024-07-10,Validated,1,0,0,30,0
INV0002365,FCT-369560,SUP00004,DPT006,PO0001586,2024-01-19,9771.74,DZD,30,2024-02-18,Disputed,0,0,0,30,0
INV0002366,FCT-592982,SUP00154,DPT007,PO0002749,2024-07-21,27552.33,DZD,45,2024-09-04,Disputed,0,0,0,45,0
INV0002367,FCT-375052,SUP00004,DPT002,PO0003728,2024-06-02,26346.73,DZD,30,2024-07-02,Validated,0,0,0,30,0
INV0002368,FCT-386211,SUP00075,DPT001,PO0000692,2024-10-18,17119.58,EUR,45,2024-12-02,Validated,0,0,0,45,0
INV0002369,FCT-854168,SUP00054,DPT005,,2024-10-19,3228.68,DZD,30,2024-11-18,Validated,1,0,0,30,0
INV0002370,FCT-552597,SUP00022,DPT009,PO0000668,2024-10-26,5672.17,DZD,30,2024-11-25,Validated,0,0,0,30,0
INV0002371,FCT-253409,SUP00172,DPT006,PO0000042,2024-10-23,6515.66,DZD,30,2024-11-22,Validated,0,0,0,30,0
INV0002372,FCT-404345,SUP00029,DPT010,PO0001306,2024-11-02,20000.0,DZD,60,2025-01-01,Validated,0,1,0,60,0
INV0002373,FCT-389901,SUP00045,DPT004,PO0001782,2024-06-02,1232.7,DZD,30,2024-07-02,Validated,0,0,0,30,0
INV0002374,FCT-781610,SUP00136,DPT011,PO0001291,2024-08-24,31484.68,DZD,30,2024-09-23,Validated,0,0,0,30,0
INV0002375,FCT-246727,SUP00007,DPT003,PO0004160,2024-04-14,9874.46,EUR,60,2024-06-13,Validated,0,0,0,60,0
INV0002376,FCT-452440,SUP00003,DPT009,,2024-08-13,16326.05,EUR,45,2024-09-27,Validated,1,0,0,45,0
INV0002377,FCT-528777,SUP00004,DPT002,,2024-07-19,12830.32,DZD,45,2024-09-02,Validated,1,0,0,45,0
INV0002378,FCT-195952,SUP00015,DPT009,PO0004865,2024-01-17,25000.0,DZD,30,2024-02-16,Validated,0,1,0,30,0
INV0002379,FCT-344769,SUP00001,DPT009,PO0001426,2024-09-29,1070.72,DZD,60,2024-11-28,Validated,0,0,0,60,0
INV0002380,FCT-602684,SUP00017,DPT008,PO0004043,2024-09-01,14233.9,EUR,30,2024-10-01,Validated,0,0,0,30,0
INV0002381,FCT-260340,SUP00276,DPT007,PO0004533,2024-09-09,13218.57,USD,30,2024-10-09,Validated,0,0,0,30,0
INV0002382,FCT-617271,SUP00202,DPT009,PO0004474,2024-03-26,8375.97,DZD,30,2024-04-25,Validated,0,0,0,30,0
INV0002383,FCT-488375,SUP00011,DPT006,PO0003747,2024-04-01,71346.46,DZD,30,2024-05-01,Validated,0,0,0,30,0
INV0002384,FCT-878697,SUP00005,DPT012,PO0002076,2024-01-14,3130.03,DZD,45,2024-02-28,Validated,0,0,0,45,0
INV0002385,FCT-525600,SUP00003,DPT001,PO0001939,2024-01-01,4180.31,DZD,30,2024-01-31,Validated,0,0,0,30,0
INV0002386,FCT-540010,SUP00009,DPT003,PO0003837,2024-09-20,7613.47,DZD,45,2024-11-04,Validated,0,0,0,45,0
INV0002387,FCT-378141,SUP00006,DPT010,PO0004521,2024-11-19,3388.67,DZD,15,2024-12-04,Validated,0,0,0,15,0
INV0002388,FCT-152378,SUP00012,DPT006,PO0005176,2024-05-24,4582.61,DZD,15,2024-06-08,Validated,0,0,0,15,0
INV0002389,FCT-970158,SUP00002,DPT002,PO0001923,2024-06-11,19681.33,EUR,30,2024-07-11,Validated,0,0,0,30,0
INV0002390,FCT-349158,SUP00002,DPT001,,2024-05-21,2850.9,DZD,90,2024-08-19,Validated,1,0,0,90,0
INV0002391,FCT-231038,SUP00208,DPT001,PO0002012,2024-10-30,3083.27,DZD,45,2024-12-14,Validated,0,0,0,45,0
INV0002392,FCT-178796,SUP00028,DPT004,PO0003258,2024-11-04,11663.34,DZD,30,2024-12-04,Validated,0,0,0,30,0
INV0002393,FCT-742488,SUP00116,DPT007,,2024-11-14,1315.89,DZD,60,2025-01-13,Validated,1,0,0,60,0
INV0002394,FCT-450261,SUP00008,DPT006,PO0000604,2024-01-31,5463.21,DZD,30,2024-03-01,Validated,0,0,0,30,0
INV0002395,FCT-574607,SUP00012,DPT005,PO0000938,2024-12-08,5143.53,DZD,60,2025-02-06,Validated,0,0,0,60,0
INV0002396,FCT-198315,SUP00307,DPT003,,2024-01-05,12340.65,DZD,30,2024-02-04,Validated,1,0,0,30,0
INV0002397,FCT-446231,SUP00006,DPT002,PO0004998,2024-05-08,15120.24,DZD,45,2024-06-22,Validated,0,0,0,45,0
INV0002398,FCT-387508,SUP00020,DPT003,PO0003514,2024-04-16,4994.86,EUR,45,2024-05-31,Validated,0,0,0,45,0
INV0002399,FCT-706714,SUP00024,DPT001,PO0002801,2024-08-28,5438.15,DZD,15,2024-09-12,Disputed,0,0,0,15,0
INV0002400,FCT-739430,SUP00002,DPT001,PO0003186,2024-04-07,5764.86,DZD,45,2024-05-22,Validated,0,0,0,45,0
INV0002401,FCT-238345,SUP00010,DPT001,PO0003612,2024-08-05,4212.66,DZD,45,2024-09-19,Validated,0,0,0,45,0
INV0002402,FCT-876903,SUP00167,DPT009,PO0003968,2024-11-21,26523.32,DZD,90,2025-02-19,Validated,0,0,0,90,0
INV0002403,FCT-937075,SUP00009,DPT005,PO0001421,2024-02-29,10689.65,DZD,30,2024-03-30,Pending Review,0,0,0,30,0
INV0002404,FCT-178626,SUP00266,DPT003,PO0002236,2024-11-16,25749.14,EUR,45,2024-12-31,Validated,0,0,0,45,0
INV0002405,FCT-849833,SUP00075,DPT010,PO0004188,2024-06-08,2190.1,DZD,30,2024-07-08,Validated,0,0,0,30,0
INV0002406,FCT-821351,SUP00086,DPT011,PO0002119,2024-08-06,25308.21,DZD,30,2024-09-05,Validated,0,0,0,30,0
INV0002407,FCT-769575,SUP00005,DPT001,PO0004728,2024-06-06,6887.41,DZD,45,2024-07-21,Disputed,0,0,0,45,0
INV0002408,FCT-998299,SUP00023,DPT004,PO0004871,2024-03-13,13184.75,DZD,45,2024-04-27,Validated,0,0,0,45,0
INV0002409,FCT-962447,SUP00001,DPT003,,2024-03-10,668.23,DZD,45,2024-04-24,Validated,1,0,0,45,0
INV0002410,FCT-436461,SUP00188,DPT011,PO0003204,2024-01-17,38960.98,DZD,30,2024-02-16,Pending Review,0,0,0,30,0
INV0002411,FCT-946660,SUP00017,DPT006,,2024-05-16,9962.23,DZD,90,2024-08-14,Pending Review,1,0,0,90,0
INV0002412,FCT-252034,SUP00010,DPT001,PO0003812,2024-02-05,51190.77,DZD,30,2024-03-06,Validated,0,0,0,30,0
INV0002413,FCT-281745,SUP00262,DPT008,PO0004202,2024-06-08,21559.97,DZD,45,2024-07-23,Validated,0,0,0,45,0
INV0002414,FCT-761661,SUP00204,DPT003,PO0000413,2024-06-22,570.0,DZD,45,2024-08-06,Validated,0,0,0,45,0
INV0002415,FCT-897916,SUP00005,DPT005,PO0000419,2024-10-18,34538.23,DZD,45,2024-12-02,Pending Review,0,0,0,45,0
INV0002416,FCT-282125,SUP00003,DPT006,PO0003891,2024-09-23,7442.21,EUR,30,2024-10-23,Validated,0,0,0,30,0
INV0002417,FCT-812118,SUP00225,DPT004,PO0004947,2024-11-09,12559.15,DZD,45,2024-12-24,Pending Review,0,0,0,45,0
INV0002418,FCT-806510,SUP00002,DPT006,PO0000173,2024-01-10,11194.8,DZD,30,2024-02-09,Validated,0,0,0,30,0
INV0002419,FCT-490396,SUP00267,DPT009,PO0000299,2024-09-18,5358.7,DZD,30,2024-10-18,Validated,0,0,0,30,0
INV0002420,FCT-885578,SUP00025,DPT001,PO0004733,2024-04-10,3770.15,DZD,15,2024-04-25,Validated,0,0,0,15,0
INV0002421,FCT-578159,SUP00229,DPT011,PO0000644,2024-10-20,13514.04,DZD,45,2024-12-04,Disputed,0,0,0,45,0
INV0002422,FCT-592732,SUP00001,DPT009,PO0005114,2024-11-27,2305.29,DZD,30,2024-12-27,Validated,0,0,0,30,0
INV0002423,FCT-605869,SUP00141,DPT010,PO0002572,2024-02-05,6201.15,DZD,15,2024-02-20,Disputed,0,0,0,15,0
INV0002424,FCT-631741,SUP00083,DPT006,PO0000699,2024-07-06,30095.35,DZD,90,2024-10-04,Validated,0,0,0,90,0
INV0002425,FCT-566213,SUP00003,DPT006,PO0003891,2024-07-22,1476.75,DZD,60,2024-09-20,Validated,0,0,0,60,0
INV0002426,FCT-918494,SUP00173,DPT005,PO0000237,2024-04-10,4775.48,DZD,30,2024-05-10,Validated,0,0,0,30,0
INV0002427,FCT-482035,SUP00006,DPT010,PO0001461,2024-04-04,23001.6,DZD,30,2024-05-04,Validated,0,0,0,30,0
INV0002428,FCT-336291,SUP00123,DPT001,PO0001785,2024-02-21,100000.0,DZD,30,2024-03-22,Validated,0,1,1,30,0
INV0002429,FCT-660200,SUP00005,DPT009,PO0003908,2024-06-01,668.92,DZD,30,2024-07-01,Validated,0,0,0,30,0
INV0002430,FCT-529129,SUP00013,DPT007,PO0003137,2024-09-13,614.53,DZD,30,2024-10-13,Validated,0,0,0,30,0
INV0002431,FCT-841184,SUP00005,DPT006,PO0000307,2024-09-13,3495.74,EUR,30,2024-10-13,Validated,0,0,0,30,0
INV0002432,FCT-880149,SUP00011,DPT003,,2024-10-10,41640.11,EUR,30,2024-11-09,Validated,1,0,0,30,0
INV0002433,FCT-957950,SUP00045,DPT011,,2024-12-11,2497.0,DZD,30,2025-01-10,Validated,1,0,0,30,0
INV0002434,FCT-868229,SUP00251,DPT009,,2024-08-19,4310.63,DZD,60,2024-10-18,Validated,1,0,0,60,0
INV0002435,FCT-699406,SUP00023,DPT003,PO0001362,2024-05-10,6380.79,DZD,15,2024-05-25,Validated,0,0,0,15,0
INV0002436,FCT-517775,SUP00010,DPT005,,2024-04-11,21418.95,DZD,15,2024-04-26,Validated,1,0,0,15,0
INV0002437,FCT-951951,SUP00010,DPT012,PO0001472,2024-07-29,16083.83,EUR,30,2024-08-28,Validated,0,0,0,30,0
INV0002438,FCT-452832,SUP00001,DPT001,PO0001957,2024-06-10,5032.04,DZD,45,2024-07-25,Validated,0,0,0,45,0
INV0002439,FCT-966272,SUP00298,DPT011,PO0004045,2024-02-09,11960.74,DZD,30,2024-03-10,Validated,0,0,0,30,0
INV0002440,FCT-975803,SUP00074,DPT003,PO0000405,2024-05-25,20335.17,DZD,30,2024-06-24,Validated,0,0,0,30,0
INV0002441,FCT-685317,SUP00032,DPT002,PO0002770,2024-09-06,904.8,DZD,30,2024-10-06,Pending Review,0,0,0,30,0
INV0002442,FCT-981705,SUP00287,DPT003,PO0001103,2024-03-04,3892.01,DZD,30,2024-04-03,Validated,0,0,0,30,0
INV0002443,FCT-354843,SUP00015,DPT010,PO0002427,2024-03-27,1509.03,DZD,45,2024-05-11,Validated,0,0,0,45,0
INV0002444,FCT-154938,SUP00007,DPT001,PO0003355,2024-04-12,2602.97,DZD,45,2024-05-27,Validated,0,0,0,45,0
INV0002445,FCT-566732,SUP00005,DPT009,,2024-06-20,12677.71,DZD,30,2024-07-20,Validated,1,0,0,30,0
INV0002446,FCT-392471,SUP00027,DPT006,PO0002649,2024-10-24,1509.72,DZD,45,2024-12-08,Validated,0,0,0,45,0
INV0002447,FCT-913720,SUP00008,DPT010,PO0001974,2024-04-28,85463.64,USD,30,2024-05-28,Validated,0,0,0,30,0
INV0002448,FCT-701198,SUP00003,DPT002,PO0002084,2024-02-16,12808.69,DZD,30,2024-03-17,Validated,0,0,0,30,0
INV0002449,FCT-214324,SUP00029,DPT005,PO0000511,2024-01-19,3064.68,DZD,45,2024-03-04,Validated,0,0,0,45,0
INV0002450,FCT-651189,SUP00004,DPT006,PO0000539,2024-08-12,5160.42,DZD,90,2024-11-10,Validated,0,0,0,90,0
INV0002451,FCT-768220,SUP00002,DPT004,PO0000802,2024-09-27,1364.48,USD,30,2024-10-27,Validated,0,0,0,30,0
INV0002452,FCT-450090,SUP00319,DPT005,PO0001305,2024-02-01,1101.33,DZD,60,2024-04-01,Validated,0,0,0,60,0
INV0002453,FCT-951535,SUP00010,DPT012,,2024-08-14,3853.59,DZD,15,2024-08-29,Validated,1,0,0,15,0
INV0002454,FCT-760001,SUP00309,DPT002,PO0004611,2024-11-26,27032.92,DZD,30,2024-12-26,Validated,0,0,0,30,0
INV0002455,FCT-745967,SUP00012,DPT002,PO0002498,2024-10-25,1190.47,DZD,60,2024-12-24,Validated,0,0,0,60,0
INV0002456,FCT-390105,SUP00289,DPT009,PO0004918,2024-12-07,24784.6,USD,60,2025-02-05,Validated,0,0,0,60,0
INV0002457,FCT-953353,SUP00278,DPT010,PO0003933,2024-12-11,5000.0,USD,15,2024-12-26,Validated,0,1,0,15,0
INV0002458,FCT-705649,SUP00007,DPT009,PO0001987,2024-10-13,7898.7,DZD,90,2025-01-11,Validated,0,0,0,90,0
INV0002459,FCT-750056,SUP00159,DPT001,PO0000930,2024-05-29,6528.89,DZD,60,2024-07-28,Validated,0,0,0,60,0
INV0002460,FCT-824105,SUP00127,DPT004,PO0001850,2024-09-11,14627.01,DZD,45,2024-10-26,Validated,0,0,0,45,0
INV0002461,FCT-987732,SUP00013,DPT008,PO0000390,2024-10-03,21211.98,DZD,45,2024-11-17,Validated,0,0,0,45,0
INV0002462,FCT-720059,SUP00012,DPT001,PO0002886,2024-10-05,4690.33,DZD,30,2024-11-04,Pending Review,0,0,0,30,0
INV0002463,FCT-964852,SUP00247,DPT010,PO0004276,2024-04-23,10789.42,DZD,15,2024-05-08,Validated,0,0,0,15,0
INV0002464,FCT-319013,SUP00040,DPT012,PO0004908,2024-06-10,26792.34,DZD,45,2024-07-25,Validated,0,0,0,45,0
INV0002465,FCT-664769,SUP00031,DPT004,PO0002437,2024-06-06,15309.0,DZD,30,2024-07-06,Validated,0,0,0,30,0
INV0002466,FCT-508574,SUP00293,DPT009,PO0004252,2024-10-21,3732.59,DZD,45,2024-12-05,Validated,0,0,0,45,0
INV0002467,FCT-640073,SUP00026,DPT004,,2024-11-01,4796.55,DZD,45,2024-12-16,Validated,1,0,0,45,0
INV0002468,FCT-891860,SUP00027,DPT006,PO0002649,2024-12-16,1930.45,DZD,15,2024-12-31,Validated,0,0,0,15,0
INV0002469,FCT-907178,SUP00002,DPT001,PO0005038,2024-11-23,20000.0,EUR,45,2025-01-07,Validated,0,1,0,45,0
INV0002470,FCT-163371,SUP00007,DPT006,PO0005147,2024-02-11,8539.4,EUR,60,2024-04-11,Validated,0,0,0,60,0
INV0002471,FCT-793317,SUP00008,DPT006,PO0001920,2024-05-17,1195.2,EUR,30,2024-06-16,Validated,0,0,0,30,0
INV0002472,FCT-960220,SUP00027,DPT005,PO0002416,2024-05-27,2285.21,DZD,15,2024-06-11,Validated,0,0,0,15,0
INV0002473,FCT-638086,SUP00257,DPT001,PO0004194,2024-10-20,5031.11,EUR,30,2024-11-19,Validated,0,0,0,30,0
INV0002474,FCT-644208,SUP00024,DPT001,PO0002486,2024-01-10,28095.93,EUR,60,2024-03-10,Validated,0,0,0,60,0
INV0002475,FCT-742557,SUP00021,DPT004,PO0002337,2024-10-06,4819.14,DZD,45,2024-11-20,Validated,0,0,0,45,0
INV0002476,FCT-978579,SUP00015,DPT011,PO0001743,2024-11-22,12022.62,DZD,30,2024-12-22,Validated,0,0,0,30,0
INV0002477,FCT-163503,SUP00004,DPT011,PO0000768,2024-03-09,2639.11,DZD,30,2024-04-08,Pending Review,0,0,0,30,0
INV0002478,FCT-823575,SUP00010,DPT004,PO0004413,2024-05-04,12594.38,DZD,30,2024-06-03,Validated,0,0,0,30,0
INV0002479,FCT-959692,SUP00029,DPT007,PO0003083,2024-08-16,26806.25,DZD,60,2024-10-15,Pending Review,0,0,0,60,0
INV0002480,FCT-121182,SUP00177,DPT008,PO0000806,2024-08-04,14885.68,EUR,60,2024-10-03,Validated,0,0,0,60,0
INV0002481,FCT-482533,SUP00315,DPT006,PO0004994,2024-06-30,355.85,DZD,45,2024-08-14,Validated,0,0,0,45,0
INV0002482,FCT-733291,SUP00303,DPT004,,2024-04-18,5036.88,DZD,60,2024-06-17,Validated,1,0,0,60,0
INV0002483,FCT-180701,SUP00158,DPT006,PO0004962,2024-01-23,1778.68,USD,30,2024-02-22,Validated,0,0,0,30,0
INV0002484,FCT-278394,SUP00108,DPT011,PO0004246,2024-04-01,12990.02,DZD,45,2024-05-16,Validated,0,0,0,45,0
INV0002485,FCT-440971,SUP00002,DPT012,PO0004876,2024-07-18,6507.97,DZD,30,2024-08-17,Pending Review,0,0,0,30,0
INV0002486,FCT-939198,SUP00009,DPT001,PO0000625,2024-03-25,42976.86,USD,60,2024-05-24,Validated,0,0,0,60,0
INV0002487,FCT-562550,SUP00235,DPT009,PO0001877,2024-12-23,4096.09,EUR,30,2025-01-22,Validated,0,0,0,30,0
INV0002488,FCT-897631,SUP00002,DPT003,PO0004115,2024-03-11,6527.33,DZD,45,2024-04-25,Validated,0,0,0,45,0
INV0002489,FCT-997022,SUP00303,DPT008,PO0000460,2024-10-11,5209.99,DZD,30,2024-11-10,Validated,0,0,0,30,0
INV0002490,FCT-655693,SUP00001,DPT008,PO0000398,2024-04-30,13718.79,DZD,60,2024-06-29,Validated,0,0,0,60,0
INV0002491,FCT-640026,SUP00120,DPT005,PO0004303,2024-03-14,1963.85,DZD,90,2024-06-12,Validated,0,0,0,90,0
INV0002492,FCT-729003,SUP00287,DPT003,PO0001103,2024-03-16,1900.5,DZD,30,2024-04-15,Validated,0,0,0,30,0
INV0002493,FCT-140779,SUP00020,DPT003,PO0000952,2024-03-21,3140.73,DZD,30,2024-04-20,Validated,0,0,0,30,0
INV0002494,FCT-376829,SUP00227,DPT009,PO0002889,2024-12-17,11760.22,EUR,60,2025-02-15,Validated,0,0,0,60,0
INV0002495,FCT-165015,SUP00314,DPT001,,2024-04-26,19830.52,DZD,30,2024-05-26,Disputed,1,0,0,30,0
INV0002496,FCT-239213,SUP00240,DPT003,PO0004356,2024-04-23,5393.88,USD,90,2024-07-22,Validated,0,0,0,90,0
INV0002497,FCT-467098,SUP00021,DPT003,PO0003424,2024-01-07,11852.32,DZD,30,2024-02-06,Validated,0,0,0,30,0
INV0002498,FCT-931036,SUP00211,DPT001,PO0003676,2024-04-30,10766.06,DZD,30,2024-05-30,Validated,0,0,0,30,0
INV0002499,FCT-877873,SUP00254,DPT002,PO0000791,2024-01-27,5618.67,DZD,30,2024-02-26,Validated,0,0,0,30,0
INV0002500,FCT-452700,SUP00019,DPT001,PO0002575,2024-03-09,5467.16,DZD,30,2024-04-08,Validated,0,0,0,30,0
INV0002501,FCT-424181,SUP00088,DPT002,PO0004123,2024-09-19,14427.78,DZD,45,2024-11-03,Validated,0,0,0,45,0
INV0002502,FCT-975639,SUP00308,DPT004,PO0000561,2024-08-18,20000.0,DZD,60,2024-10-17,Disputed,0,1,0,60,0
INV0002503,FCT-985976,SUP00062,DPT001,,2024-07-18,18698.92,EUR,30,2024-08-17,Validated,1,0,0,30,0
INV0002504,FCT-611481,SUP00030,DPT001,PO0002350,2024-03-23,23939.8,DZD,30,2024-04-22,Validated,0,0,0,30,0
INV0002505,FCT-112860,SUP00010,DPT004,,2024-09-11,62628.29,USD,15,2024-09-26,Validated,1,0,0,15,0
INV0002506,FCT-451096,SUP00013,DPT002,PO0002967,2024-02-27,2689.77,DZD,30,2024-03-28,Disputed,0,0,0,30,0
INV0002507,FCT-592584,SUP00001,DPT009,PO0000888,2024-09-18,13449.09,DZD,45,2024-11-02,Validated,0,0,0,45,0
INV0002508,FCT-758832,SUP00016,DPT002,,2024-09-13,32039.26,DZD,30,2024-10-13,Validated,1,0,0,30,0
INV0002509,FCT-979026,SUP00002,DPT002,PO0002164,2024-01-27,17678.03,EUR,15,2024-02-11,Pending Review,0,0,0,15,0
INV0002510,FCT-679787,SUP00280,DPT009,PO0000924,2024-08-08,3014.15,DZD,30,2024-09-07,Validated,0,0,0,30,0
INV0002511,FCT-535048,SUP00282,DPT010,PO0002821,2024-12-11,2401.07,DZD,45,2025-01-25,Validated,0,0,0,45,0
INV0002512,FCT-550601,SUP00006,DPT001,PO0002594,2024-08-14,39261.81,EUR,45,2024-09-28,Validated,0,0,0,45,0
INV0002513,FCT-557026,SUP00026,DPT004,,2024-12-19,9682.21,DZD,45,2025-02-02,Validated,1,0,0,45,0
INV0002514,FCT-650195,SUP00143,DPT004,PO0002687,2024-10-31,8530.55,DZD,30,2024-11-30,Validated,0,0,0,30,0
INV0002515,FCT-387478,SUP00024,DPT001,PO0002486,2024-01-13,6139.01,DZD,45,2024-02-27,Validated,0,0,0,45,0
INV0002516,FCT-276801,SUP00298,DPT009,,2024-11-25,34084.17,DZD,45,2025-01-09,Disputed,1,0,0,45,0
INV0002517,FCT-820235,SUP00020,DPT003,PO0003737,2024-01-25,18402.44,EUR,30,2024-02-24,Validated,0,0,0,30,0
INV0002518,FCT-765575,SUP00309,DPT002,PO0001329,2024-03-14,4846.69,DZD,30,2024-04-13,Validated,0,0,0,30,0
INV0002519,FCT-937238,SUP00149,DPT011,PO0001209,2024-10-26,17122.25,EUR,30,2024-11-25,Validated,0,0,0,30,0
INV0002520,FCT-732606,SUP00239,DPT006,PO0000136,2024-06-27,7368.18,DZD,60,2024-08-26,Validated,0,0,0,60,0
INV0002521,FCT-484396,SUP00316,DPT002,PO0004435,2024-08-09,16360.38,DZD,30,2024-09-08,Disputed,0,0,0,30,0
INV0002522,FCT-896057,SUP00278,DPT001,PO0002263,2024-04-16,28556.38,DZD,30,2024-05-16,Validated,0,0,0,30,0
INV0002523,FCT-921537,SUP00172,DPT007,PO0001363,2024-12-27,24880.18,DZD,30,2025-01-26,Validated,0,0,0,30,0
INV0002524,FCT-690861,SUP00008,DPT009,,2024-02-02,825.01,DZD,30,2024-03-03,Validated,1,0,0,30,0
INV0002525,FCT-225652,SUP00006,DPT003,PO0004815,2024-03-31,50000.0,EUR,90,2024-06-29,Validated,0,1,0,90,0
INV0002526,FCT-909203,SUP00225,DPT004,PO0004947,2024-11-03,32853.38,DZD,15,2024-11-18,Validated,0,0,0,15,0
INV0002527,FCT-707415,SUP00013,DPT012,PO0003674,2024-10-17,2626.37,DZD,30,2024-11-16,Disputed,0,0,0,30,0
INV0002528,FCT-329380,SUP00171,DPT007,PO0002709,2024-04-13,59138.42,DZD,30,2024-05-13,Validated,0,0,0,30,0
INV0002529,FCT-376744,SUP00007,DPT009,PO0002757,2024-07-10,12256.35,EUR,30,2024-08-09,Pending Review,0,0,0,30,0
INV0002530,FCT-207636,SUP00003,DPT001,,2024-01-14,18074.33,USD,45,2024-02-28,Validated,1,0,0,45,0
INV0002531,FCT-195356,SUP00013,DPT004,PO0003132,2024-07-21,18055.6,EUR,30,2024-08-20,Validated,0,0,0,30,0
INV0002532,FCT-445545,SUP00006,DPT007,PO0002310,2024-11-06,1279.06,DZD,15,2024-11-21,Validated,0,0,0,15,0
INV0002533,FCT-655345,SUP00110,DPT001,PO0001552,2024-03-17,18858.71,DZD,30,2024-04-16,Validated,0,0,0,30,0
INV0002534,FCT-647873,SUP00096,DPT004,PO0001971,2024-12-06,5000.0,DZD,30,2025-01-05,Validated,0,1,0,30,0
INV0002535,FCT-589063,SUP00265,DPT001,PO0002604,2024-08-09,3586.16,DZD,45,2024-09-23,Validated,0,0,0,45,0
INV0002536,FCT-637379,SUP00140,DPT007,PO0002467,2024-01-18,20000.0,DZD,45,2024-03-03,Validated,0,1,0,45,0
INV0002537,FCT-610557,SUP00306,DPT001,PO0004893,2024-05-29,679.23,EUR,30,2024-06-28,Validated,0,0,0,30,0
INV0002538,FCT-661973,SUP00012,DPT011,PO0004232,2024-03-03,2967.82,USD,15,2024-03-18,Validated,0,0,0,15,0
INV0002539,FCT-763807,SUP00082,DPT006,PO0000899,2024-03-21,31934.31,USD,45,2024-05-05,Validated,0,0,0,45,0
INV0002540,FCT-880817,SUP00005,DPT009,PO0001999,2024-01-31,19156.2,DZD,90,2024-04-30,Validated,0,0,0,90,0
INV0002541,FCT-528118,SUP00009,DPT005,PO0002650,2024-11-01,3234.82,DZD,45,2024-12-16,Pending Review,0,0,0,45,0
INV0002542,FCT-658778,SUP00008,DPT003,PO0005028,2024-08-31,5000.0,DZD,30,2024-09-30,Validated,0,1,0,30,0
INV0002543,FCT-442840,SUP00319,DPT001,PO0003286,2024-03-19,50000.0,DZD,30,2024-04-18,Validated,0,1,0,30,0
INV0002544,FCT-855617,SUP00080,DPT002,PO0001468,2024-01-31,9418.96,DZD,30,2024-03-01,Validated,0,0,0,30,0
INV0002545,FCT-767094,SUP00142,DPT003,PO0002294,2024-04-19,4043.8,DZD,45,2024-06-03,Validated,0,0,0,45,0
INV0002546,FCT-253683,SUP00010,DPT006,PO0004635,2024-04-13,6099.92,DZD,45,2024-05-28,Validated,0,0,0,45,0
INV0002547,FCT-751119,SUP00009,DPT009,PO0000666,2024-02-01,7491.98,DZD,60,2024-04-01,Pending Review,0,0,0,60,0
INV0002548,FCT-214847,SUP00061,DPT011,PO0000384,2024-02-15,4649.17,DZD,15,2024-03-01,Validated,0,0,0,15,0
INV0002549,FCT-574259,SUP00101,DPT012,PO0002326,2024-09-03,4118.08,USD,90,2024-12-02,Validated,0,0,0,90,0
INV0002550,FCT-885553,SUP00013,DPT004,PO0003902,2024-09-30,1795.6,DZD,30,2024-10-30,Validated,0,0,0,30,0
INV0002551,FCT-657915,SUP00297,DPT007,PO0003922,2024-04-13,6740.79,DZD,30,2024-05-13,Validated,0,0,0,30,0
INV0002552,FCT-150292,SUP00007,DPT005,,2024-05-24,6588.64,EUR,30,2024-06-23,Validated,1,0,0,30,0
INV0002553,FCT-557735,SUP00004,DPT001,PO0001671,2024-12-15,2365.77,DZD,15,2024-12-30,Validated,0,0,0,15,0
INV0002554,FCT-827141,SUP00006,DPT002,PO0002901,2024-05-05,9611.33,DZD,30,2024-06-04,Pending Review,0,0,0,30,0
INV0002555,FCT-663424,SUP00113,DPT011,PO0002977,2024-09-27,26907.86,DZD,30,2024-10-27,Validated,0,0,0,30,0
INV0002556,FCT-891606,SUP00299,DPT002,,2024-11-02,7473.05,DZD,30,2024-12-02,Pending Review,1,0,0,30,0
INV0002557,FCT-459599,SUP00210,DPT006,PO0004948,2024-11-24,11382.27,DZD,30,2024-12-24,Validated,0,0,0,30,0
INV0002558,FCT-549111,SUP00002,DPT009,PO0001412,2024-12-19,21616.58,EUR,30,2025-01-18,Validated,0,0,0,30,0
INV0002559,FCT-832475,SUP00001,DPT002,,2024-03-12,6672.4,DZD,45,2024-04-26,Validated,1,0,0,45,0
INV0002560,FCT-665816,SUP00017,DPT004,,2024-12-13,19375.16,EUR,90,2025-03-13,Validated,1,0,0,90,0
INV0002561,FCT-736190,SUP00129,DPT002,,2024-08-21,491.04,DZD,45,2024-10-05,Validated,1,0,0,45,0
INV0002562,FCT-329093,SUP00060,DPT009,PO0005193,2024-03-26,3074.48,DZD,30,2024-04-25,Validated,0,0,0,30,0
INV0002563,FCT-741673,SUP00010,DPT009,PO0003050,2024-11-17,1954.48,DZD,90,2025-02-15,Validated,0,0,0,90,0
INV0002564,FCT-457323,SUP00006,DPT009,PO0002368,2024-05-22,35120.66,EUR,45,2024-07-06,Validated,0,0,0,45,0
INV0002565,FCT-982915,SUP00009,DPT004,PO0004983,2024-12-16,14346.41,DZD,30,2025-01-15,Validated,0,0,0,30,0
INV0002566,FCT-494764,SUP00030,DPT004,PO0001004,2024-06-19,1727.01,DZD,60,2024-08-18,Validated,0,0,0,60,0
INV0002567,FCT-554006,SUP00021,DPT008,PO0000134,2024-08-25,2257.24,DZD,30,2024-09-24,Validated,0,0,0,30,0
INV0002568,FCT-110505,SUP00013,DPT003,PO0004370,2024-06-24,1432.4,DZD,30,2024-07-24,Validated,0,0,0,30,0
INV0002569,FCT-955439,SUP00206,DPT004,PO0001170,2024-12-11,10100.49,USD,30,2025-01-10,Validated,0,0,0,30,0
INV0002570,FCT-242515,SUP00013,DPT001,PO0004639,2024-06-21,8662.33,DZD,45,2024-08-05,Pending Review,0,0,0,45,0
INV0002571,FCT-456752,SUP00005,DPT010,PO0000864,2024-02-23,4263.04,DZD,45,2024-04-08,Validated,0,0,0,45,0
INV0002572,FCT-417846,SUP00017,DPT002,PO0000058,2024-11-16,2528.72,EUR,30,2024-12-16,Validated,0,0,0,30,0
INV0002573,FCT-918896,SUP00006,DPT003,PO0001604,2024-01-15,6685.37,DZD,90,2024-04-14,Validated,0,0,0,90,0
INV0002574,FCT-682746,SUP00224,DPT007,PO0002597,2024-09-30,134175.2,DZD,45,2024-11-14,Validated,0,0,1,45,0
INV0002575,FCT-609375,SUP00067,DPT005,PO0004024,2024-06-18,4456.43,DZD,15,2024-07-03,Pending Review,0,0,0,15,0
INV0002576,FCT-717251,SUP00258,DPT002,PO0000671,2024-09-09,25811.71,DZD,60,2024-11-08,Validated,0,0,0,60,0
INV0002577,FCT-613090,SUP00007,DPT001,PO0002829,2024-04-25,4908.62,EUR,30,2024-05-25,Validated,0,0,0,30,0
INV0002578,FCT-464825,SUP00004,DPT002,PO0002569,2024-03-23,21097.87,DZD,45,2024-05-07,Validated,0,0,0,45,0
INV0002579,FCT-887061,SUP00028,DPT006,PO0001799,2024-12-03,13842.02,DZD,30,2025-01-02,Validated,0,0,0,30,0
INV0002580,FCT-580815,SUP00192,DPT009,PO0004513,2024-03-08,6659.09,DZD,30,2024-04-07,Validated,0,0,0,30,0
INV0002581,FCT-959014,SUP00089,DPT001,PO0004381,2024-01-06,14417.59,DZD,30,2024-02-05,Validated,0,0,0,30,0
INV0002582,FCT-157501,SUP00135,DPT007,PO0002323,2024-05-27,27428.81,DZD,45,2024-07-11,Disputed,0,0,0,45,0
INV0002583,FCT-279608,SUP00023,DPT004,PO0001046,2024-04-25,7469.84,DZD,30,2024-05-25,Validated,0,0,0,30,0
INV0002584,FCT-518621,SUP00244,DPT002,PO0003772,2024-08-04,5611.64,DZD,15,2024-08-19,Validated,0,0,0,15,0
INV0002585,FCT-216874,SUP00006,DPT002,PO0002210,2024-05-07,14849.77,DZD,30,2024-06-06,Validated,0,0,0,30,0
INV0002586,FCT-313683,SUP00296,DPT006,PO0000248,2024-05-10,45078.94,DZD,15,2024-05-25,Validated,0,0,0,15,0
INV0002587,FCT-799390,SUP00201,DPT012,,2024-09-17,1396.35,DZD,15,2024-10-02,Validated,1,0,0,15,0
INV0002588,FCT-380221,SUP00016,DPT009,PO0004177,2024-10-06,1608.77,DZD,60,2024-12-05,Validated,0,0,0,60,0
INV0002589,FCT-422385,SUP00132,DPT005,PO0000100,2024-01-01,35152.14,DZD,30,2024-01-31,Validated,0,0,0,30,0
INV0002590,FCT-204505,SUP00021,DPT001,PO0004619,2024-03-02,3706.88,DZD,45,2024-04-16,Validated,0,0,0,45,0
INV0002591,FCT-224355,SUP00061,DPT009,PO0001131,2024-11-06,28906.71,USD,60,2025-01-05,Validated,0,0,0,60,0
INV0002592,FCT-897046,SUP00003,DPT005,PO0002497,2024-11-22,3183.58,EUR,45,2025-01-06,Validated,0,0,0,45,0
INV0002593,FCT-307783,SUP00024,DPT001,PO0001735,2024-12-07,4030.59,EUR,30,2025-01-06,Validated,0,0,0,30,0
INV0002594,FCT-148399,SUP00198,DPT002,,2024-05-09,22844.61,DZD,15,2024-05-24,Pending Review,1,0,0,15,0
INV0002595,FCT-413665,SUP00024,DPT005,PO0001271,2024-06-25,16064.8,DZD,30,2024-07-25,Validated,0,0,0,30,0
INV0002596,FCT-450900,SUP00128,DPT002,PO0004028,2024-02-24,1874.58,DZD,45,2024-04-09,Validated,0,0,0,45,0
INV0002597,FCT-795683,SUP00017,DPT009,PO0003988,2024-02-09,13721.56,DZD,45,2024-03-25,Validated,0,0,0,45,0
INV0002598,FCT-370472,SUP00009,DPT001,PO0002251,2024-08-06,3203.87,DZD,15,2024-08-21,Validated,0,0,0,15,0
INV0002599,FCT-166348,SUP00023,DPT003,,2024-01-19,11403.2,DZD,30,2024-02-18,Validated,1,0,0,30,0
INV0002600,FCT-978621,SUP00174,DPT006,PO0003686,2024-03-01,7411.68,DZD,45,2024-04-15,Validated,0,0,0,45,0
INV0002601,FCT-555971,SUP00138,DPT007,PO0003454,2024-04-04,5675.96,DZD,30,2024-05-04,Validated,0,0,0,30,0
INV0002602,FCT-440642,SUP00012,DPT003,PO0004630,2024-01-17,3399.65,USD,30,2024-02-16,Validated,0,0,0,30,0
INV0002603,FCT-115776,SUP00152,DPT001,PO0000611,2024-02-19,1012.03,DZD,60,2024-04-19,Validated,0,0,0,60,0
INV0002604,FCT-319482,SUP00004,DPT001,PO0000269,2024-01-05,3346.66,EUR,30,2024-02-04,Validated,0,0,0,30,0
INV0002605,FCT-728788,SUP00147,DPT004,PO0002352,2024-07-02,15370.14,DZD,45,2024-08-16,Validated,0,0,0,45,0
INV0002606,FCT-861277,SUP00006,DPT001,PO0001703,2024-08-03,11686.39,DZD,90,2024-11-01,Validated,0,0,0,90,0
INV0002607,FCT-966996,SUP00149,DPT003,PO0000249,2024-05-29,2654.4,DZD,30,2024-06-28,Validated,0,0,0,30,0
INV0002608,FCT-681631,SUP00195,DPT008,PO0000215,2024-05-18,24699.93,EUR,45,2024-07-02,Validated,0,0,0,45,0
INV0002609,FCT-421161,SUP00180,DPT004,PO0001705,2024-03-10,10571.3,USD,30,2024-04-09,Validated,0,0,0,30,0
INV0002610,FCT-433185,SUP00006,DPT008,PO0004187,2024-11-12,100000.0,DZD,30,2024-12-12,Pending Review,0,1,1,30,0
INV0002611,FCT-930696,SUP00005,DPT008,PO0000033,2024-10-31,2121.78,DZD,15,2024-11-15,Validated,0,0,0,15,0
INV0002612,FCT-431355,SUP00012,DPT010,PO0003477,2024-06-05,55914.44,DZD,30,2024-07-05,Validated,0,0,0,30,0
INV0002613,FCT-896254,SUP00247,DPT012,PO0000213,2024-08-07,12228.0,EUR,45,2024-09-21,Validated,0,0,0,45,0
INV0002614,FCT-872599,SUP00008,DPT001,PO0002454,2024-12-14,41326.87,EUR,45,2025-01-28,Validated,0,0,0,45,0
INV0002615,FCT-413434,SUP00273,DPT002,PO0001266,2024-08-16,3425.91,DZD,30,2024-09-15,Validated,0,0,0,30,0
INV0002616,FCT-536800,SUP00068,DPT006,PO0004499,2024-07-07,863.96,DZD,45,2024-08-21,Pending Review,0,0,0,45,0
INV0002617,FCT-287444,SUP00082,DPT004,PO0003861,2024-09-06,2391.36,DZD,30,2024-10-06,Validated,0,0,0,30,0
INV0002618,FCT-693903,SUP00159,DPT001,PO0000930,2024-10-19,23493.25,EUR,60,2024-12-18,Validated,0,0,0,60,0
INV0002619,FCT-397118,SUP00177,DPT003,PO0002234,2024-11-11,1935.52,DZD,45,2024-12-26,Validated,0,0,0,45,0
INV0002620,FCT-289781,SUP00059,DPT005,PO0001936,2024-03-05,39490.12,DZD,30,2024-04-04,Validated,0,0,0,30,0
INV0002621,FCT-923970,SUP00105,DPT005,PO0004565,2024-09-03,3088.56,DZD,45,2024-10-18,Pending Review,0,0,0,45,0
INV0002622,FCT-612260,SUP00211,DPT001,PO0004904,2024-11-22,11101.42,DZD,90,2025-02-20,Pending Review,0,0,0,90,0
INV0002623,FCT-483028,SUP00022,DPT004,PO0000466,2024-02-18,9308.13,DZD,45,2024-04-03,Validated,0,0,0,45,0
INV0002624,FCT-223346,SUP00151,DPT002,PO0004383,2024-12-21,4974.6,DZD,60,2025-02-19,Validated,0,0,0,60,0
INV0002625,FCT-548508,SUP00005,DPT009,,2024-05-19,5009.31,DZD,30,2024-06-18,Validated,1,0,0,30,0
INV0002626,FCT-151063,SUP00123,DPT005,,2024-11-24,2287.87,DZD,15,2024-12-09,Validated,1,0,0,15,0
INV0002627,FCT-231756,SUP00092,DPT001,PO0003806,2024-07-09,15000.0,EUR,90,2024-10-07,Validated,0,1,0,90,0
INV0002628,FCT-195395,SUP00003,DPT012,PO0001135,2024-06-20,12875.99,EUR,60,2024-08-19,Disputed,0,0,0,60,0
INV0002629,FCT-305382,SUP00253,DPT008,PO0002131,2024-03-08,1095.94,DZD,60,2024-05-07,Validated,0,0,0,60,0
INV0002630,FCT-968795,SUP00004,DPT012,,2024-10-17,1490.65,DZD,45,2024-12-01,Validated,1,0,0,45,0
INV0002631,FCT-933612,SUP00010,DPT005,PO0003606,2024-12-09,13063.95,DZD,30,2025-01-08,Disputed,0,0,0,30,0
INV0002632,FCT-564684,SUP00009,DPT002,PO0002241,2024-12-12,7003.5,DZD,15,2024-12-27,Validated,0,0,0,15,0
INV0002633,FCT-922900,SUP00271,DPT007,PO0003236,2024-04-02,878.59,DZD,45,2024-05-17,Validated,0,0,0,45,0
INV0002634,FCT-504090,SUP00028,DPT002,,2024-08-25,131399.58,DZD,45,2024-10-09,Validated,1,0,1,45,0
INV0002635,FCT-366724,SUP00303,DPT002,,2024-10-08,286.89,DZD,60,2024-12-07,Disputed,1,0,0,60,0
INV0002636,FCT-702824,SUP00028,DPT009,PO0002533,2024-12-14,4160.17,DZD,30,2025-01-13,Validated,0,0,0,30,0
INV0002637,FCT-730174,SUP00169,DPT007,PO0005044,2024-12-13,7235.01,DZD,45,2025-01-27,Validated,0,0,0,45,0
INV0002638,FCT-465827,SUP00278,DPT001,PO0002263,2024-08-16,3231.24,DZD,45,2024-09-30,Validated,0,0,0,45,0
INV0002639,FCT-718032,SUP00170,DPT012,PO0001183,2024-04-10,18884.61,DZD,15,2024-04-25,Validated,0,0,0,15,0
INV0002640,FCT-640537,SUP00233,DPT009,,2024-03-07,12766.24,USD,30,2024-04-06,Pending Review,1,0,0,30,0
INV0002641,FCT-479588,SUP00301,DPT002,PO0004254,2024-06-15,8332.41,DZD,45,2024-07-30,Validated,0,0,0,45,0
INV0002642,FCT-887983,SUP00007,DPT001,PO0003813,2024-08-21,6517.38,DZD,15,2024-09-05,Validated,0,0,0,15,0
INV0002643,FCT-742417,SUP00162,DPT008,PO0001573,2024-03-31,13129.39,DZD,45,2024-05-15,Validated,0,0,0,45,0
INV0002644,FCT-185803,SUP00232,DPT012,,2024-08-17,5562.68,DZD,15,2024-09-01,Validated,1,0,0,15,0
INV0002645,FCT-905704,SUP00024,DPT003,PO0003278,2024-10-27,1244.93,EUR,15,2024-11-11,Validated,0,0,0,15,0
INV0002646,FCT-956662,SUP00046,DPT005,,2024-07-21,21536.44,DZD,45,2024-09-04,Validated,1,0,0,45,0
INV0002647,FCT-797051,SUP00063,DPT011,PO0001499,2024-10-17,52970.62,DZD,30,2024-11-16,Validated,0,0,0,30,0
INV0002648,FCT-522066,SUP00008,DPT009,PO0001022,2024-04-27,7801.69,DZD,30,2024-05-27,Pending Review,0,0,0,30,0
INV0002649,FCT-595543,SUP00005,DPT009,PO0003908,2024-11-22,7989.35,DZD,30,2024-12-22,Disputed,0,0,0,30,0
INV0002650,FCT-229333,SUP00009,DPT009,PO0004004,2024-12-26,6796.88,DZD,45,2025-02-09,Validated,0,0,0,45,0
INV0002651,FCT-671732,SUP00013,DPT009,PO0002960,2024-01-23,1555.78,DZD,30,2024-02-22,Validated,0,0,0,30,0
INV0002652,FCT-463525,SUP00029,DPT001,PO0002011,2024-04-10,3791.88,USD,30,2024-05-10,Validated,0,0,0,30,0
INV0002653,FCT-853994,SUP00019,DPT007,PO0003383,2024-09-27,17705.92,USD,90,2024-12-26,Validated,0,0,0,90,0
INV0002654,FCT-538250,SUP00141,DPT007,PO0003841,2024-10-02,9498.11,DZD,30,2024-11-01,Validated,0,0,0,30,0
INV0002655,FCT-774763,SUP00001,DPT003,PO0000619,2024-07-30,51078.75,EUR,45,2024-09-13,Validated,0,0,0,45,0
INV0002656,FCT-627007,SUP00008,DPT005,PO0005064,2024-07-23,16763.95,DZD,90,2024-10-21,Validated,0,0,0,90,0
INV0002657,FCT-945117,SUP00111,DPT003,PO0002008,2024-06-03,4448.25,DZD,45,2024-07-18,Validated,0,0,0,45,0
INV0002658,FCT-858286,SUP00057,DPT004,PO0002056,2024-07-26,15439.31,EUR,30,2024-08-25,Validated,0,0,0,30,0
INV0002659,FCT-855665,SUP00109,DPT011,PO0004636,2024-11-20,5674.82,DZD,45,2025-01-04,Disputed,0,0,0,45,0
INV0002660,FCT-345377,SUP00026,DPT004,PO0004775,2024-01-18,1072.87,DZD,45,2024-03-03,Validated,0,0,0,45,0
INV0002661,FCT-151548,SUP00007,DPT012,,2024-11-12,23736.3,DZD,30,2024-12-12,Disputed,1,0,0,30,0
INV0002662,FCT-569475,SUP00008,DPT002,PO0003238,2024-01-30,12789.39,DZD,45,2024-03-15,Validated,0,0,0,45,0
INV0002663,FCT-744901,SUP00010,DPT005,,2024-09-12,5000.0,EUR,15,2024-09-27,Validated,1,1,0,15,0
INV0002664,FCT-764408,SUP00005,DPT001,PO0000512,2024-05-06,3852.87,DZD,30,2024-06-05,Validated,0,0,0,30,0
INV0002665,FCT-220507,SUP00142,DPT003,PO0002294,2024-03-03,16610.92,DZD,30,2024-04-02,Validated,0,0,0,30,0
INV0002666,FCT-882897,SUP00001,DPT012,PO0002785,2024-01-03,3048.85,DZD,60,2024-03-03,Validated,0,0,0,60,0
INV0002667,FCT-850365,SUP00030,DPT002,PO0004485,2024-04-04,2635.67,DZD,30,2024-05-04,Validated,0,0,0,30,0
INV0002668,FCT-940495,SUP00007,DPT006,,2024-01-02,104350.07,DZD,30,2024-02-01,Validated,1,0,1,30,0
INV0002669,FCT-190062,SUP00029,DPT010,PO0001306,2024-02-26,666.63,EUR,30,2024-03-27,Validated,0,0,0,30,0
INV0002670,FCT-584804,SUP00014,DPT005,PO0003221,2024-05-23,6826.18,DZD,30,2024-06-22,Pending Review,0,0,0,30,0
INV0002671,FCT-358847,SUP00206,DPT002,,2024-04-03,52643.65,DZD,30,2024-05-03,Disputed,1,0,0,30,0
INV0002672,FCT-740578,SUP00088,DPT001,PO0001488,2024-06-11,1201.72,EUR,30,2024-07-11,Validated,0,0,0,30,0
INV0002673,FCT-383223,SUP00187,DPT001,PO0005009,2024-10-09,3945.6,EUR,45,2024-11-23,Validated,0,0,0,45,0
INV0002674,FCT-975529,SUP00113,DPT009,PO0001281,2024-01-07,20112.88,DZD,45,2024-02-21,Validated,0,0,0,45,0
INV0002675,FCT-939548,SUP00018,DPT007,PO0002628,2024-05-01,1775.04,DZD,30,2024-05-31,Validated,0,0,0,30,0
INV0002676,FCT-901996,SUP00001,DPT009,PO0004538,2024-05-18,10332.63,DZD,30,2024-06-17,Validated,0,0,0,30,0
INV0002677,FCT-989342,SUP00025,DPT004,PO0000665,2024-04-13,2849.72,DZD,30,2024-05-13,Pending Review,0,0,0,30,0
INV0002678,FCT-587862,SUP00279,DPT007,PO0001951,2024-07-14,100000.0,DZD,45,2024-08-28,Validated,0,1,1,45,0
INV0002679,FCT-584875,SUP00178,DPT004,PO0002216,2024-03-31,31642.18,EUR,30,2024-04-30,Validated,0,0,0,30,0
INV0002680,FCT-526248,SUP00200,DPT012,,2024-03-21,4073.21,USD,45,2024-05-05,Pending Review,1,0,0,45,0
INV0002681,FCT-569848,SUP00019,DPT012,PO0004932,2024-01-19,260.18,DZD,30,2024-02-18,Validated,0,0,0,30,0
INV0002682,FCT-633362,SUP00088,DPT009,PO0003233,2024-09-15,12797.75,DZD,30,2024-10-15,Validated,0,0,0,30,0
INV0002683,FCT-586275,SUP00011,DPT002,,2024-05-04,22928.4,DZD,30,2024-06-03,Validated,1,0,0,30,0
INV0002684,FCT-312635,SUP00003,DPT003,PO0002318,2024-10-22,12923.78,DZD,30,2024-11-21,Pending Review,0,0,0,30,0
INV0002685,FCT-676107,SUP00208,DPT009,PO0005125,2024-02-04,11166.81,DZD,30,2024-03-05,Validated,0,0,0,30,0
INV0002686,FCT-403319,SUP00116,DPT008,,2024-03-21,9583.09,DZD,60,2024-05-20,Pending Review,1,0,0,60,0
INV0002687,FCT-161961,SUP00002,DPT005,PO0001764,2024-07-24,4769.66,DZD,45,2024-09-07,Pending Review,0,0,0,45,0
INV0002688,FCT-990978,SUP00013,DPT004,PO0001523,2024-11-06,2928.52,DZD,30,2024-12-06,Validated,0,0,0,30,0
INV0002689,FCT-366819,SUP00302,DPT010,PO0004479,2024-03-08,7346.74,DZD,60,2024-05-07,Validated,0,0,0,60,0
INV0002690,FCT-600998,SUP00260,DPT008,PO0001745,2024-04-20,5324.51,USD,15,2024-05-05,Validated,0,0,0,15,0
INV0002691,FCT-650657,SUP00060,DPT011,PO0001956,2024-04-09,15306.79,DZD,30,2024-05-09,Validated,0,0,0,30,0
INV0002692,FCT-263445,SUP00163,DPT003,,2024-01-13,2594.14,DZD,45,2024-02-27,Validated,1,0,0,45,0
INV0002693,FCT-311252,SUP00002,DPT010,PO0003904,2024-06-23,4199.63,DZD,30,2024-07-23,Validated,0,0,0,30,0
INV0002694,FCT-525341,SUP00012,DPT004,PO0001942,2024-09-02,7538.32,USD,45,2024-10-17,Validated,0,0,0,45,0
INV0002695,FCT-648377,SUP00003,DPT009,,2024-05-19,2847.39,DZD,45,2024-07-03,Validated,1,0,0,45,0
INV0002696,FCT-989283,SUP00012,DPT001,PO0003235,2024-09-08,1371.61,DZD,45,2024-10-23,Validated,0,0,0,45,0
INV0002697,FCT-910636,SUP00097,DPT011,PO0002602,2024-04-27,14219.36,DZD,60,2024-06-26,Validated,0,0,0,60,0
INV0002698,FCT-988163,SUP00009,DPT001,,2024-07-18,1507.73,DZD,30,2024-08-17,Validated,1,0,0,30,0
INV0002699,FCT-791603,SUP00010,DPT002,PO0004956,2024-12-15,8386.07,USD,30,2025-01-14,Validated,0,0,0,30,0
INV0002700,FCT-775909,SUP00013,DPT004,PO0003902,2024-02-25,12475.61,DZD,30,2024-03-26,Validated,0,0,0,30,0
INV0002701,FCT-580285,SUP00022,DPT011,,2024-01-22,34638.24,DZD,30,2024-02-21,Validated,1,0,0,30,0
INV0002702,FCT-436720,SUP00156,DPT002,PO0002946,2024-02-14,95773.95,DZD,45,2024-03-30,Validated,0,0,0,45,0
INV0002703,FCT-350994,SUP00119,DPT003,PO0003857,2024-11-17,25000.0,DZD,15,2024-12-02,Validated,0,1,0,15,0
INV0002704,FCT-749848,SUP00003,DPT003,,2024-08-05,2992.73,USD,45,2024-09-19,Validated,1,0,0,45,0
INV0002705,FCT-470449,SUP00291,DPT005,PO0001007,2024-12-04,4788.84,DZD,30,2025-01-03,Validated,0,0,0,30,0
INV0002706,FCT-952350,SUP00183,DPT004,,2024-05-20,9539.4,EUR,60,2024-07-19,Validated,1,0,0,60,0
INV0002707,FCT-177346,SUP00194,DPT002,PO0004354,2024-12-19,6275.69,DZD,45,2025-02-02,Validated,0,0,0,45,0
INV0002708,FCT-582706,SUP00307,DPT003,,2024-05-19,8038.13,DZD,30,2024-06-18,Validated,1,0,0,30,0
INV0002709,FCT-230561,SUP00024,DPT003,PO0000394,2024-11-10,28226.73,DZD,30,2024-12-10,Validated,0,0,0,30,0
INV0002710,FCT-469617,SUP00024,DPT002,PO0003206,2024-07-18,7804.32,DZD,45,2024-09-01,Validated,0,0,0,45,0
INV0002711,FCT-998719,SUP00283,DPT006,PO0002235,2024-10-22,19234.9,DZD,60,2024-12-21,Validated,0,0,0,60,0
INV0002712,FCT-306133,SUP00005,DPT009,PO0001999,2024-10-15,1828.63,DZD,15,2024-10-30,Validated,0,0,0,15,0
INV0002713,FCT-925125,SUP00303,DPT005,PO0001051,2024-03-27,11665.57,DZD,30,2024-04-26,Validated,0,0,0,30,0
INV0002714,FCT-929244,SUP00298,DPT003,PO0004415,2024-10-09,977.33,DZD,60,2024-12-08,Validated,0,0,0,60,0
INV0002715,FCT-655788,SUP00017,DPT003,,2024-03-06,24216.33,DZD,90,2024-06-04,Validated,1,0,0,90,0
INV0002716,FCT-948569,SUP00017,DPT008,PO0002658,2024-07-03,5394.68,DZD,30,2024-08-02,Pending Review,0,0,0,30,0
INV0002717,FCT-666238,SUP00026,DPT004,PO0002081,2024-08-07,1364.21,DZD,30,2024-09-06,Disputed,0,0,0,30,0
INV0002718,FCT-894401,SUP00029,DPT003,PO0001120,2024-01-22,4838.35,DZD,90,2024-04-21,Validated,0,0,0,90,0
INV0002719,FCT-352558,SUP00001,DPT007,PO0000456,2024-07-14,11503.87,DZD,45,2024-08-28,Validated,0,0,0,45,0
INV0002720,FCT-368739,SUP00183,DPT007,PO0001095,2024-03-18,1601.61,DZD,90,2024-06-16,Disputed,0,0,0,90,0
INV0002721,FCT-452334,SUP00279,DPT005,PO0003894,2024-09-20,2422.54,DZD,30,2024-10-20,Validated,0,0,0,30,0
INV0002722,FCT-910747,SUP00023,DPT006,PO0003348,2024-06-21,4222.45,DZD,45,2024-08-05,Validated,0,0,0,45,0
INV0002723,FCT-284569,SUP00009,DPT001,PO0004640,2024-02-12,17359.53,DZD,60,2024-04-12,Pending Review,0,0,0,60,0
INV0002724,FCT-989731,SUP00026,DPT001,PO0003308,2024-12-30,657.71,DZD,45,2025-02-13,Validated,0,0,0,45,0
INV0002725,FCT-955308,SUP00010,DPT004,PO0004955,2024-04-14,20000.0,DZD,60,2024-06-13,Validated,0,1,0,60,0
INV0002726,FCT-553344,SUP00006,DPT012,PO0004392,2024-07-19,4968.0,DZD,30,2024-08-18,Validated,0,0,0,30,0
INV0002727,FCT-833637,SUP00054,DPT002,PO0001891,2024-09-02,22829.34,DZD,45,2024-10-17,Validated,0,0,0,45,0
INV0002728,FCT-164592,SUP00088,DPT001,PO0004306,2024-10-23,10558.89,DZD,30,2024-11-22,Validated,0,0,0,30,0
INV0002729,FCT-364329,SUP00111,DPT003,PO0003219,2024-08-11,31773.43,EUR,15,2024-08-26,Validated,0,0,0,15,0
INV0002730,FCT-420877,SUP00010,DPT005,PO0000820,2024-08-28,10674.77,DZD,45,2024-10-12,Validated,0,0,0,45,0
INV0002731,FCT-426304,SUP00271,DPT002,PO0005153,2024-05-07,1651.93,USD,30,2024-06-06,Validated,0,0,0,30,0
INV0002732,FCT-213012,SUP00204,DPT001,,2024-04-27,10898.86,DZD,45,2024-06-11,Validated,1,0,0,45,0
INV0002733,FCT-109959,SUP00077,DPT006,PO0000758,2024-02-24,11718.16,DZD,15,2024-03-10,Validated,0,0,0,15,0
INV0002734,FCT-456622,SUP00023,DPT003,PO0001323,2024-12-25,2979.02,DZD,45,2025-02-08,Validated,0,0,0,45,0
INV0002735,FCT-341089,SUP00101,DPT011,PO0001791,2024-11-09,3540.85,DZD,30,2024-12-09,Pending Review,0,0,0,30,0
INV0002736,FCT-958773,SUP00178,DPT007,PO0002283,2024-03-24,414.12,DZD,45,2024-05-08,Validated,0,0,0,45,0
INV0002737,FCT-338782,SUP00218,DPT004,PO0000837,2024-10-30,15306.91,DZD,15,2024-11-14,Validated,0,0,0,15,0
INV0002738,FCT-818787,SUP00143,DPT002,PO0001989,2024-09-04,5567.0,EUR,60,2024-11-03,Validated,0,0,0,60,0
INV0002739,FCT-238310,SUP00006,DPT005,PO0003344,2024-02-23,3383.07,DZD,30,2024-03-24,Validated,0,0,0,30,0
INV0002740,FCT-976720,SUP00170,DPT001,,2024-03-30,2045.31,DZD,15,2024-04-14,Pending Review,1,0,0,15,0
INV0002741,FCT-923851,SUP00242,DPT007,PO0004974,2024-09-30,3668.93,DZD,30,2024-10-30,Pending Review,0,0,0,30,0
INV0002742,FCT-144442,SUP00136,DPT011,PO0001291,2024-12-21,10730.67,DZD,45,2025-02-04,Validated,0,0,0,45,0
INV0002743,FCT-120844,SUP00012,DPT006,PO0002370,2024-02-21,7970.7,DZD,30,2024-03-22,Validated,0,0,0,30,0
INV0002744,FCT-898361,SUP00004,DPT004,,2024-12-10,4405.64,DZD,45,2025-01-24,Validated,1,0,0,45,0
INV0002745,FCT-604582,SUP00236,DPT003,PO0000001,2024-06-13,1579.26,EUR,30,2024-07-13,Validated,0,0,0,30,0
INV0002746,FCT-710308,SUP00169,DPT001,PO0005044,2024-11-28,4346.27,DZD,30,2024-12-28,Validated,0,0,0,30,0
INV0002747,FCT-475568,SUP00022,DPT005,PO0003815,2024-06-19,2460.94,DZD,60,2024-08-18,Validated,0,0,0,60,0
INV0002748,FCT-169985,SUP00024,DPT001,PO0002486,2024-04-15,4976.09,DZD,30,2024-05-15,Validated,0,0,0,30,0
INV0002749,FCT-460288,SUP00130,DPT007,,2024-05-26,10000.0,DZD,45,2024-07-10,Validated,1,1,0,45,0
INV0002750,FCT-812429,SUP00126,DPT003,PO0004335,2024-07-02,3426.36,DZD,45,2024-08-16,Validated,0,0,0,45,0
INV0002751,FCT-235486,SUP00007,DPT003,PO0003301,2024-05-04,43500.62,DZD,90,2024-08-02,Validated,0,0,0,90,0
INV0002752,FCT-408671,SUP00234,DPT001,PO0004203,2024-04-10,3292.15,EUR,90,2024-07-09,Validated,0,0,0,90,0
INV0002753,FCT-813833,SUP00301,DPT002,PO0004254,2024-06-19,881.54,EUR,30,2024-07-19,Validated,0,0,0,30,0
INV0002754,FCT-610083,SUP00200,DPT001,PO0000202,2024-04-19,4895.06,DZD,30,2024-05-19,Validated,0,0,0,30,0
INV0002755,FCT-391697,SUP00059,DPT001,PO0001888,2024-09-16,3153.76,DZD,30,2024-10-16,Validated,0,0,0,30,0
INV0002756,FCT-688508,SUP00002,DPT003,PO0001491,2024-04-13,319730.42,DZD,30,2024-05-13,Validated,0,0,1,30,0
INV0002757,FCT-715933,SUP00004,DPT004,PO0004552,2024-04-30,3704.48,DZD,45,2024-06-14,Validated,0,0,0,45,0
INV0002758,FCT-726680,SUP00009,DPT004,PO0005046,2024-10-18,1086.69,DZD,45,2024-12-02,Validated,0,0,0,45,0
INV0002759,FCT-384254,SUP00276,DPT004,,2024-07-30,6293.99,DZD,45,2024-09-13,Pending Review,1,0,0,45,0
INV0002760,FCT-916987,SUP00033,DPT001,,2024-10-27,4975.55,DZD,60,2024-12-26,Validated,1,0,0,60,0
INV0002761,FCT-917627,SUP00026,DPT005,,2024-05-10,1571.04,DZD,45,2024-06-24,Validated,1,0,0,45,0
INV0002762,FCT-657796,SUP00025,DPT009,PO0004848,2024-10-13,9077.16,USD,45,2024-11-27,Validated,0,0,0,45,0
INV0002763,FCT-304672,SUP00009,DPT011,PO0003705,2024-12-20,11511.2,DZD,30,2025-01-19,Validated,0,0,0,30,0
INV0002764,FCT-430193,SUP00002,DPT008,PO0003689,2024-01-03,6589.73,DZD,30,2024-02-02,Validated,0,0,0,30,0
INV0002765,FCT-849023,SUP00057,DPT011,PO0004440,2024-09-06,4416.84,DZD,30,2024-10-06,Pending Review,0,0,0,30,0
INV0002766,FCT-833207,SUP00287,DPT008,,2024-12-03,3930.26,DZD,30,2025-01-02,Validated,1,0,0,30,0
INV0002767,FCT-769170,SUP00029,DPT001,PO0002011,2024-11-07,2931.12,DZD,30,2024-12-07,Validated,0,0,0,30,0
INV0002768,FCT-536974,SUP00003,DPT011,,2024-05-24,1375.3,EUR,45,2024-07-08,Validated,1,0,0,45,0
INV0002769,FCT-883095,SUP00008,DPT006,,2024-06-06,33114.54,EUR,30,2024-07-06,Validated,1,0,0,30,0
INV0002770,FCT-404493,SUP00007,DPT003,PO0001613,2024-04-21,20000.0,DZD,90,2024-07-20,Validated,0,1,0,90,0
INV0002771,FCT-988069,SUP00008,DPT007,PO0001351,2024-04-03,1842.74,DZD,60,2024-06-02,Pending Review,0,0,0,60,0
INV0002772,FCT-944867,SUP00077,DPT004,,2024-10-19,3001.86,DZD,30,2024-11-18,Pending Review,1,0,0,30,0
INV0002773,FCT-619983,SUP00176,DPT007,PO0000145,2024-01-29,1730.39,DZD,15,2024-02-13,Validated,0,0,0,15,0
INV0002774,FCT-991590,SUP00203,DPT004,,2024-06-07,16718.28,USD,30,2024-07-07,Validated,1,0,0,30,0
INV0002775,FCT-756935,SUP00019,DPT004,PO0002563,2024-10-25,1868.0,DZD,30,2024-11-24,Validated,0,0,0,30,0
INV0002776,FCT-349970,SUP00223,DPT004,PO0000119,2024-09-13,13402.47,DZD,30,2024-10-13,Validated,0,0,0,30,0
INV0002777,FCT-613477,SUP00006,DPT003,PO0002914,2024-09-11,9819.26,DZD,45,2024-10-26,Validated,0,0,0,45,0
INV0002778,FCT-343821,SUP00073,DPT001,PO0002659,2024-06-22,5033.13,DZD,30,2024-07-22,Validated,0,0,0,30,0
INV0002779,FCT-904879,SUP00091,DPT008,PO0004838,2024-10-26,10000.0,DZD,90,2025-01-24,Validated,0,1,0,90,0
INV0002780,FCT-949425,SUP00116,DPT012,PO0003037,2024-05-15,4014.71,DZD,30,2024-06-14,Validated,0,0,0,30,0
INV0002781,FCT-655243,SUP00290,DPT008,PO0004524,2024-09-04,5000.0,DZD,30,2024-10-04,Validated,0,1,0,30,0
INV0002782,FCT-102171,SUP00241,DPT002,PO0004288,2024-01-12,1481.39,DZD,60,2024-03-12,Pending Review,0,0,0,60,0
INV0002783,FCT-861542,SUP00003,DPT006,PO0003082,2024-01-14,362.29,DZD,60,2024-03-14,Validated,0,0,0,60,0
INV0002784,FCT-315067,SUP00003,DPT003,PO0004124,2024-04-10,20314.32,DZD,30,2024-05-10,Validated,0,0,0,30,0
INV0002785,FCT-338126,SUP00081,DPT009,PO0001776,2024-06-04,2948.19,DZD,90,2024-09-02,Validated,0,0,0,90,0
INV0002786,FCT-130023,SUP00005,DPT011,PO0002846,2024-04-22,22695.62,EUR,30,2024-05-22,Validated,0,0,0,30,0
INV0002787,FCT-140486,SUP00047,DPT004,PO0004016,2024-05-01,4003.18,DZD,30,2024-05-31,Validated,0,0,0,30,0
INV0002788,FCT-931784,SUP00020,DPT003,PO0003737,2024-02-02,5296.61,DZD,30,2024-03-03,Validated,0,0,0,30,0
INV0002789,FCT-188946,SUP00010,DPT005,PO0004956,2024-06-07,7607.99,DZD,15,2024-06-22,Validated,0,0,0,15,0
INV0002790,FCT-580876,SUP00173,DPT001,PO0004716,2024-02-04,3228.2,DZD,30,2024-03-05,Disputed,0,0,0,30,0
INV0002791,FCT-687330,SUP00030,DPT004,PO0004860,2024-08-31,936.74,DZD,45,2024-10-15,Validated,0,0,0,45,0
INV0002792,FCT-664479,SUP00004,DPT004,PO0004552,2024-10-15,2203.84,DZD,30,2024-11-14,Validated,0,0,0,30,0
INV0002793,FCT-851828,SUP00146,DPT008,PO0000788,2024-07-25,15000.0,DZD,45,2024-09-08,Validated,0,1,0,45,0
INV0002794,FCT-843428,SUP00007,DPT003,PO0000168,2024-04-27,5775.83,DZD,30,2024-05-27,Pending Review,0,0,0,30,0
INV0002795,FCT-317991,SUP00026,DPT002,PO0004703,2024-08-20,21688.7,DZD,30,2024-09-19,Validated,0,0,0,30,0
INV0002796,FCT-726213,SUP00008,DPT006,PO0003486,2024-11-09,2605.89,DZD,60,2025-01-08,Validated,0,0,0,60,0
INV0002797,FCT-631243,SUP00008,DPT006,PO0003500,2024-03-17,5353.37,DZD,45,2024-05-01,Validated,0,0,0,45,0
INV0002798,FCT-295460,SUP00021,DPT006,PO0005121,2024-03-14,7900.04,USD,30,2024-04-13,Disputed,0,0,0,30,0
INV0002799,FCT-572767,SUP00233,DPT009,,2024-06-30,10000.0,DZD,30,2024-07-30,Validated,1,1,0,30,0
INV0002800,FCT-733518,SUP00015,DPT009,PO0001657,2024-06-05,9350.13,DZD,45,2024-07-20,Validated,0,0,0,45,0
INV0002801,FCT-693027,SUP00298,DPT001,PO0003717,2024-03-26,21280.69,DZD,30,2024-04-25,Validated,0,0,0,30,0
INV0002802,FCT-620179,SUP00040,DPT010,PO0005158,2024-04-26,9438.75,USD,90,2024-07-25,Validated,0,0,0,90,0
INV0002803,FCT-307432,SUP00193,DPT002,PO0004147,2024-07-05,5666.0,DZD,60,2024-09-03,Validated,0,0,0,60,0
INV0002804,FCT-817155,SUP00003,DPT008,PO0005151,2024-12-05,2282.21,DZD,30,2025-01-04,Validated,0,0,0,30,0
INV0002805,FCT-299886,SUP00249,DPT002,PO0000669,2024-04-17,5237.14,DZD,30,2024-05-17,Validated,0,0,0,30,0
INV0002806,FCT-492805,SUP00027,DPT002,,2024-02-25,2525.56,DZD,45,2024-04-10,Validated,1,0,0,45,0
INV0002807,FCT-801596,SUP00088,DPT002,PO0004123,2024-03-20,3057.48,DZD,30,2024-04-19,Validated,0,0,0,30,0
INV0002808,FCT-915452,SUP00136,DPT001,PO0004496,2024-08-04,5216.5,DZD,30,2024-09-03,Validated,0,0,0,30,0
INV0002809,FCT-143650,SUP00015,DPT010,PO0002427,2024-12-09,4724.97,DZD,30,2025-01-08,Pending Review,0,0,0,30,0
INV0002810,FCT-876268,SUP00004,DPT006,PO0001386,2024-11-30,19693.93,EUR,30,2024-12-30,Validated,0,0,0,30,0
INV0002811,FCT-724589,SUP00012,DPT003,PO0001053,2024-04-07,3052.97,DZD,60,2024-06-06,Validated,0,0,0,60,0
INV0002812,FCT-251452,SUP00004,DPT009,PO0002053,2024-04-20,9385.73,DZD,30,2024-05-20,Validated,0,0,0,30,0
INV0002813,FCT-164378,SUP00001,DPT003,PO0002203,2024-08-16,3518.31,USD,45,2024-09-30,Validated,0,0,0,45,0
INV0002814,FCT-274960,SUP00008,DPT002,PO0003246,2024-03-25,2105.63,EUR,30,2024-04-24,Validated,0,0,0,30,0
INV0002815,FCT-192853,SUP00002,DPT008,PO0001071,2024-08-16,12059.78,EUR,45,2024-09-30,Validated,0,0,0,45,0
INV0002816,FCT-385228,SUP00012,DPT007,PO0001268,2024-11-17,9717.96,DZD,60,2025-01-16,Validated,0,0,0,60,0
INV0002817,FCT-318574,SUP00268,DPT001,,2024-07-29,3010.49,DZD,60,2024-09-27,Validated,1,0,0,60,0
INV0002818,FCT-203565,SUP00215,DPT010,PO0001496,2024-09-26,165.02,DZD,30,2024-10-26,Validated,0,0,0,30,0
INV0002819,FCT-407315,SUP00095,DPT012,PO0003007,2024-09-19,21778.93,DZD,30,2024-10-19,Validated,0,0,0,30,0
INV0002820,FCT-841340,SUP00013,DPT002,PO0001941,2024-03-03,14673.07,DZD,30,2024-04-02,Validated,0,0,0,30,0
INV0002821,FCT-988101,SUP00174,DPT003,PO0005018,2024-08-10,22637.55,DZD,90,2024-11-08,Validated,0,0,0,90,0
INV0002822,FCT-873882,SUP00042,DPT003,PO0004167,2024-04-01,24076.42,DZD,30,2024-05-01,Validated,0,0,0,30,0
INV0002823,FCT-510757,SUP00187,DPT004,PO0002738,2024-11-06,6105.45,DZD,30,2024-12-06,Validated,0,0,0,30,0
INV0002824,FCT-686031,SUP00009,DPT002,,2024-09-22,3718.68,DZD,30,2024-10-22,Pending Review,1,0,0,30,0
INV0002825,FCT-486077,SUP00075,DPT001,PO0000692,2024-01-10,764.87,EUR,30,2024-02-09,Validated,0,0,0,30,0
INV0002826,FCT-616413,SUP00037,DPT009,PO0002058,2024-04-13,7015.79,DZD,45,2024-05-28,Pending Review,0,0,0,45,0
INV0002827,FCT-793755,SUP00040,DPT001,PO0001841,2024-01-27,3580.49,DZD,30,2024-02-26,Validated,0,0,0,30,0
INV0002828,FCT-424013,SUP00205,DPT001,PO0002361,2024-05-22,2439.95,DZD,30,2024-06-21,Validated,0,0,0,30,0
INV0002829,FCT-342740,SUP00256,DPT008,PO0001582,2024-07-21,1258.18,DZD,45,2024-09-04,Validated,0,0,0,45,0
INV0002830,FCT-883472,SUP00223,DPT009,PO0003650,2024-12-11,1835.61,DZD,45,2025-01-25,Validated,0,0,0,45,0
INV0002831,FCT-637289,SUP00027,DPT007,PO0000253,2024-05-25,1276.91,EUR,30,2024-06-24,Validated,0,0,0,30,0
INV0002832,FCT-564902,SUP00008,DPT001,,2024-06-16,18804.95,DZD,30,2024-07-16,Validated,1,0,0,30,0
INV0002833,FCT-729847,SUP00176,DPT001,,2024-03-18,21654.95,DZD,30,2024-04-17,Validated,1,0,0,30,0
INV0002834,FCT-103049,SUP00005,DPT008,PO0005167,2024-08-02,2556.47,DZD,30,2024-09-01,Validated,0,0,0,30,0
INV0002835,FCT-870546,SUP00030,DPT004,PO0003266,2024-05-08,24546.54,DZD,90,2024-08-06,Validated,0,0,0,90,0
INV0002836,FCT-855287,SUP00185,DPT011,PO0001304,2024-09-19,6755.66,DZD,60,2024-11-18,Validated,0,0,0,60,0
INV0002837,FCT-210156,SUP00199,DPT005,PO0004320,2024-08-25,32483.58,DZD,30,2024-09-24,Pending Review,0,0,0,30,0
INV0002838,FCT-355350,SUP00011,DPT004,PO0002307,2024-02-11,11919.89,DZD,30,2024-03-12,Validated,0,0,0,30,0
INV0002839,FCT-689345,SUP00114,DPT004,,2024-11-07,12419.1,DZD,90,2025-02-05,Validated,1,0,0,90,0
INV0002840,FCT-821387,SUP00009,DPT004,PO0005116,2024-04-22,7956.64,DZD,90,2024-07-21,Validated,0,0,0,90,0
INV0002841,FCT-104293,SUP00048,DPT008,PO0000960,2024-03-07,2617.61,EUR,30,2024-04-06,Validated,0,0,0,30,0
INV0002842,FCT-247470,SUP00004,DPT006,,2024-08-22,1315.06,EUR,45,2024-10-06,Validated,1,0,0,45,0
INV0002843,FCT-547116,SUP00027,DPT003,PO0004961,2024-04-16,7597.64,DZD,30,2024-05-16,Validated,0,0,0,30,0
INV0002844,FCT-206357,SUP00017,DPT002,PO0002375,2024-07-02,5379.5,DZD,30,2024-08-01,Validated,0,0,0,30,0
INV0002845,FCT-424574,SUP00079,DPT004,PO0001511,2024-02-21,119297.75,DZD,90,2024-05-21,Validated,0,0,1,90,0
INV0002846,FCT-566747,SUP00014,DPT003,PO0000221,2024-10-21,14183.56,DZD,30,2024-11-20,Validated,0,0,0,30,0
INV0002847,FCT-833252,SUP00256,DPT008,PO0004794,2024-12-29,2272.92,DZD,30,2025-01-28,Validated,0,0,0,30,0
INV0002848,FCT-299717,SUP00060,DPT011,PO0001956,2024-05-07,5447.74,DZD,30,2024-06-06,Validated,0,0,0,30,0
INV0002849,FCT-754476,SUP00012,DPT010,PO0004782,2024-01-08,3929.99,DZD,90,2024-04-07,Validated,0,0,0,90,0
INV0002850,FCT-341173,SUP00138,DPT009,PO0002652,2024-09-19,5737.5,DZD,45,2024-11-03,Validated,0,0,0,45,0
INV0002851,FCT-722356,SUP00008,DPT009,PO0003555,2024-02-27,1328.51,DZD,45,2024-04-12,Validated,0,0,0,45,0
INV0002852,FCT-277356,SUP00129,DPT010,PO0000309,2024-06-26,17045.41,DZD,60,2024-08-25,Validated,0,0,0,60,0
INV0002853,FCT-252582,SUP00023,DPT002,PO0003021,2024-05-20,3810.48,DZD,30,2024-06-19,Validated,0,0,0,30,0
INV0002854,FCT-800495,SUP00009,DPT002,,2024-02-15,5000.0,DZD,30,2024-03-16,Validated,1,1,0,30,0
INV0002855,FCT-379106,SUP00009,DPT005,,2024-03-13,2998.42,EUR,30,2024-04-12,Validated,1,0,0,30,0
INV0002856,FCT-934418,SUP00060,DPT002,PO0001320,2024-11-11,3800.4,DZD,15,2024-11-26,Validated,0,0,0,15,0
INV0002857,FCT-358880,SUP00010,DPT001,,2024-09-05,11876.05,EUR,15,2024-09-20,Validated,1,0,0,15,0
INV0002858,FCT-293145,SUP00014,DPT010,PO0004667,2024-04-20,554.57,DZD,30,2024-05-20,Validated,0,0,0,30,0
INV0002859,FCT-274611,SUP00267,DPT011,PO0002573,2024-01-09,18683.13,USD,45,2024-02-23,Validated,0,0,0,45,0
INV0002860,FCT-428045,SUP00012,DPT001,PO0000383,2024-02-29,32542.85,USD,30,2024-03-30,Validated,0,0,0,30,0
INV0002861,FCT-479150,SUP00026,DPT003,,2024-07-06,31822.23,USD,45,2024-08-20,Validated,1,0,0,45,0
INV0002862,FCT-286141,SUP00265,DPT009,PO0000459,2024-09-24,2680.92,DZD,45,2024-11-08,Validated,0,0,0,45,0
INV0002863,FCT-482672,SUP00146,DPT008,PO0000788,2024-03-12,8492.98,EUR,45,2024-04-26,Pending Review,0,0,0,45,0
INV0002864,FCT-716672,SUP00016,DPT007,PO0000428,2024-09-11,3593.27,DZD,15,2024-09-26,Validated,0,0,0,15,0
INV0002865,FCT-414907,SUP00007,DPT012,PO0000256,2024-08-18,1086.7,DZD,45,2024-10-02,Validated,0,0,0,45,0
INV0002866,FCT-103849,SUP00010,DPT007,PO0000521,2024-01-26,6647.72,DZD,60,2024-03-26,Validated,0,0,0,60,0
INV0002867,FCT-814676,SUP00009,DPT009,PO0003881,2024-02-12,1124.26,DZD,45,2024-03-28,Validated,0,0,0,45,0
INV0002868,FCT-122903,SUP00002,DPT009,PO0001212,2024-02-29,11960.64,DZD,45,2024-04-14,Validated,0,0,0,45,0
INV0002869,FCT-721518,SUP00295,DPT002,PO0003775,2024-03-13,15391.93,DZD,30,2024-04-12,Validated,0,0,0,30,0
INV0002870,FCT-298108,SUP00001,DPT004,PO0000072,2024-01-07,26500.56,DZD,45,2024-02-21,Disputed,0,0,0,45,0
INV0002871,FCT-815448,SUP00020,DPT003,PO0003719,2024-10-29,10821.57,DZD,30,2024-11-28,Validated,0,0,0,30,0
INV0002872,FCT-558794,SUP00019,DPT011,PO0004711,2024-11-09,3730.48,DZD,30,2024-12-09,Validated,0,0,0,30,0
INV0002873,FCT-827428,SUP00010,DPT001,PO0003812,2024-11-24,4830.61,DZD,45,2025-01-08,Validated,0,0,0,45,0
INV0002874,FCT-420563,SUP00299,DPT011,PO0001666,2024-11-17,6913.46,DZD,30,2024-12-17,Validated,0,0,0,30,0
INV0002875,FCT-298634,SUP00003,DPT004,PO0003656,2024-05-11,32282.81,DZD,15,2024-05-26,Validated,0,0,0,15,0
INV0002876,FCT-167370,SUP00158,DPT007,PO0000422,2024-05-21,32676.44,DZD,30,2024-06-20,Disputed,0,0,0,30,0
INV0002877,FCT-951610,SUP00005,DPT010,PO0000864,2024-08-02,5449.48,DZD,30,2024-09-01,Validated,0,0,0,30,1
INV0002878,FCT-877812,SUP00002,DPT009,PO0000746,2024-12-05,18588.87,DZD,45,2025-01-19,Pending Review,0,0,0,45,0
INV0002879,FCT-685438,SUP00009,DPT012,PO0004438,2024-09-03,3316.17,DZD,30,2024-10-03,Validated,0,0,0,30,0
INV0002880,FCT-866103,SUP00022,DPT001,PO0001792,2024-08-08,9913.98,DZD,30,2024-09-07,Pending Review,0,0,0,30,0
INV0002881,FCT-818448,SUP00010,DPT001,PO0002454,2024-10-04,4016.38,DZD,45,2024-11-18,Validated,0,0,0,45,0
INV0002882,FCT-143143,SUP00001,DPT001,PO0002309,2024-11-09,7946.81,DZD,15,2024-11-24,Validated,0,0,0,15,0
INV0002883,FCT-935511,SUP00002,DPT012,PO0001374,2024-07-14,2332.81,EUR,45,2024-08-28,Validated,0,0,0,45,0
INV0002884,FCT-968781,SUP00019,DPT009,,2024-10-07,1172.09,DZD,30,2024-11-06,Validated,1,0,0,30,0
INV0002885,FCT-833727,SUP00239,DPT001,PO0002778,2024-07-30,1431.96,DZD,30,2024-08-29,Validated,0,0,0,30,0
INV0002886,FCT-682695,SUP00166,DPT001,PO0000329,2024-09-30,11737.44,DZD,45,2024-11-14,Validated,0,0,0,45,0
INV0002887,FCT-603651,SUP00060,DPT002,PO0001956,2024-10-13,1666.7,DZD,30,2024-11-12,Validated,0,0,0,30,0
INV0002888,FCT-464057,SUP00004,DPT002,PO0004931,2024-09-18,4054.76,DZD,45,2024-11-02,Pending Review,0,0,0,45,0
INV0002889,FCT-531900,SUP00271,DPT010,PO0002890,2024-07-18,16713.27,DZD,45,2024-09-01,Pending Review,0,0,0,45,0
INV0002890,FCT-307212,SUP00031,DPT004,PO0002437,2024-11-20,21772.49,DZD,30,2024-12-20,Validated,0,0,0,30,0
INV0002891,FCT-593148,SUP00008,DPT004,,2024-07-15,1946.29,EUR,30,2024-08-14,Validated,1,0,0,30,0
INV0002892,FCT-391434,SUP00030,DPT007,,2024-05-07,379.79,USD,30,2024-06-06,Validated,1,0,0,30,0
INV0002893,FCT-887026,SUP00030,DPT012,PO0003402,2024-04-13,2382.47,DZD,30,2024-05-13,Validated,0,0,0,30,0
INV0002894,FCT-145686,SUP00004,DPT002,PO0000654,2024-04-29,7559.9,DZD,45,2024-06-13,Validated,0,0,0,45,0
INV0002895,FCT-159541,SUP00116,DPT010,,2024-11-01,12988.75,DZD,60,2024-12-31,Validated,1,0,0,60,0
INV0002896,FCT-870701,SUP00308,DPT012,,2024-12-14,1545.77,DZD,30,2025-01-13,Validated,1,0,0,30,0
INV0002897,FCT-448252,SUP00208,DPT006,PO0003970,2024-06-10,787.07,DZD,30,2024-07-10,Validated,0,0,0,30,0
INV0002898,FCT-604258,SUP00045,DPT011,PO0001417,2024-04-20,2113.37,DZD,30,2024-05-20,Validated,0,0,0,30,0
INV0002899,FCT-355880,SUP00319,DPT001,PO0003286,2024-07-20,3304.2,DZD,60,2024-09-18,Validated,0,0,0,60,0
INV0002900,FCT-301375,SUP00211,DPT009,PO0000043,2024-05-18,66221.58,DZD,60,2024-07-17,Validated,0,0,0,60,0
INV0002901,FCT-501863,SUP00034,DPT005,PO0004315,2024-08-18,6811.09,DZD,90,2024-11-16,Validated,0,0,0,90,0
INV0002902,FCT-216108,SUP00210,DPT012,PO0001333,2024-01-20,12656.56,USD,30,2024-02-19,Validated,0,0,0,30,0
INV0002903,FCT-641938,SUP00310,DPT003,,2024-07-16,21272.29,EUR,90,2024-10-14,Validated,1,0,0,90,0
INV0002904,FCT-219690,SUP00003,DPT006,PO0003713,2024-03-19,3579.67,DZD,30,2024-04-18,Pending Review,0,0,0,30,0
INV0002905,FCT-795219,SUP00001,DPT002,PO0004044,2024-06-10,6738.07,DZD,30,2024-07-10,Validated,0,0,0,30,0
INV0002906,FCT-458535,SUP00007,DPT004,PO0004642,2024-08-13,8030.05,EUR,30,2024-09-12,Validated,0,0,0,30,0
INV0002907,FCT-107643,SUP00069,DPT001,PO0002582,2024-06-26,12055.24,USD,90,2024-09-24,Validated,0,0,0,90,0
INV0002908,FCT-515493,SUP00004,DPT001,PO0003940,2024-12-14,100000.0,DZD,45,2025-01-28,Validated,0,1,1,45,0
INV0002909,FCT-488424,SUP00009,DPT005,PO0000363,2024-02-06,10000.0,DZD,30,2024-03-07,Validated,0,1,0,30,0
INV0002910,FCT-151990,SUP00016,DPT001,PO0000031,2024-05-25,21354.56,DZD,45,2024-07-09,Validated,0,0,0,45,0
INV0002911,FCT-361289,SUP00006,DPT008,PO0005108,2024-10-27,4333.17,DZD,30,2024-11-26,Validated,0,0,0,30,0
INV0002912,FCT-358601,SUP00319,DPT001,PO0000945,2024-05-02,14370.65,DZD,30,2024-06-01,Pending Review,0,0,0,30,0
INV0002913,FCT-762596,SUP00009,DPT005,PO0001686,2024-01-30,9391.81,DZD,90,2024-04-29,Validated,0,0,0,90,0
INV0002914,FCT-791802,SUP00026,DPT001,,2024-08-09,25000.0,DZD,45,2024-09-23,Validated,1,1,0,45,0
INV0002915,FCT-346990,SUP00218,DPT010,PO0004371,2024-12-26,16825.03,DZD,15,2025-01-10,Validated,0,0,0,15,0
INV0002916,FCT-938874,SUP00002,DPT001,PO0002518,2024-12-01,9359.84,DZD,15,2024-12-16,Validated,0,0,0,15,0
INV0002917,FCT-310738,SUP00117,DPT004,PO0004443,2024-12-19,100000.0,USD,45,2025-02-02,Validated,0,1,1,45,0
INV0002918,FCT-574369,SUP00131,DPT002,PO0001326,2024-05-28,1826.86,DZD,45,2024-07-12,Validated,0,0,0,45,0
INV0002919,FCT-255581,SUP00006,DPT003,PO0002516,2024-11-18,11013.86,DZD,30,2024-12-18,Validated,0,0,0,30,0
INV0002920,FCT-238405,SUP00005,DPT003,PO0003035,2024-01-03,841.74,EUR,60,2024-03-03,Validated,0,0,0,60,0
INV0002921,FCT-552872,SUP00193,DPT002,PO0001231,2024-01-28,38852.16,DZD,45,2024-03-13,Validated,0,0,0,45,0
INV0002922,FCT-321352,SUP00301,DPT002,PO0004254,2024-10-02,562.12,DZD,45,2024-11-16,Validated,0,0,0,45,0
INV0002923,FCT-146886,SUP00280,DPT009,PO0003988,2024-01-10,1838.05,DZD,60,2024-03-10,Validated,0,0,0,60,0
INV0002924,FCT-982431,SUP00115,DPT012,PO0002531,2024-08-06,100000.0,EUR,30,2024-09-05,Validated,0,1,1,30,0
INV0002925,FCT-727952,SUP00264,DPT004,,2024-08-13,5763.36,DZD,45,2024-09-27,Validated,1,0,0,45,0
INV0002926,FCT-709517,SUP00292,DPT005,PO0004817,2024-03-12,7409.25,DZD,30,2024-04-11,Validated,0,0,0,30,0
INV0002927,FCT-895839,SUP00139,DPT002,PO0004819,2024-03-01,2722.74,DZD,30,2024-03-31,Validated,0,0,0,30,0
INV0002928,FCT-756441,SUP00009,DPT011,PO0003376,2024-03-02,5183.63,USD,15,2024-03-17,Validated,0,0,0,15,0
INV0002929,FCT-276323,SUP00068,DPT004,PO0004587,2024-12-09,13185.12,EUR,45,2025-01-23,Validated,0,0,0,45,0
INV0002930,FCT-909051,SUP00089,DPT006,PO0004130,2024-03-17,2305.15,DZD,45,2024-05-01,Validated,0,0,0,45,0
INV0002931,FCT-545535,SUP00115,DPT007,PO0004454,2024-08-27,4440.99,USD,30,2024-09-26,Validated,0,0,0,30,0
INV0002932,FCT-870126,SUP00005,DPT001,,2024-11-08,6039.57,DZD,30,2024-12-08,Validated,1,0,0,30,0
INV0002933,FCT-892215,SUP00285,DPT005,PO0003666,2024-11-09,4396.6,DZD,30,2024-12-09,Pending Review,0,0,0,30,0
INV0002934,FCT-106847,SUP00217,DPT011,PO0005188,2024-04-10,14235.23,DZD,45,2024-05-25,Pending Review,0,0,0,45,0
INV0002935,FCT-867242,SUP00101,DPT004,,2024-12-28,10181.78,DZD,45,2025-02-11,Validated,1,0,0,45,0
INV0002936,FCT-171991,SUP00047,DPT001,,2024-05-11,5322.42,DZD,30,2024-06-10,Validated,1,0,0,30,0
INV0002937,FCT-803757,SUP00006,DPT002,PO0000513,2024-12-08,843.95,DZD,30,2025-01-07,Validated,0,0,0,30,0
INV0002938,FCT-699386,SUP00019,DPT001,,2024-04-11,23367.61,DZD,30,2024-05-11,Validated,1,0,0,30,0
INV0002939,FCT-267932,SUP00010,DPT003,PO0004234,2024-02-08,2074.95,DZD,30,2024-03-09,Validated,0,0,0,30,0
INV0002940,FCT-937148,SUP00010,DPT010,PO0000745,2024-07-28,46279.85,DZD,30,2024-08-27,Validated,0,0,0,30,0
INV0002941,FCT-493317,SUP00024,DPT003,PO0001548,2024-12-24,2272.04,EUR,60,2025-02-22,Pending Review,0,0,0,60,0
INV0002942,FCT-433942,SUP00053,DPT011,PO0004461,2024-09-18,8040.63,DZD,15,2024-10-03,Validated,0,0,0,15,0
INV0002943,FCT-984937,SUP00011,DPT007,PO0004942,2024-01-26,12472.93,DZD,30,2024-02-25,Validated,0,0,0,30,0
INV0002944,FCT-600171,SUP00005,DPT010,PO0003182,2024-10-22,4788.14,EUR,30,2024-11-21,Validated,0,0,0,30,0
INV0002945,FCT-317847,SUP00026,DPT003,PO0001331,2024-10-11,8593.36,DZD,30,2024-11-10,Validated,0,0,0,30,0
INV0002946,FCT-875893,SUP00006,DPT001,PO0000448,2024-12-14,50000.0,DZD,45,2025-01-28,Validated,0,1,0,45,0
INV0002947,FCT-220010,SUP00309,DPT001,PO0003088,2024-09-30,52710.16,DZD,30,2024-10-30,Validated,0,0,0,30,0
INV0002948,FCT-641069,SUP00007,DPT001,PO0004645,2024-05-30,7574.44,DZD,45,2024-07-14,Validated,0,0,0,45,0
INV0002949,FCT-471877,SUP00007,DPT001,PO0002598,2024-03-18,5250.81,DZD,90,2024-06-16,Validated,0,0,0,90,0
INV0002950,FCT-849355,SUP00243,DPT006,PO0000774,2024-12-15,7949.43,DZD,30,2025-01-14,Pending Review,0,0,0,30,0
INV0002951,FCT-236049,SUP00021,DPT005,PO0002138,2024-05-19,22071.92,DZD,30,2024-06-18,Validated,0,0,0,30,0
INV0002952,FCT-627749,SUP00005,DPT009,PO0005041,2024-07-18,9404.9,DZD,30,2024-08-17,Validated,0,0,0,30,0
INV0002953,FCT-523700,SUP00093,DPT005,PO0003608,2024-08-18,7412.53,EUR,15,2024-09-02,Validated,0,0,0,15,0
INV0002954,FCT-541081,SUP00031,DPT001,,2024-12-26,1153.04,DZD,30,2025-01-25,Validated,1,0,0,30,0
INV0002955,FCT-657235,SUP00009,DPT002,,2024-06-30,22666.62,EUR,30,2024-07-30,Validated,1,0,0,30,0
INV0002956,FCT-431842,SUP00026,DPT003,PO0003416,2024-11-15,8980.58,DZD,30,2024-12-15,Disputed,0,0,0,30,0
INV0002957,FCT-455573,SUP00089,DPT001,PO0004381,2024-09-13,3596.85,DZD,45,2024-10-28,Validated,0,0,0,45,0
INV0002958,FCT-373164,SUP00006,DPT009,,2024-03-12,8740.5,DZD,60,2024-05-11,Validated,1,0,0,60,0
INV0002959,FCT-327511,SUP00021,DPT009,PO0001710,2024-02-17,29718.43,DZD,60,2024-04-17,Validated,0,0,0,60,0
INV0002960,FCT-949385,SUP00274,DPT003,PO0003569,2024-08-19,13661.21,DZD,90,2024-11-17,Validated,0,0,0,90,0
INV0002961,FCT-514361,SUP00007,DPT010,PO0001629,2024-05-28,57747.46,DZD,30,2024-06-27,Validated,0,0,0,30,0
INV0002962,FCT-416576,SUP00042,DPT004,PO0000373,2024-01-14,16407.71,DZD,30,2024-02-13,Validated,0,0,0,30,0
INV0002963,FCT-811689,SUP00296,DPT005,,2024-09-18,652.76,DZD,90,2024-12-17,Pending Review,1,0,0,90,0
INV0002964,FCT-217277,SUP00187,DPT008,PO0004651,2024-12-08,25593.13,EUR,30,2025-01-07,Validated,0,0,0,30,0
INV0002965,FCT-835868,SUP00015,DPT001,,2024-01-03,808.6,DZD,30,2024-02-02,Validated,1,0,0,30,0
INV0002966,FCT-102638,SUP00012,DPT005,PO0001367,2024-12-07,28384.01,DZD,45,2025-01-21,Pending Review,0,0,0,45,0
INV0002967,FCT-105560,SUP00095,DPT003,,2024-08-25,16611.89,DZD,15,2024-09-09,Validated,1,0,0,15,0
INV0002968,FCT-337921,SUP00033,DPT004,PO0003570,2024-12-15,41438.16,DZD,45,2025-01-29,Validated,0,0,0,45,0
INV0002969,FCT-140476,SUP00027,DPT006,PO0004864,2024-07-16,9989.8,DZD,30,2024-08-15,Pending Review,0,0,0,30,0
INV0002970,FCT-544866,SUP00033,DPT010,PO0003124,2024-05-11,25000.0,USD,60,2024-07-10,Validated,0,1,0,60,0
INV0002971,FCT-925543,SUP00127,DPT012,,2024-12-03,24945.55,EUR,30,2025-01-02,Validated,1,0,0,30,0
INV0002972,FCT-251525,SUP00002,DPT008,PO0004476,2024-08-02,1551.03,USD,30,2024-09-01,Disputed,0,0,0,30,0
INV0002973,FCT-305011,SUP00022,DPT011,PO0002162,2024-12-17,6287.74,DZD,45,2025-01-31,Validated,0,0,0,45,0
INV0002974,FCT-209419,SUP00252,DPT002,PO0000999,2024-04-04,100000.0,EUR,30,2024-05-04,Validated,0,1,1,30,0
INV0002975,FCT-465687,SUP00005,DPT002,PO0002918,2024-09-08,3663.22,DZD,90,2024-12-07,Validated,0,0,0,90,0
INV0002976,FCT-485499,SUP00030,DPT001,PO0001479,2024-08-05,3114.11,DZD,60,2024-10-04,Validated,0,0,0,60,0
INV0002977,FCT-201181,SUP00181,DPT005,PO0004857,2024-07-15,7199.46,DZD,30,2024-08-14,Validated,0,0,0,30,0
INV0002978,FCT-947880,SUP00275,DPT002,PO0000998,2024-10-31,13712.31,DZD,15,2024-11-15,Pending Review,0,0,0,15,0
INV0002979,FCT-401074,SUP00163,DPT012,PO0004654,2024-07-12,33203.17,DZD,45,2024-08-26,Validated,0,0,0,45,0
INV0002980,FCT-300806,SUP00054,DPT002,PO0000858,2024-10-23,4326.38,DZD,30,2024-11-22,Validated,0,0,0,30,0
INV0002981,FCT-785084,SUP00004,DPT002,PO0001018,2024-06-11,3933.74,DZD,15,2024-06-26,Validated,0,0,0,15,0
INV0002982,FCT-695194,SUP00249,DPT002,PO0002163,2024-03-02,234.13,DZD,45,2024-04-16,Validated,0,0,0,45,0
INV0002983,FCT-147689,SUP00024,DPT003,,2024-10-11,32344.13,DZD,60,2024-12-10,Validated,1,0,0,60,0
INV0002984,FCT-954486,SUP00169,DPT009,,2024-08-22,1259.25,DZD,30,2024-09-21,Validated,1,0,0,30,0
INV0002985,FCT-503536,SUP00062,DPT004,PO0000425,2024-05-02,10430.49,DZD,30,2024-06-01,Pending Review,0,0,0,30,0
INV0002986,FCT-831640,SUP00045,DPT004,PO0005076,2024-01-04,100000.0,EUR,30,2024-02-03,Validated,0,1,1,30,0
INV0002987,FCT-654207,SUP00318,DPT006,PO0002494,2024-03-29,18749.22,EUR,30,2024-04-28,Validated,0,0,0,30,0
INV0002988,FCT-819444,SUP00112,DPT007,PO0001612,2024-06-03,2183.06,USD,30,2024-07-03,Validated,0,0,0,30,0
INV0002989,FCT-357876,SUP00224,DPT001,PO0003677,2024-06-10,11617.46,DZD,30,2024-07-10,Disputed,0,0,0,30,0
INV0002990,FCT-293485,SUP00139,DPT001,PO0002860,2024-09-25,39056.41,DZD,30,2024-10-25,Validated,0,0,0,30,0
INV0002991,FCT-839086,SUP00007,DPT010,PO0000132,2024-05-01,7843.1,DZD,60,2024-06-30,Pending Review,0,0,0,60,0
INV0002992,FCT-853516,SUP00238,DPT011,PO0001219,2024-01-29,2191.63,DZD,30,2024-02-28,Validated,0,0,0,30,0
INV0002993,FCT-103300,SUP00010,DPT006,PO0001449,2024-10-24,1110.69,DZD,45,2024-12-08,Validated,0,0,0,45,0
INV0002994,FCT-188919,SUP00027,DPT007,PO0002805,2024-05-07,33265.7,USD,30,2024-06-06,Validated,0,0,0,30,0
INV0002995,FCT-484428,SUP00015,DPT011,PO0001721,2024-04-10,3622.55,USD,30,2024-05-10,Validated,0,0,0,30,0
INV0002996,FCT-387572,SUP00290,DPT005,PO0001195,2024-10-01,4552.34,DZD,30,2024-10-31,Validated,0,0,0,30,0
INV0002997,FCT-866785,SUP00265,DPT002,PO0000356,2024-05-26,109950.07,DZD,60,2024-07-25,Validated,0,0,1,60,0
INV0002998,FCT-599964,SUP00079,DPT001,PO0002879,2024-06-30,17350.52,DZD,15,2024-07-15,Validated,0,0,0,15,0
INV0002999,FCT-204986,SUP00007,DPT006,PO0003145,2024-04-08,22415.45,DZD,45,2024-05-23,Pending Review,0,0,0,45,0
INV0003000,FCT-518813,SUP00193,DPT004,PO0003887,2024-11-19,39649.9,DZD,45,2025-01-03,Validated,0,0,0,45,0
INV0003001,FCT-272799,SUP00029,DPT009,PO0001859,2024-07-15,998.28,DZD,30,2024-08-14,Validated,0,0,0,30,0
INV0003002,FCT-741680,SUP00029,DPT001,PO0003096,2024-04-24,35064.07,DZD,30,2024-05-24,Validated,0,0,0,30,0
INV0003003,FCT-689672,SUP00009,DPT007,PO0005107,2024-04-21,41008.03,DZD,30,2024-05-21,Validated,0,0,0,30,0
INV0003004,FCT-623068,SUP00312,DPT001,,2024-06-06,3593.66,USD,45,2024-07-21,Validated,1,0,0,45,0
INV0003005,FCT-383042,SUP00004,DPT004,PO0004495,2024-08-16,14254.17,DZD,30,2024-09-15,Pending Review,0,0,0,30,0
INV0003006,FCT-667318,SUP00115,DPT012,PO0002531,2024-03-30,18263.6,DZD,90,2024-06-28,Validated,0,0,0,90,0
INV0003007,FCT-322272,SUP00114,DPT004,PO0001341,2024-10-21,2659.77,DZD,30,2024-11-20,Validated,0,0,0,30,0
INV0003008,FCT-355391,SUP00285,DPT010,PO0002275,2024-05-07,17183.39,DZD,30,2024-06-06,Validated,0,0,0,30,0
INV0003009,FCT-569872,SUP00003,DPT002,PO0004265,2024-09-30,2891.35,EUR,30,2024-10-30,Validated,0,0,0,30,0
INV0003010,FCT-275176,SUP00281,DPT002,PO0003589,2024-11-30,118285.57,EUR,45,2025-01-14,Validated,0,0,1,45,0
INV0003011,FCT-668878,SUP00019,DPT011,PO0001207,2024-04-20,7229.41,DZD,30,2024-05-20,Pending Review,0,0,0,30,0
INV0003012,FCT-898993,SUP00107,DPT008,PO0004603,2024-07-04,11523.57,DZD,30,2024-08-03,Validated,0,0,0,30,0
INV0003013,FCT-743570,SUP00301,DPT005,PO0004116,2024-07-25,923.61,DZD,60,2024-09-23,Validated,0,0,0,60,0
INV0003014,FCT-278594,SUP00015,DPT002,PO0002808,2024-09-30,9465.42,EUR,90,2024-12-29,Validated,0,0,0,90,0
INV0003015,FCT-443914,SUP00308,DPT009,,2024-05-19,24415.81,DZD,30,2024-06-18,Validated,1,0,0,30,0
INV0003016,FCT-765201,SUP00021,DPT009,PO0004305,2024-09-24,2145.69,DZD,15,2024-10-09,Validated,0,0,0,15,0
INV0003017,FCT-630231,SUP00198,DPT003,PO0002279,2024-08-25,10000.0,EUR,45,2024-10-09,Validated,0,1,0,45,0
INV0003018,FCT-803618,SUP00271,DPT006,PO0003736,2024-04-30,2650.48,EUR,30,2024-05-30,Validated,0,0,0,30,0
INV0003019,FCT-926129,SUP00297,DPT001,,2024-11-14,1591.85,DZD,30,2024-12-14,Validated,1,0,0,30,0
INV0003020,FCT-746736,SUP00021,DPT002,PO0002819,2024-01-14,1353.36,DZD,45,2024-02-28,Validated,0,0,0,45,0
INV0003021,FCT-955419,SUP00013,DPT006,PO0000389,2024-11-02,19606.94,DZD,60,2025-01-01,Validated,0,0,0,60,0
INV0003022,FCT-382692,SUP00007,DPT002,PO0002245,2024-05-10,1400.33,DZD,30,2024-06-09,Pending Review,0,0,0,30,0
INV0003023,FCT-669262,SUP00005,DPT005,PO0001021,2024-11-19,771.86,DZD,30,2024-12-19,Validated,0,0,0,30,0
INV0003024,FCT-449672,SUP00162,DPT008,,2024-03-30,3255.27,DZD,30,2024-04-29,Validated,1,0,0,30,0
INV0003025,FCT-584125,SUP00089,DPT006,PO0002348,2024-05-26,6359.49,DZD,30,2024-06-25,Validated,0,0,0,30,0
INV0003026,FCT-598062,SUP00032,DPT002,PO0004963,2024-02-07,11700.47,EUR,15,2024-02-22,Validated,0,0,0,15,0
INV0003027,FCT-768177,SUP00167,DPT001,PO0001899,2024-10-23,2163.54,DZD,90,2025-01-21,Validated,0,0,0,90,0
INV0003028,FCT-684620,SUP00012,DPT001,PO0003235,2024-09-13,3051.9,DZD,60,2024-11-12,Validated,0,0,0,60,0
INV0003029,FCT-917680,SUP00030,DPT004,PO0004006,2024-05-17,11181.99,DZD,45,2024-07-01,Validated,0,0,0,45,0
INV0003030,FCT-720579,SUP00003,DPT004,PO0003964,2024-08-07,16986.71,DZD,30,2024-09-06,Validated,0,0,0,30,0
INV0003031,FCT-302528,SUP00100,DPT012,PO0000350,2024-02-07,25084.75,DZD,60,2024-04-07,Validated,0,0,0,60,0
INV0003032,FCT-563389,SUP00167,DPT001,PO0001899,2024-08-21,10419.8,DZD,90,2024-11-19,Validated,0,0,0,90,0
INV0003033,FCT-435369,SUP00182,DPT001,PO0000295,2024-08-02,892.12,DZD,15,2024-08-17,Validated,0,0,0,15,0
INV0003034,FCT-588938,SUP00005,DPT012,PO0000880,2024-11-13,2194.13,DZD,30,2024-12-13,Validated,0,0,0,30,0
INV0003035,FCT-119983,SUP00142,DPT006,PO0001518,2024-08-05,25388.62,DZD,30,2024-09-04,Validated,0,0,0,30,0
INV0003036,FCT-980696,SUP00095,DPT011,,2024-04-24,25000.0,DZD,15,2024-05-09,Validated,1,1,0,15,0
INV0003037,FCT-970554,SUP00020,DPT005,,2024-10-04,5427.08,DZD,30,2024-11-03,Validated,1,0,0,30,0
INV0003038,FCT-571145,SUP00197,DPT007,PO0001535,2024-10-02,4904.81,USD,30,2024-11-01,Validated,0,0,0,30,0
INV0003039,FCT-835837,SUP00007,DPT010,PO0000132,2024-11-02,1898.65,DZD,30,2024-12-02,Validated,0,0,0,30,0
INV0003040,FCT-791175,SUP00123,DPT001,PO0002311,2024-08-28,25000.0,DZD,45,2024-10-12,Validated,0,1,0,45,0
INV0003041,FCT-168895,SUP00058,DPT006,PO0000904,2024-11-22,1777.41,DZD,45,2025-01-06,Pending Review,0,0,0,45,0
INV0003042,FCT-225087,SUP00074,DPT003,,2024-08-12,57295.62,DZD,30,2024-09-11,Validated,1,0,0,30,0
INV0003043,FCT-882115,SUP00065,DPT003,PO0004348,2024-09-13,5464.88,USD,30,2024-10-13,Validated,0,0,0,30,0
INV0003044,FCT-261320,SUP00001,DPT005,PO0002036,2024-12-04,2232.98,DZD,30,2025-01-03,Validated,0,0,0,30,0
INV0003045,FCT-736648,SUP00028,DPT001,PO0002188,2024-08-16,772.34,DZD,90,2024-11-14,Validated,0,0,0,90,0
INV0003046,FCT-970545,SUP00002,DPT005,,2024-08-04,4398.31,DZD,90,2024-11-02,Validated,1,0,0,90,0
INV0003047,FCT-876453,SUP00307,DPT004,PO0000581,2024-01-06,5191.69,DZD,30,2024-02-05,Validated,0,0,0,30,0
INV0003048,FCT-958452,SUP00116,DPT009,,2024-03-25,4160.51,DZD,60,2024-05-24,Disputed,1,0,0,60,0
INV0003049,FCT-866011,SUP00218,DPT001,,2024-02-11,6037.83,DZD,30,2024-03-12,Validated,1,0,0,30,0
INV0003050,FCT-108989,SUP00249,DPT002,PO0000444,2024-04-17,29538.55,DZD,30,2024-05-17,Validated,0,0,0,30,0
INV0003051,FCT-322754,SUP00094,DPT011,PO0004214,2024-02-21,12230.06,DZD,15,2024-03-07,Validated,0,0,0,15,0
INV0003052,FCT-974927,SUP00014,DPT003,PO0002503,2024-08-14,7510.15,DZD,45,2024-09-28,Validated,0,0,0,45,0
INV0003053,FCT-362521,SUP00025,DPT004,PO0005195,2024-04-04,22313.28,DZD,90,2024-07-03,Validated,0,0,0,90,0
INV0003054,FCT-165817,SUP00007,DPT004,PO0003133,2024-03-27,2092.84,DZD,15,2024-04-11,Validated,0,0,0,15,0
INV0003055,FCT-404332,SUP00275,DPT009,,2024-11-22,13634.61,DZD,30,2024-12-22,Validated,1,0,0,30,0
INV0003056,FCT-188019,SUP00177,DPT011,PO0000896,2024-06-08,13339.76,DZD,30,2024-07-08,Validated,0,0,0,30,0
INV0003057,FCT-725902,SUP00061,DPT005,PO0004790,2024-09-22,33679.76,DZD,45,2024-11-06,Validated,0,0,0,45,0
INV0003058,FCT-871167,SUP00082,DPT001,PO0003451,2024-01-22,1241.14,DZD,30,2024-02-21,Validated,0,0,0,30,0
INV0003059,FCT-693926,SUP00078,DPT003,PO0001430,2024-08-19,2216.97,DZD,45,2024-10-03,Validated,0,0,0,45,0
INV0003060,FCT-725127,SUP00011,DPT006,PO0004002,2024-11-17,2364.5,DZD,15,2024-12-02,Validated,0,0,0,15,0
INV0003061,FCT-539238,SUP00247,DPT004,PO0001484,2024-02-15,10403.7,DZD,60,2024-04-15,Disputed,0,0,0,60,0
INV0003062,FCT-741989,SUP00135,DPT012,PO0002769,2024-03-06,7766.59,DZD,30,2024-04-05,Validated,0,0,0,30,0
INV0003063,FCT-589843,SUP00266,DPT012,PO0000326,2024-08-27,25000.0,DZD,30,2024-09-26,Validated,0,1,0,30,0
INV0003064,FCT-406543,SUP00035,DPT012,PO0004179,2024-08-14,532.24,EUR,30,2024-09-13,Validated,0,0,0,30,0
INV0003065,FCT-505804,SUP00055,DPT006,PO0002826,2024-09-23,32631.2,DZD,30,2024-10-23,Validated,0,0,0,30,0
INV0003066,FCT-150783,SUP00010,DPT012,PO0002678,2024-04-03,7865.65,DZD,30,2024-05-03,Validated,0,0,0,30,0
INV0003067,FCT-392427,SUP00009,DPT001,PO0004364,2024-04-22,11332.71,DZD,30,2024-05-22,Validated,0,0,0,30,0
INV0003068,FCT-654722,SUP00185,DPT003,PO0003035,2024-01-28,9189.97,DZD,30,2024-02-27,Pending Review,0,0,0,30,0
INV0003069,FCT-832668,SUP00006,DPT002,PO0005034,2024-03-29,2916.11,USD,30,2024-04-28,Validated,0,0,0,30,0
INV0003070,FCT-313151,SUP00207,DPT006,,2024-08-22,10891.37,DZD,30,2024-09-21,Validated,1,0,0,30,0
INV0003071,FCT-614194,SUP00092,DPT006,PO0000618,2024-09-07,6552.88,DZD,30,2024-10-07,Pending Review,0,0,0,30,0
INV0003072,FCT-647580,SUP00009,DPT007,PO0003803,2024-07-24,6453.57,USD,45,2024-09-07,Validated,0,0,0,45,0
INV0003073,FCT-789068,SUP00228,DPT003,PO0003303,2024-02-13,10584.76,USD,30,2024-03-14,Validated,0,0,0,30,0
INV0003074,FCT-303735,SUP00279,DPT009,PO0000061,2024-11-11,5335.31,DZD,30,2024-12-11,Validated,0,0,0,30,0
INV0003075,FCT-243233,SUP00009,DPT012,PO0000703,2024-07-31,20000.0,DZD,45,2024-09-14,Validated,0,1,0,45,0
INV0003076,FCT-860828,SUP00015,DPT002,,2024-01-13,100000.0,USD,30,2024-02-12,Validated,1,1,1,30,0
INV0003077,FCT-321964,SUP00008,DPT005,PO0005112,2024-12-22,38900.99,DZD,45,2025-02-05,Validated,0,0,0,45,0
INV0003078,FCT-244442,SUP00012,DPT007,PO0002079,2024-08-01,3176.59,EUR,30,2024-08-31,Validated,0,0,0,30,0
INV0003079,FCT-464909,SUP00202,DPT007,PO0004162,2024-01-10,6688.85,DZD,30,2024-02-09,Validated,0,0,0,30,0
INV0003080,FCT-378483,SUP00008,DPT003,PO0000080,2024-05-28,15669.99,DZD,30,2024-06-27,Validated,0,0,0,30,0
INV0003081,FCT-301934,SUP00098,DPT002,PO0004693,2024-03-07,68679.94,DZD,30,2024-04-06,Validated,0,0,0,30,0
INV0003082,FCT-162530,SUP00101,DPT012,PO0002326,2024-01-02,4473.36,DZD,30,2024-02-01,Validated,0,0,0,30,0
INV0003083,FCT-649225,SUP00002,DPT011,PO0001254,2024-07-12,1463.72,DZD,45,2024-08-26,Pending Review,0,0,0,45,0
INV0003084,FCT-307696,SUP00025,DPT006,PO0002663,2024-01-08,13008.99,USD,45,2024-02-22,Disputed,0,0,0,45,0
INV0003085,FCT-742947,SUP00037,DPT007,PO0002700,2024-01-26,2358.76,DZD,15,2024-02-10,Validated,0,0,0,15,0
INV0003086,FCT-377220,SUP00014,DPT012,PO0003230,2024-06-29,15000.0,DZD,30,2024-07-29,Validated,0,1,0,30,0
INV0003087,FCT-304356,SUP00198,DPT006,PO0001970,2024-09-15,12051.33,DZD,45,2024-10-30,Validated,0,0,0,45,0
INV0003088,FCT-852345,SUP00046,DPT009,PO0004477,2024-05-11,3458.97,DZD,45,2024-06-25,Validated,0,0,0,45,0
INV0003089,FCT-111757,SUP00185,DPT002,PO0002617,2024-01-30,4390.18,DZD,45,2024-03-15,Validated,0,0,0,45,0
INV0003090,FCT-179860,SUP00284,DPT011,PO0000180,2024-09-17,15399.68,DZD,45,2024-11-01,Validated,0,0,0,45,0
INV0003091,FCT-645972,SUP00274,DPT011,PO0000264,2024-03-10,10000.0,DZD,45,2024-04-24,Validated,0,1,0,45,0
INV0003092,FCT-146820,SUP00008,DPT011,PO0002933,2024-03-29,6316.03,DZD,30,2024-04-28,Validated,0,0,0,30,0
INV0003093,FCT-983039,SUP00006,DPT002,PO0004508,2024-07-18,7287.35,DZD,45,2024-09-01,Validated,0,0,0,45,0
INV0003094,FCT-468164,SUP00039,DPT002,PO0002398,2024-03-11,1648.26,DZD,45,2024-04-25,Validated,0,0,0,45,0
INV0003095,FCT-394580,SUP00004,DPT004,PO0000987,2024-10-24,6875.97,DZD,30,2024-11-23,Validated,0,0,0,30,0
INV0003096,FCT-392792,SUP00005,DPT007,PO0003829,2024-10-18,3826.11,DZD,45,2024-12-02,Validated,0,0,0,45,0
INV0003097,FCT-670887,SUP00024,DPT003,PO0000434,2024-05-13,6571.2,DZD,30,2024-06-12,Validated,0,0,0,30,0
INV0003098,FCT-401107,SUP00028,DPT007,,2024-09-24,30667.14,EUR,45,2024-11-08,Validated,1,0,0,45,0
INV0003099,FCT-143153,SUP00244,DPT002,PO0004530,2024-01-21,1644.05,USD,15,2024-02-05,Pending Review,0,0,0,15,0
INV0003100,FCT-112550,SUP00022,DPT003,,2024-10-27,23194.08,EUR,30,2024-11-26,Pending Review,1,0,0,30,0
INV0003101,FCT-611921,SUP00235,DPT006,PO0004970,2024-05-06,7509.79,DZD,45,2024-06-20,Validated,0,0,0,45,0
INV0003102,FCT-211302,SUP00018,DPT008,PO0000629,2024-12-14,5819.77,DZD,30,2025-01-13,Disputed,0,0,0,30,0
INV0003103,FCT-604007,SUP00221,DPT002,PO0002937,2024-01-27,2210.46,DZD,30,2024-02-26,Validated,0,0,0,30,0
INV0003104,FCT-975571,SUP00010,DPT009,PO0001787,2024-03-15,8278.83,DZD,30,2024-04-14,Validated,0,0,0,30,0
INV0003105,FCT-610545,SUP00052,DPT005,PO0002422,2024-03-09,72925.29,EUR,45,2024-04-23,Validated,0,0,0,45,0
INV0003106,FCT-819609,SUP00010,DPT003,,2024-08-14,320.63,EUR,15,2024-08-29,Validated,1,0,0,15,0
INV0003107,FCT-537162,SUP00003,DPT006,PO0002662,2024-06-19,633.43,DZD,30,2024-07-19,Validated,0,0,0,30,0
INV0003108,FCT-265607,SUP00002,DPT004,PO0005010,2024-01-12,4898.56,DZD,30,2024-02-11,Validated,0,0,0,30,0
INV0003109,FCT-505485,SUP00236,DPT001,PO0003193,2024-11-17,8743.45,DZD,30,2024-12-17,Validated,0,0,0,30,0
INV0003110,FCT-674723,SUP00180,DPT001,PO0002075,2024-05-06,17684.73,DZD,30,2024-06-05,Validated,0,0,0,30,0
INV0003111,FCT-878429,SUP00029,DPT009,PO0002483,2024-11-22,10096.32,DZD,45,2025-01-06,Validated,0,0,0,45,0
INV0003112,FCT-470138,SUP00225,DPT004,PO0003730,2024-05-10,914.72,DZD,45,2024-06-24,Pending Review,0,0,0,45,0
INV0003113,FCT-111937,SUP00003,DPT006,PO0003713,2024-09-14,12191.91,DZD,60,2024-11-13,Pending Review,0,0,0,60,0
INV0003114,FCT-594701,SUP00022,DPT012,PO0003556,2024-12-17,4922.49,DZD,45,2025-01-31,Validated,0,0,0,45,0
INV0003115,FCT-437231,SUP00072,DPT004,PO0005138,2024-11-03,16615.79,DZD,60,2025-01-02,Validated,0,0,0,60,0
INV0003116,FCT-852429,SUP00007,DPT009,PO0004192,2024-09-08,2631.62,DZD,30,2024-10-08,Validated,0,0,0,30,0
INV0003117,FCT-475018,SUP00001,DPT005,PO0004426,2024-07-14,1031.11,DZD,60,2024-09-12,Validated,0,0,0,60,0
INV0003118,FCT-651090,SUP00003,DPT011,PO0000462,2024-10-23,3573.51,DZD,90,2025-01-21,Validated,0,0,0,90,0
INV0003119,FCT-845947,SUP00019,DPT004,PO0004550,2024-12-14,5000.0,DZD,15,2024-12-29,Validated,0,1,0,15,0
INV0003120,FCT-624162,SUP00178,DPT004,PO0002216,2024-07-01,9324.47,EUR,30,2024-07-31,Validated,0,0,0,30,0
INV0003121,FCT-450688,SUP00182,DPT001,PO0000295,2024-10-31,6120.68,DZD,30,2024-11-30,Validated,0,0,0,30,0
INV0003122,FCT-428648,SUP00022,DPT001,PO0004679,2024-01-03,2971.15,EUR,30,2024-02-02,Validated,0,0,0,30,0
INV0003123,FCT-180353,SUP00304,DPT011,PO0001755,2024-08-27,5157.68,USD,30,2024-09-26,Validated,0,0,0,30,0
INV0003124,FCT-278028,SUP00297,DPT005,PO0001126,2024-12-15,32992.0,DZD,30,2025-01-14,Validated,0,0,0,30,0
INV0003125,FCT-210282,SUP00252,DPT007,PO0003989,2024-03-26,112980.01,DZD,30,2024-04-25,Validated,0,0,1,30,0
INV0003126,FCT-294747,SUP00123,DPT001,PO0002311,2024-10-21,9792.94,DZD,45,2024-12-05,Validated,0,0,0,45,0
INV0003127,FCT-208299,SUP00288,DPT002,PO0003185,2024-10-04,19515.12,DZD,45,2024-11-18,Validated,0,0,0,45,0
INV0003128,FCT-715538,SUP00001,DPT008,PO0000456,2024-02-25,2600.66,DZD,30,2024-03-26,Validated,0,0,0,30,0
INV0003129,FCT-643478,SUP00003,DPT011,PO0000931,2024-11-15,28460.29,EUR,30,2024-12-15,Validated,0,0,0,30,0
INV0003130,FCT-807484,SUP00015,DPT012,,2024-08-08,25000.0,DZD,30,2024-09-07,Validated,1,1,0,30,0
INV0003131,FCT-577125,SUP00073,DPT005,,2024-06-23,1398.57,DZD,15,2024-07-08,Validated,1,0,0,15,0
INV0003132,FCT-373967,SUP00257,DPT005,PO0005045,2024-04-10,22586.87,DZD,30,2024-05-10,Validated,0,0,0,30,0
INV0003133,FCT-324390,SUP00279,DPT009,PO0000570,2024-05-12,6654.77,DZD,30,2024-06-11,Validated,0,0,0,30,0
INV0003134,FCT-183212,SUP00186,DPT001,,2024-06-28,29817.28,DZD,45,2024-08-12,Validated,1,0,0,45,0
INV0003135,FCT-270044,SUP00135,DPT007,PO0001951,2024-05-13,15526.78,DZD,30,2024-06-12,Validated,0,0,0,30,0
INV0003136,FCT-551106,SUP00002,DPT009,,2024-06-11,1356.01,DZD,90,2024-09-09,Validated,1,0,0,90,0
INV0003137,FCT-918593,SUP00249,DPT011,PO0001932,2024-10-01,7422.69,DZD,90,2024-12-30,Validated,0,0,0,90,0
INV0003138,FCT-428763,SUP00219,DPT005,PO0002616,2024-03-15,2140.26,EUR,30,2024-04-14,Validated,0,0,0,30,0
INV0003139,FCT-627351,SUP00271,DPT010,PO0002890,2024-12-12,25677.17,DZD,30,2025-01-11,Validated,0,0,0,30,0
INV0003140,FCT-337291,SUP00002,DPT012,PO0001109,2024-05-07,6628.5,DZD,30,2024-06-06,Validated,0,0,0,30,0
INV0003141,FCT-859003,SUP00259,DPT005,PO0000645,2024-05-26,2815.79,DZD,45,2024-07-10,Validated,0,0,0,45,0
INV0003142,FCT-167666,SUP00007,DPT005,,2024-06-02,581.31,DZD,30,2024-07-02,Validated,1,0,0,30,0
INV0003143,FCT-338097,SUP00024,DPT001,PO0003701,2024-02-08,22951.19,EUR,30,2024-03-09,Validated,0,0,0,30,0
INV0003144,FCT-990361,SUP00073,DPT009,PO0003586,2024-07-15,4047.89,DZD,60,2024-09-13,Validated,0,0,0,60,0
INV0003145,FCT-527215,SUP00003,DPT001,PO0004750,2024-01-16,4442.28,DZD,45,2024-03-01,Validated,0,0,0,45,0
INV0003146,FCT-797915,SUP00073,DPT004,PO0002487,2024-10-25,10471.19,DZD,15,2024-11-09,Validated,0,0,0,15,0
INV0003147,FCT-331293,SUP00010,DPT006,,2024-10-30,2170.89,USD,15,2024-11-14,Validated,1,0,0,15,0
INV0003148,FCT-844819,SUP00010,DPT001,PO0000426,2024-04-26,1047.46,DZD,30,2024-05-26,Validated,0,0,0,30,0
INV0003149,FCT-243615,SUP00098,DPT002,PO0004693,2024-04-23,7494.82,EUR,60,2024-06-22,Validated,0,0,0,60,0
INV0003150,FCT-485852,SUP00223,DPT009,PO0000852,2024-04-01,2057.62,EUR,30,2024-05-01,Validated,0,0,0,30,0
INV0003151,FCT-450273,SUP00151,DPT009,PO0000281,2024-10-27,5495.37,DZD,15,2024-11-11,Validated,0,0,0,15,0
INV0003152,FCT-926234,SUP00297,DPT002,PO0003949,2024-12-22,2219.0,EUR,45,2025-02-05,Validated,0,0,0,45,0
INV0003153,FCT-102798,SUP00003,DPT010,PO0003756,2024-02-12,1257.5,DZD,30,2024-03-13,Validated,0,0,0,30,0
INV0003154,FCT-962673,SUP00026,DPT007,,2024-02-19,909.06,USD,45,2024-04-04,Validated,1,0,0,45,0
INV0003155,FCT-900959,SUP00110,DPT002,PO0002133,2024-01-15,6742.28,DZD,45,2024-02-29,Validated,0,0,0,45,0
INV0003156,FCT-382482,SUP00102,DPT003,PO0003362,2024-06-07,21183.53,DZD,45,2024-07-22,Pending Review,0,0,0,45,0
INV0003157,FCT-504867,SUP00187,DPT005,PO0003511,2024-04-23,18484.1,DZD,30,2024-05-23,Validated,0,0,0,30,0
INV0003158,FCT-770831,SUP00010,DPT008,PO0001321,2024-05-25,6176.97,DZD,60,2024-07-24,Validated,0,0,0,60,0
INV0003159,FCT-211220,SUP00010,DPT003,PO0003434,2024-04-25,30898.81,DZD,30,2024-05-25,Validated,0,0,0,30,0
INV0003160,FCT-344822,SUP00002,DPT004,PO0000802,2024-07-19,3242.19,DZD,30,2024-08-18,Pending Review,0,0,0,30,0
INV0003161,FCT-520289,SUP00227,DPT001,PO0002624,2024-12-30,15392.69,DZD,45,2025-02-13,Pending Review,0,0,0,45,0
INV0003162,FCT-827398,SUP00028,DPT005,PO0004571,2024-12-21,3408.68,EUR,30,2025-01-20,Disputed,0,0,0,30,0
INV0003163,FCT-883469,SUP00304,DPT004,PO0004051,2024-03-28,2605.06,DZD,15,2024-04-12,Validated,0,0,0,15,0
INV0003164,FCT-550223,SUP00096,DPT005,PO0001921,2024-11-03,15230.67,DZD,60,2025-01-02,Validated,0,0,0,60,0
INV0003165,FCT-961603,SUP00210,DPT003,PO0003068,2024-09-27,9872.68,USD,45,2024-11-11,Validated,0,0,0,45,0
INV0003166,FCT-970616,SUP00020,DPT001,PO0000141,2024-11-27,12381.93,DZD,45,2025-01-11,Validated,0,0,0,45,0
INV0003167,FCT-101570,SUP00017,DPT011,PO0002915,2024-12-02,1083.78,DZD,15,2024-12-17,Validated,0,0,0,15,0
INV0003168,FCT-621232,SUP00065,DPT007,,2024-02-06,19601.32,DZD,45,2024-03-22,Validated,1,0,0,45,0
INV0003169,FCT-977240,SUP00015,DPT005,PO0004739,2024-10-12,13078.66,USD,30,2024-11-11,Validated,0,0,0,30,0
INV0003170,FCT-338100,SUP00282,DPT010,PO0002223,2024-10-04,3777.26,USD,30,2024-11-03,Validated,0,0,0,30,0
INV0003171,FCT-391245,SUP00017,DPT008,PO0001839,2024-12-21,11735.98,DZD,60,2025-02-19,Validated,0,0,0,60,0
INV0003172,FCT-382535,SUP00009,DPT004,PO0004418,2024-03-02,21175.82,DZD,45,2024-04-16,Validated,0,0,0,45,0
INV0003173,FCT-736299,SUP00002,DPT002,PO0001786,2024-05-02,2575.2,DZD,90,2024-07-31,Pending Review,0,0,0,90,0
INV0003174,FCT-487276,SUP00187,DPT010,,2024-09-06,2594.68,DZD,60,2024-11-05,Validated,1,0,0,60,0
INV0003175,FCT-777490,SUP00013,DPT012,PO0004337,2024-04-27,4307.97,DZD,45,2024-06-11,Validated,0,0,0,45,0
INV0003176,FCT-425243,SUP00083,DPT003,PO0003386,2024-07-09,466.55,DZD,45,2024-08-23,Validated,0,0,0,45,0
INV0003177,FCT-915820,SUP00028,DPT002,,2024-08-08,8774.61,DZD,45,2024-09-22,Pending Review,1,0,0,45,0
INV0003178,FCT-333107,SUP00120,DPT007,PO0002958,2024-11-13,17110.66,EUR,60,2025-01-12,Validated,0,0,0,60,0
INV0003179,FCT-468777,SUP00076,DPT001,,2024-02-21,11563.11,EUR,30,2024-03-22,Validated,1,0,0,30,0
INV0003180,FCT-870990,SUP00214,DPT003,,2024-09-28,10416.4,DZD,30,2024-10-28,Validated,1,0,0,30,0
INV0003181,FCT-789658,SUP00035,DPT012,PO0004179,2024-12-02,19477.4,DZD,30,2025-01-01,Pending Review,0,0,0,30,0
INV0003182,FCT-435601,SUP00058,DPT005,,2024-10-11,5349.35,USD,30,2024-11-10,Validated,1,0,0,30,0
INV0003183,FCT-716716,SUP00140,DPT005,PO0000308,2024-01-01,984.95,DZD,15,2024-01-16,Disputed,0,0,0,15,0
INV0003184,FCT-511074,SUP00314,DPT005,PO0003047,2024-05-21,6966.35,DZD,15,2024-06-05,Validated,0,0,0,15,0
INV0003185,FCT-392858,SUP00017,DPT006,PO0000478,2024-07-13,26812.04,DZD,30,2024-08-12,Validated,0,0,0,30,0
INV0003186,FCT-363202,SUP00256,DPT008,PO0004794,2024-09-04,9094.44,DZD,45,2024-10-19,Validated,0,0,0,45,0
INV0003187,FCT-843528,SUP00001,DPT008,PO0005105,2024-10-18,3913.91,DZD,30,2024-11-17,Disputed,0,0,0,30,0
INV0003188,FCT-828780,SUP00181,DPT005,PO0004857,2024-11-17,14791.04,DZD,30,2024-12-17,Validated,0,0,0,30,0
INV0003189,FCT-902612,SUP00038,DPT007,PO0002885,2024-10-25,9358.51,DZD,15,2024-11-09,Disputed,0,0,0,15,0
INV0003190,FCT-456975,SUP00008,DPT002,PO0001351,2024-03-12,4683.69,DZD,30,2024-04-11,Validated,0,0,0,30,0
INV0003191,FCT-610176,SUP00001,DPT002,PO0003146,2024-08-30,6883.87,DZD,45,2024-10-14,Validated,0,0,0,45,0
INV0003192,FCT-183516,SUP00015,DPT002,PO0001840,2024-01-12,4167.26,DZD,45,2024-02-26,Validated,0,0,0,45,0
INV0003193,FCT-837199,SUP00170,DPT006,PO0002869,2024-02-18,12174.03,DZD,30,2024-03-19,Validated,0,0,0,30,0
INV0003194,FCT-253730,SUP00097,DPT009,PO0004052,2024-04-23,2132.65,DZD,45,2024-06-07,Validated,0,0,0,45,0
INV0003195,FCT-662344,SUP00164,DPT001,,2024-08-18,8773.1,DZD,45,2024-10-02,Validated,1,0,0,45,0
INV0003196,FCT-882205,SUP00186,DPT003,PO0000117,2024-11-11,16311.99,DZD,30,2024-12-11,Validated,0,0,0,30,0
INV0003197,FCT-810211,SUP00004,DPT005,,2024-09-26,7892.03,DZD,45,2024-11-10,Validated,1,0,0,45,0
INV0003198,FCT-835392,SUP00014,DPT002,PO0004842,2024-06-18,7995.7,DZD,15,2024-07-03,Validated,0,0,0,15,0
INV0003199,FCT-656337,SUP00238,DPT011,PO0001219,2024-02-02,6506.24,USD,30,2024-03-03,Validated,0,0,0,30,0
INV0003200,FCT-956518,SUP00276,DPT004,PO0001933,2024-04-03,11100.97,DZD,60,2024-06-02,Validated,0,0,0,60,0
INV0003201,FCT-723690,SUP00001,DPT004,,2024-08-25,3971.24,DZD,45,2024-10-09,Validated,1,0,0,45,0
INV0003202,FCT-689044,SUP00303,DPT006,PO0000572,2024-11-28,5166.16,DZD,30,2024-12-28,Validated,0,0,0,30,0
INV0003203,FCT-133818,SUP00028,DPT004,,2024-02-13,25000.0,DZD,45,2024-03-29,Validated,1,1,0,45,0
INV0003204,FCT-675719,SUP00176,DPT003,PO0000777,2024-01-16,4401.07,DZD,30,2024-02-15,Validated,0,0,0,30,0
INV0003205,FCT-186732,SUP00181,DPT007,PO0000822,2024-07-08,598.7,EUR,30,2024-08-07,Validated,0,0,0,30,0
INV0003206,FCT-450814,SUP00139,DPT011,,2024-10-21,6203.15,DZD,90,2025-01-19,Validated,1,0,0,90,0
INV0003207,FCT-472118,SUP00009,DPT012,PO0002586,2024-03-20,12190.46,DZD,45,2024-05-04,Validated,0,0,0,45,0
INV0003208,FCT-466273,SUP00193,DPT003,PO0000685,2024-10-18,5557.78,DZD,60,2024-12-17,Validated,0,0,0,60,0
INV0003209,FCT-810443,SUP00255,DPT009,PO0004990,2024-12-29,17316.03,DZD,15,2025-01-13,Pending Review,0,0,0,15,0
INV0003210,FCT-723128,SUP00116,DPT012,PO0003037,2024-07-08,27880.43,EUR,45,2024-08-22,Validated,0,0,0,45,0
INV0003211,FCT-157314,SUP00019,DPT012,PO0004932,2024-09-12,5892.97,DZD,45,2024-10-27,Validated,0,0,0,45,0
INV0003212,FCT-439896,SUP00320,DPT006,PO0001808,2024-04-06,1908.42,DZD,60,2024-06-05,Validated,0,0,0,60,0
INV0003213,FCT-112297,SUP00173,DPT009,PO0003292,2024-09-13,21061.14,USD,45,2024-10-28,Validated,0,0,0,45,0
INV0003214,FCT-834492,SUP00010,DPT003,PO0002767,2024-06-07,16690.6,DZD,90,2024-09-05,Validated,0,0,0,90,0
INV0003215,FCT-296267,SUP00003,DPT005,PO0002497,2024-10-19,10059.68,DZD,30,2024-11-18,Validated,0,0,0,30,0
INV0003216,FCT-481906,SUP00025,DPT002,PO0001619,2024-05-09,3284.17,DZD,30,2024-06-08,Pending Review,0,0,0,30,0
INV0003217,FCT-874295,SUP00057,DPT004,PO0001697,2024-07-28,9270.83,DZD,45,2024-09-11,Validated,0,0,0,45,0
INV0003218,FCT-773586,SUP00206,DPT007,PO0003357,2024-02-21,4195.83,DZD,45,2024-04-06,Validated,0,0,0,45,0
INV0003219,FCT-898442,SUP00230,DPT007,PO0001154,2024-08-29,2581.82,DZD,45,2024-10-13,Validated,0,0,0,45,0
INV0003220,FCT-408697,SUP00085,DPT004,PO0004899,2024-08-05,9072.76,USD,60,2024-10-04,Validated,0,0,0,60,0
INV0003221,FCT-364938,SUP00010,DPT012,PO0004029,2024-05-12,1960.31,DZD,60,2024-07-11,Validated,0,0,0,60,0
INV0003222,FCT-543000,SUP00320,DPT003,PO0000360,2024-03-12,14317.76,DZD,30,2024-04-11,Validated,0,0,0,30,0
INV0003223,FCT-713630,SUP00011,DPT004,PO0003487,2024-12-13,8298.22,DZD,45,2025-01-27,Validated,0,0,0,45,0
INV0003224,FCT-899137,SUP00255,DPT001,PO0002045,2024-12-29,5280.62,EUR,30,2025-01-28,Pending Review,0,0,0,30,0
INV0003225,FCT-733064,SUP00223,DPT001,PO0000852,2024-07-01,5722.55,DZD,45,2024-08-15,Pending Review,0,0,0,45,0
INV0003226,FCT-905584,SUP00017,DPT007,PO0000747,2024-07-28,1747.35,DZD,60,2024-09-26,Validated,0,0,0,60,0
INV0003227,FCT-100836,SUP00016,DPT003,PO0000428,2024-08-20,1872.19,USD,30,2024-09-19,Pending Review,0,0,0,30,0
INV0003228,FCT-884710,SUP00021,DPT004,PO0003170,2024-02-12,44036.03,USD,60,2024-04-12,Validated,0,0,0,60,0
INV0003229,FCT-436712,SUP00005,DPT007,PO0004898,2024-03-31,5046.54,DZD,60,2024-05-30,Validated,0,0,0,60,0
INV0003230,FCT-237790,SUP00093,DPT009,PO0001175,2024-08-12,1167.28,EUR,30,2024-09-11,Validated,0,0,0,30,0
INV0003231,FCT-235080,SUP00002,DPT003,PO0001810,2024-08-14,17262.65,DZD,45,2024-09-28,Validated,0,0,0,45,0
INV0003232,FCT-450186,SUP00242,DPT012,PO0002426,2024-05-18,1848.29,DZD,15,2024-06-02,Validated,0,0,0,15,0
INV0003233,FCT-411544,SUP00110,DPT004,PO0003602,2024-07-02,11650.48,DZD,90,2024-09-30,Disputed,0,0,0,90,0
INV0003234,FCT-165002,SUP00032,DPT004,PO0002256,2024-03-08,50000.0,EUR,30,2024-04-07,Validated,0,1,0,30,0
INV0003235,FCT-338695,SUP00009,DPT002,PO0001216,2024-09-23,4676.63,DZD,30,2024-10-23,Validated,0,0,0,30,0
INV0003236,FCT-543865,SUP00006,DPT008,PO0004005,2024-04-18,22729.34,USD,45,2024-06-02,Validated,0,0,0,45,0
INV0003237,FCT-168658,SUP00005,DPT006,PO0000273,2024-12-27,10000.0,DZD,30,2025-01-26,Validated,0,1,0,30,0
INV0003238,FCT-354990,SUP00008,DPT008,,2024-04-03,36653.94,DZD,30,2024-05-03,Validated,1,0,0,30,0
INV0003239,FCT-987429,SUP00027,DPT008,PO0002224,2024-01-16,11720.82,EUR,15,2024-01-31,Validated,0,0,0,15,0
INV0003240,FCT-937034,SUP00028,DPT001,PO0002632,2024-07-31,3268.37,DZD,45,2024-09-14,Validated,0,0,0,45,0
INV0003241,FCT-551033,SUP00290,DPT004,PO0000805,2024-02-26,547.07,DZD,30,2024-03-27,Validated,0,0,0,30,0
INV0003242,FCT-510409,SUP00078,DPT006,PO0003662,2024-04-10,2414.22,DZD,30,2024-05-10,Validated,0,0,0,30,0
INV0003243,FCT-230517,SUP00247,DPT004,PO0001484,2024-07-10,3369.23,DZD,30,2024-08-09,Validated,0,0,0,30,0
INV0003244,FCT-931401,SUP00007,DPT002,PO0000120,2024-01-18,18799.12,DZD,30,2024-02-17,Validated,0,0,0,30,0
INV0003245,FCT-310959,SUP00005,DPT004,PO0003358,2024-03-23,24252.84,DZD,30,2024-04-22,Pending Review,0,0,0,30,0
INV0003246,FCT-251468,SUP00018,DPT004,,2024-10-25,1702.02,USD,45,2024-12-09,Pending Review,1,0,0,45,0
INV0003247,FCT-133115,SUP00076,DPT009,PO0005004,2024-04-06,24498.29,DZD,30,2024-05-06,Validated,0,0,0,30,0
INV0003248,FCT-903237,SUP00214,DPT005,PO0001201,2024-04-14,100000.0,EUR,45,2024-05-29,Validated,0,1,1,45,0
INV0003249,FCT-370061,SUP00018,DPT006,PO0003788,2024-06-09,2302.23,DZD,45,2024-07-24,Validated,0,0,0,45,0
INV0003250,FCT-478565,SUP00280,DPT001,PO0004664,2024-04-21,1222.76,DZD,30,2024-05-21,Pending Review,0,0,0,30,0
INV0003251,FCT-157978,SUP00282,DPT010,PO0002821,2024-12-12,8852.22,DZD,90,2025-03-12,Validated,0,0,0,90,0
INV0003252,FCT-360142,SUP00002,DPT008,PO0000698,2024-06-07,3060.89,DZD,30,2024-07-07,Validated,0,0,0,30,0
INV0003253,FCT-322812,SUP00023,DPT008,,2024-03-21,27172.79,DZD,30,2024-04-20,Validated,1,0,0,30,0
INV0003254,FCT-995150,SUP00231,DPT003,PO0004999,2024-10-16,2112.56,DZD,15,2024-10-31,Validated,0,0,0,15,0
INV0003255,FCT-491813,SUP00012,DPT003,PO0002465,2024-01-08,13933.3,DZD,45,2024-02-22,Pending Review,0,0,0,45,0
INV0003256,FCT-296213,SUP00243,DPT004,PO0002101,2024-08-12,1488.94,DZD,30,2024-09-11,Validated,0,0,0,30,0
INV0003257,FCT-704503,SUP00004,DPT002,PO0004196,2024-06-25,19666.3,DZD,15,2024-07-10,Validated,0,0,0,15,0
INV0003258,FCT-313901,SUP00070,DPT010,,2024-02-02,6868.41,DZD,15,2024-02-17,Pending Review,1,0,0,15,0
INV0003259,FCT-849269,SUP00012,DPT005,PO0002159,2024-03-29,8407.75,DZD,60,2024-05-28,Validated,0,0,0,60,0
INV0003260,FCT-934848,SUP00054,DPT001,PO0001389,2024-06-16,3975.16,DZD,45,2024-07-31,Validated,0,0,0,45,0
INV0003261,FCT-149584,SUP00010,DPT005,PO0000820,2024-01-11,3724.46,DZD,45,2024-02-25,Validated,0,0,0,45,0
INV0003262,FCT-527944,SUP00007,DPT012,PO0003353,2024-10-03,10628.45,DZD,30,2024-11-02,Pending Review,0,0,0,30,0
INV0003263,FCT-321961,SUP00012,DPT009,PO0003291,2024-10-21,48039.74,EUR,30,2024-11-20,Validated,0,0,0,30,0
INV0003264,FCT-867844,SUP00007,DPT007,PO0003306,2024-01-15,50000.0,EUR,45,2024-02-29,Validated,0,1,0,45,0
INV0003265,FCT-222076,SUP00265,DPT003,PO0002975,2024-05-20,4057.28,DZD,30,2024-06-19,Validated,0,0,0,30,0
INV0003266,FCT-469161,SUP00002,DPT001,PO0005038,2024-01-15,2967.6,DZD,45,2024-02-29,Validated,0,0,0,45,0
INV0003267,FCT-413291,SUP00195,DPT004,,2024-02-29,1055.19,EUR,60,2024-04-29,Validated,1,0,0,60,0
INV0003268,FCT-523720,SUP00081,DPT009,PO0001776,2024-09-13,1040.03,DZD,60,2024-11-12,Validated,0,0,0,60,0
INV0003269,FCT-258692,SUP00218,DPT011,PO0003340,2024-04-26,2585.32,DZD,30,2024-05-26,Pending Review,0,0,0,30,0
INV0003270,FCT-209693,SUP00276,DPT011,PO0003259,2024-07-02,3807.31,DZD,15,2024-07-17,Validated,0,0,0,15,0
INV0003271,FCT-311678,SUP00017,DPT005,PO0001050,2024-04-07,30592.33,DZD,90,2024-07-06,Validated,0,0,0,90,0
INV0003272,FCT-712772,SUP00048,DPT002,PO0003953,2024-02-29,18726.75,DZD,15,2024-03-15,Validated,0,0,0,15,0
INV0003273,FCT-925746,SUP00121,DPT006,PO0004059,2024-11-06,2336.77,EUR,30,2024-12-06,Validated,0,0,0,30,0
INV0003274,FCT-969314,SUP00008,DPT008,PO0001164,2024-09-01,14599.83,DZD,45,2024-10-16,Pending Review,0,0,0,45,0
INV0003275,FCT-677274,SUP00006,DPT001,PO0004818,2024-11-11,2394.07,DZD,60,2025-01-10,Validated,0,0,0,60,0
INV0003276,FCT-109045,SUP00161,DPT004,PO0001151,2024-01-30,5426.25,DZD,45,2024-03-15,Validated,0,0,0,45,0
INV0003277,FCT-879850,SUP00305,DPT001,PO0001401,2024-03-17,8711.08,DZD,45,2024-05-01,Validated,0,0,0,45,0
INV0003278,FCT-925908,SUP00008,DPT006,PO0001255,2024-06-11,67948.41,DZD,45,2024-07-26,Validated,0,0,0,45,0
INV0003279,FCT-589155,SUP00005,DPT011,PO0000688,2024-12-30,8177.41,DZD,60,2025-02-28,Validated,0,0,0,60,0
INV0003280,FCT-598133,SUP00219,DPT005,PO0003603,2024-10-26,1096.96,DZD,30,2024-11-25,Validated,0,0,0,30,0
INV0003281,FCT-837807,SUP00010,DPT010,PO0001615,2024-07-07,14126.75,DZD,60,2024-09-05,Validated,0,0,0,60,0
INV0003282,FCT-415579,SUP00030,DPT001,PO0002107,2024-03-05,22198.27,DZD,30,2024-04-04,Pending Review,0,0,0,30,0
INV0003283,FCT-414718,SUP00225,DPT004,PO0004947,2024-12-15,16678.54,DZD,30,2025-01-14,Validated,0,0,0,30,0
INV0003284,FCT-771351,SUP00052,DPT003,PO0004195,2024-08-03,1913.41,DZD,60,2024-10-02,Validated,0,0,0,60,0
INV0003285,FCT-320009,SUP00248,DPT006,PO0004540,2024-10-11,6925.59,DZD,30,2024-11-10,Validated,0,0,0,30,0
INV0003286,FCT-845319,SUP00002,DPT012,,2024-05-15,5880.47,DZD,90,2024-08-13,Validated,1,0,0,90,0
INV0003287,FCT-593919,SUP00317,DPT009,,2024-10-04,45933.21,DZD,15,2024-10-19,Validated,1,0,0,15,0
INV0003288,FCT-374864,SUP00265,DPT010,PO0004233,2024-11-22,12200.75,DZD,30,2024-12-22,Validated,0,0,0,30,0
INV0003289,FCT-947928,SUP00118,DPT009,PO0002115,2024-06-03,43227.07,DZD,30,2024-07-03,Validated,0,0,0,30,0
INV0003290,FCT-230666,SUP00020,DPT009,,2024-08-24,2655.12,DZD,30,2024-09-23,Validated,1,0,0,30,0
INV0003291,FCT-851544,SUP00304,DPT004,PO0004599,2024-10-11,4678.66,DZD,30,2024-11-10,Validated,0,0,0,30,0
INV0003292,FCT-578375,SUP00283,DPT010,,2024-05-11,3235.05,DZD,30,2024-06-10,Validated,1,0,0,30,0
INV0003293,FCT-318827,SUP00015,DPT007,PO0000819,2024-08-26,18499.71,DZD,30,2024-09-25,Validated,0,0,0,30,0
INV0003294,FCT-654464,SUP00008,DPT001,PO0000480,2024-06-27,22259.49,DZD,90,2024-09-25,Validated,0,0,0,90,0
INV0003295,FCT-959248,SUP00292,DPT005,PO0001773,2024-07-24,9408.99,DZD,30,2024-08-23,Validated,0,0,0,30,0
INV0003296,FCT-255783,SUP00018,DPT002,PO0002648,2024-07-11,6694.14,DZD,60,2024-09-09,Validated,0,0,0,60,0
INV0003297,FCT-572491,SUP00030,DPT001,PO0002066,2024-03-23,5000.0,DZD,90,2024-06-21,Validated,0,1,0,90,0
INV0003298,FCT-736649,SUP00318,DPT004,PO0002629,2024-12-25,1224.24,DZD,15,2025-01-09,Pending Review,0,0,0,15,0
INV0003299,FCT-478847,SUP00025,DPT002,PO0001159,2024-04-25,3740.95,DZD,30,2024-05-25,Validated,0,0,0,30,0
INV0003300,FCT-306303,SUP00059,DPT004,,2024-09-29,4103.23,DZD,30,2024-10-29,Pending Review,1,0,0,30,0
INV0003301,FCT-359353,SUP00027,DPT006,,2024-10-11,5909.78,DZD,45,2024-11-25,Disputed,1,0,0,45,0
INV0003302,FCT-474646,SUP00004,DPT007,PO0000661,2024-09-17,2836.12,DZD,30,2024-10-17,Validated,0,0,0,30,0
INV0003303,FCT-664410,SUP00030,DPT011,PO0001879,2024-03-16,2260.39,DZD,90,2024-06-14,Validated,0,0,0,90,0
INV0003304,FCT-638076,SUP00010,DPT009,PO0001133,2024-12-25,955.57,DZD,30,2025-01-24,Validated,0,0,0,30,0
INV0003305,FCT-620967,SUP00014,DPT004,PO0000754,2024-08-14,9866.42,DZD,30,2024-09-13,Validated,0,0,0,30,0
INV0003306,FCT-427175,SUP00108,DPT005,,2024-02-25,1239.57,DZD,45,2024-04-10,Validated,1,0,0,45,0
INV0003307,FCT-842512,SUP00198,DPT003,PO0000205,2024-08-09,18946.65,DZD,60,2024-10-08,Validated,0,0,0,60,0
INV0003308,FCT-498499,SUP00006,DPT006,PO0004808,2024-06-19,8712.61,DZD,30,2024-07-19,Validated,0,0,0,30,0
INV0003309,FCT-923292,SUP00055,DPT004,PO0003562,2024-09-09,16637.19,USD,15,2024-09-24,Validated,0,0,0,15,0
INV0003310,FCT-386024,SUP00010,DPT004,,2024-12-17,2152.68,DZD,15,2025-01-01,Validated,1,0,0,15,0
INV0003311,FCT-771815,SUP00117,DPT004,PO0000401,2024-04-02,51192.88,DZD,45,2024-05-17,Validated,0,0,0,45,0
INV0003312,FCT-600342,SUP00005,DPT003,PO0003182,2024-11-07,77084.47,DZD,45,2024-12-22,Validated,0,0,0,45,0
INV0003313,FCT-266498,SUP00029,DPT004,PO0003002,2024-11-05,6213.96,EUR,30,2024-12-05,Disputed,0,0,0,30,0
INV0003314,FCT-180076,SUP00172,DPT007,PO0001363,2024-03-15,9437.39,DZD,30,2024-04-14,Pending Review,0,0,0,30,0
INV0003315,FCT-219213,SUP00030,DPT004,PO0004006,2024-04-17,5915.22,DZD,30,2024-05-17,Validated,0,0,0,30,0
INV0003316,FCT-522068,SUP00294,DPT002,PO0001884,2024-06-02,19118.72,DZD,30,2024-07-02,Validated,0,0,0,30,0
INV0003317,FCT-582459,SUP00003,DPT011,PO0003825,2024-04-14,14936.52,DZD,30,2024-05-14,Pending Review,0,0,0,30,0
INV0003318,FCT-707307,SUP00025,DPT002,PO0004054,2024-03-09,779.24,DZD,90,2024-06-07,Validated,0,0,0,90,0
INV0003319,FCT-238234,SUP00006,DPT009,PO0004068,2024-09-24,2320.11,EUR,30,2024-10-24,Disputed,0,0,0,30,0
INV0003320,FCT-265917,SUP00257,DPT006,PO0004669,2024-09-12,9430.12,DZD,15,2024-09-27,Validated,0,0,0,15,0
INV0003321,FCT-655394,SUP00084,DPT011,PO0001813,2024-09-29,14614.6,DZD,45,2024-11-13,Validated,0,0,0,45,0
INV0003322,FCT-619122,SUP00186,DPT007,PO0004215,2024-08-13,7127.86,DZD,45,2024-09-27,Validated,0,0,0,45,0
INV0003323,FCT-245489,SUP00001,DPT001,PO0002726,2024-03-09,853.02,DZD,45,2024-04-23,Validated,0,0,0,45,0
INV0003324,FCT-624350,SUP00003,DPT004,PO0004771,2024-07-31,11385.17,DZD,30,2024-08-30,Validated,0,0,0,30,0
INV0003325,FCT-309019,SUP00020,DPT002,PO0000163,2024-07-14,48950.88,DZD,45,2024-08-28,Validated,0,0,0,45,0
INV0003326,FCT-376663,SUP00040,DPT003,PO0003538,2024-11-25,428.14,EUR,90,2025-02-23,Validated,0,0,0,90,0
INV0003327,FCT-175345,SUP00017,DPT011,PO0000873,2024-11-16,10000.0,EUR,30,2024-12-16,Validated,0,1,0,30,0
INV0003328,FCT-162118,SUP00010,DPT004,,2024-02-06,49360.63,DZD,15,2024-02-21,Validated,1,0,0,15,0
INV0003329,FCT-853386,SUP00001,DPT001,PO0003063,2024-07-17,17766.79,DZD,45,2024-08-31,Validated,0,0,0,45,0
INV0003330,FCT-961263,SUP00205,DPT007,PO0003231,2024-12-09,5470.82,DZD,45,2025-01-23,Validated,0,0,0,45,0
INV0003331,FCT-630595,SUP00243,DPT006,PO0003253,2024-09-15,16838.25,USD,45,2024-10-30,Validated,0,0,0,45,0
INV0003332,FCT-187579,SUP00006,DPT003,PO0001929,2024-06-25,5433.79,DZD,45,2024-08-09,Validated,0,0,0,45,0
INV0003333,FCT-411828,SUP00021,DPT007,PO0004700,2024-09-03,11196.25,DZD,45,2024-10-18,Validated,0,0,0,45,0
INV0003334,FCT-417579,SUP00041,DPT001,PO0000368,2024-01-10,6606.59,DZD,60,2024-03-10,Validated,0,0,0,60,0
INV0003335,FCT-457012,SUP00253,DPT002,PO0002047,2024-06-30,6822.57,DZD,30,2024-07-30,Pending Review,0,0,0,30,0
INV0003336,FCT-265587,SUP00046,DPT010,PO0004919,2024-11-29,2499.5,DZD,45,2025-01-13,Validated,0,0,0,45,0
INV0003337,FCT-221204,SUP00213,DPT002,,2024-06-12,3523.4,DZD,30,2024-07-12,Validated,1,0,0,30,0
INV0003338,FCT-928683,SUP00140,DPT012,,2024-12-05,38887.01,DZD,15,2024-12-20,Pending Review,1,0,0,15,0
INV0003339,FCT-863154,SUP00279,DPT001,PO0000570,2024-10-18,2943.08,DZD,30,2024-11-17,Pending Review,0,0,0,30,0
INV0003340,FCT-147686,SUP00007,DPT003,PO0000148,2024-12-10,633.25,DZD,45,2025-01-24,Validated,0,0,0,45,0
INV0003341,FCT-374579,SUP00073,DPT004,PO0002487,2024-02-23,342046.52,DZD,30,2024-03-24,Validated,0,0,1,30,0
INV0003342,FCT-221483,SUP00158,DPT006,PO0004283,2024-10-31,3633.53,DZD,90,2025-01-29,Validated,0,0,0,90,0
INV0003343,FCT-164131,SUP00213,DPT009,PO0005198,2024-03-18,4408.1,DZD,60,2024-05-17,Validated,0,0,0,60,0
INV0003344,FCT-681152,SUP00267,DPT006,PO0002634,2024-04-11,3780.53,DZD,30,2024-05-11,Validated,0,0,0,30,0
INV0003345,FCT-423240,SUP00008,DPT002,PO0003883,2024-02-18,6113.9,DZD,90,2024-05-18,Validated,0,0,0,90,0
INV0003346,FCT-593804,SUP00229,DPT007,PO0005033,2024-04-14,2507.39,DZD,30,2024-05-14,Validated,0,0,0,30,0
INV0003347,FCT-318740,SUP00319,DPT001,PO0003286,2024-08-23,33284.84,USD,15,2024-09-07,Validated,0,0,0,15,0
INV0003348,FCT-748713,SUP00014,DPT004,PO0001751,2024-04-29,4771.81,USD,30,2024-05-29,Validated,0,0,0,30,0
INV0003349,FCT-466827,SUP00008,DPT006,,2024-01-09,1803.75,DZD,30,2024-02-08,Validated,1,0,0,30,0
INV0003350,FCT-207238,SUP00006,DPT002,PO0002790,2024-03-23,221.62,DZD,90,2024-06-21,Validated,0,0,0,90,0
INV0003351,FCT-874254,SUP00014,DPT004,PO0002469,2024-02-17,21143.89,DZD,30,2024-03-18,Validated,0,0,0,30,0
INV0003352,FCT-366880,SUP00231,DPT002,PO0000171,2024-11-27,3616.28,EUR,60,2025-01-26,Validated,0,0,0,60,0
INV0003353,FCT-770411,SUP00024,DPT003,PO0000394,2024-10-02,9246.95,DZD,90,2024-12-31,Validated,0,0,0,90,0
INV0003354,FCT-716918,SUP00156,DPT012,,2024-07-14,2062.44,DZD,45,2024-08-28,Validated,1,0,0,45,0
INV0003355,FCT-319284,SUP00216,DPT012,PO0001123,2024-11-06,6686.66,DZD,60,2025-01-05,Validated,0,0,0,60,0
INV0003356,FCT-326337,SUP00013,DPT005,PO0000502,2024-04-07,5817.51,DZD,45,2024-05-22,Validated,0,0,0,45,0
INV0003357,FCT-389250,SUP00003,DPT001,PO0001258,2024-11-27,17309.48,DZD,30,2024-12-27,Validated,0,0,0,30,0
INV0003358,FCT-903442,SUP00308,DPT006,PO0003897,2024-10-08,7261.76,DZD,45,2024-11-22,Validated,0,0,0,45,0
INV0003359,FCT-489775,SUP00212,DPT006,PO0002772,2024-04-01,1650.19,DZD,45,2024-05-16,Validated,0,0,0,45,0
INV0003360,FCT-768952,SUP00098,DPT006,,2024-08-17,95109.87,DZD,30,2024-09-16,Validated,1,0,0,30,0
INV0003361,FCT-245331,SUP00030,DPT009,,2024-12-16,9894.65,DZD,30,2025-01-15,Pending Review,1,0,0,30,0
INV0003362,FCT-168564,SUP00029,DPT001,PO0004093,2024-05-18,15000.0,DZD,45,2024-07-02,Validated,0,1,0,45,0
INV0003363,FCT-356506,SUP00238,DPT006,PO0002667,2024-03-19,7461.27,DZD,45,2024-05-03,Validated,0,0,0,45,0
INV0003364,FCT-263225,SUP00023,DPT006,PO0003348,2024-11-29,9412.05,DZD,30,2024-12-29,Validated,0,0,0,30,0
INV0003365,FCT-377595,SUP00306,DPT002,PO0001550,2024-04-24,10474.63,DZD,45,2024-06-08,Validated,0,0,0,45,0
INV0003366,FCT-353520,SUP00014,DPT006,,2024-07-21,9115.96,DZD,45,2024-09-04,Validated,1,0,0,45,0
INV0003367,FCT-269987,SUP00005,DPT009,,2024-02-05,7959.73,DZD,30,2024-03-06,Validated,1,0,0,30,0
INV0003368,FCT-965709,SUP00025,DPT006,PO0000529,2024-08-17,17246.19,DZD,45,2024-10-01,Validated,0,0,0,45,0
INV0003369,FCT-346066,SUP00155,DPT009,PO0002893,2024-12-28,13863.96,DZD,30,2025-01-27,Validated,0,0,0,30,0
INV0003370,FCT-118388,SUP00152,DPT001,PO0005178,2024-01-12,14163.58,DZD,45,2024-02-26,Validated,0,0,0,45,0
INV0003371,FCT-482201,SUP00020,DPT001,PO0002580,2024-04-13,778.18,DZD,30,2024-05-13,Validated,0,0,0,30,0
INV0003372,FCT-791190,SUP00192,DPT004,,2024-08-17,816.93,DZD,45,2024-10-01,Validated,1,0,0,45,0
INV0003373,FCT-863014,SUP00236,DPT001,PO0002247,2024-08-05,2411.08,DZD,90,2024-11-03,Validated,0,0,0,90,0
INV0003374,FCT-434342,SUP00038,DPT004,PO0004807,2024-05-30,15000.0,DZD,30,2024-06-29,Validated,0,1,0,30,0
INV0003375,FCT-711983,SUP00002,DPT009,PO0003711,2024-04-25,2505.05,USD,45,2024-06-09,Validated,0,0,0,45,0
INV0003376,FCT-225674,SUP00024,DPT003,PO0003936,2024-09-30,1866.51,EUR,30,2024-10-30,Validated,0,0,0,30,0
INV0003377,FCT-160270,SUP00150,DPT009,,2024-06-26,7900.69,DZD,15,2024-07-11,Validated,1,0,0,15,0
INV0003378,FCT-771638,SUP00018,DPT002,PO0004840,2024-01-16,2200.15,DZD,30,2024-02-15,Validated,0,0,0,30,0
INV0003379,FCT-557535,SUP00083,DPT010,PO0000699,2024-02-21,378.39,DZD,30,2024-03-22,Validated,0,0,0,30,0
INV0003380,FCT-103096,SUP00005,DPT012,PO0000880,2024-05-20,1258.95,DZD,15,2024-06-04,Validated,0,0,0,15,0
INV0003381,FCT-311352,SUP00198,DPT002,PO0005139,2024-08-23,2977.35,DZD,45,2024-10-07,Validated,0,0,0,45,0
INV0003382,FCT-452237,SUP00009,DPT008,PO0004347,2024-01-24,4460.41,DZD,45,2024-03-09,Validated,0,0,0,45,0
INV0003383,FCT-101142,SUP00010,DPT012,PO0002764,2024-12-29,16873.43,DZD,30,2025-01-28,Validated,0,0,0,30,0
INV0003384,FCT-374354,SUP00025,DPT006,PO0000529,2024-12-05,9894.39,EUR,30,2025-01-04,Validated,0,0,0,30,0
INV0003385,FCT-608921,SUP00003,DPT010,,2024-01-25,598.26,DZD,45,2024-03-10,Pending Review,1,0,0,45,0
INV0003386,FCT-141528,SUP00125,DPT004,PO0004927,2024-06-02,31903.27,EUR,60,2024-08-01,Validated,0,0,0,60,0
INV0003387,FCT-279201,SUP00018,DPT006,PO0003686,2024-05-15,4773.25,DZD,30,2024-06-14,Pending Review,0,0,0,30,0
INV0003388,FCT-607684,SUP00001,DPT007,,2024-02-20,6499.87,DZD,45,2024-04-05,Validated,1,0,0,45,0
INV0003389,FCT-682279,SUP00108,DPT005,PO0004866,2024-07-07,6900.95,EUR,60,2024-09-05,Validated,0,0,0,60,0
INV0003390,FCT-699510,SUP00130,DPT004,PO0004082,2024-09-28,2251.64,DZD,90,2024-12-27,Validated,0,0,0,90,0
INV0003391,FCT-334633,SUP00099,DPT003,,2024-07-13,11475.09,DZD,45,2024-08-27,Validated,1,0,0,45,0
INV0003392,FCT-220957,SUP00320,DPT001,PO0005030,2024-11-17,638.71,DZD,60,2025-01-16,Validated,0,0,0,60,0
INV0003393,FCT-317878,SUP00002,DPT001,PO0005012,2024-08-22,28032.54,DZD,15,2024-09-06,Validated,0,0,0,15,0
INV0003394,FCT-600436,SUP00207,DPT001,PO0004563,2024-10-10,10000.0,DZD,30,2024-11-09,Validated,0,1,0,30,0
INV0003395,FCT-631736,SUP00123,DPT003,PO0000869,2024-11-04,9115.41,DZD,30,2024-12-04,Validated,0,0,0,30,0
INV0003396,FCT-954948,SUP00006,DPT009,PO0004068,2024-11-06,10999.57,DZD,30,2024-12-06,Pending Review,0,0,0,30,0
INV0003397,FCT-631592,SUP00194,DPT006,PO0005015,2024-11-05,3613.14,DZD,30,2024-12-05,Disputed,0,0,0,30,0
INV0003398,FCT-802157,SUP00319,DPT006,,2024-05-18,25895.6,DZD,45,2024-07-02,Validated,1,0,0,45,0
INV0003399,FCT-863877,SUP00015,DPT004,PO0004593,2024-12-27,2607.12,DZD,30,2025-01-26,Validated,0,0,0,30,0
INV0003400,FCT-498591,SUP00054,DPT005,PO0004109,2024-08-28,1899.47,DZD,90,2024-11-26,Validated,0,0,0,90,0
INV0003401,FCT-278488,SUP00002,DPT001,PO0004451,2024-05-12,7124.98,DZD,45,2024-06-26,Validated,0,0,0,45,0
INV0003402,FCT-285989,SUP00009,DPT005,PO0004958,2024-01-22,1230.96,EUR,60,2024-03-22,Validated,0,0,0,60,0
INV0003403,FCT-988247,SUP00116,DPT001,PO0003750,2024-05-07,3129.91,EUR,60,2024-07-06,Validated,0,0,0,60,0
INV0003404,FCT-347078,SUP00023,DPT005,PO0000943,2024-06-24,8102.18,DZD,30,2024-07-24,Pending Review,0,0,0,30,0
INV0003405,FCT-432338,SUP00002,DPT006,PO0004685,2024-02-10,13978.95,DZD,30,2024-03-11,Validated,0,0,0,30,0
INV0003406,FCT-430377,SUP00114,DPT005,PO0004231,2024-07-25,5750.08,DZD,60,2024-09-23,Pending Review,0,0,0,60,0
INV0003407,FCT-972979,SUP00029,DPT006,PO0003048,2024-11-09,2121.95,DZD,45,2024-12-24,Validated,0,0,0,45,0
INV0003408,FCT-215336,SUP00249,DPT004,PO0004528,2024-04-25,4073.33,DZD,60,2024-06-24,Validated,0,0,0,60,0
INV0003409,FCT-239849,SUP00002,DPT008,,2024-12-05,2784.24,USD,90,2025-03-05,Validated,1,0,0,90,0
INV0003410,FCT-676988,SUP00029,DPT009,PO0002483,2024-05-29,5365.27,DZD,30,2024-06-28,Validated,0,0,0,30,0
INV0003411,FCT-957441,SUP00007,DPT001,,2024-04-13,2941.59,DZD,30,2024-05-13,Pending Review,1,0,0,30,0
INV0003412,FCT-674073,SUP00003,DPT009,,2024-11-01,1950.99,DZD,45,2024-12-16,Validated,1,0,0,45,0
INV0003413,FCT-967683,SUP00025,DPT009,,2024-08-12,1690.73,EUR,30,2024-09-11,Validated,1,0,0,30,0
INV0003414,FCT-557288,SUP00024,DPT002,PO0000282,2024-08-15,724.81,DZD,45,2024-09-29,Pending Review,0,0,0,45,0
INV0003415,FCT-361371,SUP00003,DPT010,PO0001814,2024-03-30,20815.72,DZD,45,2024-05-14,Validated,0,0,0,45,0
INV0003416,FCT-259811,SUP00026,DPT010,PO0001364,2024-08-06,13672.74,DZD,60,2024-10-05,Disputed,0,0,0,60,0
INV0003417,FCT-282843,SUP00029,DPT011,PO0001802,2024-11-10,1461.49,DZD,45,2024-12-25,Validated,0,0,0,45,0
INV0003418,FCT-843470,SUP00003,DPT004,PO0002445,2024-03-12,12687.56,DZD,30,2024-04-11,Validated,0,0,0,30,0
INV0003419,FCT-642692,SUP00102,DPT002,PO0000775,2024-01-03,6302.73,DZD,45,2024-02-17,Pending Review,0,0,0,45,0
INV0003420,FCT-871407,SUP00027,DPT003,PO0004961,2024-10-06,1358.62,DZD,45,2024-11-20,Validated,0,0,0,45,0
INV0003421,FCT-223575,SUP00020,DPT005,PO0004012,2024-09-10,1793.5,EUR,90,2024-12-09,Validated,0,0,0,90,0
INV0003422,FCT-293179,SUP00015,DPT002,PO0001866,2024-03-15,5057.33,DZD,45,2024-04-29,Validated,0,0,0,45,0
INV0003423,FCT-365612,SUP00014,DPT010,PO0003576,2024-07-17,14077.87,DZD,90,2024-10-15,Validated,0,0,0,90,0
INV0003424,FCT-744437,SUP00028,DPT008,PO0003581,2024-02-14,11887.65,DZD,45,2024-03-30,Validated,0,0,0,45,0
INV0003425,FCT-984635,SUP00002,DPT007,PO0000345,2024-04-14,3230.91,EUR,30,2024-05-14,Validated,0,0,0,30,0
INV0003426,FCT-697777,SUP00300,DPT005,PO0002136,2024-03-07,10179.89,DZD,30,2024-04-06,Validated,0,0,0,30,0
INV0003427,FCT-788455,SUP00004,DPT003,PO0000506,2024-12-02,4978.7,DZD,60,2025-01-31,Pending Review,0,0,0,60,0
INV0003428,FCT-863512,SUP00027,DPT002,PO0003429,2024-05-10,2578.19,DZD,30,2024-06-09,Validated,0,0,0,30,0
INV0003429,FCT-816400,SUP00097,DPT002,PO0003474,2024-06-24,18117.3,DZD,30,2024-07-24,Validated,0,0,0,30,0
INV0003430,FCT-366407,SUP00265,DPT001,PO0002604,2024-03-28,7180.42,DZD,30,2024-04-27,Disputed,0,0,0,30,0
INV0003431,FCT-886103,SUP00004,DPT002,PO0000721,2024-07-10,10801.77,DZD,30,2024-08-09,Disputed,0,0,0,30,0
INV0003432,FCT-932186,SUP00075,DPT001,PO0000692,2024-07-22,1698.69,DZD,30,2024-08-21,Validated,0,0,0,30,0
INV0003433,FCT-720438,SUP00144,DPT004,,2024-01-31,3302.35,DZD,30,2024-03-01,Validated,1,0,0,30,0
INV0003434,FCT-240551,SUP00224,DPT008,PO0001020,2024-10-13,15416.12,EUR,30,2024-11-12,Pending Review,0,0,0,30,0
INV0003435,FCT-744971,SUP00009,DPT006,PO0001938,2024-05-30,4346.83,DZD,15,2024-06-14,Pending Review,0,0,0,15,0
INV0003436,FCT-559915,SUP00009,DPT007,PO0003803,2024-06-19,4645.59,EUR,45,2024-08-03,Validated,0,0,0,45,0
INV0003437,FCT-759281,SUP00009,DPT009,PO0002112,2024-02-28,1771.74,DZD,30,2024-03-29,Validated,0,0,0,30,0
INV0003438,FCT-140568,SUP00293,DPT004,PO0001741,2024-01-25,7528.08,DZD,15,2024-02-09,Pending Review,0,0,0,15,0
INV0003439,FCT-452302,SUP00130,DPT009,PO0001731,2024-07-21,1735.36,DZD,30,2024-08-20,Validated,0,0,0,30,0
INV0003440,FCT-576953,SUP00273,DPT001,PO0002019,2024-01-10,9142.05,DZD,60,2024-03-10,Pending Review,0,0,0,60,0
INV0003441,FCT-190134,SUP00024,DPT003,PO0000434,2024-07-30,1916.41,DZD,30,2024-08-29,Validated,0,0,0,30,0
INV0003442,FCT-554159,SUP00247,DPT003,PO0003184,2024-10-06,4718.23,DZD,45,2024-11-20,Validated,0,0,0,45,0
INV0003443,FCT-649006,SUP00002,DPT002,PO0005136,2024-03-30,36727.3,DZD,90,2024-06-28,Validated,0,0,0,90,0
INV0003444,FCT-627472,SUP00002,DPT009,PO0002647,2024-04-14,9142.11,DZD,15,2024-04-29,Validated,0,0,0,15,0
INV0003445,FCT-819909,SUP00139,DPT004,PO0002860,2024-12-10,10000.0,EUR,45,2025-01-24,Validated,0,1,0,45,0
INV0003446,FCT-483653,SUP00004,DPT010,PO0001713,2024-06-15,16080.26,DZD,30,2024-07-15,Validated,0,0,0,30,0
INV0003447,FCT-310999,SUP00028,DPT011,PO0002688,2024-04-20,2612.27,EUR,30,2024-05-20,Validated,0,0,0,30,0
INV0003448,FCT-230726,SUP00030,DPT002,PO0005034,2024-11-19,1931.11,DZD,30,2024-12-19,Validated,0,0,0,30,0
INV0003449,FCT-264127,SUP00029,DPT006,PO0003048,2024-08-26,3946.55,DZD,45,2024-10-10,Validated,0,0,0,45,0
INV0003450,FCT-421199,SUP00253,DPT009,PO0004236,2024-08-06,21236.51,DZD,45,2024-09-20,Validated,0,0,0,45,0
INV0003451,FCT-961302,SUP00005,DPT005,PO0003697,2024-12-23,19907.73,DZD,30,2025-01-22,Validated,0,0,0,30,0
INV0003452,FCT-784865,SUP00015,DPT005,,2024-08-08,3390.85,EUR,30,2024-09-07,Pending Review,1,0,0,30,0
INV0003453,FCT-224598,SUP00027,DPT001,PO0000867,2024-10-20,4330.62,DZD,45,2024-12-04,Pending Review,0,0,0,45,0
INV0003454,FCT-652604,SUP00005,DPT004,PO0002512,2024-09-13,9733.84,DZD,45,2024-10-28,Pending Review,0,0,0,45,0
INV0003455,FCT-593894,SUP00010,DPT010,PO0004472,2024-09-29,97968.29,DZD,30,2024-10-29,Validated,0,0,0,30,0
INV0003456,FCT-298730,SUP00025,DPT007,PO0002713,2024-09-06,4567.73,DZD,45,2024-10-21,Validated,0,0,0,45,0
INV0003457,FCT-767023,SUP00260,DPT006,PO0004107,2024-01-22,29434.2,DZD,30,2024-02-21,Validated,0,0,0,30,0
INV0003458,FCT-108268,SUP00109,DPT003,PO0000352,2024-03-08,50000.0,DZD,30,2024-04-07,Validated,0,1,0,30,0
INV0003459,FCT-185516,SUP00004,DPT004,PO0001017,2024-07-10,16014.6,DZD,30,2024-08-09,Validated,0,0,0,30,0
INV0003460,FCT-667914,SUP00003,DPT008,PO0000923,2024-09-15,19256.52,EUR,90,2024-12-14,Validated,0,0,0,90,0
INV0003461,FCT-604523,SUP00029,DPT001,PO0000602,2024-10-02,7349.37,DZD,30,2024-11-01,Pending Review,0,0,0,30,0
INV0003462,FCT-635588,SUP00309,DPT001,PO0001396,2024-10-21,5810.45,DZD,45,2024-12-05,Validated,0,0,0,45,0
INV0003463,FCT-712163,SUP00047,DPT008,,2024-08-29,4730.24,DZD,30,2024-09-28,Validated,1,0,0,30,0
INV0003464,FCT-917657,SUP00002,DPT012,PO0001315,2024-01-16,8984.22,DZD,60,2024-03-16,Validated,0,0,0,60,0
INV0003465,FCT-139323,SUP00016,DPT001,PO0004657,2024-07-26,23529.25,DZD,45,2024-09-09,Validated,0,0,0,45,0
INV0003466,FCT-815260,SUP00064,DPT009,PO0004744,2024-09-16,27477.9,USD,90,2024-12-15,Validated,0,0,0,90,0
INV0003467,FCT-477845,SUP00085,DPT003,PO0003621,2024-12-02,24152.58,DZD,30,2025-01-01,Validated,0,0,0,30,0
INV0003468,FCT-334210,SUP00167,DPT002,,2024-08-11,3512.78,DZD,90,2024-11-09,Validated,1,0,0,90,0
INV0003469,FCT-526862,SUP00081,DPT012,PO0004420,2024-07-23,3123.15,DZD,60,2024-09-21,Validated,0,0,0,60,0
INV0003470,FCT-589304,SUP00250,DPT001,PO0004787,2024-02-27,2316.25,DZD,30,2024-03-28,Validated,0,0,0,30,0
INV0003471,FCT-600308,SUP00262,DPT008,PO0004202,2024-11-01,7166.21,DZD,30,2024-12-01,Validated,0,0,0,30,0
INV0003472,FCT-343588,SUP00248,DPT008,PO0002252,2024-05-28,17550.61,DZD,15,2024-06-12,Validated,0,0,0,15,0
INV0003473,FCT-135727,SUP00130,DPT004,PO0001863,2024-11-19,3134.48,DZD,60,2025-01-18,Validated,0,0,0,60,0
INV0003474,FCT-700200,SUP00010,DPT005,,2024-03-05,4863.76,DZD,15,2024-03-20,Validated,1,0,0,15,0
INV0003475,FCT-904154,SUP00009,DPT012,,2024-10-13,12627.91,DZD,30,2024-11-12,Validated,1,0,0,30,0
INV0003476,FCT-915106,SUP00014,DPT006,PO0001926,2024-04-19,4149.19,DZD,60,2024-06-18,Validated,0,0,0,60,0
INV0003477,FCT-874484,SUP00133,DPT008,PO0003337,2024-02-24,4822.69,DZD,60,2024-04-24,Validated,0,0,0,60,0
INV0003478,FCT-296641,SUP00093,DPT009,PO0003539,2024-11-29,21622.58,EUR,30,2024-12-29,Validated,0,0,0,30,0
INV0003479,FCT-867938,SUP00006,DPT004,PO0000617,2024-10-09,6168.75,DZD,45,2024-11-23,Validated,0,0,0,45,0
INV0003480,FCT-688548,SUP00002,DPT012,,2024-11-11,2622.02,DZD,90,2025-02-09,Pending Review,1,0,0,90,0
INV0003481,FCT-567682,SUP00047,DPT002,PO0002431,2024-10-14,6706.29,DZD,60,2024-12-13,Validated,0,0,0,60,0
INV0003482,FCT-366210,SUP00012,DPT002,PO0003547,2024-08-01,9880.71,DZD,45,2024-09-15,Validated,0,0,0,45,0
INV0003483,FCT-809281,SUP00059,DPT004,PO0001372,2024-09-02,106960.2,USD,60,2024-11-01,Validated,0,0,1,60,0
INV0003484,FCT-209695,SUP00002,DPT002,PO0001109,2024-01-19,5000.0,DZD,45,2024-03-04,Validated,0,1,0,45,0
INV0003485,FCT-821112,SUP00275,DPT007,,2024-05-15,235911.94,USD,30,2024-06-14,Validated,1,0,1,30,0
INV0003486,FCT-913410,SUP00023,DPT001,PO0004027,2024-04-29,1763.15,EUR,30,2024-05-29,Pending Review,0,0,0,30,0
INV0003487,FCT-966833,SUP00027,DPT002,PO0002909,2024-04-15,29729.94,DZD,30,2024-05-15,Validated,0,0,0,30,0
INV0003488,FCT-895657,SUP00001,DPT001,PO0001061,2024-05-09,35805.29,DZD,60,2024-07-08,Validated,0,0,0,60,0
INV0003489,FCT-834603,SUP00018,DPT009,PO0004717,2024-08-25,6217.1,DZD,45,2024-10-09,Validated,0,0,0,45,0
INV0003490,FCT-778699,SUP00101,DPT004,PO0005149,2024-08-14,3822.74,DZD,45,2024-09-28,Validated,0,0,0,45,0
INV0003491,FCT-207461,SUP00115,DPT002,PO0000525,2024-09-23,100000.0,DZD,45,2024-11-07,Validated,0,1,1,45,0
INV0003492,FCT-399793,SUP00001,DPT002,PO0002761,2024-06-05,4126.78,EUR,60,2024-08-04,Validated,0,0,0,60,0
INV0003493,FCT-228411,SUP00291,DPT002,PO0003931,2024-12-01,1610.8,USD,45,2025-01-15,Validated,0,0,0,45,0
INV0003494,FCT-429657,SUP00013,DPT010,PO0003917,2024-07-06,1176.37,DZD,30,2024-08-05,Validated,0,0,0,30,0
INV0003495,FCT-557707,SUP00001,DPT007,PO0005129,2024-05-04,1073.55,DZD,45,2024-06-18,Validated,0,0,0,45,0
INV0003496,FCT-894085,SUP00009,DPT012,,2024-11-21,7848.42,USD,30,2024-12-21,Validated,1,0,0,30,0
INV0003497,FCT-738497,SUP00094,DPT010,,2024-04-15,12990.17,DZD,60,2024-06-14,Validated,1,0,0,60,0
INV0003498,FCT-831531,SUP00233,DPT002,PO0005122,2024-10-28,15000.0,DZD,30,2024-11-27,Validated,0,1,0,30,0
INV0003499,FCT-851789,SUP00008,DPT003,PO0000214,2024-09-27,10469.24,DZD,30,2024-10-27,Validated,0,0,0,30,0
INV0003500,FCT-825549,SUP00025,DPT003,PO0000044,2024-12-13,10000.0,DZD,30,2025-01-12,Validated,0,1,0,30,0
INV0003501,FCT-110659,SUP00007,DPT008,,2024-12-23,8944.11,DZD,30,2025-01-22,Validated,1,0,0,30,0
INV0003502,FCT-952685,SUP00228,DPT010,PO0004393,2024-02-20,13120.03,DZD,30,2024-03-21,Validated,0,0,0,30,0
INV0003503,FCT-490245,SUP00004,DPT003,,2024-04-16,7691.55,DZD,45,2024-05-31,Validated,1,0,0,45,0
INV0003504,FCT-325695,SUP00002,DPT005,,2024-06-30,27800.42,DZD,90,2024-09-28,Validated,1,0,0,90,0
INV0003505,FCT-481142,SUP00008,DPT005,PO0001564,2024-04-10,12299.67,DZD,45,2024-05-25,Validated,0,0,0,45,0
INV0003506,FCT-597252,SUP00027,DPT009,PO0001754,2024-02-26,1418.35,DZD,60,2024-04-26,Validated,0,0,0,60,0
INV0003507,FCT-725036,SUP00026,DPT001,PO0003481,2024-11-22,49813.62,DZD,45,2025-01-06,Validated,0,0,0,45,0
INV0003508,FCT-475996,SUP00026,DPT003,PO0001063,2024-01-02,1988.43,DZD,15,2024-01-17,Validated,0,0,0,15,0
INV0003509,FCT-598837,SUP00001,DPT002,,2024-04-06,5892.12,DZD,45,2024-05-21,Validated,1,0,0,45,0
INV0003510,FCT-470879,SUP00011,DPT012,PO0003793,2024-11-10,112977.21,DZD,60,2025-01-09,Disputed,0,0,1,60,0
INV0003511,FCT-822470,SUP00025,DPT012,PO0003192,2024-05-31,10542.48,DZD,30,2024-06-30,Validated,0,0,0,30,0
INV0003512,FCT-191659,SUP00006,DPT002,PO0004578,2024-04-08,2331.06,DZD,30,2024-05-08,Validated,0,0,0,30,0
INV0003513,FCT-730057,SUP00073,DPT007,PO0004151,2024-12-28,8842.13,DZD,45,2025-02-11,Validated,0,0,0,45,0
INV0003514,FCT-600989,SUP00147,DPT001,PO0002363,2024-08-31,10945.73,DZD,45,2024-10-15,Validated,0,0,0,45,0
INV0003515,FCT-532517,SUP00004,DPT007,PO0003391,2024-10-19,7565.36,DZD,60,2024-12-18,Validated,0,0,0,60,0
INV0003516,FCT-447243,SUP00031,DPT004,PO0001044,2024-05-10,3351.67,EUR,45,2024-06-24,Validated,0,0,0,45,0
INV0003517,FCT-313998,SUP00008,DPT002,PO0003246,2024-04-01,1377.73,DZD,45,2024-05-16,Validated,0,0,0,45,0
INV0003518,FCT-331259,SUP00020,DPT012,,2024-06-06,1572.86,DZD,30,2024-07-06,Validated,1,0,0,30,0
INV0003519,FCT-679851,SUP00276,DPT002,PO0002399,2024-12-13,2449.83,DZD,30,2025-01-12,Validated,0,0,0,30,0
INV0003520,FCT-234197,SUP00024,DPT012,PO0001090,2024-08-04,26613.12,DZD,45,2024-09-18,Validated,0,0,0,45,0
INV0003521,FCT-304188,SUP00008,DPT001,PO0005056,2024-11-03,1477.67,EUR,30,2024-12-03,Validated,0,0,0,30,0
INV0003522,FCT-490240,SUP00018,DPT004,PO0003925,2024-12-11,7180.39,EUR,30,2025-01-10,Validated,0,0,0,30,0
INV0003523,FCT-682793,SUP00223,DPT008,PO0002128,2024-12-21,29973.96,DZD,30,2025-01-20,Validated,0,0,0,30,0
INV0003524,FCT-461586,SUP00010,DPT004,PO0002322,2024-12-09,12687.57,EUR,45,2025-01-23,Validated,0,0,0,45,0
INV0003525,FCT-236110,SUP00009,DPT002,PO0002524,2024-05-27,30779.27,DZD,45,2024-07-11,Validated,0,0,0,45,0
INV0003526,FCT-817780,SUP00001,DPT002,,2024-12-12,3058.57,DZD,45,2025-01-26,Validated,1,0,0,45,0
INV0003527,FCT-290816,SUP00020,DPT005,,2024-08-31,12361.78,DZD,30,2024-09-30,Validated,1,0,0,30,0
INV0003528,FCT-948013,SUP00019,DPT003,PO0002540,2024-11-26,22551.22,DZD,90,2025-02-24,Validated,0,0,0,90,0
INV0003529,FCT-486685,SUP00004,DPT001,PO0005067,2024-05-19,17718.19,DZD,30,2024-06-18,Validated,0,0,0,30,0
INV0003530,FCT-826841,SUP00030,DPT012,PO0003892,2024-01-04,16703.85,EUR,60,2024-03-04,Pending Review,0,0,0,60,0
INV0003531,FCT-566902,SUP00005,DPT003,PO0003009,2024-06-10,1519.55,DZD,60,2024-08-09,Validated,0,0,0,60,0
INV0003532,FCT-332696,SUP00164,DPT002,PO0002214,2024-04-19,12927.62,DZD,30,2024-05-19,Validated,0,0,0,30,0
INV0003533,FCT-958321,SUP00268,DPT010,PO0003485,2024-09-01,10518.8,DZD,30,2024-10-01,Validated,0,0,0,30,0
INV0003534,FCT-380723,SUP00014,DPT002,PO0001132,2024-08-14,5049.89,DZD,30,2024-09-13,Validated,0,0,0,30,0
INV0003535,FCT-646806,SUP00099,DPT001,PO0005080,2024-05-31,2993.94,DZD,30,2024-06-30,Validated,0,0,0,30,0
INV0003536,FCT-819576,SUP00016,DPT005,PO0004010,2024-09-01,10077.0,DZD,90,2024-11-30,Validated,0,0,0,90,0
INV0003537,FCT-482258,SUP00008,DPT002,PO0000161,2024-06-01,1928.63,DZD,90,2024-08-30,Validated,0,0,0,90,0
INV0003538,FCT-822731,SUP00233,DPT004,PO0002219,2024-09-25,5000.0,EUR,30,2024-10-25,Validated,0,1,0,30,0
INV0003539,FCT-845244,SUP00009,DPT009,PO0004332,2024-07-16,17737.93,DZD,30,2024-08-15,Pending Review,0,0,0,30,0
INV0003540,FCT-337924,SUP00008,DPT011,PO0003500,2024-04-12,19896.58,DZD,30,2024-05-12,Validated,0,0,0,30,0
INV0003541,FCT-225346,SUP00026,DPT001,PO0003308,2024-02-09,10450.51,DZD,15,2024-02-24,Validated,0,0,0,15,0
INV0003542,FCT-161977,SUP00125,DPT004,PO0003656,2024-02-06,3537.72,DZD,30,2024-03-07,Validated,0,0,0,30,0
INV0003543,FCT-113296,SUP00257,DPT006,PO0001211,2024-12-25,1671.95,DZD,60,2025-02-23,Validated,0,0,0,60,0
INV0003544,FCT-575423,SUP00026,DPT005,PO0003708,2024-10-13,2449.52,EUR,45,2024-11-27,Validated,0,0,0,45,0
INV0003545,FCT-330042,SUP00004,DPT005,PO0002835,2024-10-28,26329.64,DZD,30,2024-11-27,Validated,0,0,0,30,0
INV0003546,FCT-473613,SUP00018,DPT004,PO0002418,2024-08-20,7507.99,DZD,30,2024-09-19,Validated,0,0,0,30,0
INV0003547,FCT-579526,SUP00009,DPT007,PO0001310,2024-06-25,5000.0,DZD,90,2024-09-23,Validated,0,1,0,90,0
INV0003548,FCT-357941,SUP00003,DPT009,PO0003084,2024-10-28,7244.41,DZD,45,2024-12-12,Pending Review,0,0,0,45,0
INV0003549,FCT-672758,SUP00003,DPT003,PO0002084,2024-10-02,13190.43,DZD,30,2024-11-01,Validated,0,0,0,30,0
INV0003550,FCT-449998,SUP00010,DPT002,PO0001645,2024-04-03,1843.5,DZD,30,2024-05-03,Validated,0,0,0,30,0
INV0003551,FCT-821377,SUP00165,DPT006,PO0000121,2024-12-30,3431.27,DZD,60,2025-02-28,Validated,0,0,0,60,0
INV0003552,FCT-244585,SUP00107,DPT007,PO0003244,2024-02-11,12619.22,DZD,30,2024-03-12,Validated,0,0,0,30,0
INV0003553,FCT-642965,SUP00058,DPT011,,2024-07-07,7908.89,DZD,30,2024-08-06,Validated,1,0,0,30,0
INV0003554,FCT-381617,SUP00005,DPT007,PO0000106,2024-02-11,21418.9,DZD,45,2024-03-27,Validated,0,0,0,45,0
INV0003555,FCT-204523,SUP00009,DPT009,PO0002112,2024-09-21,14277.08,DZD,45,2024-11-05,Validated,0,0,0,45,0
INV0003556,FCT-238585,SUP00128,DPT003,PO0000496,2024-05-19,100000.0,DZD,30,2024-06-18,Validated,0,1,1,30,0
INV0003557,FCT-812335,SUP00160,DPT012,,2024-02-01,129.26,DZD,45,2024-03-17,Pending Review,1,0,0,45,0
INV0003558,FCT-882815,SUP00024,DPT001,PO0003269,2024-10-19,7592.55,DZD,30,2024-11-18,Validated,0,0,0,30,0
INV0003559,FCT-111217,SUP00252,DPT010,PO0002702,2024-12-15,1804.3,DZD,90,2025-03-15,Pending Review,0,0,0,90,0
INV0003560,FCT-306781,SUP00052,DPT003,,2024-05-07,10761.58,DZD,15,2024-05-22,Validated,1,0,0,15,0
INV0003561,FCT-734833,SUP00084,DPT006,,2024-03-01,37386.35,DZD,45,2024-04-15,Validated,1,0,0,45,0
INV0003562,FCT-783890,SUP00308,DPT006,PO0003100,2024-04-21,1837.03,DZD,15,2024-05-06,Pending Review,0,0,0,15,0
INV0003563,FCT-569225,SUP00018,DPT006,PO0002951,2024-10-19,12624.89,DZD,30,2024-11-18,Validated,0,0,0,30,0
INV0003564,FCT-129039,SUP00115,DPT012,PO0002531,2024-11-08,16330.27,DZD,60,2025-01-07,Validated,0,0,0,60,0
INV0003565,FCT-545637,SUP00028,DPT001,,2024-06-27,8933.58,DZD,45,2024-08-11,Validated,1,0,0,45,0
INV0003566,FCT-487609,SUP00001,DPT002,PO0002819,2024-07-18,8752.25,DZD,15,2024-08-02,Validated,0,0,0,15,0
INV0003567,FCT-770692,SUP00316,DPT003,PO0005036,2024-08-23,551.21,DZD,30,2024-09-22,Validated,0,0,0,30,0
INV0003568,FCT-837810,SUP00088,DPT002,PO0004123,2024-05-13,6472.85,DZD,45,2024-06-27,Validated,0,0,0,45,0
INV0003569,FCT-139714,SUP00286,DPT010,PO0004351,2024-08-05,5943.31,DZD,30,2024-09-04,Validated,0,0,0,30,0
INV0003570,FCT-945566,SUP00010,DPT001,PO0002344,2024-01-22,20074.14,DZD,60,2024-03-22,Validated,0,0,0,60,0
INV0003571,FCT-469579,SUP00008,DPT004,PO0001770,2024-05-31,18104.91,DZD,60,2024-07-30,Validated,0,0,0,60,0
INV0003572,FCT-645875,SUP00015,DPT005,PO0000679,2024-09-22,3337.92,USD,30,2024-10-22,Validated,0,0,0,30,0
INV0003573,FCT-947354,SUP00070,DPT005,PO0001173,2024-12-13,675.23,DZD,90,2025-03-13,Validated,0,0,0,90,0
INV0003574,FCT-641173,SUP00143,DPT002,PO0001262,2024-11-22,957.75,DZD,30,2024-12-22,Disputed,0,0,0,30,0
INV0003575,FCT-112392,SUP00030,DPT003,PO0004820,2024-04-23,30334.02,EUR,60,2024-06-22,Validated,0,0,0,60,0
INV0003576,FCT-305272,SUP00016,DPT007,PO0004066,2024-03-16,5492.37,DZD,60,2024-05-15,Validated,0,0,0,60,0
INV0003577,FCT-889636,SUP00015,DPT002,,2024-03-25,1137.25,DZD,30,2024-04-24,Validated,1,0,0,30,0
INV0003578,FCT-214728,SUP00002,DPT001,PO0000763,2024-03-20,1312.01,DZD,45,2024-05-04,Pending Review,0,0,0,45,0
INV0003579,FCT-683695,SUP00125,DPT010,PO0002129,2024-11-22,7827.67,DZD,45,2025-01-06,Validated,0,0,0,45,0
INV0003580,FCT-487213,SUP00005,DPT002,PO0001416,2024-01-12,6898.81,EUR,30,2024-02-11,Validated,0,0,0,30,0
INV0003581,FCT-917274,SUP00174,DPT003,PO0005018,2024-04-17,20000.0,EUR,45,2024-06-01,Validated,0,1,0,45,0
INV0003582,FCT-971205,SUP00007,DPT002,PO0005173,2024-08-21,5473.97,EUR,45,2024-10-05,Validated,0,0,0,45,0
INV0003583,FCT-141334,SUP00010,DPT005,PO0002561,2024-02-09,9359.05,DZD,30,2024-03-10,Validated,0,0,0,30,0
INV0003584,FCT-956503,SUP00003,DPT004,PO0002470,2024-05-20,25000.0,DZD,45,2024-07-04,Validated,0,1,0,45,0
INV0003585,FCT-826583,SUP00004,DPT002,PO0004196,2024-02-27,15394.59,DZD,30,2024-03-28,Validated,0,0,0,30,0
INV0003586,FCT-961213,SUP00314,DPT012,PO0004704,2024-04-14,45436.26,DZD,30,2024-05-14,Validated,0,0,0,30,0
INV0003587,FCT-578237,SUP00042,DPT010,PO0002959,2024-05-10,17785.03,DZD,30,2024-06-09,Pending Review,0,0,0,30,0
INV0003588,FCT-967937,SUP00177,DPT009,PO0003013,2024-08-31,57912.07,DZD,15,2024-09-15,Validated,0,0,0,15,0
INV0003589,FCT-323625,SUP00009,DPT003,,2024-11-16,11182.42,DZD,30,2024-12-16,Validated,1,0,0,30,0
INV0003590,FCT-192374,SUP00070,DPT005,PO0001173,2024-12-25,5000.0,USD,15,2025-01-09,Validated,0,1,0,15,0
INV0003591,FCT-523922,SUP00021,DPT012,PO0004438,2024-08-30,2327.09,EUR,30,2024-09-29,Disputed,0,0,0,30,0
INV0003592,FCT-319878,SUP00051,DPT007,PO0001470,2024-09-26,15428.7,DZD,30,2024-10-26,Validated,0,0,0,30,0
INV0003593,FCT-930796,SUP00279,DPT005,PO0004065,2024-02-16,4548.39,DZD,60,2024-04-16,Validated,0,0,0,60,0
INV0003594,FCT-644890,SUP00293,DPT004,PO0004973,2024-08-18,6015.69,EUR,30,2024-09-17,Pending Review,0,0,0,30,0
INV0003595,FCT-495458,SUP00010,DPT002,PO0003364,2024-07-14,2364.56,DZD,30,2024-08-13,Validated,0,0,0,30,0
INV0003596,FCT-140528,SUP00270,DPT003,PO0001464,2024-12-22,31605.7,DZD,30,2025-01-21,Validated,0,0,0,30,0
INV0003597,FCT-223175,SUP00008,DPT003,PO0001127,2024-08-15,34931.21,DZD,30,2024-09-14,Validated,0,0,0,30,0
INV0003598,FCT-672536,SUP00025,DPT004,,2024-10-17,4613.11,DZD,30,2024-11-16,Validated,1,0,0,30,0
INV0003599,FCT-158956,SUP00026,DPT007,PO0001599,2024-10-21,4665.23,DZD,30,2024-11-20,Validated,0,0,0,30,0
INV0003600,FCT-742555,SUP00007,DPT002,PO0003540,2024-02-13,26023.03,DZD,45,2024-03-29,Validated,0,0,0,45,0
INV0003601,FCT-112897,SUP00025,DPT005,PO0005026,2024-07-24,19990.28,DZD,45,2024-09-07,Validated,0,0,0,45,0
INV0003602,FCT-454925,SUP00009,DPT003,PO0004968,2024-11-22,920.03,DZD,15,2024-12-07,Pending Review,0,0,0,15,0
INV0003603,FCT-290107,SUP00024,DPT009,PO0001347,2024-05-05,13113.68,DZD,60,2024-07-04,Validated,0,0,0,60,0
INV0003604,FCT-337935,SUP00302,DPT005,PO0004479,2024-10-14,10616.55,DZD,15,2024-10-29,Validated,0,0,0,15,0
INV0003605,FCT-594418,SUP00057,DPT009,,2024-12-29,7440.34,EUR,15,2025-01-13,Validated,1,0,0,15,0
INV0003606,FCT-455725,SUP00282,DPT012,,2024-12-22,2188.03,DZD,30,2025-01-21,Validated,1,0,0,30,0
INV0003607,FCT-415271,SUP00286,DPT010,PO0003418,2024-04-04,2243.54,DZD,30,2024-05-04,Validated,0,0,0,30,0
INV0003608,FCT-291196,SUP00221,DPT011,PO0000865,2024-04-29,170.15,DZD,45,2024-06-13,Pending Review,0,0,0,45,0
INV0003609,FCT-887531,SUP00058,DPT011,PO0004363,2024-12-18,2821.76,DZD,45,2025-02-01,Validated,0,0,0,45,0
INV0003610,FCT-320533,SUP00009,DPT004,,2024-05-24,622.47,DZD,30,2024-06-23,Validated,1,0,0,30,0
INV0003611,FCT-807427,SUP00010,DPT008,PO0001843,2024-03-17,3222.7,DZD,15,2024-04-01,Validated,0,0,0,15,0
INV0003612,FCT-964811,SUP00025,DPT008,,2024-08-12,9532.71,DZD,30,2024-09-11,Validated,1,0,0,30,0
INV0003613,FCT-518309,SUP00004,DPT004,PO0005106,2024-07-08,1567.4,DZD,30,2024-08-07,Validated,0,0,0,30,0
INV0003614,FCT-374451,SUP00009,DPT009,PO0004004,2024-01-01,27769.99,USD,60,2024-03-01,Validated,0,0,0,60,0
INV0003615,FCT-307296,SUP00237,DPT001,PO0001653,2024-02-10,56915.8,DZD,45,2024-03-26,Validated,0,0,0,45,0
INV0003616,FCT-327834,SUP00276,DPT002,PO0002399,2024-08-15,7882.94,DZD,30,2024-09-14,Validated,0,0,0,30,0
INV0003617,FCT-473266,SUP00006,DPT001,PO0001625,2024-11-21,12086.35,DZD,30,2024-12-21,Validated,0,0,0,30,0
INV0003618,FCT-655589,SUP00263,DPT002,PO0001032,2024-08-25,933.34,DZD,30,2024-09-24,Validated,0,0,0,30,0
INV0003619,FCT-674123,SUP00001,DPT009,PO0005114,2024-06-27,7412.46,DZD,30,2024-07-27,Validated,0,0,0,30,0
INV0003620,FCT-274846,SUP00010,DPT002,PO0002925,2024-12-30,1192.81,DZD,30,2025-01-29,Pending Review,0,0,0,30,0
INV0003621,FCT-120897,SUP00110,DPT011,,2024-11-18,826.66,DZD,30,2024-12-18,Validated,1,0,0,30,0
INV0003622,FCT-817127,SUP00146,DPT012,PO0005037,2024-05-17,1399.77,DZD,30,2024-06-16,Validated,0,0,0,30,0
INV0003623,FCT-900303,SUP00006,DPT001,PO0005017,2024-10-28,5026.55,EUR,30,2024-11-27,Validated,0,0,0,30,0
INV0003624,FCT-179742,SUP00133,DPT005,PO0001006,2024-11-26,5728.48,DZD,30,2024-12-26,Validated,0,0,0,30,0
INV0003625,FCT-689264,SUP00006,DPT003,PO0001847,2024-03-10,5520.81,EUR,15,2024-03-25,Validated,0,0,0,15,0
INV0003626,FCT-476963,SUP00139,DPT004,PO0001903,2024-08-16,1574.47,DZD,30,2024-09-15,Validated,0,0,0,30,0
INV0003627,FCT-966297,SUP00020,DPT001,PO0003276,2024-01-22,6782.32,DZD,60,2024-03-22,Validated,0,0,0,60,0
INV0003628,FCT-830504,SUP00244,DPT002,PO0003772,2024-07-22,2698.13,DZD,30,2024-08-21,Validated,0,0,0,30,0
INV0003629,FCT-697792,SUP00097,DPT001,,2024-11-30,6960.5,DZD,15,2024-12-15,Validated,1,0,0,15,0
INV0003630,FCT-409771,SUP00021,DPT004,PO0003311,2024-11-24,4576.23,DZD,30,2024-12-24,Validated,0,0,0,30,0
INV0003631,FCT-426439,SUP00081,DPT011,PO0002460,2024-07-24,20000.0,DZD,90,2024-10-22,Validated,0,1,0,90,0
INV0003632,FCT-524509,SUP00009,DPT008,PO0001912,2024-08-02,2748.29,DZD,45,2024-09-16,Pending Review,0,0,0,45,0
INV0003633,FCT-494250,SUP00021,DPT004,PO0003900,2024-11-07,11225.01,DZD,30,2024-12-07,Validated,0,0,0,30,0
INV0003634,FCT-180967,SUP00009,DPT006,PO0003216,2024-01-02,25000.0,EUR,90,2024-04-01,Validated,0,1,0,90,0
INV0003635,FCT-106264,SUP00308,DPT003,PO0004525,2024-09-08,1455.9,DZD,60,2024-11-07,Validated,0,0,0,60,0
INV0003636,FCT-714257,SUP00003,DPT010,PO0004316,2024-04-25,2493.0,EUR,15,2024-05-10,Validated,0,0,0,15,0
INV0003637,FCT-151506,SUP00022,DPT001,PO0001792,2024-10-07,3589.09,DZD,30,2024-11-06,Validated,0,0,0,30,0
INV0003638,FCT-518743,SUP00312,DPT010,PO0001539,2024-02-12,23092.25,DZD,15,2024-02-27,Validated,0,0,0,15,0
INV0003639,FCT-192687,SUP00006,DPT007,PO0005059,2024-06-25,10296.13,EUR,30,2024-07-25,Validated,0,0,0,30,0
INV0003640,FCT-516401,SUP00153,DPT002,PO0002505,2024-10-04,1377.55,DZD,30,2024-11-03,Validated,0,0,0,30,0
INV0003641,FCT-454149,SUP00173,DPT001,PO0004716,2024-09-24,10571.47,DZD,30,2024-10-24,Validated,0,0,0,30,0
INV0003642,FCT-172371,SUP00024,DPT010,PO0000551,2024-09-26,25823.9,DZD,30,2024-10-26,Validated,0,0,0,30,0
INV0003643,FCT-358222,SUP00038,DPT012,PO0000811,2024-12-01,5000.0,DZD,30,2024-12-31,Validated,0,1,0,30,0
INV0003644,FCT-161420,SUP00100,DPT001,PO0004008,2024-05-11,2462.02,DZD,30,2024-06-10,Disputed,0,0,0,30,0
INV0003645,FCT-460645,SUP00001,DPT006,PO0003607,2024-09-15,15921.21,DZD,30,2024-10-15,Validated,0,0,0,30,0
INV0003646,FCT-177591,SUP00014,DPT012,PO0000497,2024-10-23,7425.96,EUR,15,2024-11-07,Validated,0,0,0,15,0
INV0003647,FCT-465489,SUP00206,DPT004,PO0001170,2024-12-06,4504.69,DZD,45,2025-01-20,Validated,0,0,0,45,0
INV0003648,FCT-174914,SUP00082,DPT001,,2024-03-21,16765.46,DZD,30,2024-04-20,Validated,1,0,0,30,0
INV0003649,FCT-415830,SUP00046,DPT001,PO0002921,2024-03-29,5976.01,DZD,30,2024-04-28,Validated,0,0,0,30,0
INV0003650,FCT-396602,SUP00011,DPT004,PO0002401,2024-06-08,6586.58,DZD,60,2024-08-07,Validated,0,0,0,60,0
INV0003651,FCT-562410,SUP00158,DPT001,PO0002242,2024-10-20,16142.79,DZD,30,2024-11-19,Validated,0,0,0,30,0
INV0003652,FCT-481506,SUP00022,DPT011,PO0001404,2024-11-16,3374.1,DZD,45,2024-12-31,Pending Review,0,0,0,45,0
INV0003653,FCT-942031,SUP00124,DPT005,PO0003853,2024-07-12,1587.98,EUR,30,2024-08-11,Validated,0,0,0,30,0
INV0003654,FCT-907171,SUP00005,DPT006,PO0004604,2024-09-22,8725.79,DZD,60,2024-11-21,Validated,0,0,0,60,0
INV0003655,FCT-570532,SUP00014,DPT012,PO0003172,2024-01-23,35966.77,EUR,30,2024-02-22,Validated,0,0,0,30,0
INV0003656,FCT-134716,SUP00004,DPT011,PO0003412,2024-10-02,438.91,DZD,15,2024-10-17,Pending Review,0,0,0,15,0
INV0003657,FCT-838185,SUP00266,DPT011,,2024-08-23,13952.32,USD,60,2024-10-22,Validated,1,0,0,60,0
INV0003658,FCT-707100,SUP00146,DPT011,PO0004878,2024-04-30,6247.87,DZD,45,2024-06-14,Validated,0,0,0,45,0
INV0003659,FCT-801542,SUP00011,DPT002,PO0004732,2024-08-16,3247.82,EUR,30,2024-09-15,Validated,0,0,0,30,0
INV0003660,FCT-910084,SUP00223,DPT009,PO0003650,2024-12-11,2854.69,EUR,30,2025-01-10,Validated,0,0,0,30,0
INV0003661,FCT-475704,SUP00150,DPT003,,2024-12-27,16956.45,DZD,15,2025-01-11,Validated,1,0,0,15,0
INV0003662,FCT-536260,SUP00004,DPT001,PO0002135,2024-08-22,13119.65,DZD,30,2024-09-21,Validated,0,0,0,30,0
INV0003663,FCT-315685,SUP00237,DPT004,PO0003461,2024-08-25,1821.35,DZD,30,2024-09-24,Validated,0,0,0,30,0
INV0003664,FCT-164747,SUP00026,DPT004,PO0004986,2024-08-27,8521.21,DZD,45,2024-10-11,Pending Review,0,0,0,45,0
INV0003665,FCT-128504,SUP00197,DPT002,PO0002270,2024-02-17,29090.15,DZD,45,2024-04-02,Validated,0,0,0,45,0
INV0003666,FCT-742189,SUP00005,DPT001,PO0004728,2024-05-06,13386.88,DZD,30,2024-06-05,Disputed,0,0,0,30,0
INV0003667,FCT-150114,SUP00135,DPT011,,2024-12-27,881.77,DZD,30,2025-01-26,Validated,1,0,0,30,0
INV0003668,FCT-890915,SUP00195,DPT003,PO0000546,2024-01-24,12618.28,DZD,90,2024-04-23,Validated,0,0,0,90,0
INV0003669,FCT-297157,SUP00052,DPT005,PO0002422,2024-04-24,1430.02,DZD,30,2024-05-24,Validated,0,0,0,30,0
INV0003670,FCT-563508,SUP00198,DPT012,PO0000906,2024-11-25,7714.03,DZD,45,2025-01-09,Validated,0,0,0,45,0
INV0003671,FCT-889442,SUP00010,DPT009,PO0003573,2024-09-11,2540.65,EUR,30,2024-10-11,Validated,0,0,0,30,0
INV0003672,FCT-275047,SUP00006,DPT002,,2024-05-23,9536.38,DZD,60,2024-07-22,Validated,1,0,0,60,0
INV0003673,FCT-194879,SUP00003,DPT001,PO0001442,2024-08-06,2778.9,USD,45,2024-09-20,Validated,0,0,0,45,0
INV0003674,FCT-447919,SUP00008,DPT011,,2024-10-04,1802.04,DZD,30,2024-11-03,Validated,1,0,0,30,0
INV0003675,FCT-842868,SUP00016,DPT007,PO0004066,2024-05-09,8622.62,DZD,30,2024-06-08,Validated,0,0,0,30,0
INV0003676,FCT-340135,SUP00096,DPT005,PO0000324,2024-12-04,6854.75,DZD,45,2025-01-18,Validated,0,0,0,45,0
INV0003677,FCT-511500,SUP00284,DPT005,,2024-05-28,15442.17,DZD,60,2024-07-27,Validated,1,0,0,60,0
INV0003678,FCT-683619,SUP00111,DPT004,,2024-11-18,3262.33,DZD,60,2025-01-17,Validated,1,0,0,60,0
INV0003679,FCT-681000,SUP00006,DPT002,PO0002513,2024-08-26,1052.54,USD,15,2024-09-10,Validated,0,0,0,15,0
INV0003680,FCT-851804,SUP00022,DPT004,PO0003346,2024-01-17,13061.89,DZD,30,2024-02-16,Validated,0,0,0,30,0
INV0003681,FCT-229437,SUP00233,DPT008,PO0003536,2024-11-14,31695.62,DZD,30,2024-12-14,Validated,0,0,0,30,0
INV0003682,FCT-974485,SUP00010,DPT003,PO0000214,2024-02-12,3088.72,DZD,30,2024-03-13,Validated,0,0,0,30,0
INV0003683,FCT-814616,SUP00105,DPT001,,2024-12-11,10499.27,DZD,60,2025-02-09,Pending Review,1,0,0,60,0
INV0003684,FCT-979139,SUP00174,DPT001,PO0003759,2024-01-06,4194.52,DZD,45,2024-02-20,Validated,0,0,0,45,0
INV0003685,FCT-180753,SUP00005,DPT007,PO0002316,2024-12-27,55405.05,EUR,30,2025-01-26,Validated,0,0,0,30,0
INV0003686,FCT-793162,SUP00149,DPT001,PO0001778,2024-06-20,3278.68,DZD,30,2024-07-20,Validated,0,0,0,30,0
INV0003687,FCT-570709,SUP00030,DPT004,,2024-02-12,5693.01,DZD,30,2024-03-13,Validated,1,0,0,30,0
INV0003688,FCT-813412,SUP00007,DPT001,,2024-03-17,586.77,DZD,30,2024-04-16,Validated,1,0,0,30,0
INV0003689,FCT-192758,SUP00026,DPT006,PO0004349,2024-03-09,36645.62,DZD,30,2024-04-08,Validated,0,0,0,30,0
INV0003690,FCT-541392,SUP00030,DPT001,PO0002350,2024-07-15,3246.99,DZD,30,2024-08-14,Validated,0,0,0,30,0
INV0003691,FCT-869571,SUP00021,DPT001,PO0000681,2024-03-16,26721.99,DZD,45,2024-04-30,Validated,0,0,0,45,0
INV0003692,FCT-834286,SUP00320,DPT008,PO0002379,2024-10-17,2777.64,DZD,30,2024-11-16,Validated,0,0,0,30,0
INV0003693,FCT-629568,SUP00107,DPT001,,2024-12-21,5483.34,DZD,30,2025-01-20,Validated,1,0,0,30,0
INV0003694,FCT-697290,SUP00006,DPT002,PO0004646,2024-04-19,2444.12,DZD,45,2024-06-03,Validated,0,0,0,45,0
INV0003695,FCT-591085,SUP00003,DPT001,PO0002712,2024-02-05,2049.12,DZD,60,2024-04-05,Validated,0,0,0,60,0
INV0003696,FCT-871401,SUP00305,DPT004,PO0002069,2024-01-19,4285.33,DZD,30,2024-02-18,Validated,0,0,0,30,0
INV0003697,FCT-345412,SUP00018,DPT006,PO0003686,2024-09-11,5119.13,DZD,30,2024-10-11,Pending Review,0,0,0,30,0
INV0003698,FCT-953378,SUP00016,DPT007,PO0003384,2024-10-02,3945.93,DZD,15,2024-10-17,Validated,0,0,0,15,0
INV0003699,FCT-559928,SUP00156,DPT009,,2024-12-15,1042.97,DZD,45,2025-01-29,Validated,1,0,0,45,0
INV0003700,FCT-990162,SUP00214,DPT002,PO0001780,2024-02-20,8318.35,DZD,60,2024-04-20,Validated,0,0,0,60,0
INV0003701,FCT-118586,SUP00229,DPT002,PO0003155,2024-07-28,632.51,DZD,90,2024-10-26,Validated,0,0,0,90,0
INV0003702,FCT-579878,SUP00038,DPT001,PO0000520,2024-03-12,4070.12,DZD,30,2024-04-11,Pending Review,0,0,0,30,0
INV0003703,FCT-532763,SUP00178,DPT003,PO0002002,2024-01-03,975.03,DZD,60,2024-03-03,Validated,0,0,0,60,0
INV0003704,FCT-538177,SUP00024,DPT001,PO0001735,2024-06-05,16904.74,DZD,30,2024-07-05,Validated,0,0,0,30,0
INV0003705,FCT-292917,SUP00278,DPT001,PO0002263,2024-01-24,25000.0,DZD,30,2024-02-23,Validated,0,1,0,30,0
INV0003706,FCT-433497,SUP00009,DPT010,PO0005140,2024-02-28,11856.87,DZD,45,2024-04-13,Validated,0,0,0,45,0
INV0003707,FCT-902881,SUP00145,DPT011,,2024-09-16,3471.42,DZD,60,2024-11-15,Validated,1,0,0,60,0
INV0003708,FCT-213337,SUP00017,DPT009,PO0002239,2024-03-19,2558.63,DZD,45,2024-05-03,Validated,0,0,0,45,0
INV0003709,FCT-345091,SUP00011,DPT002,PO0001529,2024-05-25,4483.94,DZD,30,2024-06-24,Pending Review,0,0,0,30,0
INV0003710,FCT-656274,SUP00006,DPT007,PO0005088,2024-12-13,5636.05,DZD,90,2025-03-13,Validated,0,0,0,90,0
INV0003711,FCT-560150,SUP00097,DPT008,PO0004473,2024-07-03,10456.99,DZD,60,2024-09-01,Validated,0,0,0,60,0
INV0003712,FCT-996127,SUP00015,DPT004,PO0001302,2024-02-20,9485.61,DZD,30,2024-03-21,Pending Review,0,0,0,30,0
INV0003713,FCT-102827,SUP00238,DPT002,PO0001532,2024-01-17,575.91,DZD,15,2024-02-01,Validated,0,0,0,15,0
INV0003714,FCT-339974,SUP00251,DPT006,PO0002102,2024-05-27,12854.72,DZD,30,2024-06-26,Validated,0,0,0,30,0
INV0003715,FCT-768583,SUP00149,DPT005,PO0003274,2024-11-23,5000.0,DZD,45,2025-01-07,Validated,0,1,0,45,0
INV0003716,FCT-240238,SUP00030,DPT005,PO0000677,2024-01-14,2442.8,DZD,30,2024-02-13,Validated,0,0,0,30,0
INV0003717,FCT-244621,SUP00003,DPT002,,2024-11-26,1973.11,DZD,45,2025-01-10,Validated,1,0,0,45,0
INV0003718,FCT-332383,SUP00003,DPT011,PO0000462,2024-06-22,6443.79,DZD,30,2024-07-22,Validated,0,0,0,30,0
INV0003719,FCT-998898,SUP00013,DPT006,PO0000389,2024-08-07,7384.13,USD,45,2024-09-21,Pending Review,0,0,0,45,0
INV0003720,FCT-536592,SUP00173,DPT001,PO0004716,2024-07-18,1690.33,DZD,30,2024-08-17,Validated,0,0,0,30,0
INV0003721,FCT-363538,SUP00007,DPT002,PO0004715,2024-06-22,6418.94,DZD,60,2024-08-21,Validated,0,0,0,60,0
INV0003722,FCT-856567,SUP00302,DPT010,PO0004792,2024-04-23,7421.85,DZD,45,2024-06-07,Validated,0,0,0,45,0
INV0003723,FCT-698892,SUP00046,DPT007,PO0002144,2024-05-23,16102.9,DZD,45,2024-07-07,Validated,0,0,0,45,0
INV0003724,FCT-345618,SUP00143,DPT001,PO0001896,2024-09-23,5283.41,DZD,30,2024-10-23,Validated,0,0,0,30,0
INV0003725,FCT-963949,SUP00233,DPT003,PO0000170,2024-03-13,582.77,DZD,15,2024-03-28,Pending Review,0,0,0,15,0
INV0003726,FCT-991621,SUP00007,DPT004,PO0000024,2024-10-17,8021.2,DZD,30,2024-11-16,Pending Review,0,0,0,30,0
INV0003727,FCT-780678,SUP00024,DPT001,PO0002486,2024-12-08,858.97,DZD,30,2025-01-07,Validated,0,0,0,30,0
INV0003728,FCT-447864,SUP00318,DPT008,PO0002997,2024-07-02,2258.71,DZD,45,2024-08-16,Disputed,0,0,0,45,0
INV0003729,FCT-414752,SUP00245,DPT002,PO0003478,2024-06-27,1269.8,DZD,45,2024-08-11,Validated,0,0,0,45,0
INV0003730,FCT-360285,SUP00319,DPT006,PO0004548,2024-10-21,10592.99,DZD,30,2024-11-20,Validated,0,0,0,30,0
INV0003731,FCT-928698,SUP00004,DPT012,PO0001379,2024-02-09,1721.42,DZD,30,2024-03-10,Validated,0,0,0,30,0
INV0003732,FCT-170968,SUP00007,DPT003,PO0001771,2024-10-10,18943.63,DZD,30,2024-11-09,Validated,0,0,0,30,0
INV0003733,FCT-291408,SUP00002,DPT003,,2024-10-16,1585.08,DZD,90,2025-01-14,Validated,1,0,0,90,0
INV0003734,FCT-257053,SUP00312,DPT003,PO0000377,2024-05-05,592.54,DZD,60,2024-07-04,Validated,0,0,0,60,0
INV0003735,FCT-671025,SUP00005,DPT005,,2024-12-20,4023.45,DZD,30,2025-01-19,Pending Review,1,0,0,30,0
INV0003736,FCT-185029,SUP00030,DPT009,PO0001994,2024-06-30,1303.63,EUR,45,2024-08-14,Disputed,0,0,0,45,0
INV0003737,FCT-770532,SUP00004,DPT010,PO0002949,2024-04-13,27284.31,DZD,90,2024-07-12,Validated,0,0,0,90,0
INV0003738,FCT-224864,SUP00028,DPT006,PO0005089,2024-04-02,2747.71,DZD,30,2024-05-02,Validated,0,0,0,30,0
INV0003739,FCT-421209,SUP00008,DPT002,PO0003883,2024-09-07,22636.86,DZD,15,2024-09-22,Validated,0,0,0,15,0
INV0003740,FCT-267188,SUP00003,DPT009,PO0002249,2024-12-03,4222.59,DZD,30,2025-01-02,Validated,0,0,0,30,0
INV0003741,FCT-848142,SUP00001,DPT001,PO0002922,2024-12-29,9041.77,DZD,60,2025-02-27,Validated,0,0,0,60,0
INV0003742,FCT-676409,SUP00006,DPT005,,2024-11-24,3265.72,DZD,60,2025-01-23,Validated,1,0,0,60,0
INV0003743,FCT-525277,SUP00004,DPT007,PO0003966,2024-02-11,92385.1,DZD,90,2024-05-11,Validated,0,0,0,90,0
INV0003744,FCT-943097,SUP00063,DPT004,PO0000228,2024-09-20,10000.0,DZD,30,2024-10-20,Validated,0,1,0,30,0
INV0003745,FCT-875368,SUP00186,DPT003,PO0000756,2024-10-23,179.46,DZD,60,2024-12-22,Validated,0,0,0,60,0
INV0003746,FCT-614093,SUP00015,DPT002,PO0004323,2024-03-20,8096.82,DZD,30,2024-04-19,Validated,0,0,0,30,0
INV0003747,FCT-293108,SUP00008,DPT002,,2024-06-30,1847.0,DZD,30,2024-07-30,Validated,1,0,0,30,0
INV0003748,FCT-202418,SUP00023,DPT009,PO0003899,2024-01-20,7592.72,DZD,60,2024-03-20,Validated,0,0,0,60,0
INV0003749,FCT-906076,SUP00014,DPT009,PO0002057,2024-09-01,5543.01,DZD,30,2024-10-01,Validated,0,0,0,30,0
INV0003750,FCT-737662,SUP00021,DPT006,PO0005121,2024-08-06,3265.56,DZD,30,2024-09-05,Pending Review,0,0,0,30,0
INV0003751,FCT-579755,SUP00007,DPT011,PO0000372,2024-03-06,15000.0,DZD,30,2024-04-05,Disputed,0,1,0,30,0
INV0003752,FCT-184547,SUP00083,DPT003,PO0001565,2024-03-05,9610.73,USD,45,2024-04-19,Disputed,0,0,0,45,0
INV0003753,FCT-485832,SUP00264,DPT007,PO0004211,2024-03-20,3962.15,DZD,30,2024-04-19,Pending Review,0,0,0,30,0
INV0003754,FCT-961036,SUP00260,DPT002,,2024-08-18,5035.8,EUR,30,2024-09-17,Validated,1,0,0,30,0
INV0003755,FCT-311823,SUP00007,DPT006,,2024-07-21,3386.37,DZD,30,2024-08-20,Pending Review,1,0,0,30,0
INV0003756,FCT-378101,SUP00007,DPT006,PO0000133,2024-07-07,39051.66,DZD,15,2024-07-22,Pending Review,0,0,0,15,0
INV0003757,FCT-192774,SUP00016,DPT003,PO0004626,2024-04-01,27066.2,DZD,30,2024-05-01,Validated,0,0,0,30,0
INV0003758,FCT-375044,SUP00147,DPT006,,2024-10-15,1104.02,DZD,30,2024-11-14,Validated,1,0,0,30,0
INV0003759,FCT-362089,SUP00001,DPT005,PO0003854,2024-08-05,6020.49,DZD,60,2024-10-04,Validated,0,0,0,60,0
INV0003760,FCT-800487,SUP00008,DPT003,PO0003460,2024-04-21,2352.58,DZD,30,2024-05-21,Validated,0,0,0,30,0
INV0003761,FCT-457888,SUP00120,DPT007,PO0002958,2024-02-02,1433.65,DZD,30,2024-03-03,Validated,0,0,0,30,0
INV0003762,FCT-721176,SUP00023,DPT002,PO0005079,2024-11-08,151.7,DZD,30,2024-12-08,Validated,0,0,0,30,0
INV0003763,FCT-639210,SUP00008,DPT001,PO0003457,2024-10-12,4128.75,DZD,30,2024-11-11,Validated,0,0,0,30,0
INV0003764,FCT-356946,SUP00155,DPT010,,2024-04-20,4509.97,DZD,15,2024-05-05,Validated,1,0,0,15,0
INV0003765,FCT-750992,SUP00010,DPT004,PO0002322,2024-04-10,28546.4,DZD,30,2024-05-10,Disputed,0,0,0,30,0
INV0003766,FCT-872033,SUP00008,DPT002,PO0003273,2024-12-20,25000.0,DZD,30,2025-01-19,Validated,0,1,0,30,0
INV0003767,FCT-138484,SUP00292,DPT005,PO0003875,2024-09-26,10568.23,EUR,30,2024-10-26,Validated,0,0,0,30,0
INV0003768,FCT-734890,SUP00006,DPT007,,2024-02-22,14024.84,USD,60,2024-04-22,Validated,1,0,0,60,0
INV0003769,FCT-956296,SUP00157,DPT002,PO0002088,2024-02-29,15986.03,DZD,30,2024-03-30,Validated,0,0,0,30,0
INV0003770,FCT-608138,SUP00009,DPT001,PO0001062,2024-07-13,10516.91,DZD,30,2024-08-12,Validated,0,0,0,30,0
INV0003771,FCT-323771,SUP00009,DPT004,PO0003196,2024-10-18,29509.6,DZD,60,2024-12-17,Validated,0,0,0,60,0
INV0003772,FCT-181379,SUP00019,DPT007,,2024-01-20,1394.07,DZD,30,2024-02-19,Validated,1,0,0,30,0
INV0003773,FCT-710751,SUP00037,DPT002,PO0003379,2024-01-05,3427.11,DZD,30,2024-02-04,Pending Review,0,0,0,30,0
INV0003774,FCT-193608,SUP00003,DPT010,,2024-08-09,2913.4,DZD,45,2024-09-23,Disputed,1,0,0,45,0
INV0003775,FCT-826024,SUP00010,DPT012,PO0003364,2024-03-03,3183.74,DZD,45,2024-04-17,Validated,0,0,0,45,0
INV0003776,FCT-816417,SUP00015,DPT002,PO0001795,2024-07-22,5042.35,DZD,60,2024-09-20,Validated,0,0,0,60,0
INV0003777,FCT-475580,SUP00009,DPT007,PO0000054,2024-05-03,39240.42,DZD,90,2024-08-01,Validated,0,0,0,90,0
INV0003778,FCT-652225,SUP00016,DPT001,PO0000031,2024-11-05,16808.6,DZD,30,2024-12-05,Validated,0,0,0,30,0
INV0003779,FCT-493943,SUP00028,DPT009,,2024-10-11,24504.03,DZD,45,2024-11-25,Validated,1,0,0,45,0
INV0003780,FCT-791915,SUP00006,DPT008,PO0004187,2024-02-19,5488.35,DZD,45,2024-04-04,Validated,0,0,0,45,0
INV0003781,FCT-143036,SUP00201,DPT005,,2024-01-12,5209.9,DZD,15,2024-01-27,Validated,1,0,0,15,0
INV0003782,FCT-564022,SUP00278,DPT001,PO0002263,2024-06-04,11674.08,DZD,15,2024-06-19,Validated,0,0,0,15,0
INV0003783,FCT-467326,SUP00083,DPT004,PO0003878,2024-09-27,9866.08,DZD,30,2024-10-27,Validated,0,0,0,30,0
INV0003784,FCT-510985,SUP00002,DPT001,PO0002390,2024-06-27,9859.22,DZD,60,2024-08-26,Validated,0,0,0,60,0
INV0003785,FCT-943423,SUP00015,DPT003,,2024-03-26,86349.77,DZD,30,2024-04-25,Validated,1,0,0,30,0
INV0003786,FCT-553601,SUP00009,DPT005,PO0004617,2024-01-17,11774.99,DZD,45,2024-03-02,Validated,0,0,0,45,0
INV0003787,FCT-432302,SUP00210,DPT004,PO0000009,2024-12-29,2428.0,DZD,15,2025-01-13,Validated,0,0,0,15,0
INV0003788,FCT-725928,SUP00001,DPT003,,2024-11-20,2671.79,DZD,45,2025-01-04,Validated,1,0,0,45,0
INV0003789,FCT-907566,SUP00003,DPT003,PO0001690,2024-04-14,15805.87,DZD,30,2024-05-14,Validated,0,0,0,30,0
INV0003790,FCT-828641,SUP00021,DPT009,,2024-06-28,25000.0,DZD,60,2024-08-27,Disputed,1,1,0,60,0
INV0003791,FCT-730802,SUP00013,DPT003,PO0004346,2024-02-23,18500.28,EUR,45,2024-04-08,Disputed,0,0,0,45,0
INV0003792,FCT-922847,SUP00044,DPT008,PO0000580,2024-05-22,10927.26,DZD,15,2024-06-06,Pending Review,0,0,0,15,0
INV0003793,FCT-896385,SUP00012,DPT001,PO0003419,2024-09-06,1815.09,DZD,30,2024-10-06,Validated,0,0,0,30,0
INV0003794,FCT-289188,SUP00230,DPT011,,2024-08-17,35143.22,DZD,30,2024-09-16,Pending Review,1,0,0,30,0
INV0003795,FCT-276281,SUP00178,DPT011,,2024-04-10,28122.11,USD,30,2024-05-10,Validated,1,0,0,30,0
INV0003796,FCT-511535,SUP00145,DPT006,PO0004874,2024-05-07,3852.74,DZD,30,2024-06-06,Validated,0,0,0,30,0
INV0003797,FCT-701851,SUP00170,DPT002,PO0000014,2024-07-16,9149.66,DZD,15,2024-07-31,Disputed,0,0,0,15,0
INV0003798,FCT-940486,SUP00088,DPT009,PO0003233,2024-07-10,7432.93,DZD,60,2024-09-08,Validated,0,0,0,60,0
INV0003799,FCT-189494,SUP00008,DPT010,PO0000361,2024-10-08,3915.61,DZD,30,2024-11-07,Validated,0,0,0,30,0
INV0003800,FCT-888609,SUP00005,DPT012,PO0000880,2024-06-27,1582.78,USD,30,2024-07-27,Validated,0,0,0,30,0
INV0003801,FCT-538653,SUP00010,DPT008,PO0000093,2024-10-18,11621.95,EUR,90,2025-01-16,Validated,0,0,0,90,0
INV0003802,FCT-678891,SUP00028,DPT006,PO0001799,2024-04-06,1079.46,DZD,45,2024-05-21,Validated,0,0,0,45,0
INV0003803,FCT-751834,SUP00006,DPT009,PO0000690,2024-03-21,3026.97,DZD,15,2024-04-05,Validated,0,0,0,15,0
INV0003804,FCT-292086,SUP00066,DPT002,,2024-12-13,42984.63,DZD,30,2025-01-12,Validated,1,0,0,30,0
INV0003805,FCT-245570,SUP00204,DPT002,PO0005098,2024-03-17,9689.47,DZD,15,2024-04-01,Validated,0,0,0,15,0
INV0003806,FCT-410252,SUP00076,DPT007,PO0000954,2024-10-26,9326.64,DZD,90,2025-01-24,Disputed,0,0,0,90,0
INV0003807,FCT-962880,SUP00024,DPT003,PO0002545,2024-04-09,4278.21,EUR,30,2024-05-09,Validated,0,0,0,30,0
INV0003808,FCT-755811,SUP00134,DPT004,PO0001431,2024-02-07,996.68,DZD,15,2024-02-22,Validated,0,0,0,15,0
INV0003809,FCT-522837,SUP00014,DPT007,,2024-05-24,9666.54,DZD,45,2024-07-08,Validated,1,0,0,45,0
INV0003810,FCT-782067,SUP00007,DPT005,PO0004805,2024-02-06,10654.54,DZD,15,2024-02-21,Validated,0,0,0,15,0
INV0003811,FCT-502793,SUP00273,DPT004,PO0001553,2024-09-29,14962.5,DZD,30,2024-10-29,Validated,0,0,0,30,0
INV0003812,FCT-182359,SUP00020,DPT001,PO0003548,2024-12-28,3821.87,EUR,60,2025-02-26,Validated,0,0,0,60,0
INV0003813,FCT-897378,SUP00007,DPT002,PO0004432,2024-07-16,3751.91,DZD,45,2024-08-30,Validated,0,0,0,45,0
INV0003814,FCT-846212,SUP00004,DPT008,PO0000021,2024-12-22,11536.86,DZD,30,2025-01-21,Validated,0,0,0,30,0
INV0003815,FCT-874175,SUP00008,DPT012,PO0002525,2024-11-17,1413.0,DZD,45,2025-01-01,Validated,0,0,0,45,0
INV0003816,FCT-654448,SUP00025,DPT009,PO0002558,2024-12-13,15291.17,DZD,30,2025-01-12,Pending Review,0,0,0,30,0
INV0003817,FCT-925093,SUP00137,DPT006,PO0004854,2024-09-11,4992.56,DZD,45,2024-10-26,Validated,0,0,0,45,0
INV0003818,FCT-961228,SUP00007,DPT008,PO0003906,2024-05-03,8408.44,DZD,30,2024-06-02,Validated,0,0,0,30,0
INV0003819,FCT-702817,SUP00100,DPT007,,2024-08-11,85293.57,DZD,30,2024-09-10,Validated,1,0,0,30,0
INV0003820,FCT-789651,SUP00091,DPT008,PO0000797,2024-04-04,4390.94,DZD,30,2024-05-04,Validated,0,0,0,30,0
INV0003821,FCT-695779,SUP00037,DPT002,PO0002421,2024-07-09,7045.95,DZD,30,2024-08-08,Validated,0,0,0,30,0
INV0003822,FCT-433517,SUP00128,DPT002,PO0004028,2024-10-05,6213.36,DZD,30,2024-11-04,Validated,0,0,0,30,0
INV0003823,FCT-306755,SUP00060,DPT002,PO0004707,2024-05-30,616.66,DZD,45,2024-07-14,Validated,0,0,0,45,0
INV0003824,FCT-679141,SUP00102,DPT012,,2024-06-25,12126.95,DZD,45,2024-08-09,Validated,1,0,0,45,0
INV0003825,FCT-768041,SUP00179,DPT006,PO0003187,2024-05-06,408.09,DZD,15,2024-05-21,Validated,0,0,0,15,0
INV0003826,FCT-788045,SUP00201,DPT006,PO0004146,2024-01-26,14343.99,DZD,30,2024-02-25,Validated,0,0,0,30,0
INV0003827,FCT-659364,SUP00152,DPT012,,2024-03-04,2709.84,EUR,30,2024-04-03,Validated,1,0,0,30,0
INV0003828,FCT-731361,SUP00127,DPT005,PO0003089,2024-03-01,2568.35,DZD,60,2024-04-30,Validated,0,0,0,60,0
INV0003829,FCT-408765,SUP00292,DPT001,,2024-04-08,5743.3,DZD,30,2024-05-08,Validated,1,0,0,30,0
INV0003830,FCT-115429,SUP00030,DPT011,PO0003640,2024-01-24,1306.77,EUR,30,2024-02-23,Validated,0,0,0,30,0
INV0003831,FCT-969929,SUP00119,DPT003,PO0004887,2024-11-24,5277.31,DZD,45,2025-01-08,Validated,0,0,0,45,0
INV0003832,FCT-253964,SUP00012,DPT001,PO0003532,2024-10-14,1702.31,DZD,60,2024-12-13,Validated,0,0,0,60,0
INV0003833,FCT-537583,SUP00009,DPT004,PO0005116,2024-10-29,1362.76,DZD,45,2024-12-13,Validated,0,0,0,45,0
INV0003834,FCT-916585,SUP00016,DPT001,PO0004657,2024-07-19,4669.45,DZD,45,2024-09-02,Validated,0,0,0,45,0
INV0003835,FCT-751030,SUP00214,DPT003,PO0004431,2024-01-02,24515.1,DZD,30,2024-02-01,Validated,0,0,0,30,0
INV0003836,FCT-926634,SUP00003,DPT001,PO0001442,2024-02-28,13774.55,DZD,30,2024-03-29,Validated,0,0,0,30,0
INV0003837,FCT-699369,SUP00001,DPT001,PO0003063,2024-03-22,3212.02,DZD,30,2024-04-21,Validated,0,0,0,30,0
INV0003838,FCT-101834,SUP00271,DPT002,PO0004574,2024-09-25,4972.73,DZD,30,2024-10-25,Pending Review,0,0,0,30,0
INV0003839,FCT-109479,SUP00019,DPT004,,2024-10-21,3214.93,DZD,30,2024-11-20,Validated,1,0,0,30,0
INV0003840,FCT-819764,SUP00291,DPT001,,2024-09-05,1520.26,DZD,30,2024-10-05,Validated,1,0,0,30,0
INV0003841,FCT-511059,SUP00004,DPT003,PO0001512,2024-08-01,1800.32,EUR,60,2024-09-30,Validated,0,0,0,60,0
INV0003842,FCT-574809,SUP00205,DPT002,PO0002143,2024-05-13,8138.75,DZD,60,2024-07-12,Validated,0,0,0,60,0
INV0003843,FCT-646282,SUP00004,DPT001,PO0004506,2024-01-27,25000.0,DZD,45,2024-03-12,Validated,0,1,0,45,0
INV0003844,FCT-597617,SUP00286,DPT011,,2024-03-26,5598.56,DZD,45,2024-05-10,Validated,1,0,0,45,0
INV0003845,FCT-999922,SUP00002,DPT009,PO0003711,2024-10-21,1856.09,DZD,90,2025-01-19,Validated,0,0,0,90,0
INV0003846,FCT-134607,SUP00017,DPT009,PO0000842,2024-08-11,14921.16,DZD,30,2024-09-10,Validated,0,0,0,30,0
INV0003847,FCT-238900,SUP00003,DPT006,PO0000967,2024-10-01,12517.07,DZD,45,2024-11-15,Validated,0,0,0,45,0
INV0003848,FCT-178408,SUP00006,DPT001,,2024-11-28,20000.0,USD,60,2025-01-27,Validated,1,1,0,60,0
INV0003849,FCT-713755,SUP00004,DPT001,PO0000651,2024-04-12,28734.32,DZD,15,2024-04-27,Validated,0,0,0,15,0
INV0003850,FCT-567107,SUP00001,DPT001,PO0001061,2024-08-08,2079.98,EUR,45,2024-09-22,Validated,0,0,0,45,0
INV0003851,FCT-492953,SUP00016,DPT003,PO0004682,2024-09-28,2232.9,USD,30,2024-10-28,Validated,0,0,0,30,0
INV0003852,FCT-904664,SUP00010,DPT009,PO0001787,2024-10-05,8991.84,DZD,15,2024-10-20,Validated,0,0,0,15,0
INV0003853,FCT-523463,SUP00246,DPT008,PO0000084,2024-11-19,2166.19,DZD,45,2025-01-03,Validated,0,0,0,45,0
INV0003854,FCT-854057,SUP00001,DPT006,PO0002579,2024-12-04,7867.75,USD,15,2024-12-19,Validated,0,0,0,15,0
INV0003855,FCT-242507,SUP00044,DPT011,PO0000640,2024-08-24,4031.33,DZD,30,2024-09-23,Validated,0,0,0,30,0
INV0003856,FCT-404094,SUP00021,DPT005,,2024-11-05,17225.27,DZD,60,2025-01-04,Validated,1,0,0,60,0
INV0003857,FCT-577110,SUP00269,DPT006,,2024-09-28,15000.0,DZD,30,2024-10-28,Validated,1,1,0,30,0
INV0003858,FCT-867761,SUP00004,DPT002,PO0001822,2024-04-21,4220.23,DZD,45,2024-06-05,Validated,0,0,0,45,0
INV0003859,FCT-141260,SUP00003,DPT002,PO0001172,2024-01-18,732.26,DZD,90,2024-04-17,Validated,0,0,0,90,0
INV0003860,FCT-496580,SUP00183,DPT004,PO0003622,2024-11-27,19185.77,DZD,45,2025-01-11,Validated,0,0,0,45,0
INV0003861,FCT-472694,SUP00131,DPT002,,2024-07-25,2972.75,DZD,30,2024-08-24,Validated,1,0,0,30,0
INV0003862,FCT-801297,SUP00316,DPT003,PO0005036,2024-07-17,5843.01,DZD,60,2024-09-15,Validated,0,0,0,60,0
INV0003863,FCT-464966,SUP00044,DPT005,PO0003449,2024-10-02,5129.58,DZD,30,2024-11-01,Validated,0,0,0,30,0
INV0003864,FCT-390062,SUP00030,DPT010,PO0003365,2024-02-17,9336.99,DZD,30,2024-03-18,Validated,0,0,0,30,0
INV0003865,FCT-256168,SUP00117,DPT004,PO0003352,2024-06-17,100000.0,DZD,15,2024-07-02,Validated,0,1,1,15,0
INV0003866,FCT-769149,SUP00082,DPT001,PO0003451,2024-09-25,1658.28,DZD,30,2024-10-25,Validated,0,0,0,30,0
INV0003867,FCT-997885,SUP00048,DPT002,,2024-05-27,7145.82,DZD,45,2024-07-11,Disputed,1,0,0,45,0
INV0003868,FCT-791341,SUP00010,DPT003,PO0003116,2024-09-08,15529.09,EUR,45,2024-10-23,Validated,0,0,0,45,0
INV0003869,FCT-741180,SUP00019,DPT011,PO0002003,2024-07-24,5209.89,EUR,30,2024-08-23,Validated,0,0,0,30,0
INV0003870,FCT-600611,SUP00167,DPT009,PO0003968,2024-05-13,5191.64,DZD,15,2024-05-28,Validated,0,0,0,15,0
INV0003871,FCT-960083,SUP00061,DPT005,PO0004790,2024-09-03,1533.8,DZD,30,2024-10-03,Validated,0,0,0,30,0
INV0003872,FCT-305632,SUP00064,DPT006,PO0004727,2024-06-14,10841.91,DZD,45,2024-07-29,Pending Review,0,0,0,45,0
INV0003873,FCT-768240,SUP00163,DPT002,PO0002351,2024-10-25,11781.88,DZD,90,2025-01-23,Disputed,0,0,0,90,0
INV0003874,FCT-344715,SUP00021,DPT008,PO0000134,2024-01-22,5306.34,DZD,45,2024-03-07,Validated,0,0,0,45,0
INV0003875,FCT-544525,SUP00025,DPT003,PO0004769,2024-10-24,1957.63,EUR,30,2024-11-23,Validated,0,0,0,30,0
INV0003876,FCT-212457,SUP00123,DPT001,PO0002311,2024-10-06,6595.27,DZD,30,2024-11-05,Pending Review,0,0,0,30,0
INV0003877,FCT-651470,SUP00223,DPT006,PO0000099,2024-09-13,7264.61,DZD,60,2024-11-12,Validated,0,0,0,60,0
INV0003878,FCT-483250,SUP00031,DPT004,PO0001044,2024-04-06,5726.59,DZD,30,2024-05-06,Validated,0,0,0,30,0
INV0003879,FCT-251115,SUP00297,DPT005,PO0001126,2024-12-25,1727.45,DZD,30,2025-01-24,Validated,0,0,0,30,0
INV0003880,FCT-801582,SUP00013,DPT002,PO0002967,2024-08-26,8036.2,DZD,15,2024-09-10,Validated,0,0,0,15,0
INV0003881,FCT-237636,SUP00042,DPT001,PO0000184,2024-07-15,7237.76,DZD,30,2024-08-14,Validated,0,0,0,30,0
INV0003882,FCT-754164,SUP00149,DPT003,PO0000249,2024-03-27,9716.45,EUR,45,2024-05-11,Validated,0,0,0,45,0
INV0003883,FCT-537705,SUP00047,DPT002,PO0004209,2024-06-10,5132.18,DZD,30,2024-07-10,Pending Review,0,0,0,30,0
INV0003884,FCT-972781,SUP00313,DPT009,PO0002017,2024-06-12,26267.5,DZD,30,2024-07-12,Validated,0,0,0,30,0
INV0003885,FCT-282750,SUP00065,DPT009,,2024-04-30,5989.84,USD,45,2024-06-14,Validated,1,0,0,45,0
INV0003886,FCT-581914,SUP00014,DPT005,PO0000497,2024-04-24,29859.69,DZD,15,2024-05-09,Validated,0,0,0,15,0
INV0003887,FCT-793015,SUP00007,DPT002,PO0002156,2024-02-15,7756.56,DZD,45,2024-03-31,Disputed,0,0,0,45,0
INV0003888,FCT-480527,SUP00008,DPT006,,2024-09-20,1584.37,USD,30,2024-10-20,Validated,1,0,0,30,0
INV0003889,FCT-367258,SUP00024,DPT004,,2024-03-22,15696.38,DZD,60,2024-05-21,Validated,1,0,0,60,0
INV0003890,FCT-387300,SUP00026,DPT002,,2024-06-21,3948.83,EUR,45,2024-08-05,Validated,1,0,0,45,0
INV0003891,FCT-178610,SUP00083,DPT010,PO0004829,2024-04-21,3602.13,DZD,45,2024-06-05,Validated,0,0,0,45,0
INV0003892,FCT-889830,SUP00080,DPT003,,2024-12-23,19807.38,DZD,30,2025-01-22,Validated,1,0,0,30,0
INV0003893,FCT-626862,SUP00014,DPT010,PO0000497,2024-07-03,1426.79,DZD,30,2024-08-02,Validated,0,0,0,30,0
INV0003894,FCT-510002,SUP00017,DPT010,,2024-04-15,800.66,EUR,90,2024-07-14,Pending Review,1,0,0,90,0
INV0003895,FCT-599903,SUP00009,DPT007,PO0002440,2024-12-30,4665.79,DZD,30,2025-01-29,Validated,0,0,0,30,0
INV0003896,FCT-121664,SUP00017,DPT004,PO0003721,2024-10-28,8490.22,DZD,30,2024-11-27,Validated,0,0,0,30,0
INV0003897,FCT-335037,SUP00009,DPT003,PO0001616,2024-10-10,15000.0,DZD,90,2025-01-08,Validated,0,1,0,90,0
INV0003898,FCT-173041,SUP00288,DPT002,PO0000235,2024-02-21,7090.93,DZD,30,2024-03-22,Validated,0,0,0,30,0
INV0003899,FCT-215885,SUP00005,DPT004,PO0001098,2024-11-20,451.11,USD,90,2025-02-18,Validated,0,0,0,90,0
INV0003900,FCT-901800,SUP00006,DPT002,PO0000102,2024-03-03,1965.22,DZD,45,2024-04-17,Validated,0,0,0,45,0
INV0003901,FCT-665692,SUP00230,DPT002,PO0004714,2024-03-07,1410.04,DZD,60,2024-05-06,Validated,0,0,0,60,0
INV0003902,FCT-137631,SUP00105,DPT008,PO0003962,2024-05-10,686.79,DZD,60,2024-07-09,Validated,0,0,0,60,0
INV0003903,FCT-766316,SUP00068,DPT002,,2024-01-09,4936.05,USD,30,2024-02-08,Validated,1,0,0,30,0
INV0003904,FCT-719053,SUP00058,DPT005,PO0001701,2024-01-11,10802.64,DZD,45,2024-02-25,Validated,0,0,0,45,0
INV0003905,FCT-270175,SUP00029,DPT004,PO0002979,2024-01-02,18340.99,DZD,30,2024-02-01,Validated,0,0,0,30,0
INV0003906,FCT-391677,SUP00151,DPT010,,2024-04-25,10624.05,DZD,45,2024-06-09,Validated,1,0,0,45,0
INV0003907,FCT-771308,SUP00104,DPT007,PO0000547,2024-07-02,3159.63,DZD,45,2024-08-16,Validated,0,0,0,45,0
INV0003908,FCT-386105,SUP00154,DPT012,PO0003584,2024-02-07,20841.76,EUR,30,2024-03-08,Validated,0,0,0,30,0
INV0003909,FCT-689981,SUP00120,DPT003,PO0000421,2024-02-12,4712.93,DZD,45,2024-03-28,Validated,0,0,0,45,0
INV0003910,FCT-487648,SUP00026,DPT010,PO0004294,2024-07-07,6435.15,DZD,30,2024-08-06,Validated,0,0,0,30,0
INV0003911,FCT-797066,SUP00019,DPT007,PO0003383,2024-03-10,2802.85,DZD,60,2024-05-09,Validated,0,0,0,60,0
INV0003912,FCT-570366,SUP00020,DPT004,PO0003104,2024-06-25,4528.76,DZD,45,2024-08-09,Validated,0,0,0,45,0
INV0003913,FCT-157511,SUP00006,DPT002,PO0003709,2024-03-05,3698.33,DZD,30,2024-04-04,Validated,0,0,0,30,0
INV0003914,FCT-675281,SUP00253,DPT001,PO0005192,2024-09-22,1225.7,DZD,30,2024-10-22,Validated,0,0,0,30,0
INV0003915,FCT-969446,SUP00108,DPT006,PO0000255,2024-09-17,12488.81,DZD,45,2024-11-01,Validated,0,0,0,45,0
INV0003916,FCT-806031,SUP00002,DPT001,PO0001278,2024-12-05,7279.59,EUR,90,2025-03-05,Validated,0,0,0,90,0
INV0003917,FCT-693597,SUP00268,DPT005,PO0003718,2024-12-13,14974.79,EUR,90,2025-03-13,Pending Review,0,0,0,90,0
INV0003918,FCT-198758,SUP00072,DPT004,PO0000260,2024-09-24,2671.6,EUR,30,2024-10-24,Validated,0,0,0,30,0
INV0003919,FCT-332892,SUP00007,DPT007,PO0002882,2024-02-14,13511.44,DZD,30,2024-03-15,Validated,0,0,0,30,0
INV0003920,FCT-910724,SUP00021,DPT009,PO0001740,2024-07-17,988.22,DZD,30,2024-08-16,Validated,0,0,0,30,0
INV0003921,FCT-889436,SUP00088,DPT009,PO0003233,2024-02-09,11188.63,DZD,45,2024-03-25,Validated,0,0,0,45,0
INV0003922,FCT-141030,SUP00021,DPT006,,2024-09-03,13058.12,EUR,60,2024-11-02,Validated,1,0,0,60,1
INV0003923,FCT-622667,SUP00004,DPT006,PO0001738,2024-04-30,1818.43,DZD,60,2024-06-29,Validated,0,0,0,60,0
INV0003924,FCT-839762,SUP00240,DPT005,PO0001692,2024-06-25,21682.52,EUR,60,2024-08-24,Validated,0,0,0,60,0
INV0003925,FCT-244482,SUP00251,DPT007,PO0002450,2024-08-20,36035.41,DZD,60,2024-10-19,Validated,0,0,0,60,0
INV0003926,FCT-961950,SUP00103,DPT005,PO0003439,2024-05-27,3099.32,DZD,60,2024-07-26,Validated,0,0,0,60,0
INV0003927,FCT-867326,SUP00009,DPT010,PO0000621,2024-05-14,31786.86,DZD,60,2024-07-13,Disputed,0,0,0,60,0
INV0003928,FCT-598217,SUP00204,DPT007,PO0000992,2024-06-12,848.13,DZD,30,2024-07-12,Validated,0,0,0,30,0
INV0003929,FCT-749964,SUP00004,DPT006,PO0000539,2024-04-11,5132.22,DZD,15,2024-04-26,Validated,0,0,0,15,0
INV0003930,FCT-145584,SUP00179,DPT002,PO0001146,2024-03-23,297.01,DZD,30,2024-04-22,Disputed,0,0,0,30,0
INV0003931,FCT-352297,SUP00062,DPT008,,2024-02-12,17484.92,DZD,30,2024-03-13,Validated,1,0,0,30,0
INV0003932,FCT-208150,SUP00006,DPT003,PO0002298,2024-01-23,1032.87,EUR,45,2024-03-08,Validated,0,0,0,45,0
INV0003933,FCT-589401,SUP00002,DPT004,PO0002651,2024-06-16,636.58,DZD,30,2024-07-16,Validated,0,0,0,30,0
INV0003934,FCT-825261,SUP00259,DPT001,PO0001171,2024-08-25,8116.71,EUR,30,2024-09-24,Validated,0,0,0,30,0
INV0003935,FCT-459270,SUP00006,DPT001,PO0003767,2024-01-13,19766.1,DZD,30,2024-02-12,Validated,0,0,0,30,0
INV0003936,FCT-459857,SUP00014,DPT011,PO0003845,2024-06-24,3770.03,DZD,45,2024-08-08,Validated,0,0,0,45,0
INV0003937,FCT-106130,SUP00003,DPT003,PO0000826,2024-08-17,50000.0,DZD,30,2024-09-16,Validated,0,1,0,30,0
INV0003938,FCT-238170,SUP00030,DPT007,PO0004863,2024-11-08,45532.8,DZD,30,2024-12-08,Validated,0,0,0,30,0
INV0003939,FCT-529965,SUP00058,DPT007,PO0003600,2024-10-27,2011.66,DZD,45,2024-12-11,Validated,0,0,0,45,0
INV0003940,FCT-509811,SUP00017,DPT002,PO0000743,2024-07-18,1941.76,DZD,30,2024-08-17,Validated,0,0,0,30,0
INV0003941,FCT-312048,SUP00058,DPT002,PO0002953,2024-12-19,20920.1,DZD,60,2025-02-17,Validated,0,0,0,60,0
INV0003942,FCT-247599,SUP00008,DPT006,PO0003734,2024-11-20,7769.64,DZD,30,2024-12-20,Validated,0,0,0,30,0
INV0003943,FCT-238975,SUP00009,DPT012,PO0000910,2024-04-27,30901.66,USD,90,2024-07-26,Validated,0,0,0,90,0
INV0003944,FCT-717386,SUP00024,DPT001,PO0000312,2024-06-11,1352.76,DZD,30,2024-07-11,Validated,0,0,0,30,0
INV0003945,FCT-183379,SUP00215,DPT008,PO0004360,2024-10-28,767.23,DZD,15,2024-11-12,Validated,0,0,0,15,0
INV0003946,FCT-436413,SUP00147,DPT001,PO0000933,2024-09-17,1153.76,DZD,30,2024-10-17,Disputed,0,0,0,30,0
INV0003947,FCT-301083,SUP00002,DPT002,,2024-07-04,13530.8,EUR,90,2024-10-02,Validated,1,0,0,90,0
INV0003948,FCT-391946,SUP00241,DPT006,,2024-06-29,23876.36,DZD,60,2024-08-28,Validated,1,0,0,60,0
INV0003949,FCT-783553,SUP00149,DPT001,,2024-04-07,20563.87,DZD,30,2024-05-07,Validated,1,0,0,30,0
INV0003950,FCT-834645,SUP00313,DPT002,PO0001198,2024-07-07,10000.0,DZD,45,2024-08-21,Validated,0,1,0,45,0
INV0003951,FCT-422868,SUP00049,DPT011,PO0001292,2024-02-05,25355.18,DZD,30,2024-03-06,Validated,0,0,0,30,0
INV0003952,FCT-843469,SUP00233,DPT004,PO0000487,2024-10-20,100000.0,DZD,60,2024-12-19,Validated,0,1,1,60,0
INV0003953,FCT-225156,SUP00053,DPT009,PO0002413,2024-06-12,611.73,DZD,45,2024-07-27,Validated,0,0,0,45,0
INV0003954,FCT-785894,SUP00212,DPT006,PO0001577,2024-05-24,935.04,EUR,30,2024-06-23,Validated,0,0,0,30,0
INV0003955,FCT-252614,SUP00122,DPT011,PO0000942,2024-11-12,25000.0,DZD,30,2024-12-12,Pending Review,0,1,0,30,0
INV0003956,FCT-370582,SUP00232,DPT004,PO0001597,2024-12-29,648.46,DZD,30,2025-01-28,Validated,0,0,0,30,0
INV0003957,FCT-687092,SUP00011,DPT003,,2024-12-11,1255.65,DZD,30,2025-01-10,Validated,1,0,0,30,0
INV0003958,FCT-385770,SUP00187,DPT003,PO0001510,2024-11-08,2070.82,DZD,30,2024-12-08,Validated,0,0,0,30,0
INV0003959,FCT-463058,SUP00048,DPT010,PO0004602,2024-06-17,12061.75,EUR,45,2024-08-01,Validated,0,0,0,45,0
INV0003960,FCT-190950,SUP00013,DPT007,,2024-10-03,8420.64,DZD,30,2024-11-02,Validated,1,0,0,30,0
INV0003961,FCT-659790,SUP00249,DPT009,PO0003408,2024-10-09,34021.56,DZD,60,2024-12-08,Validated,0,0,0,60,0
INV0003962,FCT-522051,SUP00131,DPT002,PO0001679,2024-08-26,1442.95,DZD,15,2024-09-10,Validated,0,0,0,15,0
INV0003963,FCT-146974,SUP00224,DPT002,,2024-03-18,9219.7,USD,45,2024-05-02,Validated,1,0,0,45,0
INV0003964,FCT-324377,SUP00141,DPT003,PO0003377,2024-03-31,27268.27,DZD,30,2024-04-30,Validated,0,0,0,30,0
INV0003965,FCT-755626,SUP00082,DPT006,PO0000899,2024-09-28,3335.82,DZD,30,2024-10-28,Validated,0,0,0,30,0
INV0003966,FCT-426976,SUP00043,DPT002,PO0000533,2024-01-05,3597.53,EUR,60,2024-03-05,Pending Review,0,0,0,60,0
INV0003967,FCT-966458,SUP00243,DPT002,PO0004869,2024-01-08,29407.26,DZD,30,2024-02-07,Validated,0,0,0,30,0
INV0003968,FCT-919274,SUP00237,DPT009,,2024-09-06,3986.74,DZD,30,2024-10-06,Validated,1,0,0,30,0
INV0003969,FCT-807879,SUP00002,DPT001,PO0000564,2024-06-01,31201.26,DZD,60,2024-07-31,Validated,0,0,0,60,0
INV0003970,FCT-910009,SUP00015,DPT009,PO0003987,2024-11-28,1092.58,DZD,30,2024-12-28,Validated,0,0,0,30,0
INV0003971,FCT-749559,SUP00003,DPT002,,2024-10-07,10000.0,DZD,45,2024-11-21,Validated,1,1,0,45,0
INV0003972,FCT-502493,SUP00002,DPT003,PO0000233,2024-04-01,25489.77,DZD,30,2024-05-01,Validated,0,0,0,30,0
INV0003973,FCT-278753,SUP00003,DPT004,PO0002470,2024-05-13,1998.5,EUR,15,2024-05-28,Pending Review,0,0,0,15,0
INV0003974,FCT-664782,SUP00021,DPT008,PO0000134,2024-04-04,4211.37,USD,90,2024-07-03,Validated,0,0,0,90,0
INV0003975,FCT-465054,SUP00080,DPT001,PO0003533,2024-02-07,1440.54,DZD,60,2024-04-07,Pending Review,0,0,0,60,0
INV0003976,FCT-972133,SUP00319,DPT005,PO0001305,2024-04-18,3402.92,DZD,60,2024-06-17,Pending Review,0,0,0,60,0
INV0003977,FCT-240122,SUP00008,DPT002,PO0003095,2024-12-20,993.85,EUR,30,2025-01-19,Validated,0,0,0,30,0
INV0003978,FCT-564893,SUP00006,DPT002,PO0003440,2024-12-29,775.0,DZD,30,2025-01-28,Validated,0,0,0,30,0
INV0003979,FCT-785874,SUP00248,DPT007,PO0000183,2024-04-19,1419.44,EUR,45,2024-06-03,Validated,0,0,0,45,0
INV0003980,FCT-581466,SUP00023,DPT012,PO0002319,2024-07-09,19778.77,DZD,30,2024-08-08,Validated,0,0,0,30,0
INV0003981,FCT-767972,SUP00006,DPT006,PO0002578,2024-01-16,706.87,DZD,30,2024-02-15,Validated,0,0,0,30,0
INV0003982,FCT-118517,SUP00299,DPT011,PO0001666,2024-03-06,29105.52,DZD,30,2024-04-05,Validated,0,0,0,30,0
INV0003983,FCT-210877,SUP00087,DPT002,PO0001829,2024-05-28,17183.85,DZD,30,2024-06-27,Validated,0,0,0,30,0
INV0003984,FCT-140258,SUP00010,DPT001,PO0003022,2024-06-10,27310.33,DZD,45,2024-07-25,Validated,0,0,0,45,0
INV0003985,FCT-770698,SUP00147,DPT006,PO0001986,2024-09-11,8923.37,DZD,30,2024-10-11,Validated,0,0,0,30,0
INV0003986,FCT-707253,SUP00029,DPT012,PO0000326,2024-05-05,39995.31,DZD,30,2024-06-04,Validated,0,0,0,30,0
INV0003987,FCT-614000,SUP00008,DPT001,PO0003112,2024-05-20,1153.51,DZD,30,2024-06-19,Validated,0,0,0,30,0
INV0003988,FCT-479584,SUP00249,DPT004,PO0004060,2024-10-05,28957.75,DZD,45,2024-11-19,Validated,0,0,0,45,0
INV0003989,FCT-982652,SUP00005,DPT002,PO0000981,2024-11-24,198324.4,DZD,90,2025-02-22,Validated,0,0,1,90,0
INV0003990,FCT-530293,SUP00319,DPT010,PO0002052,2024-08-28,4433.57,DZD,15,2024-09-12,Validated,0,0,0,15,0
INV0003991,FCT-990633,SUP00004,DPT002,PO0001504,2024-03-18,5632.7,EUR,60,2024-05-17,Validated,0,0,0,60,0
INV0003992,FCT-226773,SUP00030,DPT001,PO0002107,2024-06-10,2080.52,EUR,45,2024-07-25,Validated,0,0,0,45,0
INV0003993,FCT-172667,SUP00002,DPT004,,2024-07-30,25000.0,DZD,90,2024-10-28,Validated,1,1,0,90,0
INV0003994,FCT-835427,SUP00002,DPT001,,2024-04-08,7435.84,DZD,90,2024-07-07,Validated,1,0,0,90,0
INV0003995,FCT-853136,SUP00320,DPT008,PO0000715,2024-02-09,396.45,EUR,15,2024-02-24,Pending Review,0,0,0,15,0
INV0003996,FCT-680337,SUP00139,DPT003,PO0004445,2024-11-02,12134.84,DZD,60,2025-01-01,Validated,0,0,0,60,0
INV0003997,FCT-244470,SUP00209,DPT001,PO0000531,2024-02-13,21504.96,DZD,15,2024-02-28,Validated,0,0,0,15,0
INV0003998,FCT-460047,SUP00001,DPT002,PO0001812,2024-02-12,2179.08,DZD,90,2024-05-12,Validated,0,0,0,90,0
INV0003999,FCT-594882,SUP00010,DPT001,PO0003612,2024-03-12,3684.62,DZD,45,2024-04-26,Validated,0,0,0,45,0
INV0004000,FCT-822814,SUP00009,DPT006,PO0003398,2024-01-01,15921.64,DZD,30,2024-01-31,Validated,0,0,0,30,0
INV0004001,FCT-554618,SUP00293,DPT004,PO0001741,2024-03-20,2061.97,DZD,90,2024-06-18,Pending Review,0,0,0,90,0
INV0004002,FCT-667298,SUP00021,DPT001,PO0000313,2024-02-09,14111.64,EUR,30,2024-03-10,Validated,0,0,0,30,0
INV0004003,FCT-346488,SUP00008,DPT009,PO0000080,2024-08-28,8341.35,DZD,30,2024-09-27,Validated,0,0,0,30,0
INV0004004,FCT-122122,SUP00009,DPT007,PO0001310,2024-11-22,88002.69,EUR,45,2025-01-06,Validated,0,0,0,45,0
INV0004005,FCT-749897,SUP00003,DPT009,,2024-11-05,5180.12,DZD,45,2024-12-20,Validated,1,0,0,45,0
INV0004006,FCT-155263,SUP00082,DPT001,PO0001944,2024-07-27,3249.05,DZD,45,2024-09-10,Pending Review,0,0,0,45,0
INV0004007,FCT-582265,SUP00003,DPT012,PO0001352,2024-11-11,7976.08,DZD,45,2024-12-26,Validated,0,0,0,45,0
INV0004008,FCT-499279,SUP00029,DPT001,PO0003096,2024-05-26,6856.95,EUR,30,2024-06-25,Validated,0,0,0,30,0
INV0004009,FCT-659887,SUP00232,DPT004,PO0001597,2024-08-17,39212.13,DZD,30,2024-09-16,Validated,0,0,0,30,0
INV0004010,FCT-637873,SUP00152,DPT003,PO0001668,2024-04-29,36915.28,DZD,30,2024-05-29,Validated,0,0,0,30,0
INV0004011,FCT-722014,SUP00028,DPT002,PO0003302,2024-05-28,2594.1,USD,60,2024-07-27,Validated,0,0,0,60,0
INV0004012,FCT-177487,SUP00010,DPT004,PO0002155,2024-02-13,4812.38,DZD,30,2024-03-14,Validated,0,0,0,30,0
INV0004013,FCT-464030,SUP00315,DPT003,PO0000367,2024-04-06,2700.5,EUR,30,2024-05-06,Pending Review,0,0,0,30,0
INV0004014,FCT-384453,SUP00002,DPT012,PO0004390,2024-02-03,2202.83,DZD,60,2024-04-03,Validated,0,0,0,60,0
INV0004015,FCT-137306,SUP00011,DPT002,PO0000296,2024-04-17,141.2,DZD,60,2024-06-16,Validated,0,0,0,60,0
INV0004016,FCT-970248,SUP00225,DPT003,PO0004789,2024-09-11,41863.06,DZD,45,2024-10-26,Validated,0,0,0,45,0
INV0004017,FCT-331929,SUP00132,DPT002,PO0003382,2024-06-14,2776.98,DZD,90,2024-09-12,Validated,0,0,0,90,0
INV0004018,FCT-164204,SUP00249,DPT004,PO0004060,2024-11-13,3593.84,DZD,30,2024-12-13,Validated,0,0,0,30,0
INV0004019,FCT-258059,SUP00023,DPT003,PO0002376,2024-08-17,145172.57,USD,45,2024-10-01,Validated,0,0,1,45,0
INV0004020,FCT-751666,SUP00212,DPT008,,2024-12-24,2874.91,EUR,60,2025-02-22,Validated,1,0,0,60,0
INV0004021,FCT-778009,SUP00241,DPT002,PO0003042,2024-07-21,4863.26,EUR,30,2024-08-20,Validated,0,0,0,30,0
INV0004022,FCT-292286,SUP00025,DPT007,PO0000446,2024-09-01,8161.82,EUR,30,2024-10-01,Disputed,0,0,0,30,0
INV0004023,FCT-324667,SUP00320,DPT006,PO0001808,2024-10-04,8855.57,DZD,30,2024-11-03,Validated,0,0,0,30,0
INV0004024,FCT-541030,SUP00004,DPT002,PO0005113,2024-03-08,2946.95,DZD,30,2024-04-07,Validated,0,0,0,30,0
INV0004025,FCT-428710,SUP00093,DPT003,,2024-02-16,21846.08,USD,30,2024-03-17,Validated,1,0,0,30,0
INV0004026,FCT-638710,SUP00146,DPT011,PO0004878,2024-06-17,7220.49,DZD,45,2024-08-01,Validated,0,0,0,45,0
INV0004027,FCT-501484,SUP00239,DPT002,,2024-02-11,6830.69,EUR,30,2024-03-12,Validated,1,0,0,30,0
INV0004028,FCT-565573,SUP00104,DPT005,PO0003491,2024-12-17,2766.11,DZD,90,2025-03-17,Validated,0,0,0,90,0
INV0004029,FCT-851731,SUP00001,DPT003,,2024-12-27,5165.86,DZD,45,2025-02-10,Pending Review,1,0,0,45,0
INV0004030,FCT-689582,SUP00017,DPT001,PO0004613,2024-03-10,18414.94,DZD,30,2024-04-09,Validated,0,0,0,30,0
INV0004031,FCT-860035,SUP00006,DPT005,PO0002880,2024-04-25,18484.83,DZD,45,2024-06-09,Validated,0,0,0,45,0
INV0004032,FCT-311442,SUP00010,DPT003,PO0001325,2024-03-23,3664.8,DZD,45,2024-05-07,Validated,0,0,0,45,0
INV0004033,FCT-297924,SUP00259,DPT005,PO0003651,2024-12-20,2464.86,DZD,45,2025-02-03,Validated,0,0,0,45,0
INV0004034,FCT-543103,SUP00250,DPT012,,2024-10-23,16486.62,USD,15,2024-11-07,Validated,1,0,0,15,0
INV0004035,FCT-467514,SUP00140,DPT007,PO0002467,2024-04-15,8488.9,DZD,90,2024-07-14,Validated,0,0,0,90,0
INV0004036,FCT-852346,SUP00015,DPT001,PO0002191,2024-09-28,16454.72,EUR,90,2024-12-27,Validated,0,0,0,90,0
INV0004037,FCT-319997,SUP00046,DPT002,PO0000755,2024-01-24,1969.92,DZD,30,2024-02-23,Pending Review,0,0,0,30,0
INV0004038,FCT-494402,SUP00015,DPT004,PO0004593,2024-02-24,5856.57,DZD,45,2024-04-09,Validated,0,0,0,45,0
INV0004039,FCT-978423,SUP00251,DPT009,PO0001438,2024-07-04,16501.84,DZD,15,2024-07-19,Validated,0,0,0,15,0
INV0004040,FCT-397395,SUP00008,DPT005,PO0002041,2024-04-26,15000.0,DZD,30,2024-05-26,Validated,0,1,0,30,0
INV0004041,FCT-579828,SUP00317,DPT004,PO0000652,2024-03-13,52593.98,DZD,30,2024-04-12,Validated,0,0,0,30,0
INV0004042,FCT-517693,SUP00253,DPT001,,2024-07-06,39134.62,DZD,30,2024-08-05,Validated,1,0,0,30,0
INV0004043,FCT-100723,SUP00155,DPT003,,2024-11-24,4748.45,DZD,15,2024-12-09,Validated,1,0,0,15,0
INV0004044,FCT-291460,SUP00010,DPT002,PO0003178,2024-07-08,4787.54,DZD,30,2024-08-07,Validated,0,0,0,30,0
INV0004045,FCT-181561,SUP00008,DPT004,PO0000059,2024-06-06,8684.97,DZD,30,2024-07-06,Validated,0,0,0,30,0
INV0004046,FCT-945409,SUP00043,DPT004,,2024-02-11,7298.86,DZD,60,2024-04-11,Validated,1,0,0,60,0
INV0004047,FCT-870392,SUP00273,DPT004,PO0001553,2024-06-09,100000.0,DZD,30,2024-07-09,Validated,0,1,1,30,0
INV0004048,FCT-326157,SUP00003,DPT011,PO0000931,2024-11-06,2179.92,DZD,30,2024-12-06,Validated,0,0,0,30,0
INV0004049,FCT-458253,SUP00002,DPT009,,2024-05-22,2206.69,DZD,90,2024-08-20,Validated,1,0,0,90,0
INV0004050,FCT-877014,SUP00276,DPT006,PO0000454,2024-11-08,8197.91,DZD,45,2024-12-23,Validated,0,0,0,45,0
INV0004051,FCT-914812,SUP00009,DPT001,PO0001381,2024-02-10,10606.08,DZD,15,2024-02-25,Validated,0,0,0,15,0
INV0004052,FCT-607786,SUP00026,DPT009,,2024-08-16,5760.22,DZD,45,2024-09-30,Validated,1,0,0,45,0
INV0004053,FCT-696919,SUP00006,DPT004,PO0004072,2024-08-15,16811.77,DZD,30,2024-09-14,Validated,0,0,0,30,0
INV0004054,FCT-989340,SUP00008,DPT004,PO0000445,2024-04-14,28924.96,DZD,30,2024-05-14,Validated,0,0,0,30,0
INV0004055,FCT-579918,SUP00009,DPT001,PO0001938,2024-02-26,14174.7,DZD,45,2024-04-11,Validated,0,0,0,45,0
INV0004056,FCT-366732,SUP00018,DPT001,PO0000817,2024-09-12,9199.52,DZD,30,2024-10-12,Validated,0,0,0,30,0
INV0004057,FCT-833462,SUP00002,DPT005,PO0002438,2024-08-21,4679.58,DZD,30,2024-09-20,Validated,0,0,0,30,0
INV0004058,FCT-882026,SUP00285,DPT005,PO0003666,2024-05-24,6543.79,DZD,30,2024-06-23,Validated,0,0,0,30,0
INV0004059,FCT-757321,SUP00309,DPT010,,2024-05-26,1247.38,USD,30,2024-06-25,Validated,1,0,0,30,0
INV0004060,FCT-823777,SUP00022,DPT009,PO0000672,2024-11-29,1528.44,DZD,90,2025-02-27,Validated,0,0,0,90,0
INV0004061,FCT-623653,SUP00008,DPT005,PO0003381,2024-11-07,25527.85,DZD,30,2024-12-07,Validated,0,0,0,30,0
INV0004062,FCT-635779,SUP00002,DPT007,PO0000601,2024-05-21,45100.85,DZD,45,2024-07-05,Validated,0,0,0,45,0
INV0004063,FCT-176473,SUP00010,DPT005,,2024-07-08,1247.44,DZD,15,2024-07-23,Pending Review,1,0,0,15,0
INV0004064,FCT-218005,SUP00003,DPT011,PO0003168,2024-05-31,11254.08,DZD,60,2024-07-30,Pending Review,0,0,0,60,0
INV0004065,FCT-822230,SUP00049,DPT003,,2024-11-20,1039.75,EUR,90,2025-02-18,Validated,1,0,0,90,0
INV0004066,FCT-955912,SUP00214,DPT003,PO0004335,2024-06-24,39941.27,DZD,60,2024-08-23,Pending Review,0,0,0,60,0
INV0004067,FCT-848202,SUP00291,DPT001,,2024-01-10,5888.86,DZD,30,2024-02-09,Validated,1,0,0,30,0
INV0004068,FCT-737428,SUP00030,DPT002,,2024-02-09,108789.27,DZD,30,2024-03-10,Validated,1,0,1,30,0
INV0004069,FCT-904378,SUP00004,DPT005,PO0002870,2024-09-21,2886.74,DZD,60,2024-11-20,Validated,0,0,0,60,0
INV0004070,FCT-577189,SUP00204,DPT007,PO0000992,2024-01-13,3340.24,DZD,45,2024-02-27,Validated,0,0,0,45,0
INV0004071,FCT-191496,SUP00225,DPT010,PO0001257,2024-07-22,9504.54,DZD,30,2024-08-21,Validated,0,0,0,30,0
INV0004072,FCT-345413,SUP00029,DPT007,PO0003083,2024-07-20,20000.0,DZD,30,2024-08-19,Validated,0,1,0,30,0
INV0004073,FCT-974933,SUP00023,DPT005,PO0000943,2024-03-02,15258.97,DZD,30,2024-04-01,Validated,0,0,0,30,0
INV0004074,FCT-874836,SUP00312,DPT003,PO0000377,2024-08-29,18399.86,DZD,60,2024-10-28,Validated,0,0,0,60,0
INV0004075,FCT-493751,SUP00017,DPT007,PO0000747,2024-02-08,4628.95,DZD,15,2024-02-23,Validated,0,0,0,15,0
INV0004076,FCT-179692,SUP00140,DPT007,PO0002467,2024-12-03,18645.24,DZD,90,2025-03-03,Validated,0,0,0,90,0
INV0004077,FCT-296059,SUP00002,DPT006,PO0003072,2024-09-26,77426.21,DZD,30,2024-10-26,Validated,0,0,0,30,0
INV0004078,FCT-803503,SUP00011,DPT007,PO0004031,2024-02-29,15084.1,DZD,30,2024-03-30,Validated,0,0,0,30,0
INV0004079,FCT-739688,SUP00011,DPT006,PO0000641,2024-05-17,2343.29,USD,30,2024-06-16,Validated,0,0,0,30,0
INV0004080,FCT-867584,SUP00006,DPT008,PO0004534,2024-11-23,9808.46,DZD,45,2025-01-07,Validated,0,0,0,45,0
INV0004081,FCT-797057,SUP00217,DPT004,PO0002964,2024-01-28,631.84,DZD,45,2024-03-13,Validated,0,0,0,45,0
INV0004082,FCT-799888,SUP00004,DPT012,PO0000146,2024-04-12,13463.19,DZD,30,2024-05-12,Pending Review,0,0,0,30,0
INV0004083,FCT-100489,SUP00014,DPT003,PO0003430,2024-09-10,882.23,DZD,15,2024-09-25,Pending Review,0,0,0,15,0
INV0004084,FCT-339645,SUP00007,DPT001,PO0002246,2024-07-03,13712.04,DZD,45,2024-08-17,Validated,0,0,0,45,0
INV0004085,FCT-392573,SUP00028,DPT003,PO0002549,2024-04-16,5730.84,DZD,30,2024-05-16,Validated,0,0,0,30,0
INV0004086,FCT-667872,SUP00022,DPT006,PO0002187,2024-02-29,19063.28,DZD,30,2024-03-30,Validated,0,0,0,30,0
INV0004087,FCT-521525,SUP00014,DPT001,PO0000613,2024-04-19,6347.38,DZD,60,2024-06-18,Validated,0,0,0,60,0
INV0004088,FCT-231233,SUP00015,DPT003,PO0002786,2024-06-15,30494.3,DZD,45,2024-07-30,Validated,0,0,0,45,0
INV0004089,FCT-864171,SUP00088,DPT012,,2024-01-30,11595.49,DZD,15,2024-02-14,Validated,1,0,0,15,0
INV0004090,FCT-430741,SUP00246,DPT008,PO0000084,2024-08-07,21308.74,DZD,30,2024-09-06,Pending Review,0,0,0,30,0
INV0004091,FCT-117929,SUP00004,DPT010,PO0001145,2024-06-03,3859.5,EUR,15,2024-06-18,Validated,0,0,0,15,0
INV0004092,FCT-832949,SUP00036,DPT007,PO0004397,2024-04-04,3632.77,DZD,30,2024-05-04,Pending Review,0,0,0,30,0
INV0004093,FCT-776540,SUP00006,DPT012,PO0000349,2024-11-29,1208.46,DZD,90,2025-02-27,Validated,0,0,0,90,0
INV0004094,FCT-948828,SUP00014,DPT011,PO0003819,2024-11-05,1622.62,DZD,30,2024-12-05,Validated,0,0,0,30,0
INV0004095,FCT-938252,SUP00276,DPT007,PO0003259,2024-11-09,6710.82,EUR,30,2024-12-09,Validated,0,0,0,30,0
INV0004096,FCT-455716,SUP00088,DPT002,PO0004123,2024-12-09,6472.7,EUR,15,2024-12-24,Validated,0,0,0,15,0
INV0004097,FCT-947433,SUP00280,DPT009,PO0001128,2024-04-30,9531.4,DZD,60,2024-06-29,Validated,0,0,0,60,0
INV0004098,FCT-805749,SUP00008,DPT006,PO0001335,2024-05-07,2717.89,DZD,45,2024-06-21,Validated,0,0,0,45,0
INV0004099,FCT-302646,SUP00026,DPT001,PO0003118,2024-04-21,7300.77,DZD,30,2024-05-21,Validated,0,0,0,30,0
INV0004100,FCT-717269,SUP00190,DPT012,,2024-03-27,28242.56,DZD,45,2024-05-11,Validated,1,0,0,45,0
INV0004101,FCT-655694,SUP00001,DPT005,,2024-11-12,9886.13,DZD,45,2024-12-27,Disputed,1,0,0,45,0
INV0004102,FCT-344029,SUP00008,DPT009,,2024-05-02,6286.11,USD,30,2024-06-01,Validated,1,0,0,30,0
INV0004103,FCT-529032,SUP00276,DPT007,PO0003259,2024-09-26,8341.62,DZD,30,2024-10-26,Validated,0,0,0,30,0
INV0004104,FCT-301757,SUP00004,DPT001,PO0000269,2024-12-19,25099.02,DZD,30,2025-01-18,Validated,0,0,0,30,0
INV0004105,FCT-654553,SUP00192,DPT002,PO0001960,2024-03-15,20000.0,USD,45,2024-04-29,Validated,0,1,0,45,0
INV0004106,FCT-537953,SUP00004,DPT001,PO0003723,2024-04-23,3303.64,DZD,30,2024-05-23,Validated,0,0,0,30,0
INV0004107,FCT-591819,SUP00001,DPT002,PO0002500,2024-11-23,3341.65,DZD,45,2025-01-07,Validated,0,0,0,45,0
INV0004108,FCT-689724,SUP00003,DPT003,PO0001673,2024-05-26,3210.73,DZD,30,2024-06-25,Validated,0,0,0,30,0
INV0004109,FCT-914167,SUP00007,DPT001,PO0002598,2024-11-28,3119.5,DZD,60,2025-01-27,Pending Review,0,0,0,60,0
INV0004110,FCT-476588,SUP00023,DPT011,,2024-07-30,14885.57,DZD,30,2024-08-29,Validated,1,0,0,30,0
INV0004111,FCT-759391,SUP00189,DPT003,PO0004422,2024-05-04,5000.0,DZD,15,2024-05-19,Pending Review,0,1,0,15,0
INV0004112,FCT-546321,SUP00204,DPT002,PO0002222,2024-06-14,20000.0,DZD,45,2024-07-29,Validated,0,1,0,45,0
INV0004113,FCT-591424,SUP00007,DPT009,,2024-11-21,2127.08,USD,30,2024-12-21,Validated,1,0,0,30,0
INV0004114,FCT-291966,SUP00128,DPT002,PO0004028,2024-01-16,1392.9,DZD,45,2024-03-01,Validated,0,0,0,45,0
INV0004115,FCT-997621,SUP00009,DPT001,,2024-08-30,43712.79,DZD,30,2024-09-29,Validated,1,0,0,30,0
INV0004116,FCT-595330,SUP00002,DPT011,PO0001254,2024-11-06,18241.22,USD,30,2024-12-06,Validated,0,0,0,30,0
INV0004117,FCT-944865,SUP00009,DPT005,PO0005026,2024-11-15,2743.08,DZD,60,2025-01-14,Validated,0,0,0,60,0
INV0004118,FCT-693170,SUP00280,DPT005,PO0001478,2024-07-18,7053.89,DZD,15,2024-08-02,Validated,0,0,0,15,0
INV0004119,FCT-234748,SUP00142,DPT001,PO0000939,2024-05-20,30134.59,DZD,30,2024-06-19,Validated,0,0,0,30,0
INV0004120,FCT-676703,SUP00258,DPT002,PO0000671,2024-12-24,5578.96,DZD,15,2025-01-08,Pending Review,0,0,0,15,0
INV0004121,FCT-672208,SUP00010,DPT002,PO0000662,2024-05-25,16188.08,DZD,30,2024-06-24,Validated,0,0,0,30,0
INV0004122,FCT-825346,SUP00005,DPT012,PO0002845,2024-05-23,5016.39,DZD,30,2024-06-22,Validated,0,0,0,30,0
INV0004123,FCT-942254,SUP00009,DPT001,PO0004171,2024-07-02,4273.71,DZD,60,2024-08-31,Validated,0,0,0,60,0
INV0004124,FCT-131575,SUP00023,DPT006,PO0000758,2024-06-26,285.39,DZD,30,2024-07-26,Validated,0,0,0,30,0
INV0004125,FCT-860526,SUP00007,DPT007,PO0001695,2024-04-06,3769.63,DZD,30,2024-05-06,Validated,0,0,0,30,0
INV0004126,FCT-642224,SUP00003,DPT002,PO0002160,2024-05-25,3240.41,DZD,45,2024-07-09,Pending Review,0,0,0,45,0
INV0004127,FCT-904635,SUP00027,DPT002,PO0003429,2024-07-15,10921.35,DZD,30,2024-08-14,Validated,0,0,0,30,0
INV0004128,FCT-456097,SUP00220,DPT008,,2024-02-15,8000.06,DZD,30,2024-03-16,Validated,1,0,0,30,0
INV0004129,FCT-655037,SUP00014,DPT006,,2024-07-04,7535.94,DZD,45,2024-08-18,Disputed,1,0,0,45,0
INV0004130,FCT-258194,SUP00002,DPT001,PO0003821,2024-09-22,17950.82,DZD,30,2024-10-22,Validated,0,0,0,30,0
INV0004131,FCT-170286,SUP00173,DPT002,PO0000388,2024-03-09,408.28,DZD,45,2024-04-23,Validated,0,0,0,45,0
INV0004132,FCT-142711,SUP00001,DPT001,PO0001319,2024-03-27,5670.71,DZD,30,2024-04-26,Validated,0,0,0,30,0
INV0004133,FCT-115315,SUP00008,DPT012,PO0003372,2024-11-22,15000.0,EUR,30,2024-12-22,Validated,0,1,0,30,0
INV0004134,FCT-516519,SUP00004,DPT003,,2024-11-24,1423.25,DZD,45,2025-01-08,Validated,1,0,0,45,0
INV0004135,FCT-371465,SUP00007,DPT004,PO0004912,2024-02-08,4297.69,DZD,45,2024-03-24,Validated,0,0,0,45,0
INV0004136,FCT-373823,SUP00081,DPT012,PO0000534,2024-01-19,6154.2,DZD,30,2024-02-18,Validated,0,0,0,30,0
INV0004137,FCT-654688,SUP00257,DPT006,PO0001875,2024-11-18,10696.85,DZD,60,2025-01-17,Validated,0,0,0,60,0
INV0004138,FCT-915760,SUP00002,DPT005,PO0002202,2024-12-23,9910.98,DZD,15,2025-01-07,Validated,0,0,0,15,0
INV0004139,FCT-932927,SUP00005,DPT003,PO0001774,2024-07-15,2320.48,DZD,30,2024-08-14,Validated,0,0,0,30,0
INV0004140,FCT-628443,SUP00163,DPT005,PO0002737,2024-11-06,4785.86,DZD,45,2024-12-21,Validated,0,0,0,45,0
INV0004141,FCT-454801,SUP00028,DPT009,,2024-06-24,31339.25,DZD,45,2024-08-08,Validated,1,0,0,45,0
INV0004142,FCT-474210,SUP00093,DPT002,PO0001485,2024-04-20,38407.02,USD,30,2024-05-20,Validated,0,0,0,30,0
INV0004143,FCT-664133,SUP00002,DPT004,PO0001010,2024-11-09,4217.79,DZD,90,2025-02-07,Validated,0,0,0,90,0
INV0004144,FCT-917731,SUP00026,DPT010,PO0001364,2024-06-28,6679.37,DZD,45,2024-08-12,Validated,0,0,0,45,0
INV0004145,FCT-580249,SUP00095,DPT006,,2024-06-14,2141.52,DZD,15,2024-06-29,Validated,1,0,0,15,0
INV0004146,FCT-462150,SUP00002,DPT001,PO0000951,2024-08-01,19562.67,DZD,30,2024-08-31,Validated,0,0,0,30,0
INV0004147,FCT-312404,SUP00006,DPT010,PO0000309,2024-04-20,86113.32,DZD,30,2024-05-20,Validated,0,0,0,30,0
INV0004148,FCT-185364,SUP00010,DPT003,PO0002891,2024-04-11,3243.99,DZD,60,2024-06-10,Validated,0,0,0,60,0
INV0004149,FCT-382292,SUP00210,DPT006,PO0004948,2024-02-27,23217.31,DZD,30,2024-03-28,Validated,0,0,0,30,0
INV0004150,FCT-819085,SUP00107,DPT008,PO0002669,2024-02-04,14004.14,DZD,30,2024-03-05,Validated,0,0,0,30,0
INV0004151,FCT-435851,SUP00005,DPT001,PO0002111,2024-09-08,4949.44,DZD,60,2024-11-07,Validated,0,0,0,60,0
INV0004152,FCT-857516,SUP00030,DPT003,PO0003578,2024-06-14,2695.95,DZD,30,2024-07-14,Validated,0,0,0,30,0
INV0004153,FCT-788100,SUP00224,DPT008,PO0002078,2024-10-31,103792.68,DZD,30,2024-11-30,Validated,0,0,1,30,0
INV0004154,FCT-807807,SUP00199,DPT008,,2024-07-30,14487.89,DZD,30,2024-08-29,Pending Review,1,0,0,30,0
INV0004155,FCT-701693,SUP00020,DPT003,PO0004568,2024-07-05,18077.09,DZD,45,2024-08-19,Validated,0,0,0,45,0
INV0004156,FCT-123361,SUP00084,DPT009,PO0004048,2024-12-21,4706.48,DZD,45,2025-02-04,Validated,0,0,0,45,0
INV0004157,FCT-526999,SUP00003,DPT011,PO0001296,2024-04-13,6439.15,DZD,30,2024-05-13,Validated,0,0,0,30,0
INV0004158,FCT-746836,SUP00011,DPT002,PO0001529,2024-11-06,1481.32,DZD,30,2024-12-06,Validated,0,0,0,30,0
INV0004159,FCT-992202,SUP00121,DPT005,PO0003369,2024-12-09,14400.4,DZD,15,2024-12-24,Disputed,0,0,0,15,0
INV0004160,FCT-782823,SUP00004,DPT002,PO0000928,2024-07-30,20000.0,DZD,60,2024-09-28,Validated,0,1,0,60,0
INV0004161,FCT-368620,SUP00111,DPT003,PO0003275,2024-08-23,1843.65,DZD,15,2024-09-07,Validated,0,0,0,15,0
INV0004162,FCT-616964,SUP00187,DPT003,PO0000276,2024-11-08,2245.82,DZD,30,2024-12-08,Validated,0,0,0,30,0
INV0004163,FCT-759856,SUP00003,DPT006,PO0002098,2024-07-17,96009.3,DZD,30,2024-08-16,Pending Review,0,0,0,30,0
INV0004164,FCT-862326,SUP00015,DPT002,PO0004455,2024-06-11,4263.73,DZD,45,2024-07-26,Validated,0,0,0,45,0
INV0004165,FCT-199565,SUP00003,DPT011,PO0000314,2024-10-16,9167.63,EUR,30,2024-11-15,Validated,0,0,0,30,0
INV0004166,FCT-934713,SUP00016,DPT006,,2024-11-19,1518.97,DZD,30,2024-12-19,Validated,1,0,0,30,0
INV0004167,FCT-506505,SUP00144,DPT004,,2024-05-01,4829.78,USD,30,2024-05-31,Validated,1,0,0,30,0
INV0004168,FCT-908618,SUP00003,DPT001,PO0000184,2024-06-17,1241.28,DZD,60,2024-08-16,Validated,0,0,0,60,0
INV0004169,FCT-800356,SUP00001,DPT004,,2024-09-25,9206.01,USD,45,2024-11-09,Validated,1,0,0,45,0
INV0004170,FCT-571771,SUP00001,DPT006,PO0004993,2024-09-04,2106.75,EUR,60,2024-11-03,Validated,0,0,0,60,0
INV0004171,FCT-530337,SUP00015,DPT010,PO0003190,2024-05-08,15030.89,EUR,30,2024-06-07,Validated,0,0,0,30,0
INV0004172,FCT-349041,SUP00091,DPT010,PO0002176,2024-09-20,766.5,DZD,30,2024-10-20,Validated,0,0,0,30,0
INV0004173,FCT-627242,SUP00012,DPT002,,2024-04-04,2901.87,EUR,15,2024-04-19,Validated,1,0,0,15,0
INV0004174,FCT-365191,SUP00008,DPT003,PO0000782,2024-02-19,23230.98,DZD,30,2024-03-20,Validated,0,0,0,30,0
INV0004175,FCT-530009,SUP00009,DPT009,PO0003816,2024-03-25,25000.0,EUR,60,2024-05-24,Validated,0,1,0,60,0
INV0004176,FCT-312881,SUP00004,DPT007,PO0000661,2024-12-21,6044.32,DZD,30,2025-01-20,Validated,0,0,0,30,0
INV0004177,FCT-303154,SUP00004,DPT005,PO0001788,2024-11-18,3840.73,DZD,45,2025-01-02,Validated,0,0,0,45,0
INV0004178,FCT-917290,SUP00001,DPT001,,2024-02-17,6863.45,EUR,45,2024-04-02,Validated,1,0,0,45,0
INV0004179,FCT-884019,SUP00289,DPT009,,2024-10-20,63563.55,DZD,30,2024-11-19,Validated,1,0,0,30,0
INV0004180,FCT-617389,SUP00280,DPT003,PO0003959,2024-05-14,4408.5,DZD,30,2024-06-13,Validated,0,0,0,30,0
INV0004181,FCT-697443,SUP00030,DPT003,,2024-03-17,6026.82,EUR,30,2024-04-16,Validated,1,0,0,30,0
INV0004182,FCT-101112,SUP00028,DPT012,PO0000040,2024-04-10,1788.57,USD,30,2024-05-10,Validated,0,0,0,30,0
INV0004183,FCT-768902,SUP00008,DPT002,,2024-01-26,2753.62,DZD,30,2024-02-25,Validated,1,0,0,30,0
INV0004184,FCT-964986,SUP00136,DPT002,PO0002804,2024-03-16,9963.64,DZD,30,2024-04-15,Validated,0,0,0,30,0
INV0004185,FCT-954202,SUP00037,DPT011,PO0002897,2024-02-26,16765.5,DZD,30,2024-03-27,Validated,0,0,0,30,0
INV0004186,FCT-147242,SUP00021,DPT004,PO0003234,2024-02-28,8499.41,DZD,90,2024-05-28,Pending Review,0,0,0,90,0
INV0004187,FCT-723169,SUP00092,DPT004,PO0003616,2024-04-22,15604.0,DZD,30,2024-05-22,Validated,0,0,0,30,0
INV0004188,FCT-528591,SUP00003,DPT011,PO0002282,2024-11-26,1899.63,DZD,30,2024-12-26,Validated,0,0,0,30,0
INV0004189,FCT-158474,SUP00009,DPT002,PO0001507,2024-08-10,1695.0,DZD,45,2024-09-24,Validated,0,0,0,45,0
INV0004190,FCT-809994,SUP00004,DPT002,PO0004196,2024-03-08,14966.54,DZD,60,2024-05-07,Pending Review,0,0,0,60,0
INV0004191,FCT-666449,SUP00239,DPT001,PO0002778,2024-08-30,3471.76,DZD,30,2024-09-29,Validated,0,0,0,30,0
INV0004192,FCT-334609,SUP00020,DPT001,,2024-12-06,1555.11,DZD,30,2025-01-05,Validated,1,0,0,30,0
INV0004193,FCT-554559,SUP00229,DPT009,PO0003390,2024-02-11,7579.96,DZD,90,2024-05-11,Pending Review,0,0,0,90,0
INV0004194,FCT-416221,SUP00001,DPT007,,2024-03-31,6625.82,DZD,45,2024-05-15,Validated,1,0,0,45,0
INV0004195,FCT-299361,SUP00029,DPT009,,2024-06-14,4825.52,DZD,30,2024-07-14,Validated,1,0,0,30,0
INV0004196,FCT-484932,SUP00021,DPT003,,2024-02-22,37237.04,DZD,60,2024-04-22,Validated,1,0,0,60,0
INV0004197,FCT-633943,SUP00021,DPT009,PO0001710,2024-07-09,51836.79,DZD,45,2024-08-23,Validated,0,0,0,45,0
INV0004198,FCT-145869,SUP00017,DPT002,,2024-08-14,18101.47,EUR,90,2024-11-12,Validated,1,0,0,90,0
INV0004199,FCT-705732,SUP00320,DPT009,PO0003550,2024-04-04,9837.13,DZD,45,2024-05-19,Validated,0,0,0,45,0
INV0004200,FCT-542324,SUP00296,DPT001,PO0000995,2024-04-02,15000.0,USD,90,2024-07-01,Validated,0,1,0,90,0
INV0004201,FCT-603229,SUP00023,DPT002,PO0003871,2024-09-23,7197.24,DZD,30,2024-10-23,Pending Review,0,0,0,30,0
INV0004202,FCT-230348,SUP00087,DPT003,,2024-07-20,4803.88,DZD,60,2024-09-18,Pending Review,1,0,0,60,0
INV0004203,FCT-237904,SUP00110,DPT006,,2024-08-05,3068.19,DZD,30,2024-09-04,Validated,1,0,0,30,0
INV0004204,FCT-585630,SUP00025,DPT002,PO0001619,2024-01-24,2441.65,DZD,60,2024-03-24,Validated,0,0,0,60,0
INV0004205,FCT-671543,SUP00017,DPT002,PO0003769,2024-09-23,17452.28,DZD,30,2024-10-23,Validated,0,0,0,30,0
INV0004206,FCT-669844,SUP00320,DPT008,PO0000715,2024-07-24,1067.27,DZD,60,2024-09-22,Validated,0,0,0,60,0
INV0004207,FCT-122346,SUP00083,DPT010,PO0000699,2024-09-11,3030.75,DZD,30,2024-10-11,Pending Review,0,0,0,30,0
INV0004208,FCT-526296,SUP00241,DPT002,PO0002989,2024-04-30,3996.77,DZD,60,2024-06-29,Validated,0,0,0,60,0
INV0004209,FCT-243489,SUP00007,DPT002,PO0005173,2024-11-23,1189.75,USD,30,2024-12-23,Validated,0,0,0,30,0
INV0004210,FCT-593355,SUP00135,DPT002,PO0003965,2024-01-05,3827.19,DZD,45,2024-02-19,Validated,0,0,0,45,0
INV0004211,FCT-818388,SUP00008,DPT003,PO0001191,2024-09-02,6686.26,EUR,60,2024-11-01,Validated,0,0,0,60,0
INV0004212,FCT-963528,SUP00047,DPT004,PO0004016,2024-01-22,19562.21,DZD,30,2024-02-21,Validated,0,0,0,30,0
INV0004213,FCT-540857,SUP00023,DPT009,PO0003899,2024-10-19,3354.55,DZD,45,2024-12-03,Validated,0,0,0,45,0
INV0004214,FCT-546282,SUP00004,DPT001,PO0003940,2024-10-29,6739.85,DZD,45,2024-12-13,Validated,0,0,0,45,0
INV0004215,FCT-631505,SUP00108,DPT001,,2024-07-04,1076.67,DZD,45,2024-08-18,Validated,1,0,0,45,0
INV0004216,FCT-148614,SUP00037,DPT007,PO0002700,2024-07-21,1481.84,DZD,30,2024-08-20,Validated,0,0,0,30,0
INV0004217,FCT-405279,SUP00007,DPT010,PO0000132,2024-03-27,672.4,DZD,15,2024-04-11,Validated,0,0,0,15,0
INV0004218,FCT-382664,SUP00002,DPT005,PO0001811,2024-01-04,18503.51,DZD,60,2024-03-04,Validated,0,0,0,60,0
INV0004219,FCT-609475,SUP00004,DPT001,PO0004828,2024-02-03,4117.33,DZD,30,2024-03-04,Validated,0,0,0,30,0
INV0004220,FCT-240488,SUP00173,DPT009,PO0003292,2024-03-25,7739.58,DZD,30,2024-04-24,Validated,0,0,0,30,0
INV0004221,FCT-134093,SUP00093,DPT005,PO0000465,2024-06-27,10000.0,DZD,30,2024-07-27,Validated,0,1,0,30,0
INV0004222,FCT-406742,SUP00001,DPT003,PO0001235,2024-03-10,15210.55,DZD,60,2024-05-09,Pending Review,0,0,0,60,0
INV0004223,FCT-121489,SUP00002,DPT009,PO0003680,2024-10-18,60243.84,USD,45,2024-12-02,Validated,0,0,0,45,0
INV0004224,FCT-733981,SUP00008,DPT003,,2024-09-14,5000.0,EUR,30,2024-10-14,Disputed,1,1,0,30,0
INV0004225,FCT-913495,SUP00042,DPT003,PO0004926,2024-07-31,2648.45,EUR,15,2024-08-15,Validated,0,0,0,15,0
INV0004226,FCT-716671,SUP00149,DPT001,,2024-08-29,13401.18,DZD,30,2024-09-28,Validated,1,0,0,30,0
INV0004227,FCT-357691,SUP00299,DPT002,PO0001576,2024-01-10,90883.14,DZD,45,2024-02-24,Validated,0,0,0,45,0
INV0004228,FCT-735833,SUP00025,DPT001,PO0003982,2024-04-04,3229.06,USD,30,2024-05-04,Validated,0,0,0,30,0
INV0004229,FCT-823238,SUP00005,DPT004,PO0004766,2024-03-28,2406.13,EUR,45,2024-05-12,Validated,0,0,0,45,0
INV0004230,FCT-904367,SUP00240,DPT009,PO0002055,2024-01-09,317.92,DZD,45,2024-02-23,Validated,0,0,0,45,0
INV0004231,FCT-564673,SUP00312,DPT005,PO0000378,2024-06-09,557.15,DZD,60,2024-08-08,Validated,0,0,0,60,0
INV0004232,FCT-462722,SUP00235,DPT005,PO0002751,2024-05-21,30708.2,DZD,30,2024-06-20,Validated,0,0,0,30,0
INV0004233,FCT-167735,SUP00002,DPT001,PO0004280,2024-05-26,4916.97,DZD,45,2024-07-10,Pending Review,0,0,0,45,0
INV0004234,FCT-512296,SUP00320,DPT007,PO0005099,2024-09-02,1622.25,DZD,30,2024-10-02,Validated,0,0,0,30,0
INV0004235,FCT-156467,SUP00177,DPT004,PO0000358,2024-09-11,6023.93,USD,90,2024-12-10,Validated,0,0,0,90,0
INV0004236,FCT-443803,SUP00093,DPT011,PO0002927,2024-04-29,119550.27,DZD,30,2024-05-29,Validated,0,0,1,30,0
INV0004237,FCT-155828,SUP00311,DPT004,PO0001678,2024-03-05,6031.91,EUR,45,2024-04-19,Validated,0,0,0,45,0
INV0004238,FCT-438222,SUP00320,DPT003,PO0000360,2024-05-17,54279.45,DZD,15,2024-06-01,Pending Review,0,0,0,15,0
INV0004239,FCT-552176,SUP00232,DPT002,PO0000463,2024-05-14,2043.73,DZD,30,2024-06-13,Validated,0,0,0,30,0
INV0004240,FCT-404196,SUP00017,DPT009,PO0003988,2024-01-31,32187.65,DZD,60,2024-03-31,Pending Review,0,0,0,60,0
INV0004241,FCT-400274,SUP00009,DPT001,PO0000693,2024-07-14,3148.76,DZD,60,2024-09-12,Validated,0,0,0,60,0
INV0004242,FCT-763902,SUP00007,DPT002,PO0003918,2024-05-19,2477.31,DZD,45,2024-07-03,Validated,0,0,0,45,0
INV0004243,FCT-980173,SUP00037,DPT009,,2024-12-25,2037.54,DZD,45,2025-02-08,Validated,1,0,0,45,0
INV0004244,FCT-334521,SUP00010,DPT004,PO0000918,2024-02-19,4135.94,EUR,45,2024-04-04,Validated,0,0,0,45,0
INV0004245,FCT-196755,SUP00087,DPT011,PO0002794,2024-12-03,18440.11,DZD,30,2025-01-02,Validated,0,0,0,30,0
INV0004246,FCT-131503,SUP00303,DPT003,PO0000684,2024-05-05,3449.71,DZD,45,2024-06-19,Validated,0,0,0,45,0
INV0004247,FCT-457088,SUP00005,DPT006,,2024-05-19,20539.5,DZD,30,2024-06-18,Pending Review,1,0,0,30,0
INV0004248,FCT-546535,SUP00144,DPT004,PO0001716,2024-04-04,2630.77,DZD,30,2024-05-04,Validated,0,0,0,30,0
INV0004249,FCT-112530,SUP00117,DPT001,PO0003284,2024-05-01,5462.31,DZD,30,2024-05-31,Validated,0,0,0,30,0
INV0004250,FCT-549260,SUP00030,DPT007,PO0003521,2024-01-18,3260.48,DZD,60,2024-03-18,Validated,0,0,0,60,0
INV0004251,FCT-652453,SUP00195,DPT006,PO0005163,2024-12-12,48229.0,DZD,60,2025-02-10,Validated,0,0,0,60,0
INV0004252,FCT-517038,SUP00008,DPT002,PO0003580,2024-05-02,10885.16,EUR,30,2024-06-01,Validated,0,0,0,30,0
INV0004253,FCT-185045,SUP00302,DPT002,PO0005083,2024-11-10,8323.57,DZD,30,2024-12-10,Validated,0,0,0,30,0
INV0004254,FCT-507804,SUP00240,DPT002,PO0000976,2024-10-07,4355.96,USD,30,2024-11-06,Validated,0,0,0,30,0
INV0004255,FCT-712661,SUP00063,DPT010,PO0001988,2024-09-16,3070.76,DZD,30,2024-10-16,Validated,0,0,0,30,0
INV0004256,FCT-542012,SUP00189,DPT009,PO0004400,2024-05-20,1886.39,DZD,30,2024-06-19,Validated,0,0,0,30,0
INV0004257,FCT-746905,SUP00026,DPT007,PO0001599,2024-08-14,27454.52,DZD,30,2024-09-13,Validated,0,0,0,30,0
INV0004258,FCT-953789,SUP00003,DPT012,PO0002490,2024-05-09,937.59,DZD,45,2024-06-23,Validated,0,0,0,45,0
INV0004259,FCT-987453,SUP00002,DPT002,PO0001810,2024-09-23,3957.34,EUR,30,2024-10-23,Validated,0,0,0,30,0
INV0004260,FCT-324457,SUP00081,DPT009,PO0001776,2024-10-28,16563.17,DZD,30,2024-11-27,Validated,0,0,0,30,0
INV0004261,FCT-299047,SUP00255,DPT003,PO0004228,2024-09-16,874.25,DZD,60,2024-11-15,Disputed,0,0,0,60,0
INV0004262,FCT-262910,SUP00219,DPT004,PO0000935,2024-05-28,7368.82,DZD,60,2024-07-27,Pending Review,0,0,0,60,0
INV0004263,FCT-690847,SUP00001,DPT004,PO0004559,2024-11-01,2205.71,DZD,45,2024-12-16,Validated,0,0,0,45,0
INV0004264,FCT-637194,SUP00148,DPT001,PO0002676,2024-01-04,6189.68,DZD,45,2024-02-18,Validated,0,0,0,45,0
INV0004265,FCT-375200,SUP00011,DPT001,,2024-09-21,4945.16,DZD,30,2024-10-21,Validated,1,0,0,30,0
INV0004266,FCT-242557,SUP00131,DPT012,PO0000966,2024-11-01,448.94,DZD,45,2024-12-16,Validated,0,0,0,45,0
INV0004267,FCT-373986,SUP00177,DPT004,PO0004985,2024-08-25,12502.47,DZD,30,2024-09-24,Validated,0,0,0,30,0
INV0004268,FCT-238543,SUP00051,DPT007,PO0001470,2024-06-23,1927.57,DZD,45,2024-08-07,Pending Review,0,0,0,45,0
INV0004269,FCT-870957,SUP00116,DPT002,PO0001265,2024-12-07,3193.89,DZD,60,2025-02-05,Validated,0,0,0,60,0
INV0004270,FCT-535627,SUP00004,DPT009,PO0003804,2024-01-14,6363.24,DZD,45,2024-02-28,Validated,0,0,0,45,0
INV0004271,FCT-901370,SUP00191,DPT012,,2024-12-09,9247.06,DZD,45,2025-01-23,Validated,1,0,0,45,0
INV0004272,FCT-902268,SUP00283,DPT004,PO0001685,2024-04-08,10041.58,DZD,30,2024-05-08,Validated,0,0,0,30,0
INV0004273,FCT-342083,SUP00013,DPT001,,2024-06-01,14905.65,DZD,30,2024-07-01,Validated,1,0,0,30,0
INV0004274,FCT-203434,SUP00014,DPT005,PO0004035,2024-04-09,351.5,DZD,45,2024-05-24,Validated,0,0,0,45,0
INV0004275,FCT-638468,SUP00004,DPT005,PO0001788,2024-12-30,10458.68,DZD,45,2025-02-13,Validated,0,0,0,45,0
INV0004276,FCT-221518,SUP00078,DPT006,PO0003662,2024-05-19,6079.12,EUR,45,2024-07-03,Validated,0,0,0,45,0
INV0004277,FCT-766173,SUP00301,DPT005,PO0004395,2024-05-23,3176.71,DZD,30,2024-06-22,Validated,0,0,0,30,0
INV0004278,FCT-711417,SUP00029,DPT006,PO0003048,2024-08-10,8119.14,DZD,60,2024-10-09,Validated,0,0,0,60,0
INV0004279,FCT-405394,SUP00005,DPT001,PO0004728,2024-03-31,17302.95,DZD,45,2024-05-15,Validated,0,0,0,45,0
INV0004280,FCT-554758,SUP00009,DPT012,PO0004438,2024-05-03,2190.7,DZD,30,2024-06-02,Validated,0,0,0,30,0
INV0004281,FCT-238579,SUP00009,DPT005,,2024-03-16,30100.17,DZD,30,2024-04-15,Validated,1,0,0,30,0
INV0004282,FCT-308386,SUP00052,DPT005,PO0002422,2024-09-20,22432.68,DZD,30,2024-10-20,Validated,0,0,0,30,0
INV0004283,FCT-834758,SUP00011,DPT006,PO0002862,2024-02-13,9188.04,DZD,45,2024-03-29,Validated,0,0,0,45,0
INV0004284,FCT-424158,SUP00012,DPT012,PO0003119,2024-08-29,1470.61,DZD,60,2024-10-28,Validated,0,0,0,60,0
INV0004285,FCT-570662,SUP00015,DPT009,PO0000591,2024-05-13,71555.54,DZD,45,2024-06-27,Validated,0,0,0,45,0
INV0004286,FCT-831515,SUP00049,DPT011,PO0001292,2024-02-09,8325.57,DZD,30,2024-03-10,Disputed,0,0,0,30,0
INV0004287,FCT-350022,SUP00028,DPT003,PO0004494,2024-12-19,7119.33,USD,45,2025-02-02,Pending Review,0,0,0,45,0
INV0004288,FCT-542847,SUP00212,DPT001,PO0004171,2024-05-04,6840.78,DZD,15,2024-05-19,Validated,0,0,0,15,0
INV0004289,FCT-124822,SUP00011,DPT003,,2024-04-28,11332.69,DZD,30,2024-05-28,Pending Review,1,0,0,30,0
INV0004290,FCT-200982,SUP00171,DPT001,PO0004839,2024-01-30,17430.53,DZD,30,2024-02-29,Disputed,0,0,0,30,0
INV0004291,FCT-872040,SUP00025,DPT010,,2024-12-01,100000.0,DZD,30,2024-12-31,Validated,1,1,1,30,0
INV0004292,FCT-829576,SUP00016,DPT003,PO0003572,2024-11-27,1437.71,DZD,15,2024-12-12,Validated,0,0,0,15,0
INV0004293,FCT-500351,SUP00091,DPT003,,2024-02-09,19735.42,EUR,30,2024-03-10,Pending Review,1,0,0,30,0
INV0004294,FCT-474660,SUP00236,DPT003,PO0000660,2024-04-14,2350.52,DZD,60,2024-06-13,Validated,0,0,0,60,0
INV0004295,FCT-599189,SUP00252,DPT006,PO0003869,2024-02-23,1890.35,DZD,30,2024-03-24,Validated,0,0,0,30,0
INV0004296,FCT-565486,SUP00021,DPT006,PO0001365,2024-09-13,5578.94,DZD,15,2024-09-28,Validated,0,0,0,15,0
INV0004297,FCT-220729,SUP00109,DPT003,,2024-02-29,3554.0,DZD,60,2024-04-29,Validated,1,0,0,60,0
INV0004298,FCT-250752,SUP00009,DPT007,,2024-05-23,9293.03,DZD,30,2024-06-22,Validated,1,0,0,30,0
INV0004299,FCT-174428,SUP00027,DPT004,PO0002050,2024-07-19,11563.74,DZD,15,2024-08-03,Validated,0,0,0,15,0
INV0004300,FCT-637288,SUP00223,DPT001,PO0000852,2024-12-14,3496.16,DZD,30,2025-01-13,Validated,0,0,0,30,0
INV0004301,FCT-420391,SUP00009,DPT005,,2024-12-28,6901.32,DZD,30,2025-01-27,Validated,1,0,0,30,0
INV0004302,FCT-639293,SUP00025,DPT004,PO0005065,2024-06-03,3435.35,DZD,30,2024-07-03,Pending Review,0,0,0,30,0
INV0004303,FCT-306210,SUP00002,DPT004,PO0003828,2024-03-15,10000.0,DZD,30,2024-04-14,Validated,0,1,0,30,0
INV0004304,FCT-427078,SUP00024,DPT004,,2024-07-28,10549.05,DZD,60,2024-09-26,Validated,1,0,0,60,0
INV0004305,FCT-130887,SUP00081,DPT011,PO0002460,2024-05-01,13699.4,DZD,90,2024-07-30,Validated,0,0,0,90,0
INV0004306,FCT-461219,SUP00007,DPT006,PO0000750,2024-06-12,4329.42,DZD,45,2024-07-27,Validated,0,0,0,45,0
INV0004307,FCT-258511,SUP00042,DPT001,PO0003684,2024-11-07,8079.43,DZD,45,2024-12-22,Validated,0,0,0,45,0
INV0004308,FCT-956338,SUP00109,DPT002,PO0004127,2024-06-03,10792.0,DZD,15,2024-06-18,Validated,0,0,0,15,0
INV0004309,FCT-688396,SUP00160,DPT006,PO0000847,2024-07-12,14202.7,DZD,45,2024-08-26,Validated,0,0,0,45,0
INV0004310,FCT-585734,SUP00181,DPT011,,2024-07-22,12865.11,EUR,30,2024-08-21,Validated,1,0,0,30,0
INV0004311,FCT-325814,SUP00302,DPT002,PO0001411,2024-05-05,5212.2,DZD,30,2024-06-04,Pending Review,0,0,0,30,0
INV0004312,FCT-370614,SUP00005,DPT011,PO0004064,2024-11-23,1600.13,DZD,45,2025-01-07,Pending Review,0,0,0,45,0
INV0004313,FCT-969248,SUP00001,DPT005,PO0000556,2024-06-03,10688.08,DZD,15,2024-06-18,Validated,0,0,0,15,0
INV0004314,FCT-278268,SUP00008,DPT009,PO0000226,2024-08-06,10095.37,DZD,45,2024-09-20,Validated,0,0,0,45,0
INV0004315,FCT-910774,SUP00099,DPT001,PO0005080,2024-09-25,1694.53,EUR,45,2024-11-09,Validated,0,0,0,45,0
INV0004316,FCT-896301,SUP00214,DPT003,PO0004431,2024-10-27,15894.01,DZD,30,2024-11-26,Validated,0,0,0,30,0
INV0004317,FCT-411149,SUP00226,DPT003,PO0004039,2024-05-12,7184.15,EUR,45,2024-06-26,Validated,0,0,0,45,0
INV0004318,FCT-264658,SUP00008,DPT008,PO0001332,2024-01-13,5175.91,DZD,45,2024-02-27,Validated,0,0,0,45,0
INV0004319,FCT-812185,SUP00315,DPT002,PO0004798,2024-08-29,7673.17,DZD,30,2024-09-28,Validated,0,0,0,30,0
INV0004320,FCT-907207,SUP00027,DPT002,,2024-02-06,17513.61,DZD,45,2024-03-22,Validated,1,0,0,45,0
INV0004321,FCT-261747,SUP00191,DPT002,PO0000179,2024-10-19,36036.78,DZD,60,2024-12-18,Validated,0,0,0,60,0
INV0004322,FCT-926916,SUP00169,DPT007,PO0005044,2024-12-29,5643.91,DZD,90,2025-03-29,Validated,0,0,0,90,0
INV0004323,FCT-518722,SUP00006,DPT003,,2024-01-21,4605.75,DZD,60,2024-03-21,Validated,1,0,0,60,0
INV0004324,FCT-785624,SUP00201,DPT002,PO0004421,2024-01-09,12075.72,DZD,30,2024-02-08,Validated,0,0,0,30,0
INV0004325,FCT-486197,SUP00184,DPT003,PO0004193,2024-09-30,1285.56,DZD,45,2024-11-14,Validated,0,0,0,45,0
INV0004326,FCT-730776,SUP00023,DPT010,PO0004734,2024-09-15,16182.27,DZD,30,2024-10-15,Validated,0,0,0,30,0
INV0004327,FCT-885657,SUP00022,DPT010,PO0004189,2024-12-10,1263.98,DZD,30,2025-01-09,Validated,0,0,0,30,0
INV0004328,FCT-288225,SUP00010,DPT004,PO0004134,2024-02-16,1235.82,DZD,90,2024-05-16,Validated,0,0,0,90,0
INV0004329,FCT-464580,SUP00240,DPT001,PO0003827,2024-01-30,35821.01,DZD,30,2024-02-29,Validated,0,0,0,30,0
INV0004330,FCT-590737,SUP00011,DPT002,PO0004464,2024-05-14,547.24,DZD,30,2024-06-13,Validated,0,0,0,30,0
INV0004331,FCT-246338,SUP00008,DPT002,PO0000161,2024-01-30,26992.66,DZD,15,2024-02-14,Validated,0,0,0,15,0
INV0004332,FCT-213861,SUP00005,DPT007,PO0003945,2024-11-25,36086.84,DZD,15,2024-12-10,Validated,0,0,0,15,0
INV0004333,FCT-728872,SUP00193,DPT004,PO0003887,2024-08-12,8870.6,DZD,60,2024-10-11,Validated,0,0,0,60,0
INV0004334,FCT-840051,SUP00026,DPT004,PO0002259,2024-09-01,12047.31,DZD,60,2024-10-31,Disputed,0,0,0,60,0
INV0004335,FCT-676386,SUP00008,DPT006,PO0003505,2024-09-03,982.19,DZD,30,2024-10-03,Validated,0,0,0,30,0
INV0004336,FCT-623504,SUP00015,DPT008,PO0005100,2024-07-07,3407.45,DZD,45,2024-08-21,Validated,0,0,0,45,0
INV0004337,FCT-389819,SUP00080,DPT011,PO0000968,2024-06-17,9065.4,DZD,90,2024-09-15,Validated,0,0,0,90,0
INV0004338,FCT-888302,SUP00008,DPT006,,2024-03-20,8766.75,DZD,30,2024-04-19,Validated,1,0,0,30,0
INV0004339,FCT-767604,SUP00007,DPT009,PO0004344,2024-12-07,10006.64,DZD,45,2025-01-21,Validated,0,0,0,45,0
INV0004340,FCT-538779,SUP00072,DPT008,PO0001797,2024-07-20,8761.31,DZD,30,2024-08-19,Validated,0,0,0,30,0
INV0004341,FCT-676192,SUP00008,DPT007,PO0001351,2024-02-16,6149.75,DZD,45,2024-04-01,Validated,0,0,0,45,0
INV0004342,FCT-809398,SUP00026,DPT002,PO0004457,2024-03-02,1472.82,EUR,45,2024-04-16,Validated,0,0,0,45,0
INV0004343,FCT-239112,SUP00130,DPT004,PO0000107,2024-02-13,8998.63,DZD,45,2024-03-29,Validated,0,0,0,45,0
INV0004344,FCT-608826,SUP00019,DPT001,PO0000050,2024-11-23,1623.95,DZD,60,2025-01-22,Validated,0,0,0,60,0
INV0004345,FCT-281891,SUP00243,DPT004,PO0002026,2024-01-04,3946.12,DZD,45,2024-02-18,Validated,0,0,0,45,0
INV0004346,FCT-425470,SUP00242,DPT005,PO0000174,2024-12-04,29761.51,DZD,30,2025-01-03,Validated,0,0,0,30,0
INV0004347,FCT-696041,SUP00006,DPT001,,2024-10-27,993.26,DZD,60,2024-12-26,Validated,1,0,0,60,0
INV0004348,FCT-823049,SUP00009,DPT009,PO0003757,2024-02-20,5203.36,DZD,45,2024-04-05,Validated,0,0,0,45,0
INV0004349,FCT-640162,SUP00278,DPT002,PO0000620,2024-02-02,5000.0,DZD,45,2024-03-18,Pending Review,0,1,0,45,0
INV0004350,FCT-921871,SUP00250,DPT001,PO0003428,2024-12-05,12513.07,DZD,60,2025-02-03,Validated,0,0,0,60,0
INV0004351,FCT-131364,SUP00005,DPT007,PO0003945,2024-08-08,8531.08,DZD,30,2024-09-07,Validated,0,0,0,30,0
INV0004352,FCT-291358,SUP00016,DPT009,PO0000897,2024-12-01,2754.88,DZD,30,2024-12-31,Validated,0,0,0,30,0
INV0004353,FCT-330165,SUP00231,DPT009,PO0003079,2024-12-05,27104.6,DZD,30,2025-01-04,Validated,0,0,0,30,0
INV0004354,FCT-756068,SUP00030,DPT003,PO0004806,2024-01-04,1469.12,DZD,30,2024-02-03,Validated,0,0,0,30,0
INV0004355,FCT-183449,SUP00184,DPT010,PO0000343,2024-01-20,13318.03,DZD,30,2024-02-19,Validated,0,0,0,30,0
INV0004356,FCT-280445,SUP00171,DPT010,,2024-10-16,7158.02,EUR,45,2024-11-30,Validated,1,0,0,45,1
INV0004357,FCT-976638,SUP00011,DPT004,,2024-02-12,2429.16,DZD,30,2024-03-13,Pending Review,1,0,0,30,0
INV0004358,FCT-455635,SUP00253,DPT001,PO0005192,2024-10-28,3837.26,DZD,30,2024-11-27,Validated,0,0,0,30,0
INV0004359,FCT-534832,SUP00005,DPT007,,2024-11-13,48184.85,USD,30,2024-12-13,Validated,1,0,0,30,0
INV0004360,FCT-928696,SUP00320,DPT004,PO0003984,2024-06-26,1577.43,USD,15,2024-07-11,Validated,0,0,0,15,0
INV0004361,FCT-556162,SUP00008,DPT003,PO0000484,2024-04-11,793.23,DZD,30,2024-05-11,Pending Review,0,0,0,30,0
INV0004362,FCT-296618,SUP00009,DPT001,,2024-12-27,2882.33,DZD,30,2025-01-26,Validated,1,0,0,30,0
INV0004363,FCT-231828,SUP00006,DPT001,PO0000347,2024-06-03,9651.79,DZD,45,2024-07-18,Validated,0,0,0,45,0
INV0004364,FCT-380746,SUP00027,DPT009,PO0001092,2024-03-28,30865.41,DZD,30,2024-04-27,Validated,0,0,0,30,0
INV0004365,FCT-521680,SUP00080,DPT001,PO0003533,2024-07-30,6180.07,DZD,30,2024-08-29,Validated,0,0,0,30,0
INV0004366,FCT-657756,SUP00055,DPT006,PO0002826,2024-05-02,922.58,USD,60,2024-07-01,Validated,0,0,0,60,0
INV0004367,FCT-967279,SUP00013,DPT006,PO0003808,2024-09-18,6700.4,EUR,30,2024-10-18,Validated,0,0,0,30,0
INV0004368,FCT-501127,SUP00007,DPT007,PO0001142,2024-12-25,16063.97,EUR,30,2025-01-24,Validated,0,0,0,30,0
INV0004369,FCT-878412,SUP00011,DPT001,PO0000877,2024-03-08,8678.51,DZD,90,2024-06-06,Validated,0,0,0,90,0
INV0004370,FCT-110996,SUP00007,DPT003,PO0004689,2024-04-01,10591.85,DZD,30,2024-05-01,Validated,0,0,0,30,0
INV0004371,FCT-533507,SUP00054,DPT002,PO0004109,2024-11-14,697.3,DZD,15,2024-11-29,Validated,0,0,0,15,0
INV0004372,FCT-449791,SUP00088,DPT002,PO0003233,2024-11-01,1282.48,DZD,30,2024-12-01,Validated,0,0,0,30,0
INV0004373,FCT-892604,SUP00006,DPT003,PO0004378,2024-10-09,5146.03,DZD,30,2024-11-08,Validated,0,0,0,30,0
INV0004374,FCT-951445,SUP00002,DPT011,PO0003588,2024-02-23,22104.06,DZD,45,2024-04-08,Validated,0,0,0,45,0
INV0004375,FCT-479521,SUP00012,DPT004,,2024-02-03,2421.53,EUR,15,2024-02-18,Pending Review,1,0,0,15,0
INV0004376,FCT-952951,SUP00001,DPT004,PO0003985,2024-04-19,7596.39,DZD,30,2024-05-19,Validated,0,0,0,30,0
INV0004377,FCT-651233,SUP00208,DPT004,PO0000127,2024-02-09,7267.54,EUR,15,2024-02-24,Validated,0,0,0,15,0
INV0004378,FCT-487476,SUP00242,DPT007,PO0004974,2024-06-23,1809.65,DZD,30,2024-07-23,Validated,0,0,0,30,0
INV0004379,FCT-444121,SUP00316,DPT002,,2024-09-15,2574.27,DZD,30,2024-10-15,Validated,1,0,0,30,0
INV0004380,FCT-109467,SUP00009,DPT003,PO0001725,2024-09-20,5831.45,DZD,15,2024-10-05,Validated,0,0,0,15,0
INV0004381,FCT-712621,SUP00005,DPT002,,2024-06-21,3942.38,DZD,30,2024-07-21,Validated,1,0,0,30,0
INV0004382,FCT-435455,SUP00202,DPT009,,2024-05-14,15423.95,DZD,90,2024-08-12,Validated,1,0,0,90,0
INV0004383,FCT-731732,SUP00176,DPT007,PO0000145,2024-06-14,3700.04,DZD,30,2024-07-14,Validated,0,0,0,30,0
INV0004384,FCT-444764,SUP00011,DPT010,PO0003995,2024-09-15,16649.63,DZD,30,2024-10-15,Validated,0,0,0,30,0
INV0004385,FCT-193463,SUP00261,DPT008,PO0000729,2024-03-20,3959.83,DZD,30,2024-04-19,Validated,0,0,0,30,0
INV0004386,FCT-911605,SUP00050,DPT007,PO0001631,2024-01-01,6170.41,USD,15,2024-01-16,Validated,0,0,0,15,0
INV0004387,FCT-908708,SUP00006,DPT007,,2024-09-17,15000.0,DZD,60,2024-11-16,Disputed,1,1,0,60,0
INV0004388,FCT-387677,SUP00030,DPT008,PO0005072,2024-08-19,5306.69,DZD,45,2024-10-03,Validated,0,0,0,45,0
INV0004389,FCT-325571,SUP00009,DPT007,,2024-02-11,3677.44,DZD,30,2024-03-12,Validated,1,0,0,30,0
INV0004390,FCT-637355,SUP00009,DPT007,PO0003138,2024-08-07,5543.76,DZD,45,2024-09-21,Validated,0,0,0,45,0
INV0004391,FCT-785762,SUP00180,DPT002,PO0004620,2024-05-16,16768.49,USD,30,2024-06-15,Disputed,0,0,0,30,0
INV0004392,FCT-538518,SUP00028,DPT002,PO0000332,2024-11-28,8790.31,DZD,15,2024-12-13,Validated,0,0,0,15,0
INV0004393,FCT-947945,SUP00204,DPT007,PO0000992,2024-09-20,509.63,DZD,45,2024-11-04,Validated,0,0,0,45,0
INV0004394,FCT-557814,SUP00095,DPT002,PO0003252,2024-06-24,2616.46,USD,90,2024-09-22,Validated,0,0,0,90,0
INV0004395,FCT-363895,SUP00225,DPT008,PO0004770,2024-12-23,2642.54,EUR,30,2025-01-22,Validated,0,0,0,30,0
INV0004396,FCT-733415,SUP00007,DPT011,PO0003245,2024-09-12,11743.3,EUR,15,2024-09-27,Validated,0,0,0,15,0
INV0004397,FCT-977623,SUP00007,DPT005,PO0000708,2024-03-18,662.69,EUR,30,2024-04-17,Validated,0,0,0,30,0
INV0004398,FCT-702883,SUP00198,DPT005,PO0002773,2024-08-14,8280.86,DZD,90,2024-11-12,Validated,0,0,0,90,0
INV0004399,FCT-796853,SUP00313,DPT009,PO0000210,2024-08-20,12474.27,EUR,30,2024-09-19,Validated,0,0,0,30,0
INV0004400,FCT-995368,SUP00024,DPT006,,2024-10-19,12476.32,DZD,60,2024-12-18,Validated,1,0,0,60,0
INV0004401,FCT-760109,SUP00007,DPT001,PO0002664,2024-01-24,5445.88,USD,30,2024-02-23,Validated,0,0,0,30,0
INV0004402,FCT-873938,SUP00022,DPT004,PO0003346,2024-11-25,936.09,EUR,30,2024-12-25,Pending Review,0,0,0,30,0
INV0004403,FCT-195387,SUP00042,DPT003,PO0000327,2024-04-07,10000.0,DZD,90,2024-07-06,Validated,0,1,0,90,0
INV0004404,FCT-255443,SUP00008,DPT010,PO0002114,2024-07-05,32692.19,DZD,30,2024-08-04,Validated,0,0,0,30,0
INV0004405,FCT-517058,SUP00009,DPT009,PO0001567,2024-02-05,3025.25,USD,30,2024-03-06,Validated,0,0,0,30,0
INV0004406,FCT-800024,SUP00302,DPT004,PO0004253,2024-02-29,73714.76,DZD,30,2024-03-30,Validated,0,0,0,30,0
INV0004407,FCT-526091,SUP00026,DPT001,PO0003118,2024-10-30,15257.48,USD,30,2024-11-29,Validated,0,0,0,30,0
INV0004408,FCT-854108,SUP00037,DPT011,PO0000126,2024-09-28,5092.53,DZD,15,2024-10-13,Validated,0,0,0,15,0
INV0004409,FCT-905555,SUP00006,DPT006,PO0000023,2024-06-01,7782.19,DZD,45,2024-07-16,Pending Review,0,0,0,45,0
INV0004410,FCT-382472,SUP00091,DPT012,PO0002681,2024-01-29,9233.01,EUR,30,2024-02-28,Pending Review,0,0,0,30,0
INV0004411,FCT-541319,SUP00010,DPT009,PO0004061,2024-11-21,3091.04,DZD,60,2025-01-20,Validated,0,0,0,60,0
INV0004412,FCT-777696,SUP00186,DPT002,PO0004855,2024-03-03,3729.68,DZD,90,2024-06-01,Pending Review,0,0,0,90,0
INV0004413,FCT-447154,SUP00317,DPT004,PO0004355,2024-01-15,59505.77,EUR,45,2024-02-29,Validated,0,0,0,45,0
INV0004414,FCT-145218,SUP00005,DPT004,PO0002172,2024-03-27,25000.0,DZD,30,2024-04-26,Validated,0,1,0,30,0
INV0004415,FCT-481936,SUP00217,DPT010,PO0000449,2024-09-11,3887.65,DZD,30,2024-10-11,Validated,0,0,0,30,0
INV0004416,FCT-761434,SUP00006,DPT003,PO0002298,2024-04-17,2451.2,DZD,30,2024-05-17,Validated,0,0,0,30,0
INV0004417,FCT-967336,SUP00023,DPT006,PO0002321,2024-07-06,960.89,DZD,45,2024-08-20,Validated,0,0,0,45,0
INV0004418,FCT-294025,SUP00159,DPT002,PO0003807,2024-02-13,71686.62,DZD,30,2024-03-14,Validated,0,0,0,30,0
INV0004419,FCT-652458,SUP00249,DPT003,PO0004923,2024-09-10,19495.48,USD,45,2024-10-25,Validated,0,0,0,45,0
INV0004420,FCT-641572,SUP00003,DPT002,,2024-12-18,25169.73,DZD,45,2025-02-01,Validated,1,0,0,45,0
INV0004421,FCT-548251,SUP00005,DPT007,PO0004447,2024-12-18,3213.48,USD,30,2025-01-17,Validated,0,0,0,30,0
INV0004422,FCT-885241,SUP00027,DPT001,PO0000322,2024-11-26,2979.14,EUR,60,2025-01-25,Validated,0,0,0,60,0
INV0004423,FCT-787500,SUP00294,DPT008,,2024-12-21,2080.32,DZD,90,2025-03-21,Pending Review,1,0,0,90,0
INV0004424,FCT-147488,SUP00002,DPT001,PO0004451,2024-11-03,158.54,EUR,60,2025-01-02,Validated,0,0,0,60,0
INV0004425,FCT-352787,SUP00005,DPT004,PO0002686,2024-10-30,2195.7,DZD,45,2024-12-14,Validated,0,0,0,45,0
INV0004426,FCT-124759,SUP00017,DPT011,PO0003471,2024-10-03,8669.17,USD,45,2024-11-17,Validated,0,0,0,45,0
INV0004427,FCT-869878,SUP00209,DPT002,PO0004293,2024-03-17,7987.67,DZD,45,2024-05-01,Validated,0,0,0,45,0
INV0004428,FCT-564262,SUP00007,DPT009,PO0004830,2024-03-07,2955.48,DZD,90,2024-06-05,Validated,0,0,0,90,0
INV0004429,FCT-660824,SUP00005,DPT012,PO0000880,2024-10-04,12744.45,DZD,30,2024-11-03,Validated,0,0,0,30,0
INV0004430,FCT-290212,SUP00005,DPT003,PO0001774,2024-04-13,2764.79,EUR,30,2024-05-13,Disputed,0,0,0,30,0
INV0004431,FCT-337889,SUP00246,DPT007,PO0001611,2024-12-15,14514.05,USD,30,2025-01-14,Validated,0,0,0,30,0
INV0004432,FCT-338172,SUP00006,DPT007,PO0002310,2024-09-01,14300.69,DZD,30,2024-10-01,Validated,0,0,0,30,0
INV0004433,FCT-187790,SUP00237,DPT001,PO0003445,2024-05-06,15398.68,DZD,30,2024-06-05,Validated,0,0,0,30,0
INV0004434,FCT-461303,SUP00005,DPT003,,2024-07-10,6535.01,DZD,30,2024-08-09,Validated,1,0,0,30,0
INV0004435,FCT-552247,SUP00002,DPT002,PO0002736,2024-05-07,2348.2,DZD,30,2024-06-06,Validated,0,0,0,30,0
INV0004436,FCT-758557,SUP00027,DPT007,PO0002805,2024-03-23,1523.61,DZD,30,2024-04-22,Validated,0,0,0,30,0
INV0004437,FCT-786274,SUP00025,DPT004,,2024-06-23,495.75,DZD,30,2024-07-23,Validated,1,0,0,30,0
INV0004438,FCT-432450,SUP00005,DPT002,PO0001530,2024-08-05,14339.11,DZD,90,2024-11-03,Validated,0,0,0,90,0
INV0004439,FCT-394648,SUP00138,DPT007,PO0003454,2024-09-10,863.76,DZD,15,2024-09-25,Validated,0,0,0,15,0
INV0004440,FCT-108561,SUP00009,DPT007,PO0004450,2024-05-07,5139.33,USD,30,2024-06-06,Validated,0,0,0,30,0
INV0004441,FCT-966758,SUP00002,DPT009,PO0002195,2024-03-31,5000.0,DZD,30,2024-04-30,Pending Review,0,1,0,30,0
INV0004442,FCT-262453,SUP00003,DPT011,PO0001296,2024-02-25,1755.51,DZD,30,2024-03-26,Pending Review,0,0,0,30,0
INV0004443,FCT-582162,SUP00003,DPT002,PO0002693,2024-02-27,5209.75,EUR,30,2024-03-28,Validated,0,0,0,30,0
INV0004444,FCT-627787,SUP00272,DPT005,PO0000169,2024-07-30,8663.12,DZD,30,2024-08-29,Validated,0,0,0,30,0
INV0004445,FCT-865600,SUP00009,DPT004,PO0004638,2024-04-14,4383.7,DZD,60,2024-06-13,Validated,0,0,0,60,0
INV0004446,FCT-211494,SUP00008,DPT005,PO0004776,2024-08-12,10192.95,USD,30,2024-09-11,Validated,0,0,0,30,0
INV0004447,FCT-211407,SUP00006,DPT002,PO0004646,2024-08-23,3600.03,DZD,30,2024-09-22,Validated,0,0,0,30,0
INV0004448,FCT-995613,SUP00243,DPT004,PO0001487,2024-10-30,4361.35,DZD,30,2024-11-29,Validated,0,0,0,30,0
INV0004449,FCT-590844,SUP00073,DPT001,PO0000835,2024-01-16,2160.09,DZD,30,2024-02-15,Validated,0,0,0,30,0
INV0004450,FCT-263368,SUP00242,DPT006,PO0000239,2024-11-23,5136.09,DZD,90,2025-02-21,Validated,0,0,0,90,0
INV0004451,FCT-980191,SUP00002,DPT003,PO0004359,2024-12-04,6044.96,DZD,15,2024-12-19,Validated,0,0,0,15,0
INV0004452,FCT-732990,SUP00166,DPT001,PO0000329,2024-06-14,2074.72,DZD,30,2024-07-14,Validated,0,0,0,30,0
INV0004453,FCT-491079,SUP00008,DPT004,PO0000246,2024-07-22,9830.94,DZD,30,2024-08-21,Validated,0,0,0,30,0
INV0004454,FCT-285001,SUP00317,DPT008,PO0004539,2024-12-01,352.38,DZD,60,2025-01-30,Validated,0,0,0,60,0
INV0004455,FCT-800402,SUP00112,DPT007,PO0003930,2024-02-08,20833.17,DZD,30,2024-03-09,Validated,0,0,0,30,0
INV0004456,FCT-795780,SUP00293,DPT004,PO0001741,2024-12-16,1176.03,DZD,30,2025-01-15,Validated,0,0,0,30,0
INV0004457,FCT-734591,SUP00004,DPT007,PO0002377,2024-09-20,19860.62,DZD,45,2024-11-04,Validated,0,0,0,45,0
INV0004458,FCT-780671,SUP00019,DPT008,,2024-09-16,20000.0,DZD,30,2024-10-16,Pending Review,1,1,0,30,0
INV0004459,FCT-406736,SUP00005,DPT004,,2024-04-14,19234.98,USD,30,2024-05-14,Validated,1,0,0,30,0
INV0004460,FCT-842737,SUP00027,DPT003,PO0001527,2024-12-30,1644.01,DZD,30,2025-01-29,Disputed,0,0,0,30,0
INV0004461,FCT-847194,SUP00126,DPT003,,2024-10-06,4749.83,DZD,15,2024-10-21,Validated,1,0,0,15,0
INV0004462,FCT-184344,SUP00037,DPT007,PO0004037,2024-12-09,8416.07,DZD,30,2025-01-08,Validated,0,0,0,30,0
INV0004463,FCT-498352,SUP00223,DPT009,PO0004608,2024-11-17,9819.73,DZD,30,2024-12-17,Validated,0,0,0,30,0
INV0004464,FCT-856544,SUP00005,DPT005,PO0003697,2024-08-31,15774.84,DZD,30,2024-09-30,Validated,0,0,0,30,0
INV0004465,FCT-446127,SUP00009,DPT002,PO0000491,2024-07-02,12696.09,DZD,30,2024-08-01,Validated,0,0,0,30,0
INV0004466,FCT-407588,SUP00299,DPT004,PO0004001,2024-05-19,10374.72,DZD,15,2024-06-03,Validated,0,0,0,15,0
INV0004467,FCT-697072,SUP00001,DPT001,PO0003063,2024-03-08,10562.53,EUR,30,2024-04-07,Validated,0,0,0,30,0
INV0004468,FCT-187660,SUP00008,DPT005,,2024-01-15,13178.18,DZD,30,2024-02-14,Validated,1,0,0,30,0
INV0004469,FCT-292410,SUP00002,DPT001,PO0003722,2024-06-21,6141.52,DZD,30,2024-07-21,Validated,0,0,0,30,0
INV0004470,FCT-274889,SUP00118,DPT006,PO0004782,2024-08-04,22421.14,DZD,30,2024-09-03,Validated,0,0,0,30,0
INV0004471,FCT-916692,SUP00268,DPT001,PO0004946,2024-07-27,5494.43,EUR,30,2024-08-26,Validated,0,0,0,30,0
INV0004472,FCT-315340,SUP00031,DPT001,PO0004729,2024-06-21,858.33,DZD,15,2024-07-06,Disputed,0,0,0,15,0
INV0004473,FCT-160099,SUP00320,DPT008,PO0004721,2024-05-11,25139.27,DZD,60,2024-07-10,Validated,0,0,0,60,0
INV0004474,FCT-571558,SUP00044,DPT011,PO0000640,2024-05-28,15000.0,DZD,30,2024-06-27,Validated,0,1,0,30,0
INV0004475,FCT-907661,SUP00007,DPT001,PO0003355,2024-10-07,5057.8,DZD,45,2024-11-21,Validated,0,0,0,45,0
INV0004476,FCT-158743,SUP00140,DPT007,PO0001317,2024-12-06,6844.31,DZD,60,2025-02-04,Validated,0,0,0,60,0
INV0004477,FCT-587148,SUP00125,DPT002,PO0004463,2024-04-09,33965.02,USD,45,2024-05-24,Validated,0,0,0,45,0
INV0004478,FCT-981122,SUP00118,DPT009,PO0000955,2024-08-25,20000.0,DZD,15,2024-09-09,Validated,0,1,0,15,0
INV0004479,FCT-702091,SUP00238,DPT009,PO0003389,2024-11-03,34437.95,USD,30,2024-12-03,Validated,0,0,0,30,0
INV0004480,FCT-622776,SUP00022,DPT003,PO0002455,2024-05-26,10325.98,DZD,30,2024-06-25,Validated,0,0,0,30,0
INV0004481,FCT-961468,SUP00030,DPT004,PO0001913,2024-06-08,3955.01,DZD,30,2024-07-08,Pending Review,0,0,0,30,0
INV0004482,FCT-156946,SUP00005,DPT009,PO0005167,2024-07-20,1331.15,DZD,30,2024-08-19,Disputed,0,0,0,30,0
INV0004483,FCT-964832,SUP00305,DPT009,PO0004989,2024-08-02,6668.01,DZD,30,2024-09-01,Validated,0,0,0,30,0
INV0004484,FCT-263594,SUP00303,DPT004,PO0002984,2024-12-01,27207.72,DZD,60,2025-01-30,Validated,0,0,0,60,0
INV0004485,FCT-867370,SUP00004,DPT002,PO0000211,2024-01-21,3122.0,DZD,45,2024-03-06,Validated,0,0,0,45,0
INV0004486,FCT-777138,SUP00010,DPT002,,2024-10-26,9150.52,DZD,15,2024-11-10,Validated,1,0,0,15,0
INV0004487,FCT-787411,SUP00007,DPT005,PO0005023,2024-03-17,35077.48,DZD,30,2024-04-16,Validated,0,0,0,30,0
INV0004488,FCT-460273,SUP00257,DPT009,,2024-05-13,781.49,DZD,60,2024-07-12,Validated,1,0,0,60,0
INV0004489,FCT-612175,SUP00317,DPT001,PO0003599,2024-06-09,9482.35,DZD,30,2024-07-09,Validated,0,0,0,30,0
INV0004490,FCT-582261,SUP00305,DPT004,PO0002069,2024-07-03,11352.04,DZD,30,2024-08-02,Validated,0,0,0,30,0
INV0004491,FCT-303161,SUP00034,DPT005,PO0004315,2024-09-26,9040.78,DZD,45,2024-11-10,Validated,0,0,0,45,0
INV0004492,FCT-975206,SUP00176,DPT002,,2024-03-01,25000.0,DZD,30,2024-03-31,Validated,1,1,0,30,0
INV0004493,FCT-496187,SUP00006,DPT004,,2024-12-20,2507.02,USD,60,2025-02-18,Validated,1,0,0,60,0
INV0004494,FCT-767313,SUP00125,DPT003,PO0002556,2024-10-31,545.28,DZD,45,2024-12-15,Validated,0,0,0,45,0
INV0004495,FCT-620786,SUP00005,DPT006,PO0004709,2024-01-27,1319.07,DZD,30,2024-02-26,Validated,0,0,0,30,0
INV0004496,FCT-160043,SUP00026,DPT004,PO0004775,2024-07-24,15839.44,DZD,60,2024-09-22,Disputed,0,0,0,60,0
INV0004497,FCT-319076,SUP00015,DPT003,PO0000431,2024-12-07,4107.28,DZD,30,2025-01-06,Validated,0,0,0,30,0
INV0004498,FCT-985089,SUP00124,DPT010,PO0001864,2024-01-14,15400.14,DZD,30,2024-02-13,Validated,0,0,0,30,0
INV0004499,FCT-642328,SUP00006,DPT002,PO0002901,2024-04-22,14461.22,DZD,60,2024-06-21,Validated,0,0,0,60,0
INV0004500,FCT-415436,SUP00230,DPT012,PO0004816,2024-06-16,1648.84,DZD,45,2024-07-31,Validated,0,0,0,45,0
INV0004501,FCT-606555,SUP00007,DPT007,PO0002068,2024-12-24,7292.97,DZD,30,2025-01-23,Validated,0,0,0,30,0
INV0004502,FCT-579526,SUP00026,DPT006,,2024-07-22,968.55,DZD,45,2024-09-05,Pending Review,1,0,0,45,0
INV0004503,FCT-746198,SUP00009,DPT003,PO0004026,2024-01-17,8233.14,DZD,60,2024-03-17,Validated,0,0,0,60,0
INV0004504,FCT-937449,SUP00207,DPT010,PO0000607,2024-08-19,9772.13,DZD,30,2024-09-18,Validated,0,0,0,30,0
INV0004505,FCT-667781,SUP00173,DPT001,PO0001990,2024-07-04,4621.45,DZD,45,2024-08-18,Validated,0,0,0,45,0
INV0004506,FCT-236377,SUP00087,DPT002,PO0001829,2024-08-03,867.47,DZD,45,2024-09-17,Validated,0,0,0,45,0
INV0004507,FCT-878275,SUP00002,DPT010,PO0003904,2024-10-10,1084.79,DZD,30,2024-11-09,Disputed,0,0,0,30,0
INV0004508,FCT-222095,SUP00168,DPT001,PO0002832,2024-02-04,111749.92,DZD,15,2024-02-19,Validated,0,0,1,15,0
INV0004509,FCT-477642,SUP00005,DPT007,PO0001110,2024-05-07,12266.2,DZD,30,2024-06-06,Validated,0,0,0,30,0
INV0004510,FCT-306184,SUP00004,DPT007,PO0000661,2024-02-18,50000.0,DZD,15,2024-03-04,Validated,0,1,0,15,0
INV0004511,FCT-618944,SUP00084,DPT004,PO0004939,2024-12-21,18104.19,DZD,30,2025-01-20,Validated,0,0,0,30,0
INV0004512,FCT-949588,SUP00003,DPT009,PO0000311,2024-12-04,32610.41,DZD,30,2025-01-03,Validated,0,0,0,30,0
INV0004513,FCT-644592,SUP00252,DPT008,PO0000218,2024-12-03,100000.0,DZD,60,2025-02-01,Validated,0,1,1,60,0
INV0004514,FCT-109926,SUP00155,DPT009,PO0002893,2024-04-05,4805.34,DZD,45,2024-05-20,Validated,0,0,0,45,0
INV0004515,FCT-413050,SUP00049,DPT007,PO0000948,2024-04-30,4088.95,DZD,45,2024-06-14,Validated,0,0,0,45,0
INV0004516,FCT-313985,SUP00074,DPT010,,2024-06-18,14991.89,DZD,30,2024-07-18,Disputed,1,0,0,30,0
INV0004517,FCT-695707,SUP00021,DPT001,PO0000681,2024-01-02,4579.12,DZD,30,2024-02-01,Validated,0,0,0,30,0
INV0004518,FCT-445037,SUP00148,DPT004,PO0004281,2024-11-10,23824.14,DZD,30,2024-12-10,Validated,0,0,0,30,0
INV0004519,FCT-397329,SUP00205,DPT001,PO0001760,2024-03-05,6828.82,EUR,45,2024-04-19,Validated,0,0,0,45,0
INV0004520,FCT-948501,SUP00009,DPT007,,2024-09-06,14950.68,EUR,30,2024-10-06,Validated,1,0,0,30,0
INV0004521,FCT-800156,SUP00002,DPT005,PO0003045,2024-01-12,19840.81,DZD,60,2024-03-12,Validated,0,0,0,60,0
INV0004522,FCT-587917,SUP00119,DPT004,PO0001587,2024-02-18,1347.8,EUR,15,2024-03-04,Validated,0,0,0,15,0
INV0004523,FCT-917059,SUP00276,DPT011,PO0001546,2024-09-05,7097.89,DZD,45,2024-10-20,Validated,0,0,0,45,0
INV0004524,FCT-733882,SUP00008,DPT002,PO0000161,2024-01-22,22483.5,DZD,15,2024-02-06,Validated,0,0,0,15,0
INV0004525,FCT-327257,SUP00004,DPT004,PO0004182,2024-02-21,2373.89,DZD,30,2024-03-22,Validated,0,0,0,30,0
INV0004526,FCT-420807,SUP00020,DPT005,PO0000098,2024-03-15,3196.73,DZD,45,2024-04-29,Validated,0,0,0,45,0
INV0004527,FCT-626706,SUP00314,DPT002,PO0003262,2024-06-24,23899.86,DZD,45,2024-08-08,Pending Review,0,0,0,45,0
INV0004528,FCT-418932,SUP00010,DPT006,PO0000583,2024-03-19,34790.1,DZD,15,2024-04-03,Disputed,0,0,0,15,0
INV0004529,FCT-874969,SUP00134,DPT010,PO0003056,2024-03-09,104.61,EUR,45,2024-04-23,Validated,0,0,0,45,0
INV0004530,FCT-460562,SUP00005,DPT012,,2024-03-09,23824.71,DZD,30,2024-04-08,Validated,1,0,0,30,0
INV0004531,FCT-625680,SUP00204,DPT007,PO0001752,2024-11-12,5000.0,DZD,60,2025-01-11,Validated,0,1,0,60,0
INV0004532,FCT-154471,SUP00232,DPT008,PO0004083,2024-10-24,5582.58,DZD,60,2024-12-23,Pending Review,0,0,0,60,0
INV0004533,FCT-478585,SUP00249,DPT003,PO0004923,2024-04-17,1219.7,DZD,45,2024-06-01,Validated,0,0,0,45,0
INV0004534,FCT-373057,SUP00010,DPT003,PO0004881,2024-08-23,3198.1,DZD,15,2024-09-07,Validated,0,0,0,15,0
INV0004535,FCT-724450,SUP00019,DPT004,,2024-09-11,6773.07,DZD,30,2024-10-11,Validated,1,0,0,30,0
INV0004536,FCT-892166,SUP00009,DPT006,PO0000381,2024-03-31,11052.22,DZD,30,2024-04-30,Validated,0,0,0,30,0
INV0004537,FCT-462101,SUP00007,DPT001,PO0002246,2024-08-01,31064.37,DZD,30,2024-08-31,Validated,0,0,0,30,0
INV0004538,FCT-126423,SUP00192,DPT007,PO0004928,2024-01-22,1277.85,DZD,30,2024-02-21,Pending Review,0,0,0,30,0
INV0004539,FCT-530544,SUP00015,DPT010,,2024-05-17,5000.0,DZD,30,2024-06-16,Validated,1,1,0,30,0
INV0004540,FCT-488615,SUP00009,DPT012,PO0004438,2024-08-06,4361.56,DZD,30,2024-09-05,Validated,0,0,0,30,0
INV0004541,FCT-993468,SUP00005,DPT004,PO0001030,2024-10-04,4469.65,DZD,30,2024-11-03,Validated,0,0,0,30,0
INV0004542,FCT-245603,SUP00007,DPT002,PO0002254,2024-05-15,42425.21,DZD,30,2024-06-14,Validated,0,0,0,30,0
INV0004543,FCT-441551,SUP00005,DPT012,PO0000880,2024-02-11,15816.51,DZD,15,2024-02-26,Validated,0,0,0,15,0
INV0004544,FCT-142572,SUP00018,DPT007,,2024-09-15,867.25,DZD,45,2024-10-30,Pending Review,1,0,0,45,0
INV0004545,FCT-916683,SUP00059,DPT004,PO0001224,2024-09-16,5485.8,DZD,30,2024-10-16,Validated,0,0,0,30,0
INV0004546,FCT-799689,SUP00231,DPT007,PO0001832,2024-02-07,2540.55,DZD,15,2024-02-22,Validated,0,0,0,15,0
INV0004547,FCT-767864,SUP00061,DPT011,PO0002430,2024-03-06,3641.57,DZD,30,2024-04-05,Validated,0,0,0,30,0
INV0004548,FCT-649578,SUP00179,DPT010,,2024-04-11,5160.86,DZD,90,2024-07-10,Validated,1,0,0,90,0
INV0004549,FCT-478306,SUP00028,DPT007,PO0000718,2024-01-30,10226.32,DZD,60,2024-03-30,Validated,0,0,0,60,0
INV0004550,FCT-803395,SUP00127,DPT002,PO0001192,2024-10-13,25000.0,DZD,45,2024-11-27,Validated,0,1,0,45,0
INV0004551,FCT-911937,SUP00007,DPT003,,2024-12-19,4651.69,DZD,30,2025-01-18,Validated,1,0,0,30,0
INV0004552,FCT-254692,SUP00299,DPT004,,2024-11-03,50000.0,DZD,30,2024-12-03,Pending Review,1,1,0,30,0
INV0004553,FCT-235547,SUP00163,DPT012,PO0004654,2024-03-03,9337.38,DZD,45,2024-04-17,Validated,0,0,0,45,0
INV0004554,FCT-675868,SUP00006,DPT005,PO0000713,2024-04-08,5648.15,DZD,30,2024-05-08,Validated,0,0,0,30,0
INV0004555,FCT-958209,SUP00122,DPT012,,2024-04-06,17648.81,DZD,30,2024-05-06,Validated,1,0,0,30,0
INV0004556,FCT-682621,SUP00288,DPT002,PO0005068,2024-06-17,8081.83,DZD,30,2024-07-17,Pending Review,0,0,0,30,0
INV0004557,FCT-735883,SUP00301,DPT012,PO0002565,2024-01-04,12013.31,DZD,30,2024-02-03,Validated,0,0,0,30,0
INV0004558,FCT-395513,SUP00262,DPT003,,2024-03-22,7846.58,DZD,30,2024-04-21,Validated,1,0,0,30,0
INV0004559,FCT-591920,SUP00097,DPT011,PO0002336,2024-09-04,1600.41,DZD,15,2024-09-19,Validated,0,0,0,15,0
INV0004560,FCT-230481,SUP00048,DPT004,PO0002656,2024-08-28,3901.5,DZD,15,2024-09-12,Pending Review,0,0,0,15,0
INV0004561,FCT-502837,SUP00003,DPT005,PO0001823,2024-10-04,2782.04,DZD,30,2024-11-03,Validated,0,0,0,30,0
INV0004562,FCT-894377,SUP00004,DPT002,PO0004067,2024-06-03,14367.5,DZD,30,2024-07-03,Disputed,0,0,0,30,0
INV0004563,FCT-936949,SUP00024,DPT003,PO0000056,2024-01-08,15981.86,DZD,60,2024-03-08,Validated,0,0,0,60,0
INV0004564,FCT-633371,SUP00054,DPT001,PO0001389,2024-12-23,5463.48,DZD,30,2025-01-22,Validated,0,0,0,30,0
INV0004565,FCT-828824,SUP00275,DPT006,PO0001413,2024-07-07,50000.0,DZD,30,2024-08-06,Validated,0,1,0,30,0
INV0004566,FCT-506479,SUP00005,DPT001,PO0004075,2024-11-28,976.12,USD,30,2024-12-28,Validated,0,0,0,30,0
INV0004567,FCT-594567,SUP00093,DPT001,PO0001175,2024-11-05,3834.4,DZD,30,2024-12-05,Validated,0,0,0,30,0
INV0004568,FCT-422017,SUP00210,DPT007,PO0001910,2024-02-14,337.86,DZD,45,2024-03-30,Validated,0,0,0,45,0
INV0004569,FCT-833737,SUP00021,DPT009,PO0002966,2024-10-14,15222.16,EUR,30,2024-11-13,Validated,0,0,0,30,0
INV0004570,FCT-145960,SUP00274,DPT011,PO0000264,2024-08-24,77907.66,EUR,45,2024-10-08,Validated,0,0,0,45,0
INV0004571,FCT-602798,SUP00004,DPT001,PO0001637,2024-10-20,15000.0,DZD,30,2024-11-19,Validated,0,1,0,30,0
INV0004572,FCT-375493,SUP00023,DPT008,PO0003531,2024-09-13,7810.0,DZD,45,2024-10-28,Pending Review,0,0,0,45,0
INV0004573,FCT-754893,SUP00026,DPT004,PO0004775,2024-01-25,9699.43,DZD,30,2024-02-24,Validated,0,0,0,30,0
INV0004574,FCT-574948,SUP00016,DPT003,PO0002716,2024-02-08,25000.0,DZD,45,2024-03-24,Validated,0,1,0,45,0
INV0004575,FCT-673307,SUP00016,DPT005,PO0001271,2024-04-13,5160.61,DZD,30,2024-05-13,Validated,0,0,0,30,0
INV0004576,FCT-750939,SUP00038,DPT009,PO0002025,2024-03-15,10279.31,EUR,30,2024-04-14,Pending Review,0,0,0,30,0
INV0004577,FCT-275338,SUP00123,DPT006,PO0004484,2024-07-09,25000.0,DZD,45,2024-08-23,Validated,0,1,0,45,0
INV0004578,FCT-798517,SUP00008,DPT011,,2024-12-28,6428.61,DZD,30,2025-01-27,Validated,1,0,0,30,0
INV0004579,FCT-295726,SUP00199,DPT001,PO0003215,2024-07-05,4269.14,DZD,30,2024-08-04,Disputed,0,0,0,30,0
INV0004580,FCT-671452,SUP00023,DPT001,PO0004027,2024-05-03,2348.37,USD,30,2024-06-02,Validated,0,0,0,30,0
INV0004581,FCT-749755,SUP00045,DPT004,PO0001782,2024-10-03,13060.86,EUR,30,2024-11-02,Validated,0,0,0,30,0
INV0004582,FCT-201294,SUP00013,DPT004,PO0003902,2024-06-26,45452.59,DZD,45,2024-08-10,Validated,0,0,0,45,0
INV0004583,FCT-352231,SUP00220,DPT006,PO0000224,2024-12-01,598.12,DZD,30,2024-12-31,Validated,0,0,0,30,0
INV0004584,FCT-288358,SUP00032,DPT001,PO0002535,2024-06-07,504.6,DZD,45,2024-07-22,Validated,0,0,0,45,0
INV0004585,FCT-904053,SUP00271,DPT003,PO0002613,2024-09-18,1485.19,DZD,30,2024-10-18,Validated,0,0,0,30,0
INV0004586,FCT-396053,SUP00210,DPT004,PO0000009,2024-01-30,3614.17,EUR,45,2024-03-15,Pending Review,0,0,0,45,0
INV0004587,FCT-579127,SUP00086,DPT004,PO0000328,2024-06-24,4439.89,DZD,45,2024-08-08,Validated,0,0,0,45,0
INV0004588,FCT-471576,SUP00025,DPT003,,2024-06-06,6948.18,DZD,30,2024-07-06,Pending Review,1,0,0,30,0
INV0004589,FCT-224772,SUP00207,DPT010,PO0000607,2024-08-03,6524.8,DZD,45,2024-09-17,Validated,0,0,0,45,0
INV0004590,FCT-263713,SUP00006,DPT002,PO0004578,2024-10-07,5118.14,DZD,30,2024-11-06,Validated,0,0,0,30,0
INV0004591,FCT-789613,SUP00013,DPT004,PO0001953,2024-01-02,25925.41,DZD,30,2024-02-01,Validated,0,0,0,30,0
INV0004592,FCT-437727,SUP00005,DPT008,PO0005120,2024-04-21,2069.98,DZD,30,2024-05-21,Validated,0,0,0,30,0
INV0004593,FCT-774273,SUP00222,DPT006,,2024-06-13,17040.58,DZD,30,2024-07-13,Validated,1,0,0,30,0
INV0004594,FCT-833089,SUP00027,DPT001,PO0005194,2024-08-24,58857.55,EUR,45,2024-10-08,Validated,0,0,0,45,0
INV0004595,FCT-685726,SUP00017,DPT004,,2024-02-11,1106.38,USD,90,2024-05-11,Pending Review,1,0,0,90,0
INV0004596,FCT-254686,SUP00299,DPT003,,2024-09-13,637.64,DZD,30,2024-10-13,Validated,1,0,0,30,0
INV0004597,FCT-918060,SUP00019,DPT007,PO0003383,2024-09-24,7431.31,DZD,60,2024-11-23,Validated,0,0,0,60,0
INV0004598,FCT-643698,SUP00001,DPT006,PO0000121,2024-07-15,12630.27,DZD,45,2024-08-29,Validated,0,0,0,45,0
INV0004599,FCT-771492,SUP00006,DPT008,PO0004187,2024-10-12,6258.18,DZD,30,2024-11-11,Validated,0,0,0,30,0
INV0004600,FCT-935460,SUP00003,DPT003,PO0002840,2024-07-06,520.78,DZD,30,2024-08-05,Validated,0,0,0,30,0
INV0004601,FCT-794903,SUP00179,DPT009,PO0004954,2024-12-30,862.79,EUR,45,2025-02-13,Validated,0,0,0,45,0
INV0004602,FCT-524692,SUP00006,DPT009,,2024-01-19,3346.78,DZD,60,2024-03-19,Validated,1,0,0,60,0
INV0004603,FCT-553946,SUP00004,DPT006,PO0000962,2024-06-17,9682.8,DZD,30,2024-07-17,Validated,0,0,0,30,0
INV0004604,FCT-125124,SUP00002,DPT002,PO0002035,2024-09-20,3993.0,DZD,60,2024-11-19,Validated,0,0,0,60,0
INV0004605,FCT-787867,SUP00122,DPT008,PO0003506,2024-02-01,7672.37,DZD,45,2024-03-17,Validated,0,0,0,45,0
INV0004606,FCT-306107,SUP00270,DPT008,PO0002673,2024-08-31,7428.33,DZD,90,2024-11-29,Validated,0,0,0,90,0
INV0004607,FCT-484503,SUP00037,DPT006,,2024-02-20,17515.08,DZD,45,2024-04-05,Validated,1,0,0,45,0
INV0004608,FCT-543049,SUP00010,DPT004,PO0005031,2024-08-07,1579.78,DZD,15,2024-08-22,Validated,0,0,0,15,0
INV0004609,FCT-504318,SUP00010,DPT004,PO0002571,2024-11-27,6643.41,DZD,45,2025-01-11,Validated,0,0,0,45,0
INV0004610,FCT-958090,SUP00006,DPT002,PO0003440,2024-03-29,31398.82,DZD,30,2024-04-28,Validated,0,0,0,30,0
INV0004611,FCT-640627,SUP00003,DPT009,PO0001793,2024-03-12,2419.94,DZD,45,2024-04-26,Pending Review,0,0,0,45,0
INV0004612,FCT-854479,SUP00011,DPT001,PO0000724,2024-08-11,15000.0,DZD,90,2024-11-09,Validated,0,1,0,90,0
INV0004613,FCT-781242,SUP00008,DPT001,PO0003469,2024-05-12,6628.96,DZD,30,2024-06-11,Validated,0,0,0,30,0
INV0004614,FCT-696306,SUP00006,DPT002,PO0002264,2024-10-16,1779.69,USD,45,2024-11-30,Disputed,0,0,0,45,0
INV0004615,FCT-182263,SUP00027,DPT009,PO0002888,2024-02-18,1573.48,DZD,90,2024-05-18,Validated,0,0,0,90,0
INV0004616,FCT-239189,SUP00010,DPT011,PO0003844,2024-10-15,4027.04,EUR,45,2024-11-29,Validated,0,0,0,45,0
INV0004617,FCT-535952,SUP00211,DPT004,PO0003420,2024-10-25,4533.91,DZD,90,2025-01-23,Validated,0,0,0,90,0
INV0004618,FCT-852001,SUP00279,DPT005,PO0002393,2024-09-30,14245.38,DZD,30,2024-10-30,Validated,0,0,0,30,0
INV0004619,FCT-112055,SUP00006,DPT008,PO0004005,2024-04-19,2140.47,DZD,30,2024-05-19,Validated,0,0,0,30,0
INV0004620,FCT-851116,SUP00024,DPT002,PO0003225,2024-09-21,6217.05,EUR,45,2024-11-05,Validated,0,0,0,45,0
INV0004621,FCT-551585,SUP00171,DPT007,PO0002709,2024-05-15,24821.33,DZD,60,2024-07-14,Validated,0,0,0,60,0
INV0004622,FCT-592894,SUP00295,DPT001,PO0000940,2024-06-05,23179.87,DZD,30,2024-07-05,Validated,0,0,0,30,0
INV0004623,FCT-489731,SUP00015,DPT010,PO0004813,2024-09-27,5288.44,EUR,90,2024-12-26,Validated,0,0,0,90,0
INV0004624,FCT-531394,SUP00007,DPT008,PO0000926,2024-12-04,7459.58,DZD,15,2024-12-19,Validated,0,0,0,15,0
INV0004625,FCT-155681,SUP00002,DPT001,PO0000825,2024-08-06,25000.0,DZD,30,2024-09-05,Pending Review,0,1,0,30,0
INV0004626,FCT-497155,SUP00014,DPT001,PO0005029,2024-12-22,8368.1,DZD,15,2025-01-06,Validated,0,0,0,15,0
INV0004627,FCT-419079,SUP00092,DPT008,PO0002514,2024-08-05,34887.87,EUR,30,2024-09-04,Pending Review,0,0,0,30,0
INV0004628,FCT-477904,SUP00034,DPT011,PO0001282,2024-11-01,26748.5,EUR,30,2024-12-01,Validated,0,0,0,30,0
INV0004629,FCT-353818,SUP00009,DPT001,,2024-01-19,5851.29,DZD,30,2024-02-18,Validated,1,0,0,30,0
INV0004630,FCT-617923,SUP00091,DPT006,,2024-03-13,8935.49,DZD,30,2024-04-12,Validated,1,0,0,30,0
INV0004631,FCT-903738,SUP00014,DPT009,PO0001047,2024-03-20,2576.47,EUR,30,2024-04-19,Validated,0,0,0,30,0
INV0004632,FCT-179625,SUP00004,DPT008,PO0001702,2024-04-26,2060.7,DZD,30,2024-05-26,Validated,0,0,0,30,0
INV0004633,FCT-494251,SUP00008,DPT006,PO0002729,2024-04-10,3948.53,DZD,30,2024-05-10,Pending Review,0,0,0,30,0
INV0004634,FCT-325780,SUP00001,DPT002,PO0001711,2024-09-12,8195.75,USD,90,2024-12-11,Validated,0,0,0,90,0
INV0004635,FCT-178767,SUP00185,DPT008,PO0003061,2024-12-29,13769.53,DZD,30,2025-01-28,Validated,0,0,0,30,0
INV0004636,FCT-784691,SUP00045,DPT011,PO0001417,2024-03-04,5479.92,DZD,15,2024-03-19,Disputed,0,0,0,15,0
INV0004637,FCT-460195,SUP00009,DPT003,PO0000287,2024-03-23,9958.42,DZD,30,2024-04-22,Validated,0,0,0,30,0
INV0004638,FCT-573059,SUP00010,DPT010,,2024-12-04,319.07,DZD,15,2024-12-19,Validated,1,0,0,15,0
INV0004639,FCT-677978,SUP00250,DPT009,PO0004875,2024-05-16,7302.81,DZD,45,2024-06-30,Validated,0,0,0,45,0
INV0004640,FCT-277771,SUP00009,DPT001,PO0000625,2024-09-11,2941.7,DZD,45,2024-10-26,Validated,0,0,0,45,0
INV0004641,FCT-924750,SUP00105,DPT009,PO0000250,2024-03-11,1424.45,DZD,90,2024-06-09,Validated,0,0,0,90,0
INV0004642,FCT-906674,SUP00009,DPT002,PO0000528,2024-11-24,10118.13,DZD,90,2025-02-22,Validated,0,0,0,90,0
INV0004643,FCT-885404,SUP00008,DPT006,PO0001335,2024-06-22,31705.15,DZD,30,2024-07-22,Validated,0,0,0,30,0
INV0004644,FCT-350782,SUP00043,DPT006,PO0003692,2024-11-14,5908.96,DZD,30,2024-12-14,Validated,0,0,0,30,0
INV0004645,FCT-495327,SUP00011,DPT002,PO0000296,2024-01-01,16510.68,DZD,45,2024-02-15,Pending Review,0,0,0,45,0
INV0004646,FCT-343823,SUP00002,DPT005,PO0000515,2024-07-17,3713.15,DZD,30,2024-08-16,Validated,0,0,0,30,0
INV0004647,FCT-669758,SUP00009,DPT007,PO0003138,2024-10-20,63626.95,DZD,30,2024-11-19,Validated,0,0,0,30,0
INV0004648,FCT-365464,SUP00008,DPT004,PO0004404,2024-02-21,979.83,USD,45,2024-04-06,Validated,0,0,0,45,0
INV0004649,FCT-970685,SUP00163,DPT008,PO0000477,2024-11-18,5345.44,EUR,45,2025-01-02,Validated,0,0,0,45,0
INV0004650,FCT-321637,SUP00171,DPT011,,2024-10-12,14244.91,USD,45,2024-11-26,Validated,1,0,0,45,0
INV0004651,FCT-234084,SUP00021,DPT007,PO0003480,2024-06-27,5793.55,DZD,90,2024-09-25,Validated,0,0,0,90,0
INV0004652,FCT-540600,SUP00142,DPT006,PO0001518,2024-11-29,29227.87,DZD,30,2024-12-29,Validated,0,0,0,30,0
INV0004653,FCT-894850,SUP00009,DPT002,PO0002241,2024-11-04,553.33,EUR,30,2024-12-04,Validated,0,0,0,30,0
INV0004654,FCT-126219,SUP00187,DPT007,,2024-03-06,5282.36,DZD,60,2024-05-05,Validated,1,0,0,60,0
INV0004655,FCT-861881,SUP00225,DPT004,PO0004947,2024-01-02,4506.47,DZD,45,2024-02-16,Validated,0,0,0,45,0
INV0004656,FCT-832354,SUP00012,DPT007,PO0001471,2024-03-28,5287.72,DZD,45,2024-05-12,Validated,0,0,0,45,0
INV0004657,FCT-923179,SUP00004,DPT002,PO0000721,2024-06-08,972.26,USD,15,2024-06-23,Validated,0,0,0,15,0
INV0004658,FCT-598908,SUP00002,DPT004,,2024-09-06,4293.93,DZD,90,2024-12-05,Validated,1,0,0,90,0
INV0004659,FCT-970162,SUP00007,DPT010,,2024-03-03,4071.89,USD,30,2024-04-02,Validated,1,0,0,30,1
INV0004660,FCT-462316,SUP00014,DPT006,PO0001769,2024-04-18,7939.81,DZD,45,2024-06-02,Validated,0,0,0,45,0
INV0004661,FCT-248246,SUP00010,DPT001,PO0002875,2024-05-22,21226.4,DZD,60,2024-07-21,Validated,0,0,0,60,0
INV0004662,FCT-117809,SUP00009,DPT005,PO0002999,2024-07-10,6824.04,DZD,30,2024-08-09,Validated,0,0,0,30,0
INV0004663,FCT-604547,SUP00016,DPT001,PO0000879,2024-06-03,9705.37,DZD,45,2024-07-18,Validated,0,0,0,45,0
INV0004664,FCT-151939,SUP00029,DPT008,PO0001169,2024-06-05,25492.67,EUR,90,2024-09-03,Validated,0,0,0,90,0
INV0004665,FCT-248980,SUP00028,DPT011,,2024-09-04,23566.63,DZD,45,2024-10-19,Pending Review,1,0,0,45,0
INV0004666,FCT-964610,SUP00008,DPT004,PO0000445,2024-08-31,386.81,DZD,30,2024-09-30,Validated,0,0,0,30,0
INV0004667,FCT-343451,SUP00109,DPT004,PO0005131,2024-10-19,15018.08,DZD,45,2024-12-03,Validated,0,0,0,45,0
INV0004668,FCT-252435,SUP00288,DPT010,PO0000565,2024-12-13,14910.01,EUR,90,2025-03-13,Validated,0,0,0,90,0
INV0004669,FCT-814934,SUP00070,DPT006,PO0005071,2024-12-09,15000.0,DZD,60,2025-02-07,Validated,0,1,0,60,0
INV0004670,FCT-382660,SUP00005,DPT001,PO0004728,2024-11-09,3542.91,DZD,30,2024-12-09,Validated,0,0,0,30,0
INV0004671,FCT-891308,SUP00141,DPT003,PO0003377,2024-04-19,1638.45,DZD,30,2024-05-19,Validated,0,0,0,30,0
INV0004672,FCT-352971,SUP00280,DPT002,PO0001406,2024-09-03,643.94,DZD,30,2024-10-03,Validated,0,0,0,30,0
INV0004673,FCT-511516,SUP00249,DPT004,PO0004528,2024-09-08,15950.72,EUR,45,2024-10-23,Validated,0,0,0,45,0
INV0004674,FCT-127663,SUP00004,DPT004,PO0003727,2024-09-04,14470.7,DZD,45,2024-10-19,Validated,0,0,0,45,0
INV0004675,FCT-772939,SUP00004,DPT011,,2024-11-01,5351.0,DZD,45,2024-12-16,Validated,1,0,0,45,1
INV0004676,FCT-915023,SUP00200,DPT005,,2024-10-11,13579.76,DZD,45,2024-11-25,Validated,1,0,0,45,0
INV0004677,FCT-284062,SUP00028,DPT001,PO0002624,2024-05-26,19479.35,DZD,30,2024-06-25,Validated,0,0,0,30,0
INV0004678,FCT-698212,SUP00015,DPT002,PO0002786,2024-03-21,761.16,DZD,45,2024-05-05,Validated,0,0,0,45,0
INV0004679,FCT-507279,SUP00028,DPT009,PO0002533,2024-07-23,7996.12,DZD,30,2024-08-22,Validated,0,0,0,30,0
INV0004680,FCT-881042,SUP00015,DPT007,PO0000819,2024-08-04,4540.87,DZD,30,2024-09-03,Validated,0,0,0,30,0
INV0004681,FCT-103739,SUP00003,DPT002,PO0004629,2024-09-07,9868.37,EUR,90,2024-12-06,Validated,0,0,0,90,0
INV0004682,FCT-966450,SUP00093,DPT009,PO0001111,2024-01-21,7437.57,DZD,15,2024-02-05,Validated,0,0,0,15,0
INV0004683,FCT-800839,SUP00065,DPT003,PO0004348,2024-01-29,14550.38,DZD,45,2024-03-14,Validated,0,0,0,45,0
INV0004684,FCT-558647,SUP00006,DPT002,PO0003706,2024-09-22,972.36,DZD,90,2024-12-21,Validated,0,0,0,90,0
INV0004685,FCT-339836,SUP00010,DPT003,PO0000214,2024-08-14,25000.0,EUR,30,2024-09-13,Validated,0,1,0,30,0
INV0004686,FCT-350092,SUP00091,DPT008,PO0001582,2024-09-22,3287.19,DZD,90,2024-12-21,Validated,0,0,0,90,0
INV0004687,FCT-130783,SUP00009,DPT006,PO0004419,2024-07-17,10000.0,EUR,45,2024-08-31,Disputed,0,1,0,45,0
INV0004688,FCT-166421,SUP00010,DPT012,PO0001472,2024-10-27,793.55,DZD,30,2024-11-26,Validated,0,0,0,30,0
INV0004689,FCT-416489,SUP00008,DPT002,,2024-04-22,5328.95,EUR,30,2024-05-22,Pending Review,1,0,0,30,0
INV0004690,FCT-663560,SUP00005,DPT001,PO0001719,2024-07-11,5878.75,DZD,30,2024-08-10,Validated,0,0,0,30,0
INV0004691,FCT-422081,SUP00266,DPT008,PO0004302,2024-12-29,5476.58,DZD,45,2025-02-12,Validated,0,0,0,45,0
INV0004692,FCT-174017,SUP00026,DPT001,,2024-12-22,2575.2,DZD,45,2025-02-05,Validated,1,0,0,45,0
INV0004693,FCT-747587,SUP00301,DPT005,PO0001800,2024-01-30,1476.51,DZD,30,2024-02-29,Validated,0,0,0,30,0
INV0004694,FCT-199063,SUP00051,DPT010,PO0001055,2024-02-16,12550.39,DZD,30,2024-03-17,Disputed,0,0,0,30,0
INV0004695,FCT-429702,SUP00008,DPT006,PO0003033,2024-12-12,814.27,DZD,30,2025-01-11,Validated,0,0,0,30,0
INV0004696,FCT-980113,SUP00005,DPT001,,2024-07-29,15142.81,DZD,30,2024-08-28,Validated,1,0,0,30,0
INV0004697,FCT-370850,SUP00006,DPT003,,2024-08-20,42137.74,DZD,60,2024-10-19,Validated,1,0,0,60,0
INV0004698,FCT-420144,SUP00305,DPT010,PO0001897,2024-01-05,76825.81,DZD,30,2024-02-04,Validated,0,0,0,30,0
INV0004699,FCT-107320,SUP00202,DPT004,PO0002230,2024-01-22,1726.58,EUR,45,2024-03-07,Validated,0,0,0,45,0
INV0004700,FCT-129406,SUP00231,DPT002,PO0004557,2024-09-10,11842.66,DZD,30,2024-10-10,Pending Review,0,0,0,30,0
INV0004701,FCT-803492,SUP00297,DPT004,PO0001775,2024-03-07,3143.42,DZD,30,2024-04-06,Validated,0,0,0,30,0
INV0004702,FCT-319367,SUP00069,DPT009,PO0002207,2024-10-11,24543.42,DZD,30,2024-11-10,Disputed,0,0,0,30,0
INV0004703,FCT-165836,SUP00008,DPT005,PO0005064,2024-10-12,9433.25,DZD,60,2024-12-11,Validated,0,0,0,60,0
INV0004704,FCT-910499,SUP00005,DPT001,PO0000838,2024-12-14,4289.38,DZD,30,2025-01-13,Validated,0,0,0,30,0
INV0004705,FCT-408419,SUP00141,DPT005,,2024-03-12,2107.06,USD,15,2024-03-27,Validated,1,0,0,15,0
INV0004706,FCT-197337,SUP00003,DPT001,PO0000568,2024-05-18,3924.52,DZD,30,2024-06-17,Validated,0,0,0,30,0
INV0004707,FCT-321694,SUP00006,DPT007,PO0004466,2024-01-18,2764.23,DZD,45,2024-03-03,Pending Review,0,0,0,45,0
INV0004708,FCT-231457,SUP00006,DPT001,PO0001625,2024-07-14,5837.33,EUR,45,2024-08-28,Validated,0,0,0,45,0
INV0004709,FCT-959562,SUP00008,DPT007,PO0002491,2024-07-18,6193.59,DZD,30,2024-08-17,Validated,0,0,0,30,0
INV0004710,FCT-814156,SUP00093,DPT009,PO0003539,2024-02-07,3172.51,DZD,30,2024-03-08,Pending Review,0,0,0,30,0
INV0004711,FCT-645660,SUP00015,DPT012,PO0001288,2024-12-30,2861.99,DZD,60,2025-02-28,Validated,0,0,0,60,0
INV0004712,FCT-751483,SUP00006,DPT009,PO0000690,2024-07-30,12351.62,DZD,45,2024-09-13,Validated,0,0,0,45,0
INV0004713,FCT-126185,SUP00032,DPT006,,2024-05-18,13434.39,DZD,30,2024-06-17,Validated,1,0,0,30,0
INV0004714,FCT-495264,SUP00268,DPT002,PO0004266,2024-10-17,2357.41,DZD,30,2024-11-16,Validated,0,0,0,30,0
INV0004715,FCT-707971,SUP00016,DPT009,PO0000897,2024-06-10,5637.98,EUR,30,2024-07-10,Validated,0,0,0,30,0
INV0004716,FCT-778154,SUP00290,DPT008,,2024-09-21,2221.95,USD,30,2024-10-21,Validated,1,0,0,30,0
INV0004717,FCT-894489,SUP00161,DPT004,PO0002849,2024-10-09,120459.97,USD,45,2024-11-23,Validated,0,0,1,45,0
INV0004718,FCT-823387,SUP00011,DPT001,,2024-10-27,2035.07,DZD,30,2024-11-26,Validated,1,0,0,30,0
INV0004719,FCT-701339,SUP00008,DPT001,PO0003431,2024-08-06,15000.0,DZD,60,2024-10-05,Validated,0,1,0,60,0
INV0004720,FCT-250458,SUP00288,DPT003,PO0001187,2024-04-18,10015.06,DZD,30,2024-05-18,Validated,0,0,0,30,0
INV0004721,FCT-571242,SUP00229,DPT002,,2024-04-08,2792.97,DZD,30,2024-05-08,Validated,1,0,0,30,0
INV0004722,FCT-573439,SUP00004,DPT007,PO0000440,2024-12-26,2231.94,DZD,30,2025-01-25,Validated,0,0,0,30,0
INV0004723,FCT-394045,SUP00224,DPT005,,2024-07-18,4353.0,EUR,45,2024-09-01,Validated,1,0,0,45,0
INV0004724,FCT-648640,SUP00063,DPT010,PO0003605,2024-07-21,2219.86,DZD,60,2024-09-19,Validated,0,0,0,60,0
INV0004725,FCT-657233,SUP00302,DPT009,PO0002968,2024-06-16,7455.29,DZD,30,2024-07-16,Pending Review,0,0,0,30,0
INV0004726,FCT-803937,SUP00030,DPT004,PO0003265,2024-07-25,2259.34,DZD,30,2024-08-24,Validated,0,0,0,30,0
INV0004727,FCT-137093,SUP00123,DPT002,PO0001153,2024-01-06,7105.45,DZD,60,2024-03-06,Validated,0,0,0,60,0
INV0004728,FCT-291640,SUP00283,DPT005,PO0001816,2024-08-10,558.89,USD,30,2024-09-09,Validated,0,0,0,30,0
INV0004729,FCT-302379,SUP00003,DPT004,PO0000894,2024-02-09,2373.24,EUR,30,2024-03-10,Pending Review,0,0,0,30,0
INV0004730,FCT-308223,SUP00005,DPT003,PO0001774,2024-07-21,3703.23,DZD,30,2024-08-20,Validated,0,0,0,30,0
INV0004731,FCT-928370,SUP00300,DPT001,PO0001958,2024-08-08,18972.96,DZD,30,2024-09-07,Validated,0,0,0,30,0
INV0004732,FCT-383247,SUP00062,DPT004,PO0001940,2024-12-11,717.0,DZD,30,2025-01-10,Validated,0,0,0,30,0
INV0004733,FCT-739636,SUP00029,DPT003,PO0004853,2024-02-24,19295.81,DZD,45,2024-04-09,Validated,0,0,0,45,0
INV0004734,FCT-894835,SUP00134,DPT010,PO0003056,2024-11-16,12818.87,DZD,60,2025-01-15,Validated,0,0,0,60,0
INV0004735,FCT-185207,SUP00009,DPT009,PO0003881,2024-10-07,770.18,DZD,15,2024-10-22,Validated,0,0,0,15,0
INV0004736,FCT-807833,SUP00003,DPT011,PO0002479,2024-10-06,11145.29,DZD,30,2024-11-05,Validated,0,0,0,30,0
INV0004737,FCT-703455,SUP00013,DPT009,PO0002332,2024-06-28,2059.95,USD,30,2024-07-28,Disputed,0,0,0,30,0
INV0004738,FCT-983887,SUP00156,DPT011,PO0000204,2024-11-03,11578.31,DZD,60,2025-01-02,Validated,0,0,0,60,0
INV0004739,FCT-909651,SUP00022,DPT004,PO0002170,2024-02-01,12396.23,DZD,30,2024-03-02,Pending Review,0,0,0,30,0
INV0004740,FCT-363756,SUP00245,DPT001,PO0002730,2024-06-26,14944.98,DZD,45,2024-08-10,Validated,0,0,0,45,0
INV0004741,FCT-703662,SUP00094,DPT012,PO0002787,2024-12-13,3111.35,DZD,60,2025-02-11,Pending Review,0,0,0,60,0
INV0004742,FCT-282526,SUP00004,DPT009,PO0000962,2024-08-04,13153.21,DZD,45,2024-09-18,Validated,0,0,0,45,0
INV0004743,FCT-631653,SUP00241,DPT002,PO0002989,2024-11-01,35275.8,DZD,15,2024-11-16,Validated,0,0,0,15,0
INV0004744,FCT-975403,SUP00009,DPT003,PO0003837,2024-07-26,4294.25,EUR,30,2024-08-25,Disputed,0,0,0,30,0
INV0004745,FCT-545254,SUP00084,DPT001,PO0004047,2024-08-21,4969.63,DZD,15,2024-09-05,Validated,0,0,0,15,0
INV0004746,FCT-961307,SUP00008,DPT009,,2024-09-17,13588.25,DZD,30,2024-10-17,Validated,1,0,0,30,0
INV0004747,FCT-631958,SUP00154,DPT007,PO0002250,2024-09-29,50000.0,DZD,45,2024-11-13,Validated,0,1,0,45,0
INV0004748,FCT-918737,SUP00019,DPT011,PO0001203,2024-06-07,1941.55,DZD,45,2024-07-22,Validated,0,0,0,45,0
INV0004749,FCT-883988,SUP00243,DPT004,PO0000841,2024-08-30,19115.18,DZD,30,2024-09-29,Validated,0,0,0,30,0
INV0004750,FCT-126385,SUP00025,DPT005,,2024-05-04,100000.0,DZD,30,2024-06-03,Validated,1,1,1,30,0
INV0004751,FCT-384356,SUP00010,DPT006,PO0002943,2024-01-05,4685.34,DZD,60,2024-03-05,Validated,0,0,0,60,0
INV0004752,FCT-170471,SUP00092,DPT008,PO0002514,2024-02-07,2032.77,DZD,45,2024-03-23,Validated,0,0,0,45,0
INV0004753,FCT-795056,SUP00006,DPT004,PO0001878,2024-08-14,6189.35,DZD,15,2024-08-29,Pending Review,0,0,0,15,0
INV0004754,FCT-752986,SUP00015,DPT003,,2024-08-03,3259.97,DZD,30,2024-09-02,Validated,1,0,0,30,0
INV0004755,FCT-676948,SUP00295,DPT012,PO0003785,2024-03-30,805.22,DZD,45,2024-05-14,Validated,0,0,0,45,0
INV0004756,FCT-193160,SUP00150,DPT003,PO0000439,2024-06-10,26849.83,DZD,45,2024-07-25,Validated,0,0,0,45,0
INV0004757,FCT-217593,SUP00317,DPT005,PO0003150,2024-12-11,2699.69,DZD,30,2025-01-10,Validated,0,0,0,30,0
INV0004758,FCT-858111,SUP00027,DPT004,PO0002050,2024-10-23,4391.37,DZD,30,2024-11-22,Disputed,0,0,0,30,0
INV0004759,FCT-314810,SUP00140,DPT005,PO0000308,2024-05-29,772.32,DZD,60,2024-07-28,Validated,0,0,0,60,0
INV0004760,FCT-621739,SUP00008,DPT001,PO0003469,2024-07-17,3244.14,DZD,30,2024-08-16,Validated,0,0,0,30,0
INV0004761,FCT-895304,SUP00011,DPT012,,2024-09-14,19088.3,DZD,30,2024-10-14,Validated,1,0,0,30,0
INV0004762,FCT-388026,SUP00003,DPT007,PO0001901,2024-09-18,17511.04,DZD,45,2024-11-02,Validated,0,0,0,45,0
INV0004763,FCT-391850,SUP00320,DPT005,PO0003811,2024-02-24,6179.91,DZD,45,2024-04-09,Validated,0,0,0,45,0
INV0004764,FCT-269132,SUP00057,DPT007,,2024-04-12,2926.19,USD,15,2024-04-27,Pending Review,1,0,0,15,0
INV0004765,FCT-468322,SUP00008,DPT001,PO0005056,2024-06-21,6183.86,DZD,30,2024-07-21,Validated,0,0,0,30,0
INV0004766,FCT-643401,SUP00230,DPT001,PO0004831,2024-11-25,10737.85,DZD,90,2025-02-23,Validated,0,0,0,90,0
INV0004767,FCT-399458,SUP00006,DPT002,PO0004646,2024-02-08,1073.29,DZD,30,2024-03-09,Validated,0,0,0,30,0
INV0004768,FCT-316855,SUP00004,DPT011,PO0000189,2024-09-21,8007.98,USD,90,2024-12-20,Validated,0,0,0,90,0
INV0004769,FCT-600397,SUP00074,DPT003,PO0000405,2024-05-28,14493.76,DZD,60,2024-07-27,Validated,0,0,0,60,0
INV0004770,FCT-148508,SUP00279,DPT009,PO0000061,2024-05-26,5600.88,DZD,45,2024-07-10,Validated,0,0,0,45,0
INV0004771,FCT-159459,SUP00259,DPT001,,2024-07-23,5869.95,EUR,45,2024-09-06,Validated,1,0,0,45,0
INV0004772,FCT-681978,SUP00174,DPT004,PO0002199,2024-03-13,25000.0,DZD,30,2024-04-12,Validated,0,1,0,30,0
INV0004773,FCT-497470,SUP00021,DPT008,PO0002966,2024-08-18,8448.6,DZD,30,2024-09-17,Validated,0,0,0,30,0
INV0004774,FCT-975831,SUP00039,DPT001,,2024-06-28,38157.9,DZD,30,2024-07-28,Disputed,1,0,0,30,0
INV0004775,FCT-549795,SUP00297,DPT005,,2024-05-24,30250.31,DZD,30,2024-06-23,Validated,1,0,0,30,0
INV0004776,FCT-397109,SUP00014,DPT004,,2024-02-23,3096.57,DZD,45,2024-04-08,Validated,1,0,0,45,0
INV0004777,FCT-832797,SUP00008,DPT011,,2024-02-27,3902.1,DZD,30,2024-03-28,Validated,1,0,0,30,0
INV0004778,FCT-188219,SUP00119,DPT003,PO0003271,2024-03-15,28864.57,DZD,30,2024-04-14,Validated,0,0,0,30,0
INV0004779,FCT-291414,SUP00233,DPT008,PO0003536,2024-08-28,11899.45,USD,30,2024-09-27,Validated,0,0,0,30,0
INV0004780,FCT-792235,SUP00002,DPT001,PO0000825,2024-05-22,11627.04,USD,30,2024-06-21,Validated,0,0,0,30,0
INV0004781,FCT-449294,SUP00004,DPT012,PO0001379,2024-01-05,100000.0,DZD,60,2024-03-05,Validated,0,1,1,60,0
INV0004782,FCT-508604,SUP00007,DPT003,PO0000947,2024-11-14,17189.25,DZD,30,2024-12-14,Pending Review,0,0,0,30,0
INV0004783,FCT-574141,SUP00001,DPT002,PO0001451,2024-10-22,4347.95,DZD,30,2024-11-21,Pending Review,0,0,0,30,0
INV0004784,FCT-633485,SUP00304,DPT011,PO0001755,2024-09-12,7851.86,DZD,45,2024-10-27,Validated,0,0,0,45,0
INV0004785,FCT-828695,SUP00027,DPT003,PO0002416,2024-09-03,20000.0,DZD,45,2024-10-18,Pending Review,0,1,0,45,0
INV0004786,FCT-611425,SUP00129,DPT001,PO0003058,2024-08-26,40016.07,DZD,30,2024-09-25,Validated,0,0,0,30,0
INV0004787,FCT-731732,SUP00028,DPT006,PO0003729,2024-10-09,1956.31,DZD,30,2024-11-08,Validated,0,0,0,30,0
INV0004788,FCT-806819,SUP00007,DPT001,PO0003098,2024-12-04,56692.54,DZD,30,2025-01-03,Validated,0,0,0,30,0
INV0004789,FCT-140534,SUP00081,DPT006,PO0005187,2024-12-21,6204.09,DZD,15,2025-01-05,Validated,0,0,0,15,0
INV0004790,FCT-565816,SUP00235,DPT009,PO0001877,2024-04-15,4951.93,DZD,45,2024-05-30,Validated,0,0,0,45,0
INV0004791,FCT-414330,SUP00007,DPT005,PO0004169,2024-04-29,2174.34,DZD,45,2024-06-13,Validated,0,0,0,45,0
INV0004792,FCT-442778,SUP00198,DPT003,PO0004901,2024-03-01,3290.72,DZD,60,2024-04-30,Validated,0,0,0,60,0
INV0004793,FCT-295698,SUP00001,DPT006,PO0005091,2024-07-13,4751.4,DZD,15,2024-07-28,Pending Review,0,0,0,15,0
INV0004794,FCT-764562,SUP00022,DPT006,PO0000872,2024-05-31,7009.31,DZD,30,2024-06-30,Validated,0,0,0,30,0
INV0004795,FCT-210555,SUP00176,DPT008,,2024-08-18,11163.34,DZD,30,2024-09-17,Pending Review,1,0,0,30,1
INV0004796,FCT-202654,SUP00107,DPT003,PO0000208,2024-08-13,25000.0,DZD,30,2024-09-12,Validated,0,1,0,30,0
INV0004797,FCT-347886,SUP00001,DPT005,,2024-08-01,11153.01,DZD,45,2024-09-15,Validated,1,0,0,45,0
INV0004798,FCT-951942,SUP00030,DPT002,PO0004485,2024-01-06,23392.79,DZD,30,2024-02-05,Pending Review,0,0,0,30,0
INV0004799,FCT-614296,SUP00002,DPT001,PO0003630,2024-08-19,20282.84,DZD,45,2024-10-03,Validated,0,0,0,45,0
INV0004800,FCT-474786,SUP00006,DPT004,,2024-02-23,12341.26,DZD,60,2024-04-23,Validated,1,0,0,60,0
INV0004801,FCT-835226,SUP00273,DPT009,PO0003525,2024-12-09,10671.78,DZD,15,2024-12-24,Validated,0,0,0,15,0
INV0004802,FCT-130988,SUP00288,DPT003,PO0003977,2024-01-14,1773.46,DZD,15,2024-01-29,Validated,0,0,0,15,0
INV0004803,FCT-896516,SUP00024,DPT001,PO0003833,2024-06-25,7633.28,DZD,45,2024-08-09,Validated,0,0,0,45,0
INV0004804,FCT-401498,SUP00254,DPT001,PO0001137,2024-05-24,1724.26,DZD,90,2024-08-22,Pending Review,0,0,0,90,0
INV0004805,FCT-401982,SUP00119,DPT012,PO0002972,2024-11-10,19332.35,DZD,30,2024-12-10,Validated,0,0,0,30,0
INV0004806,FCT-894280,SUP00007,DPT002,PO0002931,2024-01-04,8365.48,USD,30,2024-02-03,Validated,0,0,0,30,0
INV0004807,FCT-307405,SUP00023,DPT011,PO0004724,2024-08-18,22007.79,DZD,60,2024-10-17,Validated,0,0,0,60,0
INV0004808,FCT-318380,SUP00018,DPT008,PO0004840,2024-10-27,23192.51,DZD,45,2024-12-11,Pending Review,0,0,0,45,0
INV0004809,FCT-616407,SUP00005,DPT003,PO0001774,2024-10-12,9969.92,DZD,45,2024-11-26,Validated,0,0,0,45,0
INV0004810,FCT-311198,SUP00309,DPT003,,2024-04-16,2757.88,DZD,30,2024-05-16,Validated,1,0,0,30,0
INV0004811,FCT-699782,SUP00012,DPT005,PO0002159,2024-04-29,455.35,DZD,90,2024-07-28,Pending Review,0,0,0,90,0
INV0004812,FCT-638035,SUP00162,DPT010,PO0003784,2024-03-18,11206.5,DZD,45,2024-05-02,Validated,0,0,0,45,0
INV0004813,FCT-597490,SUP00013,DPT008,PO0000390,2024-04-30,4947.83,DZD,45,2024-06-14,Validated,0,0,0,45,0
INV0004814,FCT-509588,SUP00174,DPT003,,2024-06-04,15069.04,EUR,15,2024-06-19,Validated,1,0,0,15,0
INV0004815,FCT-846962,SUP00006,DPT007,PO0003961,2024-12-07,13400.12,DZD,30,2025-01-06,Validated,0,0,0,30,0
INV0004816,FCT-780671,SUP00109,DPT008,PO0001609,2024-11-21,11946.03,DZD,30,2024-12-21,Validated,0,0,0,30,0
INV0004817,FCT-456222,SUP00002,DPT003,,2024-10-31,7975.83,DZD,90,2025-01-29,Validated,1,0,0,90,0
INV0004818,FCT-278521,SUP00127,DPT002,PO0000005,2024-05-27,891.13,DZD,30,2024-06-26,Pending Review,0,0,0,30,0
INV0004819,FCT-398547,SUP00082,DPT001,PO0003499,2024-07-03,25677.5,DZD,90,2024-10-01,Validated,0,0,0,90,0
INV0004820,FCT-233820,SUP00212,DPT010,PO0000700,2024-07-03,1414.41,DZD,90,2024-10-01,Validated,0,0,0,90,0
INV0004821,FCT-610087,SUP00087,DPT002,PO0001829,2024-06-17,2851.64,DZD,30,2024-07-17,Validated,0,0,0,30,0
INV0004822,FCT-907460,SUP00044,DPT001,PO0000243,2024-03-13,4104.98,EUR,45,2024-04-27,Disputed,0,0,0,45,0
INV0004823,FCT-693938,SUP00084,DPT002,PO0005161,2024-04-01,6130.97,DZD,30,2024-05-01,Validated,0,0,0,30,0
INV0004824,FCT-822669,SUP00149,DPT011,,2024-07-30,4158.94,DZD,30,2024-08-29,Validated,1,0,0,30,0
INV0004825,FCT-400946,SUP00001,DPT003,,2024-03-16,15000.0,DZD,45,2024-04-30,Validated,1,1,0,45,0
INV0004826,FCT-949357,SUP00244,DPT001,PO0003160,2024-01-28,10000.0,DZD,30,2024-02-27,Validated,0,1,0,30,0
INV0004827,FCT-328331,SUP00021,DPT003,PO0002005,2024-03-23,1298.11,USD,45,2024-05-07,Validated,0,0,0,45,0
INV0004828,FCT-619523,SUP00042,DPT005,PO0000964,2024-11-28,3727.33,DZD,30,2024-12-28,Validated,0,0,0,30,0
INV0004829,FCT-970030,SUP00027,DPT003,,2024-12-09,538.55,DZD,45,2025-01-23,Validated,1,0,0,45,0
INV0004830,FCT-111465,SUP00135,DPT002,PO0003165,2024-01-21,1834.33,USD,30,2024-02-20,Validated,0,0,0,30,0
INV0004831,FCT-737028,SUP00048,DPT001,PO0002509,2024-04-07,994.69,DZD,60,2024-06-06,Validated,0,0,0,60,0
INV0004832,FCT-539356,SUP00031,DPT003,,2024-10-20,13962.34,DZD,30,2024-11-19,Validated,1,0,0,30,0
INV0004833,FCT-651769,SUP00204,DPT002,,2024-06-11,7441.38,DZD,45,2024-07-26,Disputed,1,0,0,45,0
INV0004834,FCT-843546,SUP00302,DPT005,PO0004479,2024-03-18,2368.01,DZD,60,2024-05-17,Disputed,0,0,0,60,0
INV0004835,FCT-356314,SUP00079,DPT001,PO0002879,2024-09-05,151.62,DZD,90,2024-12-04,Validated,0,0,0,90,0
INV0004836,FCT-976514,SUP00021,DPT007,,2024-08-26,1038.26,DZD,60,2024-10-25,Validated,1,0,0,60,0
INV0004837,FCT-929359,SUP00307,DPT004,PO0000581,2024-08-23,100000.0,DZD,30,2024-09-22,Validated,0,1,1,30,0
INV0004838,FCT-572120,SUP00052,DPT003,,2024-05-20,3965.45,DZD,15,2024-06-04,Validated,1,0,0,15,0
INV0004839,FCT-575820,SUP00129,DPT001,PO0003058,2024-10-08,14350.0,DZD,45,2024-11-22,Validated,0,0,0,45,0
INV0004840,FCT-768682,SUP00024,DPT008,PO0005001,2024-03-29,1147.69,EUR,45,2024-05-13,Validated,0,0,0,45,0
INV0004841,FCT-343047,SUP00004,DPT011,,2024-05-18,1269.81,DZD,45,2024-07-02,Validated,1,0,0,45,0
INV0004842,FCT-409241,SUP00044,DPT003,,2024-11-24,873.64,DZD,45,2025-01-08,Validated,1,0,0,45,0
INV0004843,FCT-425332,SUP00026,DPT006,PO0004349,2024-05-01,6022.18,DZD,30,2024-05-31,Validated,0,0,0,30,0
INV0004844,FCT-179725,SUP00012,DPT003,,2024-02-14,495.44,DZD,15,2024-02-29,Pending Review,1,0,0,15,0
INV0004845,FCT-434975,SUP00013,DPT004,PO0003902,2024-07-02,788.43,DZD,30,2024-08-01,Validated,0,0,0,30,0
INV0004846,FCT-973098,SUP00179,DPT007,,2024-09-03,10322.65,EUR,90,2024-12-02,Validated,1,0,0,90,0
INV0004847,FCT-130726,SUP00086,DPT005,PO0003761,2024-08-19,34635.0,DZD,45,2024-10-03,Validated,0,0,0,45,0
INV0004848,FCT-850702,SUP00223,DPT009,,2024-04-04,15000.0,DZD,15,2024-04-19,Validated,1,1,0,15,0
INV0004849,FCT-468139,SUP00081,DPT011,PO0002460,2024-12-29,4183.42,DZD,30,2025-01-28,Disputed,0,0,0,30,0
INV0004850,FCT-397711,SUP00010,DPT002,PO0002201,2024-09-27,73477.59,DZD,30,2024-10-27,Validated,0,0,0,30,0
INV0004851,FCT-334650,SUP00024,DPT004,PO0001893,2024-08-02,3295.02,DZD,45,2024-09-16,Validated,0,0,0,45,0
INV0004852,FCT-287530,SUP00220,DPT006,PO0004312,2024-09-27,3307.63,EUR,45,2024-11-11,Pending Review,0,0,0,45,0
INV0004853,FCT-507058,SUP00019,DPT001,PO0002575,2024-10-07,3239.32,EUR,90,2025-01-05,Validated,0,0,0,90,0
INV0004854,FCT-332123,SUP00013,DPT001,PO0004569,2024-07-29,33716.84,DZD,15,2024-08-13,Validated,0,0,0,15,0
INV0004855,FCT-604585,SUP00204,DPT011,,2024-12-03,11156.85,DZD,45,2025-01-17,Validated,1,0,0,45,0
INV0004856,FCT-787675,SUP00118,DPT009,PO0000955,2024-04-14,11021.79,DZD,30,2024-05-14,Validated,0,0,0,30,0
INV0004857,FCT-402073,SUP00023,DPT006,PO0002321,2024-01-02,8738.96,DZD,30,2024-02-01,Validated,0,0,0,30,0
INV0004858,FCT-889277,SUP00107,DPT008,PO0004603,2024-08-01,3550.48,USD,30,2024-08-31,Validated,0,0,0,30,0
INV0004859,FCT-127476,SUP00057,DPT001,PO0001756,2024-04-02,4139.56,USD,30,2024-05-02,Validated,0,0,0,30,0
INV0004860,FCT-225597,SUP00009,DPT002,PO0001507,2024-10-27,10000.0,DZD,30,2024-11-26,Validated,0,1,0,30,0
INV0004861,FCT-934779,SUP00125,DPT010,PO0002129,2024-01-02,3806.44,DZD,30,2024-02-01,Validated,0,0,0,30,0
INV0004862,FCT-854848,SUP00004,DPT009,PO0002053,2024-10-13,8308.07,DZD,30,2024-11-12,Validated,0,0,0,30,0
INV0004863,FCT-205819,SUP00220,DPT002,PO0000319,2024-11-25,4794.45,DZD,90,2025-02-23,Disputed,0,0,0,90,0
INV0004864,FCT-477525,SUP00008,DPT005,PO0005064,2024-12-04,15224.06,DZD,45,2025-01-18,Validated,0,0,0,45,0
INV0004865,FCT-415564,SUP00224,DPT002,PO0004444,2024-05-21,8118.49,DZD,30,2024-06-20,Validated,0,0,0,30,0
INV0004866,FCT-192321,SUP00027,DPT005,PO0003195,2024-10-25,7467.35,DZD,30,2024-11-24,Validated,0,0,0,30,0
INV0004867,FCT-754501,SUP00125,DPT010,PO0002129,2024-07-30,2212.69,DZD,45,2024-09-13,Validated,0,0,0,45,0
INV0004868,FCT-489530,SUP00200,DPT012,PO0000286,2024-01-09,1464.88,DZD,30,2024-02-08,Validated,0,0,0,30,0
INV0004869,FCT-891471,SUP00008,DPT011,PO0004592,2024-06-25,1643.79,DZD,30,2024-07-25,Validated,0,0,0,30,0
INV0004870,FCT-415377,SUP00004,DPT001,,2024-09-18,20973.88,DZD,45,2024-11-02,Validated,1,0,0,45,0
INV0004871,FCT-681544,SUP00159,DPT009,PO0003053,2024-10-01,823.68,EUR,30,2024-10-31,Disputed,0,0,0,30,0
INV0004872,FCT-910540,SUP00088,DPT006,PO0000089,2024-05-18,7467.93,DZD,15,2024-06-02,Validated,0,0,0,15,0
INV0004873,FCT-316351,SUP00006,DPT011,PO0000845,2024-05-14,7472.65,DZD,30,2024-06-13,Validated,0,0,0,30,0
INV0004874,FCT-459341,SUP00010,DPT006,PO0002262,2024-08-24,2732.87,DZD,60,2024-10-23,Validated,0,0,0,60,0
INV0004875,FCT-697129,SUP00011,DPT002,PO0003747,2024-01-05,5760.1,EUR,90,2024-04-04,Validated,0,0,0,90,0
INV0004876,FCT-718287,SUP00279,DPT005,PO0003894,2024-11-06,7309.42,DZD,30,2024-12-06,Validated,0,0,0,30,0
INV0004877,FCT-462190,SUP00028,DPT006,PO0003729,2024-05-10,1590.15,DZD,60,2024-07-09,Pending Review,0,0,0,60,0
INV0004878,FCT-168731,SUP00006,DPT002,PO0000588,2024-08-01,2421.51,DZD,45,2024-09-15,Validated,0,0,0,45,0
INV0004879,FCT-770317,SUP00070,DPT006,PO0002174,2024-06-20,5145.07,DZD,30,2024-07-20,Validated,0,0,0,30,0
INV0004880,FCT-724703,SUP00007,DPT011,PO0000201,2024-05-25,5330.56,USD,30,2024-06-24,Validated,0,0,0,30,0
INV0004881,FCT-455917,SUP00001,DPT011,PO0004577,2024-05-27,1170.04,EUR,30,2024-06-26,Validated,0,0,0,30,0
INV0004882,FCT-834112,SUP00002,DPT001,PO0000164,2024-10-10,6025.7,DZD,30,2024-11-09,Validated,0,0,0,30,0
INV0004883,FCT-179020,SUP00009,DPT006,PO0003216,2024-04-09,6293.9,DZD,45,2024-05-24,Validated,0,0,0,45,0
INV0004884,FCT-586734,SUP00249,DPT001,PO0003345,2024-12-12,17208.67,DZD,30,2025-01-11,Disputed,0,0,0,30,0
INV0004885,FCT-574015,SUP00021,DPT002,PO0001105,2024-02-05,5318.81,DZD,30,2024-03-06,Validated,0,0,0,30,0
INV0004886,FCT-184945,SUP00280,DPT001,PO0001983,2024-06-02,3428.9,DZD,60,2024-08-01,Validated,0,0,0,60,0
INV0004887,FCT-138015,SUP00287,DPT012,PO0004862,2024-01-11,13177.68,DZD,30,2024-02-10,Validated,0,0,0,30,0
INV0004888,FCT-988865,SUP00278,DPT011,PO0003860,2024-05-23,19625.02,DZD,60,2024-07-22,Validated,0,0,0,60,0
INV0004889,FCT-661031,SUP00009,DPT001,PO0000693,2024-11-28,1108.76,USD,60,2025-01-27,Validated,0,0,0,60,0
INV0004890,FCT-863605,SUP00215,DPT010,PO0001934,2024-07-23,2979.38,DZD,45,2024-09-06,Validated,0,0,0,45,0
INV0004891,FCT-385599,SUP00084,DPT004,PO0004939,2024-01-25,477.93,DZD,45,2024-03-10,Validated,0,0,0,45,0
INV0004892,FCT-565234,SUP00291,DPT002,,2024-09-05,1797.66,DZD,30,2024-10-05,Validated,1,0,0,30,0
INV0004893,FCT-893927,SUP00155,DPT002,PO0000956,2024-05-24,29924.72,DZD,30,2024-06-23,Validated,0,0,0,30,0
INV0004894,FCT-493456,SUP00089,DPT007,PO0002182,2024-02-14,1576.37,DZD,60,2024-04-14,Validated,0,0,0,60,0
INV0004895,FCT-550806,SUP00005,DPT003,PO0003180,2024-01-29,9248.14,DZD,90,2024-04-28,Validated,0,0,0,90,0
INV0004896,FCT-876285,SUP00018,DPT008,,2024-06-09,8670.55,EUR,45,2024-07-24,Validated,1,0,0,45,0
INV0004897,FCT-130627,SUP00025,DPT011,PO0003577,2024-02-10,50000.0,DZD,90,2024-05-10,Validated,0,1,0,90,0
INV0004898,FCT-595869,SUP00004,DPT012,PO0002031,2024-08-25,3206.74,DZD,60,2024-10-24,Validated,0,0,0,60,0
INV0004899,FCT-674664,SUP00009,DPT001,PO0001381,2024-08-24,26810.48,USD,45,2024-10-08,Validated,0,0,0,45,0
INV0004900,FCT-870131,SUP00008,DPT003,,2024-11-17,15998.19,DZD,30,2024-12-17,Validated,1,0,0,30,0
INV0004901,FCT-847989,SUP00003,DPT004,PO0002485,2024-12-03,70832.66,DZD,90,2025-03-03,Validated,0,0,0,90,0
INV0004902,FCT-253819,SUP00192,DPT002,PO0001960,2024-12-06,286.3,DZD,15,2024-12-21,Validated,0,0,0,15,0
INV0004903,FCT-140387,SUP00139,DPT004,PO0001903,2024-05-07,9989.68,DZD,45,2024-06-21,Validated,0,0,0,45,0
INV0004904,FCT-277784,SUP00003,DPT004,PO0002445,2024-04-02,348.16,DZD,30,2024-05-02,Validated,0,0,0,30,0
INV0004905,FCT-770413,SUP00203,DPT003,PO0004229,2024-09-29,5151.84,DZD,15,2024-10-14,Validated,0,0,0,15,0
INV0004906,FCT-305243,SUP00295,DPT012,PO0003785,2024-06-03,4170.04,DZD,30,2024-07-03,Validated,0,0,0,30,0
INV0004907,FCT-785357,SUP00023,DPT009,PO0000114,2024-10-11,1438.43,DZD,45,2024-11-25,Validated,0,0,0,45,0
INV0004908,FCT-943947,SUP00243,DPT004,PO0002101,2024-10-28,2678.78,EUR,45,2024-12-12,Validated,0,0,0,45,0
INV0004909,FCT-712535,SUP00001,DPT010,PO0000433,2024-08-21,3804.51,EUR,60,2024-10-20,Validated,0,0,0,60,0
INV0004910,FCT-209364,SUP00153,DPT010,,2024-06-21,8873.16,DZD,45,2024-08-05,Validated,1,0,0,45,0
INV0004911,FCT-541097,SUP00003,DPT004,PO0003656,2024-11-13,1435.6,DZD,30,2024-12-13,Validated,0,0,0,30,0
INV0004912,FCT-347789,SUP00231,DPT005,PO0000171,2024-07-04,2297.02,DZD,90,2024-10-02,Validated,0,0,0,90,0
INV0004913,FCT-682696,SUP00008,DPT006,PO0004949,2024-03-09,9748.93,DZD,30,2024-04-08,Validated,0,0,0,30,0
INV0004914,FCT-494092,SUP00027,DPT008,PO0002224,2024-02-10,12262.05,DZD,90,2024-05-10,Validated,0,0,0,90,0
INV0004915,FCT-540629,SUP00253,DPT009,PO0004236,2024-01-28,110343.68,DZD,30,2024-02-27,Validated,0,0,1,30,0
INV0004916,FCT-646087,SUP00029,DPT001,PO0004093,2024-02-08,6500.33,DZD,30,2024-03-09,Disputed,0,0,0,30,0
INV0004917,FCT-438679,SUP00001,DPT007,PO0005129,2024-06-15,11096.86,DZD,45,2024-07-30,Validated,0,0,0,45,0
INV0004918,FCT-947410,SUP00222,DPT001,,2024-08-03,4138.46,DZD,30,2024-09-02,Validated,1,0,0,30,0
INV0004919,FCT-144728,SUP00214,DPT009,PO0003947,2024-07-13,26872.01,DZD,60,2024-09-11,Validated,0,0,0,60,0
INV0004920,FCT-753050,SUP00002,DPT009,PO0003680,2024-05-13,1832.37,DZD,30,2024-06-12,Validated,0,0,0,30,0
INV0004921,FCT-546669,SUP00035,DPT006,,2024-05-15,4957.83,DZD,45,2024-06-29,Validated,1,0,0,45,0
INV0004922,FCT-723392,SUP00236,DPT002,PO0003003,2024-07-09,7147.09,DZD,30,2024-08-08,Validated,0,0,0,30,0
INV0004923,FCT-804712,SUP00009,DPT001,PO0000088,2024-12-02,9390.48,DZD,60,2025-01-31,Validated,0,0,0,60,0
INV0004924,FCT-878957,SUP00303,DPT005,PO0001466,2024-09-21,15712.14,DZD,30,2024-10-21,Validated,0,0,0,30,0
INV0004925,FCT-145825,SUP00246,DPT007,PO0001316,2024-02-15,4236.77,DZD,30,2024-03-16,Validated,0,0,0,30,0
INV0004926,FCT-432074,SUP00088,DPT004,PO0004042,2024-04-10,14944.31,EUR,30,2024-05-10,Validated,0,0,0,30,0
INV0004927,FCT-133519,SUP00198,DPT004,PO0001964,2024-12-06,1052.32,DZD,30,2025-01-05,Validated,0,0,0,30,0
INV0004928,FCT-401251,SUP00019,DPT001,PO0003425,2024-11-11,7152.45,DZD,30,2024-12-11,Validated,0,0,0,30,0
INV0004929,FCT-252407,SUP00124,DPT009,PO0001106,2024-06-03,610.7,DZD,45,2024-07-18,Validated,0,0,0,45,0
INV0004930,FCT-690490,SUP00007,DPT003,PO0000148,2024-04-03,4127.18,DZD,60,2024-06-02,Validated,0,0,0,60,0
INV0004931,FCT-365644,SUP00125,DPT003,PO0005157,2024-10-31,94933.88,DZD,30,2024-11-30,Validated,0,0,0,30,0
INV0004932,FCT-536400,SUP00301,DPT005,PO0004610,2024-10-30,7268.58,DZD,15,2024-11-14,Pending Review,0,0,0,15,0
INV0004933,FCT-550026,SUP00150,DPT003,PO0000439,2024-05-17,3092.14,DZD,30,2024-06-16,Pending Review,0,0,0,30,0
INV0004934,FCT-169709,SUP00002,DPT005,,2024-02-03,9672.94,USD,90,2024-05-03,Validated,1,0,0,90,0
INV0004935,FCT-845788,SUP00245,DPT007,,2024-07-04,5067.63,DZD,90,2024-10-02,Pending Review,1,0,0,90,0
INV0004936,FCT-519757,SUP00003,DPT002,PO0000403,2024-08-13,1467.76,DZD,30,2024-09-12,Validated,0,0,0,30,0
INV0004937,FCT-126693,SUP00283,DPT007,,2024-09-08,641.45,DZD,30,2024-10-08,Validated,1,0,0,30,0
INV0004938,FCT-190256,SUP00002,DPT010,,2024-11-27,5275.01,DZD,90,2025-02-25,Validated,1,0,0,90,0
INV0004939,FCT-803696,SUP00003,DPT009,PO0003850,2024-06-21,4278.24,EUR,90,2024-09-19,Validated,0,0,0,90,0
INV0004940,FCT-943076,SUP00123,DPT001,,2024-11-28,3996.34,DZD,15,2024-12-13,Validated,1,0,0,15,0
INV0004941,FCT-742980,SUP00244,DPT003,PO0001204,2024-11-15,14121.92,EUR,60,2025-01-14,Validated,0,0,0,60,0
INV0004942,FCT-365682,SUP00123,DPT003,,2024-01-17,26527.32,EUR,15,2024-02-01,Validated,1,0,0,15,0
INV0004943,FCT-549309,SUP00012,DPT002,PO0001590,2024-07-15,12600.32,EUR,30,2024-08-14,Validated,0,0,0,30,0
INV0004944,FCT-347304,SUP00006,DPT005,PO0001314,2024-02-24,3722.16,DZD,45,2024-04-09,Validated,0,0,0,45,0
INV0004945,FCT-273119,SUP00004,DPT001,PO0004828,2024-01-07,6389.12,DZD,30,2024-02-06,Validated,0,0,0,30,0
INV0004946,FCT-878524,SUP00013,DPT003,PO0002266,2024-01-15,19691.31,DZD,30,2024-02-14,Validated,0,0,0,30,0
INV0004947,FCT-176535,SUP00028,DPT004,PO0003001,2024-10-18,15262.5,DZD,60,2024-12-17,Validated,0,0,0,60,0
INV0004948,FCT-487596,SUP00010,DPT004,PO0004413,2024-11-11,10782.83,DZD,30,2024-12-11,Validated,0,0,0,30,0
INV0004949,FCT-242363,SUP00006,DPT002,,2024-06-29,3184.55,DZD,60,2024-08-28,Disputed,1,0,0,60,0
INV0004950,FCT-542210,SUP00002,DPT008,PO0000698,2024-12-25,19782.72,DZD,90,2025-03-25,Validated,0,0,0,90,0
INV0004951,FCT-399554,SUP00228,DPT006,PO0000558,2024-09-02,28201.05,DZD,30,2024-10-02,Validated,0,0,0,30,0
INV0004952,FCT-451445,SUP00009,DPT004,PO0001624,2024-01-18,15413.55,DZD,60,2024-03-18,Validated,0,0,0,60,0
INV0004953,FCT-577751,SUP00192,DPT009,PO0001558,2024-04-28,177141.58,DZD,30,2024-05-28,Validated,0,0,1,30,0
INV0004954,FCT-388296,SUP00030,DPT010,,2024-08-29,14203.77,DZD,30,2024-09-28,Validated,1,0,0,30,0
INV0004955,FCT-414472,SUP00238,DPT006,PO0002667,2024-09-12,22459.41,EUR,30,2024-10-12,Validated,0,0,0,30,0
INV0004956,FCT-361192,SUP00005,DPT002,PO0003568,2024-09-17,12541.56,DZD,30,2024-10-17,Validated,0,0,0,30,0
INV0004957,FCT-602895,SUP00024,DPT009,PO0001874,2024-09-20,5171.75,DZD,60,2024-11-19,Validated,0,0,0,60,0
INV0004958,FCT-701658,SUP00014,DPT003,PO0001950,2024-08-14,1552.35,DZD,30,2024-09-13,Pending Review,0,0,0,30,0
INV0004959,FCT-893284,SUP00257,DPT001,PO0004172,2024-12-30,2478.32,DZD,30,2025-01-29,Validated,0,0,0,30,0
INV0004960,FCT-994828,SUP00222,DPT009,PO0004755,2024-08-05,2508.02,DZD,30,2024-09-04,Validated,0,0,0,30,0
INV0004961,FCT-216782,SUP00010,DPT008,PO0001321,2024-05-13,1494.82,DZD,45,2024-06-27,Validated,0,0,0,45,0
INV0004962,FCT-727311,SUP00008,DPT009,PO0003885,2024-03-09,4317.17,EUR,45,2024-04-23,Disputed,0,0,0,45,0
INV0004963,FCT-904977,SUP00021,DPT009,,2024-03-21,6025.27,DZD,60,2024-05-20,Validated,1,0,0,60,0
INV0004964,FCT-209743,SUP00003,DPT007,PO0001901,2024-06-07,23625.27,DZD,30,2024-07-07,Pending Review,0,0,0,30,0
INV0004965,FCT-274885,SUP00020,DPT004,PO0003738,2024-06-24,1501.18,DZD,60,2024-08-23,Validated,0,0,0,60,0
INV0004966,FCT-232843,SUP00113,DPT008,PO0001557,2024-02-06,16742.44,DZD,30,2024-03-07,Validated,0,0,0,30,0
INV0004967,FCT-543261,SUP00013,DPT005,PO0002727,2024-09-09,8171.22,DZD,30,2024-10-09,Validated,0,0,0,30,0
INV0004968,FCT-818975,SUP00009,DPT002,PO0000829,2024-05-24,9255.75,DZD,60,2024-07-23,Pending Review,0,0,0,60,0
INV0004969,FCT-760278,SUP00009,DPT006,PO0003748,2024-06-24,5374.27,DZD,30,2024-07-24,Pending Review,0,0,0,30,0
INV0004970,FCT-729540,SUP00030,DPT005,PO0000677,2024-09-07,66548.62,DZD,45,2024-10-22,Validated,0,0,0,45,0
INV0004971,FCT-727168,SUP00073,DPT003,PO0001300,2024-11-10,2430.43,DZD,30,2024-12-10,Pending Review,0,0,0,30,0
INV0004972,FCT-848737,SUP00098,DPT002,PO0002063,2024-07-25,3158.64,EUR,30,2024-08-24,Validated,0,0,0,30,0
INV0004973,FCT-782339,SUP00116,DPT012,PO0003037,2024-12-17,6873.24,DZD,45,2025-01-31,Validated,0,0,0,45,0
INV0004974,FCT-532308,SUP00291,DPT002,PO0004493,2024-09-15,50000.0,DZD,30,2024-10-15,Validated,0,1,0,30,0
INV0004975,FCT-742275,SUP00158,DPT007,,2024-12-23,7774.86,DZD,60,2025-02-21,Validated,1,0,0,60,0
INV0004976,FCT-136525,SUP00028,DPT006,,2024-05-31,5667.88,DZD,45,2024-07-15,Validated,1,0,0,45,0
INV0004977,FCT-114404,SUP00009,DPT001,PO0001554,2024-02-15,10997.06,DZD,45,2024-03-31,Pending Review,0,0,0,45,0
INV0004978,FCT-509522,SUP00002,DPT003,PO0005051,2024-03-29,11990.37,DZD,45,2024-05-13,Validated,0,0,0,45,0
INV0004979,FCT-546376,SUP00013,DPT006,,2024-03-29,5742.22,DZD,30,2024-04-28,Validated,1,0,0,30,0
INV0004980,FCT-830989,SUP00026,DPT002,PO0002762,2024-05-02,49625.12,EUR,45,2024-06-16,Validated,0,0,0,45,0
INV0004981,FCT-441230,SUP00010,DPT002,PO0002145,2024-04-17,9975.39,DZD,45,2024-06-01,Validated,0,0,0,45,0
INV0004982,FCT-331427,SUP00138,DPT012,PO0003793,2024-07-01,4372.65,DZD,30,2024-07-31,Validated,0,0,0,30,0
INV0004983,FCT-935148,SUP00007,DPT002,PO0001088,2024-12-04,25083.62,DZD,60,2025-02-02,Validated,0,0,0,60,0
INV0004984,FCT-725649,SUP00123,DPT002,,2024-02-10,581.92,DZD,15,2024-02-25,Validated,1,0,0,15,0
INV0004985,FCT-959231,SUP00141,DPT004,PO0004722,2024-10-12,1645.83,EUR,45,2024-11-26,Validated,0,0,0,45,0
INV0004986,FCT-667139,SUP00129,DPT006,PO0003117,2024-07-26,4747.97,DZD,30,2024-08-25,Validated,0,0,0,30,0
INV0004987,FCT-330640,SUP00013,DPT003,PO0003771,2024-02-14,1549.03,DZD,30,2024-03-15,Validated,0,0,0,30,0
INV0004988,FCT-371081,SUP00275,DPT006,PO0001413,2024-10-18,15120.52,DZD,30,2024-11-17,Validated,0,0,0,30,0
INV0004989,FCT-740838,SUP00005,DPT004,PO0001667,2024-06-09,14539.84,DZD,45,2024-07-24,Validated,0,0,0,45,0
INV0004990,FCT-241758,SUP00245,DPT008,PO0004886,2024-08-31,39174.12,USD,30,2024-09-30,Pending Review,0,0,0,30,0
INV0004991,FCT-313416,SUP00162,DPT005,,2024-12-05,3089.42,USD,30,2025-01-04,Validated,1,0,0,30,0
INV0004992,FCT-785841,SUP00208,DPT006,PO0000018,2024-02-24,11529.02,DZD,45,2024-04-09,Validated,0,0,0,45,0
INV0004993,FCT-773723,SUP00287,DPT003,PO0001103,2024-03-16,26152.46,EUR,30,2024-04-15,Validated,0,0,0,30,0
INV0004994,FCT-691345,SUP00005,DPT010,PO0003992,2024-03-08,7236.69,DZD,30,2024-04-07,Validated,0,0,0,30,0
INV0004995,FCT-369199,SUP00177,DPT008,PO0000806,2024-07-21,18653.09,DZD,30,2024-08-20,Validated,0,0,0,30,0
INV0004996,FCT-163479,SUP00002,DPT005,PO0001064,2024-12-23,25000.0,DZD,60,2025-02-21,Disputed,0,1,0,60,0
INV0004997,FCT-757538,SUP00175,DPT004,PO0002546,2024-09-08,27225.82,DZD,30,2024-10-08,Validated,0,0,0,30,0
INV0004998,FCT-332086,SUP00093,DPT005,PO0002117,2024-08-01,2501.95,DZD,60,2024-09-30,Validated,0,0,0,60,0
INV0004999,FCT-124400,SUP00023,DPT006,PO0002874,2024-01-24,1008.02,DZD,30,2024-02-23,Validated,0,0,0,30,0
INV0005000,FCT-609228,SUP00173,DPT005,PO0005087,2024-05-02,3882.69,EUR,60,2024-07-01,Validated,0,0,0,60,0
INV0005001,FCT-732465,SUP00209,DPT004,,2024-06-06,5426.01,DZD,45,2024-07-21,Validated,1,0,0,45,0
INV0005002,FCT-469632,SUP00014,DPT004,PO0001581,2024-06-27,9928.75,DZD,30,2024-07-27,Validated,0,0,0,30,0
INV0005003,FCT-478683,SUP00019,DPT009,PO0002358,2024-12-01,10083.7,DZD,60,2025-01-30,Validated,0,0,0,60,0
INV0005004,FCT-511827,SUP00026,DPT003,PO0001331,2024-05-08,2654.93,DZD,45,2024-06-22,Validated,0,0,0,45,0
INV0005005,FCT-764746,SUP00179,DPT006,PO0003187,2024-01-05,1903.95,DZD,30,2024-02-04,Validated,0,0,0,30,0
INV0005006,FCT-892853,SUP00215,DPT006,PO0000186,2024-06-03,38964.27,EUR,30,2024-07-03,Validated,0,0,0,30,0
INV0005007,FCT-182425,SUP00001,DPT012,,2024-08-19,5123.68,EUR,45,2024-10-03,Pending Review,1,0,0,45,0
INV0005008,FCT-265056,SUP00171,DPT004,PO0003672,2024-05-19,3473.49,DZD,45,2024-07-03,Validated,0,0,0,45,0
INV0005009,FCT-881217,SUP00005,DPT001,PO0004537,2024-11-15,8662.43,DZD,30,2024-12-15,Validated,0,0,0,30,0
INV0005010,FCT-405641,SUP00088,DPT003,PO0000409,2024-10-18,1967.93,DZD,15,2024-11-02,Validated,0,0,0,15,0
INV0005011,FCT-698904,SUP00022,DPT004,PO0003346,2024-06-05,2638.28,USD,30,2024-07-05,Validated,0,0,0,30,0
INV0005012,FCT-129492,SUP00009,DPT011,PO0000573,2024-11-27,14922.98,DZD,60,2025-01-26,Validated,0,0,0,60,0
INV0005013,FCT-433762,SUP00015,DPT009,PO0003987,2024-04-04,1869.33,DZD,45,2024-05-19,Disputed,0,0,0,45,0
INV0005014,FCT-632089,SUP00028,DPT003,PO0004494,2024-12-04,1301.66,EUR,60,2025-02-02,Validated,0,0,0,60,0
INV0005015,FCT-407387,SUP00002,DPT002,PO0001689,2024-09-22,3987.94,DZD,90,2024-12-21,Validated,0,0,0,90,0
INV0005016,FCT-346033,SUP00014,DPT009,PO0003172,2024-02-28,8086.05,DZD,30,2024-03-29,Validated,0,0,0,30,0
INV0005017,FCT-365917,SUP00198,DPT002,PO0005139,2024-05-13,29170.36,DZD,45,2024-06-27,Validated,0,0,0,45,0
INV0005018,FCT-709253,SUP00109,DPT005,PO0000957,2024-08-29,8880.26,DZD,30,2024-09-28,Validated,0,0,0,30,0
INV0005019,FCT-629875,SUP00005,DPT003,PO0000261,2024-05-02,10867.51,DZD,45,2024-06-16,Validated,0,0,0,45,0
INV0005020,FCT-364200,SUP00022,DPT011,PO0004095,2024-10-21,1851.83,DZD,45,2024-12-05,Validated,0,0,0,45,0
INV0005021,FCT-135430,SUP00022,DPT009,,2024-04-05,7441.66,DZD,30,2024-05-05,Validated,1,0,0,30,0
INV0005022,FCT-338043,SUP00005,DPT002,PO0004868,2024-11-30,1657.12,DZD,30,2024-12-30,Validated,0,0,0,30,0
INV0005023,FCT-740757,SUP00003,DPT006,PO0003713,2024-12-16,17201.1,DZD,90,2025-03-16,Disputed,0,0,0,90,0
INV0005024,FCT-848516,SUP00245,DPT002,PO0003478,2024-02-07,6840.37,DZD,30,2024-03-08,Validated,0,0,0,30,0
INV0005025,FCT-808040,SUP00230,DPT001,PO0001299,2024-09-29,5655.76,EUR,30,2024-10-29,Validated,0,0,0,30,0
INV0005026,FCT-992825,SUP00108,DPT004,,2024-08-31,10737.62,DZD,45,2024-10-15,Disputed,1,0,0,45,0
INV0005027,FCT-328003,SUP00003,DPT009,PO0002364,2024-02-20,3414.44,DZD,30,2024-03-21,Pending Review,0,0,0,30,0
INV0005028,FCT-765268,SUP00003,DPT009,PO0003282,2024-08-27,3436.58,DZD,90,2024-11-25,Validated,0,0,0,90,0
INV0005029,FCT-225959,SUP00027,DPT005,PO0004343,2024-04-18,2011.1,DZD,30,2024-05-18,Disputed,0,0,0,30,0
INV0005030,FCT-909890,SUP00006,DPT007,PO0005059,2024-10-22,46548.65,DZD,30,2024-11-21,Validated,0,0,0,30,0
INV0005031,FCT-974345,SUP00019,DPT001,PO0001167,2024-11-23,4619.15,DZD,45,2025-01-07,Disputed,0,0,0,45,0
INV0005032,FCT-544047,SUP00223,DPT009,PO0003650,2024-01-01,4173.85,DZD,15,2024-01-16,Validated,0,0,0,15,0
INV0005033,FCT-670586,SUP00004,DPT001,PO0004506,2024-10-29,13330.39,DZD,30,2024-11-28,Validated,0,0,0,30,0
INV0005034,FCT-363936,SUP00073,DPT009,PO0000275,2024-12-24,6084.02,DZD,30,2025-01-23,Pending Review,0,0,0,30,0
INV0005035,FCT-724537,SUP00002,DPT006,PO0004685,2024-05-08,415.74,USD,30,2024-06-07,Validated,0,0,0,30,0
INV0005036,FCT-313064,SUP00025,DPT010,,2024-12-24,61462.05,DZD,30,2025-01-23,Validated,1,0,0,30,0
INV0005037,FCT-669135,SUP00257,DPT001,PO0004194,2024-09-15,3457.8,DZD,30,2024-10-15,Validated,0,0,0,30,0
INV0005038,FCT-514350,SUP00159,DPT009,PO0003053,2024-07-25,2285.48,DZD,30,2024-08-24,Validated,0,0,0,30,0
INV0005039,FCT-324319,SUP00307,DPT002,PO0003205,2024-02-06,4978.72,DZD,15,2024-02-21,Validated,0,0,0,15,0
INV0005040,FCT-785037,SUP00017,DPT001,PO0004453,2024-06-30,3315.81,DZD,45,2024-08-14,Validated,0,0,0,45,0
INV0005041,FCT-821496,SUP00004,DPT002,PO0002463,2024-02-24,3389.76,EUR,45,2024-04-09,Validated,0,0,0,45,0
INV0005042,FCT-162854,SUP00016,DPT001,PO0000879,2024-04-15,6861.66,DZD,30,2024-05-15,Pending Review,0,0,0,30,0
INV0005043,FCT-533287,SUP00123,DPT008,,2024-11-24,706.91,EUR,15,2024-12-09,Validated,1,0,0,15,1
INV0005044,FCT-693093,SUP00006,DPT002,PO0002210,2024-02-10,13974.9,DZD,30,2024-03-11,Validated,0,0,0,30,0
INV0005045,FCT-337076,SUP00183,DPT004,PO0003507,2024-07-17,17984.6,DZD,45,2024-08-31,Pending Review,0,0,0,45,0
INV0005046,FCT-337070,SUP00010,DPT007,PO0004883,2024-12-23,860.11,EUR,45,2025-02-06,Validated,0,0,0,45,0
INV0005047,FCT-634140,SUP00006,DPT001,,2024-02-19,10136.59,DZD,60,2024-04-19,Validated,1,0,0,60,0
INV0005048,FCT-452269,SUP00266,DPT002,PO0000153,2024-03-10,2243.08,DZD,30,2024-04-09,Validated,0,0,0,30,0
INV0005049,FCT-895265,SUP00248,DPT008,PO0002252,2024-06-28,3628.21,DZD,30,2024-07-28,Validated,0,0,0,30,0
INV0005050,FCT-725072,SUP00195,DPT003,PO0002822,2024-06-30,8995.54,DZD,45,2024-08-14,Validated,0,0,0,45,0
INV0005051,FCT-798619,SUP00105,DPT009,PO0000250,2024-06-18,16258.57,DZD,45,2024-08-02,Pending Review,0,0,0,45,0
INV0005052,FCT-881184,SUP00210,DPT002,PO0002411,2024-03-22,8784.31,DZD,30,2024-04-21,Validated,0,0,0,30,0
INV0005053,FCT-740464,SUP00215,DPT012,PO0002544,2024-12-29,1214.91,DZD,30,2025-01-28,Validated,0,0,0,30,0
INV0005054,FCT-613377,SUP00069,DPT001,PO0002582,2024-02-09,6462.41,DZD,30,2024-03-10,Validated,0,0,0,30,0
INV0005055,FCT-340690,SUP00008,DPT009,,2024-01-06,10539.3,EUR,30,2024-02-05,Validated,1,0,0,30,0
INV0005056,FCT-334869,SUP00002,DPT001,PO0001642,2024-03-30,2468.58,DZD,15,2024-04-14,Validated,0,0,0,15,0
INV0005057,FCT-351088,SUP00022,DPT005,PO0001450,2024-09-26,2269.46,DZD,30,2024-10-26,Validated,0,0,0,30,0
INV0005058,FCT-156872,SUP00242,DPT006,PO0000239,2024-02-16,5529.45,EUR,60,2024-04-16,Validated,0,0,0,60,0
INV0005059,FCT-847841,SUP00014,DPT006,PO0002667,2024-10-03,11610.63,DZD,30,2024-11-02,Validated,0,0,0,30,0
INV0005060,FCT-943614,SUP00024,DPT002,PO0001985,2024-05-23,3128.37,DZD,30,2024-06-22,Validated,0,0,0,30,0
INV0005061,FCT-819752,SUP00075,DPT005,PO0004097,2024-10-09,7914.85,DZD,30,2024-11-08,Pending Review,0,0,0,30,0
INV0005062,FCT-362752,SUP00312,DPT005,PO0000378,2024-03-19,1408.62,DZD,60,2024-05-18,Disputed,0,0,0,60,0
INV0005063,FCT-875082,SUP00001,DPT001,,2024-10-10,8193.18,DZD,45,2024-11-24,Validated,1,0,0,45,0
INV0005064,FCT-647363,SUP00245,DPT002,PO0003478,2024-01-01,739.06,DZD,45,2024-02-15,Validated,0,0,0,45,0
INV0005065,FCT-953794,SUP00318,DPT007,PO0002677,2024-09-16,8572.28,DZD,30,2024-10-16,Pending Review,0,0,0,30,0
INV0005066,FCT-778361,SUP00022,DPT002,PO0004544,2024-01-09,16541.2,DZD,30,2024-02-08,Validated,0,0,0,30,0
INV0005067,FCT-428925,SUP00189,DPT007,,2024-06-03,4954.59,DZD,30,2024-07-03,Validated,1,0,0,30,0
INV0005068,FCT-612233,SUP00018,DPT007,PO0001409,2024-09-14,10000.0,DZD,60,2024-11-13,Validated,0,1,0,60,0
INV0005069,FCT-639907,SUP00013,DPT001,PO0004639,2024-01-19,7959.25,DZD,30,2024-02-18,Validated,0,0,0,30,0
INV0005070,FCT-463427,SUP00149,DPT007,,2024-12-02,1231.89,DZD,30,2025-01-01,Validated,1,0,0,30,0
INV0005071,FCT-607887,SUP00021,DPT004,PO0003587,2024-12-19,15000.0,DZD,45,2025-02-02,Validated,0,1,0,45,0
INV0005072,FCT-766210,SUP00001,DPT006,PO0003279,2024-09-09,3958.61,DZD,15,2024-09-24,Disputed,0,0,0,15,0
INV0005073,FCT-373238,SUP00153,DPT010,PO0001145,2024-03-29,5060.09,DZD,45,2024-05-13,Validated,0,0,0,45,0
INV0005074,FCT-304320,SUP00088,DPT001,PO0001488,2024-09-16,2440.78,DZD,30,2024-10-16,Validated,0,0,0,30,0
INV0005075,FCT-591485,SUP00002,DPT003,PO0004255,2024-04-21,1475.46,DZD,30,2024-05-21,Validated,0,0,0,30,0
INV0005076,FCT-797924,SUP00044,DPT012,PO0004821,2024-08-29,224.81,USD,90,2024-11-27,Validated,0,0,0,90,0
INV0005077,FCT-985822,SUP00005,DPT009,PO0005167,2024-02-25,41134.89,USD,30,2024-03-26,Validated,0,0,0,30,0
INV0005078,FCT-887568,SUP00150,DPT001,,2024-08-12,42634.4,DZD,15,2024-08-27,Validated,1,0,0,15,1
INV0005079,FCT-942056,SUP00016,DPT001,PO0004657,2024-05-01,2271.74,DZD,30,2024-05-31,Validated,0,0,0,30,0
INV0005080,FCT-395799,SUP00221,DPT011,PO0000865,2024-08-02,1145.38,DZD,30,2024-09-01,Validated,0,0,0,30,0
INV0005081,FCT-567347,SUP00001,DPT003,PO0004930,2024-04-29,31991.95,EUR,30,2024-05-29,Validated,0,0,0,30,0
INV0005082,FCT-360873,SUP00238,DPT009,PO0003778,2024-04-09,524.44,DZD,30,2024-05-09,Validated,0,0,0,30,0
INV0005083,FCT-320318,SUP00001,DPT001,PO0004846,2024-05-11,19575.95,DZD,30,2024-06-10,Validated,0,0,0,30,0
INV0005084,FCT-150340,SUP00170,DPT004,,2024-11-15,12485.01,DZD,15,2024-11-30,Validated,1,0,0,15,0
INV0005085,FCT-851576,SUP00005,DPT003,PO0004201,2024-05-27,4015.65,DZD,30,2024-06-26,Validated,0,0,0,30,0
INV0005086,FCT-457607,SUP00025,DPT001,,2024-09-09,29791.58,USD,30,2024-10-09,Validated,1,0,0,30,0
INV0005087,FCT-871188,SUP00150,DPT006,,2024-08-31,2810.97,EUR,15,2024-09-15,Validated,1,0,0,15,0
INV0005088,FCT-325472,SUP00010,DPT001,PO0003812,2024-08-07,15781.25,EUR,45,2024-09-21,Validated,0,0,0,45,0
INV0005089,FCT-606651,SUP00006,DPT005,PO0002880,2024-12-20,4504.75,DZD,30,2025-01-19,Validated,0,0,0,30,0
INV0005090,FCT-463264,SUP00154,DPT002,PO0002001,2024-01-17,1481.57,DZD,45,2024-03-02,Validated,0,0,0,45,0
INV0005091,FCT-521147,SUP00202,DPT001,PO0001276,2024-07-09,62901.69,DZD,30,2024-08-08,Validated,0,0,0,30,0
INV0005092,FCT-681337,SUP00006,DPT005,PO0003344,2024-12-22,2657.8,DZD,30,2025-01-21,Validated,0,0,0,30,0
INV0005093,FCT-263732,SUP00009,DPT002,PO0000748,2024-12-28,3664.07,DZD,15,2025-01-12,Validated,0,0,0,15,0
INV0005094,FCT-497588,SUP00008,DPT005,,2024-06-10,15296.73,DZD,30,2024-07-10,Validated,1,0,0,30,0
INV0005095,FCT-396847,SUP00019,DPT001,PO0002575,2024-01-21,5000.0,EUR,15,2024-02-05,Validated,0,1,0,15,0
INV0005096,FCT-977065,SUP00009,DPT003,PO0004070,2024-05-10,1317.44,DZD,30,2024-06-09,Validated,0,0,0,30,0
INV0005097,FCT-113091,SUP00009,DPT001,,2024-05-17,31475.82,DZD,30,2024-06-16,Pending Review,1,0,0,30,0
INV0005098,FCT-882344,SUP00040,DPT001,PO0001841,2024-05-12,5959.61,DZD,90,2024-08-10,Pending Review,0,0,0,90,0
INV0005099,FCT-494661,SUP00224,DPT005,PO0001295,2024-01-12,5425.8,DZD,30,2024-02-11,Validated,0,0,0,30,0
INV0005100,FCT-950088,SUP00008,DPT011,,2024-12-03,4951.53,DZD,30,2025-01-02,Validated,1,0,0,30,0
INV0005101,FCT-215309,SUP00017,DPT009,,2024-08-06,5888.59,DZD,90,2024-11-04,Validated,1,0,0,90,0
INV0005102,FCT-419707,SUP00166,DPT004,PO0004966,2024-05-19,999.02,USD,45,2024-07-03,Validated,0,0,0,45,0
INV0005103,FCT-565677,SUP00002,DPT011,PO0001327,2024-12-23,9581.17,DZD,15,2025-01-07,Validated,0,0,0,15,0
INV0005104,FCT-384868,SUP00017,DPT009,PO0003988,2024-11-05,7591.98,EUR,60,2025-01-04,Validated,0,0,0,60,0
INV0005105,FCT-323374,SUP00027,DPT011,,2024-03-18,3934.7,DZD,45,2024-05-02,Validated,1,0,0,45,0
INV0005106,FCT-119651,SUP00002,DPT005,,2024-03-07,7604.77,DZD,90,2024-06-05,Validated,1,0,0,90,0
INV0005107,FCT-898042,SUP00003,DPT003,PO0005075,2024-09-18,4741.53,EUR,45,2024-11-02,Validated,0,0,0,45,0
INV0005108,FCT-643020,SUP00006,DPT010,PO0001461,2024-11-15,5512.82,DZD,45,2024-12-30,Validated,0,0,0,45,0
INV0005109,FCT-210926,SUP00061,DPT009,PO0002430,2024-10-05,9703.81,DZD,45,2024-11-19,Pending Review,0,0,0,45,0
INV0005110,FCT-852500,SUP00012,DPT009,PO0002123,2024-10-27,4629.43,DZD,30,2024-11-26,Validated,0,0,0,30,0
INV0005111,FCT-495653,SUP00005,DPT005,PO0003385,2024-02-07,2455.51,DZD,30,2024-03-08,Validated,0,0,0,30,0
INV0005112,FCT-971273,SUP00002,DPT001,PO0005183,2024-03-02,14366.77,DZD,30,2024-04-01,Disputed,0,0,0,30,0
INV0005113,FCT-224957,SUP00225,DPT008,PO0004743,2024-06-06,1743.56,DZD,45,2024-07-21,Validated,0,0,0,45,0
INV0005114,FCT-391451,SUP00120,DPT006,PO0004688,2024-08-03,20115.1,DZD,45,2024-09-17,Pending Review,0,0,0,45,0
INV0005115,FCT-612723,SUP00008,DPT004,,2024-02-21,4042.99,EUR,30,2024-03-22,Validated,1,0,0,30,0
INV0005116,FCT-729797,SUP00228,DPT010,PO0000254,2024-01-23,16434.15,DZD,30,2024-02-22,Validated,0,0,0,30,0
INV0005117,FCT-383711,SUP00103,DPT001,,2024-05-08,31367.2,DZD,60,2024-07-07,Validated,1,0,0,60,0
INV0005118,FCT-405472,SUP00059,DPT001,PO0001888,2024-09-15,5606.99,DZD,60,2024-11-14,Validated,0,0,0,60,0
INV0005119,FCT-194082,SUP00023,DPT006,,2024-10-21,16365.18,EUR,30,2024-11-20,Validated,1,0,0,30,0
INV0005120,FCT-860455,SUP00014,DPT010,PO0004667,2024-10-25,12392.98,DZD,30,2024-11-24,Validated,0,0,0,30,0
INV0005121,FCT-640414,SUP00008,DPT005,PO0005064,2024-04-16,7407.31,DZD,30,2024-05-16,Validated,0,0,0,30,0
INV0005122,FCT-918146,SUP00125,DPT010,PO0002129,2024-04-16,12005.48,DZD,45,2024-05-31,Validated,0,0,0,45,0
INV0005123,FCT-584320,SUP00080,DPT001,PO0003533,2024-12-06,4350.94,DZD,60,2025-02-04,Validated,0,0,0,60,0
INV0005124,FCT-849506,SUP00004,DPT009,PO0000962,2024-02-27,39663.12,DZD,30,2024-03-28,Validated,0,0,0,30,0
INV0005125,FCT-289262,SUP00243,DPT002,PO0004176,2024-10-10,6613.85,DZD,45,2024-11-24,Validated,0,0,0,45,0
INV0005126,FCT-357844,SUP00019,DPT003,PO0001525,2024-01-02,2591.78,DZD,30,2024-02-01,Validated,0,0,0,30,0
INV0005127,FCT-970109,SUP00008,DPT012,,2024-04-06,3644.24,EUR,30,2024-05-06,Validated,1,0,0,30,0
INV0005128,FCT-255652,SUP00029,DPT001,PO0004736,2024-03-10,16657.78,DZD,45,2024-04-24,Validated,0,0,0,45,0
INV0005129,FCT-809500,SUP00021,DPT007,PO0003480,2024-06-04,2082.95,DZD,30,2024-07-04,Pending Review,0,0,0,30,0
INV0005130,FCT-881392,SUP00252,DPT002,PO0000999,2024-02-09,52880.74,DZD,30,2024-03-10,Disputed,0,0,0,30,0
INV0005131,FCT-655538,SUP00177,DPT003,PO0002902,2024-08-13,26942.29,USD,30,2024-09-12,Validated,0,0,0,30,0
INV0005132,FCT-722497,SUP00029,DPT006,PO0003048,2024-06-09,1457.03,DZD,30,2024-07-09,Validated,0,0,0,30,0
INV0005133,FCT-949103,SUP00009,DPT004,PO0002908,2024-08-09,100000.0,USD,30,2024-09-08,Validated,0,1,1,30,0
INV0005134,FCT-108617,SUP00176,DPT003,PO0004183,2024-09-22,1972.51,DZD,30,2024-10-22,Validated,0,0,0,30,0
INV0005135,FCT-772177,SUP00011,DPT001,PO0004126,2024-07-24,2301.75,DZD,45,2024-09-07,Validated,0,0,0,45,0
INV0005136,FCT-858036,SUP00129,DPT001,PO0003058,2024-07-09,3500.7,DZD,45,2024-08-23,Validated,0,0,0,45,0
INV0005137,FCT-534474,SUP00002,DPT003,PO0004111,2024-05-17,2556.28,DZD,30,2024-06-16,Validated,0,0,0,30,0
INV0005138,FCT-103433,SUP00311,DPT001,PO0003448,2024-08-28,10000.0,DZD,30,2024-09-27,Validated,0,1,0,30,0
INV0005139,FCT-966851,SUP00107,DPT005,PO0003127,2024-12-10,8035.64,USD,30,2025-01-09,Validated,0,0,0,30,0
INV0005140,FCT-708433,SUP00209,DPT006,,2024-02-22,9760.01,DZD,45,2024-04-07,Validated,1,0,0,45,0
INV0005141,FCT-677813,SUP00294,DPT002,,2024-02-02,6023.73,DZD,90,2024-05-02,Disputed,1,0,0,90,0
INV0005142,FCT-777635,SUP00019,DPT003,PO0001525,2024-10-18,3271.31,DZD,30,2024-11-17,Validated,0,0,0,30,0
INV0005143,FCT-222814,SUP00124,DPT001,PO0003041,2024-08-19,3298.63,DZD,60,2024-10-18,Validated,0,0,0,60,0
INV0005144,FCT-866126,SUP00002,DPT001,PO0004779,2024-07-30,21407.24,DZD,30,2024-08-29,Pending Review,0,0,0,30,0
INV0005145,FCT-188700,SUP00243,DPT011,PO0003290,2024-01-13,4019.24,EUR,90,2024-04-12,Validated,0,0,0,90,0
INV0005146,FCT-164847,SUP00146,DPT003,PO0000038,2024-06-08,29882.25,DZD,45,2024-07-23,Validated,0,0,0,45,0
INV0005147,FCT-183031,SUP00030,DPT004,PO0003266,2024-07-21,2890.59,DZD,45,2024-09-04,Validated,0,0,0,45,0
INV0005148,FCT-777993,SUP00210,DPT007,PO0001208,2024-10-01,6328.91,DZD,45,2024-11-15,Validated,0,0,0,45,0
INV0005149,FCT-419896,SUP00188,DPT005,,2024-03-08,8568.07,DZD,30,2024-04-07,Validated,1,0,0,30,0
INV0005150,FCT-888952,SUP00010,DPT002,PO0001645,2024-08-06,23370.51,DZD,45,2024-09-20,Validated,0,0,0,45,0
INV0005151,FCT-107533,SUP00109,DPT004,PO0005131,2024-01-31,18302.04,DZD,60,2024-03-31,Pending Review,0,0,0,60,0
INV0005152,FCT-321388,SUP00280,DPT001,,2024-10-22,8548.43,DZD,30,2024-11-21,Pending Review,1,0,0,30,0
INV0005153,FCT-602942,SUP00100,DPT012,PO0003740,2024-01-20,6541.22,DZD,60,2024-03-20,Validated,0,0,0,60,0
INV0005154,FCT-488032,SUP00133,DPT003,PO0003241,2024-07-26,2111.14,EUR,90,2024-10-24,Validated,0,0,0,90,0
INV0005155,FCT-492756,SUP00256,DPT008,PO0004794,2024-12-14,4811.16,DZD,30,2025-01-13,Validated,0,0,0,30,0
INV0005156,FCT-202404,SUP00294,DPT005,PO0004851,2024-05-07,80993.92,DZD,60,2024-07-06,Validated,0,0,0,60,0
INV0005157,FCT-427514,SUP00096,DPT006,PO0001035,2024-02-16,1993.68,DZD,30,2024-03-17,Validated,0,0,0,30,0
INV0005158,FCT-117853,SUP00171,DPT006,PO0000018,2024-08-25,3143.44,DZD,30,2024-09-24,Validated,0,0,0,30,0
INV0005159,FCT-486580,SUP00004,DPT002,PO0000695,2024-05-11,1224.82,DZD,30,2024-06-10,Validated,0,0,0,30,0
INV0005160,FCT-317827,SUP00177,DPT003,PO0005082,2024-08-31,15000.0,DZD,30,2024-09-30,Validated,0,1,0,30,0
INV0005161,FCT-481976,SUP00051,DPT007,PO0001470,2024-06-20,1539.77,DZD,15,2024-07-05,Validated,0,0,0,15,0
INV0005162,FCT-703587,SUP00247,DPT001,,2024-05-07,1466.0,DZD,30,2024-06-06,Validated,1,0,0,30,0
INV0005163,FCT-989384,SUP00009,DPT003,PO0003950,2024-01-09,8701.58,DZD,45,2024-02-23,Validated,0,0,0,45,0
INV0005164,FCT-561087,SUP00298,DPT006,PO0002284,2024-05-14,13905.07,DZD,45,2024-06-28,Validated,0,0,0,45,0
INV0005165,FCT-476808,SUP00076,DPT006,PO0003288,2024-12-03,9005.32,DZD,90,2025-03-03,Validated,0,0,0,90,0
INV0005166,FCT-179225,SUP00213,DPT001,PO0003932,2024-12-27,1853.94,DZD,30,2025-01-26,Validated,0,0,0,30,0
INV0005167,FCT-929855,SUP00187,DPT001,,2024-01-06,865.53,DZD,60,2024-03-06,Pending Review,1,0,0,60,0
INV0005168,FCT-872400,SUP00001,DPT001,,2024-03-12,571.52,DZD,45,2024-04-26,Validated,1,0,0,45,0
INV0005169,FCT-868346,SUP00013,DPT007,PO0003137,2024-11-28,100000.0,DZD,30,2024-12-28,Validated,0,1,1,30,0
INV0005170,FCT-673652,SUP00023,DPT009,PO0005181,2024-10-30,1844.8,DZD,30,2024-11-29,Validated,0,0,0,30,0
INV0005171,FCT-484984,SUP00142,DPT008,,2024-01-12,3541.58,DZD,90,2024-04-11,Validated,1,0,0,90,0
INV0005172,FCT-162997,SUP00199,DPT009,PO0000762,2024-06-04,8116.05,DZD,30,2024-07-04,Validated,0,0,0,30,0
INV0005173,FCT-138062,SUP00197,DPT001,,2024-05-29,3847.62,EUR,45,2024-07-13,Validated,1,0,0,45,0
INV0005174,FCT-886490,SUP00014,DPT006,PO0001769,2024-12-25,37127.41,DZD,30,2025-01-24,Pending Review,0,0,0,30,0
INV0005175,FCT-863413,SUP00043,DPT002,PO0003960,2024-10-12,85198.58,DZD,30,2024-11-11,Validated,0,0,0,30,0
INV0005176,FCT-758415,SUP00007,DPT002,PO0003741,2024-10-08,5311.39,DZD,45,2024-11-22,Pending Review,0,0,0,45,0
INV0005177,FCT-291057,SUP00009,DPT009,PO0000666,2024-01-10,664.35,DZD,60,2024-03-10,Validated,0,0,0,60,0
INV0005178,FCT-137243,SUP00010,DPT003,,2024-09-09,3237.64,EUR,15,2024-09-24,Validated,1,0,0,15,0
INV0005179,FCT-152633,SUP00089,DPT005,PO0004598,2024-10-22,4416.94,DZD,30,2024-11-21,Validated,0,0,0,30,0
INV0005180,FCT-865277,SUP00030,DPT001,PO0003317,2024-05-30,13211.88,DZD,30,2024-06-29,Validated,0,0,0,30,0
INV0005181,FCT-883959,SUP00009,DPT011,PO0000112,2024-06-20,1291.4,EUR,30,2024-07-20,Validated,0,0,0,30,0
INV0005182,FCT-645293,SUP00313,DPT002,PO0001399,2024-04-02,928.4,DZD,90,2024-07-01,Validated,0,0,0,90,0
INV0005183,FCT-692506,SUP00009,DPT005,,2024-06-21,8114.01,DZD,30,2024-07-21,Validated,1,0,0,30,0
INV0005184,FCT-833708,SUP00026,DPT002,PO0002388,2024-05-03,3200.77,DZD,30,2024-06-02,Validated,0,0,0,30,0
INV0005185,FCT-260279,SUP00179,DPT010,PO0004307,2024-03-08,3143.19,DZD,30,2024-04-07,Pending Review,0,0,0,30,0
INV0005186,FCT-862060,SUP00004,DPT010,PO0002949,2024-12-28,2182.74,DZD,45,2025-02-11,Validated,0,0,0,45,0
INV0005187,FCT-360085,SUP00139,DPT011,PO0004445,2024-03-26,3773.09,DZD,30,2024-04-25,Validated,0,0,0,30,0
INV0005188,FCT-253408,SUP00026,DPT001,PO0000049,2024-03-09,7547.34,DZD,30,2024-04-08,Validated,0,0,0,30,0
INV0005189,FCT-771125,SUP00004,DPT006,PO0000539,2024-10-18,378.57,USD,15,2024-11-02,Validated,0,0,0,15,0
INV0005190,FCT-920931,SUP00265,DPT001,PO0004846,2024-02-27,6116.93,USD,45,2024-04-12,Validated,0,0,0,45,0
INV0005191,FCT-211062,SUP00227,DPT001,PO0001273,2024-01-04,13236.58,DZD,30,2024-02-03,Validated,0,0,0,30,0
INV0005192,FCT-379595,SUP00002,DPT011,PO0003588,2024-08-02,10038.98,DZD,30,2024-09-01,Validated,0,0,0,30,0
INV0005193,FCT-750380,SUP00025,DPT001,PO0001419,2024-04-26,67731.8,DZD,60,2024-06-25,Validated,0,0,0,60,0
INV0005194,FCT-758317,SUP00233,DPT004,PO0002507,2024-09-10,3629.58,EUR,15,2024-09-25,Validated,0,0,0,15,0
INV0005195,FCT-512596,SUP00027,DPT006,PO0004864,2024-04-26,5394.57,EUR,30,2024-05-26,Validated,0,0,0,30,0
INV0005196,FCT-594436,SUP00009,DPT004,PO0004983,2024-02-04,25967.12,DZD,45,2024-03-20,Validated,0,0,0,45,0
INV0005197,FCT-853440,SUP00067,DPT005,PO0002006,2024-04-08,6387.79,DZD,30,2024-05-08,Validated,0,0,0,30,0
INV0005198,FCT-373505,SUP00168,DPT002,,2024-05-25,33904.63,DZD,30,2024-06-24,Validated,1,0,0,30,0
INV0005199,FCT-678728,SUP00124,DPT003,,2024-04-23,15357.77,DZD,15,2024-05-08,Validated,1,0,0,15,0
INV0005200,FCT-366486,SUP00320,DPT004,PO0003984,2024-08-05,7082.8,DZD,60,2024-10-04,Validated,0,0,0,60,0
INV0005201,FCT-983863,SUP00028,DPT002,PO0003302,2024-02-14,5924.22,DZD,30,2024-03-15,Validated,0,0,0,30,0
INV0005202,FCT-140997,SUP00001,DPT003,PO0002503,2024-08-25,4582.84,DZD,15,2024-09-09,Validated,0,0,0,15,0
INV0005203,FCT-871374,SUP00005,DPT006,PO0002788,2024-03-01,5767.99,DZD,60,2024-04-30,Disputed,0,0,0,60,0
INV0005204,FCT-483522,SUP00182,DPT007,PO0003835,2024-08-07,2270.26,DZD,90,2024-11-05,Validated,0,0,0,90,0
INV0005205,FCT-409336,SUP00239,DPT001,PO0002778,2024-07-22,13082.26,DZD,30,2024-08-21,Validated,0,0,0,30,0
INV0005206,FCT-300097,SUP00219,DPT003,PO0003873,2024-02-29,54254.93,EUR,15,2024-03-15,Validated,0,0,0,15,0
INV0005207,FCT-533422,SUP00201,DPT006,PO0004146,2024-07-24,747.25,DZD,60,2024-09-22,Validated,0,0,0,60,0
INV0005208,FCT-881597,SUP00105,DPT009,PO0004411,2024-12-19,23287.58,DZD,30,2025-01-18,Validated,0,0,0,30,0
INV0005209,FCT-945541,SUP00283,DPT001,PO0000706,2024-12-05,7929.22,DZD,30,2025-01-04,Validated,0,0,0,30,0
INV0005210,FCT-392448,SUP00013,DPT005,PO0002727,2024-10-02,19952.1,EUR,45,2024-11-16,Validated,0,0,0,45,0
INV0005211,FCT-236924,SUP00163,DPT011,PO0000344,2024-07-13,3056.15,DZD,30,2024-08-12,Validated,0,0,0,30,0
INV0005212,FCT-169355,SUP00139,DPT003,PO0000492,2024-10-08,4872.84,EUR,45,2024-11-22,Validated,0,0,0,45,0
INV0005213,FCT-475447,SUP00130,DPT001,PO0005135,2024-06-08,25728.68,DZD,45,2024-07-23,Validated,0,0,0,45,0
INV0005214,FCT-935166,SUP00003,DPT005,PO0001271,2024-04-23,5672.09,DZD,90,2024-07-22,Validated,0,0,0,90,0
INV0005215,FCT-618685,SUP00005,DPT001,PO0000688,2024-02-04,15502.32,EUR,45,2024-03-20,Validated,0,0,0,45,0
INV0005216,FCT-275240,SUP00001,DPT007,PO0003660,2024-06-25,3051.19,DZD,45,2024-08-09,Validated,0,0,0,45,0
INV0005217,FCT-416073,SUP00286,DPT002,PO0001392,2024-09-25,4778.74,USD,60,2024-11-24,Validated,0,0,0,60,0
INV0005218,FCT-509236,SUP00025,DPT004,PO0003796,2024-11-09,10782.93,EUR,90,2025-02-07,Validated,0,0,0,90,0
INV0005219,FCT-184742,SUP00271,DPT002,PO0002890,2024-06-11,9560.24,DZD,15,2024-06-26,Validated,0,0,0,15,0
INV0005220,FCT-971072,SUP00004,DPT007,,2024-09-09,15536.02,DZD,45,2024-10-24,Validated,1,0,0,45,0
INV0005221,FCT-285769,SUP00130,DPT009,PO0001731,2024-10-04,4055.76,DZD,30,2024-11-03,Pending Review,0,0,0,30,0
INV0005222,FCT-213238,SUP00315,DPT003,PO0001959,2024-03-28,6002.77,DZD,30,2024-04-27,Validated,0,0,0,30,0
INV0005223,FCT-489687,SUP00022,DPT003,,2024-03-11,18297.73,DZD,30,2024-04-10,Validated,1,0,0,30,0
INV0005224,FCT-607614,SUP00019,DPT012,PO0004932,2024-07-24,31540.07,EUR,30,2024-08-23,Validated,0,0,0,30,0
INV0005225,FCT-884994,SUP00197,DPT007,PO0001495,2024-08-12,2287.34,DZD,15,2024-08-27,Validated,0,0,0,15,0
INV0005226,FCT-244484,SUP00309,DPT002,PO0004611,2024-01-18,20000.0,DZD,45,2024-03-03,Validated,0,1,0,45,0
INV0005227,FCT-614822,SUP00195,DPT006,PO0000195,2024-09-21,2479.99,DZD,15,2024-10-06,Validated,0,0,0,15,0
INV0005228,FCT-651447,SUP00147,DPT004,PO0002352,2024-06-24,7623.21,DZD,45,2024-08-08,Pending Review,0,0,0,45,0
INV0005229,FCT-368636,SUP00091,DPT012,PO0002681,2024-05-12,8304.19,DZD,60,2024-07-11,Validated,0,0,0,60,0
INV0005230,FCT-306760,SUP00023,DPT008,PO0000342,2024-06-19,3427.56,DZD,90,2024-09-17,Validated,0,0,0,90,0
INV0005231,FCT-251215,SUP00252,DPT011,PO0003094,2024-06-24,4894.24,DZD,45,2024-08-08,Disputed,0,0,0,45,0
INV0005232,FCT-482669,SUP00004,DPT001,PO0004828,2024-09-19,784.8,USD,30,2024-10-19,Validated,0,0,0,30,0
INV0005233,FCT-656493,SUP00239,DPT009,,2024-01-24,13814.64,DZD,30,2024-02-23,Validated,1,0,0,30,1
INV0005234,FCT-510852,SUP00013,DPT012,PO0003339,2024-11-04,4362.37,DZD,30,2024-12-04,Validated,0,0,0,30,0
INV0005235,FCT-262594,SUP00254,DPT001,PO0002766,2024-04-08,5720.74,DZD,45,2024-05-23,Validated,0,0,0,45,0
INV0005236,FCT-364449,SUP00017,DPT008,PO0004043,2024-11-09,3108.17,EUR,30,2024-12-09,Validated,0,0,0,30,0
INV0005237,FCT-163666,SUP00022,DPT004,PO0003763,2024-03-01,13866.86,DZD,45,2024-04-15,Validated,0,0,0,45,0
INV0005238,FCT-400309,SUP00002,DPT011,PO0003678,2024-05-11,7428.56,DZD,90,2024-08-09,Validated,0,0,0,90,0
INV0005239,FCT-129721,SUP00007,DPT009,PO0004344,2024-05-16,1601.13,DZD,45,2024-06-30,Validated,0,0,0,45,0
INV0005240,FCT-786103,SUP00001,DPT002,,2024-03-05,5274.75,DZD,45,2024-04-19,Disputed,1,0,0,45,0
INV0005241,FCT-727924,SUP00003,DPT002,PO0001172,2024-02-02,1825.64,DZD,60,2024-04-02,Validated,0,0,0,60,0
INV0005242,FCT-657159,SUP00158,DPT009,,2024-01-01,6145.07,DZD,60,2024-03-01,Validated,1,0,0,60,0
INV0005243,FCT-897735,SUP00005,DPT005,PO0003980,2024-10-29,13163.26,DZD,60,2024-12-28,Validated,0,0,0,60,0
INV0005244,FCT-637959,SUP00004,DPT004,PO0002610,2024-02-12,7491.87,EUR,45,2024-03-28,Validated,0,0,0,45,0
INV0005245,FCT-577130,SUP00312,DPT004,,2024-09-24,9892.26,DZD,45,2024-11-08,Validated,1,0,0,45,0
INV0005246,FCT-591236,SUP00004,DPT010,,2024-01-07,20245.24,DZD,45,2024-02-21,Validated,1,0,0,45,0
INV0005247,FCT-351229,SUP00035,DPT003,PO0001068,2024-11-11,2341.48,DZD,60,2025-01-10,Pending Review,0,0,0,60,0
INV0005248,FCT-536371,SUP00001,DPT005,PO0002036,2024-04-01,3624.85,DZD,30,2024-05-01,Validated,0,0,0,30,0
INV0005249,FCT-283915,SUP00084,DPT009,PO0004048,2024-12-11,757.64,DZD,60,2025-02-09,Validated,0,0,0,60,0
INV0005250,FCT-509371,SUP00002,DPT003,PO0001810,2024-06-21,3879.98,DZD,30,2024-07-21,Validated,0,0,0,30,0
INV0005251,FCT-348706,SUP00186,DPT002,,2024-07-24,2965.2,DZD,45,2024-09-07,Validated,1,0,0,45,0
INV0005252,FCT-322178,SUP00027,DPT007,PO0003502,2024-06-23,12735.04,USD,45,2024-08-07,Validated,0,0,0,45,0
INV0005253,FCT-374654,SUP00024,DPT003,PO0001548,2024-09-28,10204.15,DZD,60,2024-11-27,Validated,0,0,0,60,0
INV0005254,FCT-188065,SUP00017,DPT002,PO0004329,2024-03-20,33725.21,DZD,15,2024-04-04,Validated,0,0,0,15,0
INV0005255,FCT-643526,SUP00013,DPT011,PO0003824,2024-06-27,3372.37,DZD,30,2024-07-27,Validated,0,0,0,30,0
INV0005256,FCT-236110,SUP00007,DPT004,PO0002711,2024-03-31,9471.98,DZD,60,2024-05-30,Pending Review,0,0,0,60,0
INV0005257,FCT-931130,SUP00188,DPT010,PO0002991,2024-10-13,14063.9,DZD,90,2025-01-11,Pending Review,0,0,0,90,0
INV0005258,FCT-555771,SUP00023,DPT006,PO0005097,2024-11-09,83700.84,DZD,30,2024-12-09,Validated,0,0,0,30,0
INV0005259,FCT-301698,SUP00301,DPT003,PO0000686,2024-07-14,9906.01,DZD,30,2024-08-13,Validated,0,0,0,30,0
INV0005260,FCT-965291,SUP00009,DPT001,PO0004640,2024-08-15,5680.2,EUR,45,2024-09-29,Validated,0,0,0,45,0
INV0005261,FCT-423363,SUP00056,DPT004,PO0000077,2024-09-25,6936.0,USD,45,2024-11-09,Validated,0,0,0,45,0
INV0005262,FCT-598902,SUP00002,DPT006,PO0000664,2024-05-28,10250.7,EUR,15,2024-06-12,Validated,0,0,0,15,0
INV0005263,FCT-635085,SUP00024,DPT001,PO0005081,2024-04-10,29126.03,DZD,90,2024-07-09,Validated,0,0,0,90,0
INV0005264,FCT-926285,SUP00009,DPT004,PO0001342,2024-12-11,3680.03,DZD,30,2025-01-10,Disputed,0,0,0,30,0
INV0005265,FCT-498785,SUP00003,DPT004,,2024-09-07,2650.32,DZD,45,2024-10-22,Validated,1,0,0,45,0
INV0005266,FCT-826528,SUP00058,DPT001,PO0003792,2024-01-09,122417.76,DZD,30,2024-02-08,Validated,0,0,1,30,0
INV0005267,FCT-204966,SUP00011,DPT004,PO0002307,2024-07-30,1642.81,DZD,30,2024-08-29,Validated,0,0,0,30,0
INV0005268,FCT-201559,SUP00007,DPT006,PO0000750,2024-06-12,16058.3,DZD,30,2024-07-12,Validated,0,0,0,30,0
INV0005269,FCT-240908,SUP00291,DPT009,PO0001058,2024-04-01,9688.31,DZD,30,2024-05-01,Validated,0,0,0,30,0
INV0005270,FCT-963156,SUP00030,DPT005,PO0004806,2024-10-15,8693.0,DZD,30,2024-11-14,Disputed,0,0,0,30,0
INV0005271,FCT-620662,SUP00210,DPT002,PO0003483,2024-09-07,1462.98,DZD,30,2024-10-07,Validated,0,0,0,30,0
INV0005272,FCT-527505,SUP00005,DPT012,,2024-06-18,135324.58,DZD,30,2024-07-18,Validated,1,0,1,30,0
INV0005273,FCT-647701,SUP00004,DPT012,PO0002031,2024-05-15,7353.52,DZD,30,2024-06-14,Validated,0,0,0,30,0
INV0005274,FCT-421024,SUP00097,DPT004,PO0001375,2024-03-22,3319.58,DZD,90,2024-06-20,Validated,0,0,0,90,0
INV0005275,FCT-629709,SUP00004,DPT002,PO0002569,2024-08-17,1300.97,DZD,30,2024-09-16,Validated,0,0,0,30,0
INV0005276,FCT-596065,SUP00292,DPT002,PO0002103,2024-11-08,594.38,DZD,30,2024-12-08,Validated,0,0,0,30,0
INV0005277,FCT-833675,SUP00112,DPT008,PO0003962,2024-08-28,13490.87,DZD,90,2024-11-26,Validated,0,0,0,90,0
INV0005278,FCT-627809,SUP00060,DPT001,,2024-01-05,2290.99,DZD,30,2024-02-04,Validated,1,0,0,30,0
INV0005279,FCT-273187,SUP00008,DPT002,,2024-09-01,4410.18,DZD,30,2024-10-01,Validated,1,0,0,30,0
INV0005280,FCT-384653,SUP00001,DPT005,PO0001963,2024-06-08,3002.6,DZD,15,2024-06-23,Validated,0,0,0,15,0
INV0005281,FCT-505818,SUP00009,DPT007,,2024-09-06,11142.07,DZD,30,2024-10-06,Pending Review,1,0,0,30,0
INV0005282,FCT-948687,SUP00093,DPT005,PO0000465,2024-05-18,9395.33,DZD,30,2024-06-17,Validated,0,0,0,30,0
INV0005283,FCT-518956,SUP00053,DPT011,PO0004461,2024-06-01,14255.23,DZD,60,2024-07-31,Validated,0,0,0,60,0
INV0005284,FCT-513543,SUP00068,DPT001,,2024-06-13,14894.68,DZD,30,2024-07-13,Validated,1,0,0,30,0
INV0005285,FCT-293660,SUP00224,DPT004,,2024-08-16,2634.94,DZD,45,2024-09-30,Pending Review,1,0,0,45,0
INV0005286,FCT-159081,SUP00013,DPT002,PO0004018,2024-11-03,1275.81,DZD,30,2024-12-03,Validated,0,0,0,30,0
INV0005287,FCT-738619,SUP00119,DPT003,PO0003271,2024-11-26,5060.69,USD,45,2025-01-10,Disputed,0,0,0,45,0
INV0005288,FCT-939426,SUP00060,DPT009,PO0005193,2024-03-05,10882.86,DZD,30,2024-04-04,Validated,0,0,0,30,0
INV0005289,FCT-381042,SUP00279,DPT007,PO0003712,2024-01-25,6798.83,DZD,45,2024-03-10,Validated,0,0,0,45,0
INV0005290,FCT-304658,SUP00153,DPT001,PO0003433,2024-10-31,699.46,DZD,60,2024-12-30,Validated,0,0,0,60,0
INV0005291,FCT-657132,SUP00181,DPT006,,2024-10-12,6413.16,EUR,30,2024-11-11,Validated,1,0,0,30,0
INV0005292,FCT-980519,SUP00027,DPT006,PO0004864,2024-04-11,1899.49,DZD,60,2024-06-10,Validated,0,0,0,60,0
INV0005293,FCT-479135,SUP00097,DPT011,PO0002336,2024-02-17,6157.67,DZD,30,2024-03-18,Validated,0,0,0,30,0
INV0005294,FCT-947669,SUP00188,DPT001,PO0003368,2024-02-15,18200.42,DZD,60,2024-04-15,Validated,0,0,0,60,0
INV0005295,FCT-316021,SUP00292,DPT003,PO0002861,2024-06-18,341.27,DZD,30,2024-07-18,Validated,0,0,0,30,0
INV0005296,FCT-975586,SUP00088,DPT006,PO0000089,2024-04-13,33968.29,DZD,45,2024-05-28,Validated,0,0,0,45,0
INV0005297,FCT-286196,SUP00267,DPT005,,2024-02-29,1802.73,DZD,30,2024-03-30,Validated,1,0,0,30,0
INV0005298,FCT-101375,SUP00110,DPT004,PO0000063,2024-10-23,18869.34,DZD,45,2024-12-07,Validated,0,0,0,45,0
INV0005299,FCT-542706,SUP00225,DPT008,PO0004770,2024-10-12,15790.91,DZD,30,2024-11-11,Validated,0,0,0,30,0
INV0005300,FCT-267626,SUP00057,DPT003,PO0003805,2024-07-12,4245.63,DZD,30,2024-08-11,Validated,0,0,0,30,0
INV0005301,FCT-316449,SUP00257,DPT006,PO0000414,2024-01-14,10123.58,DZD,60,2024-03-14,Validated,0,0,0,60,0
INV0005302,FCT-539915,SUP00004,DPT007,PO0002704,2024-02-20,2679.27,EUR,30,2024-03-21,Validated,0,0,0,30,0
INV0005303,FCT-706691,SUP00015,DPT010,PO0004813,2024-09-12,824.86,DZD,45,2024-10-27,Validated,0,0,0,45,0
INV0005304,FCT-728707,SUP00004,DPT009,PO0000920,2024-05-16,22212.26,USD,30,2024-06-15,Validated,0,0,0,30,0
INV0005305,FCT-655372,SUP00146,DPT003,PO0001779,2024-05-26,2736.29,DZD,15,2024-06-10,Validated,0,0,0,15,0
INV0005306,FCT-368189,SUP00214,DPT003,PO0004431,2024-10-24,47614.5,DZD,30,2024-11-23,Validated,0,0,0,30,0
INV0005307,FCT-810958,SUP00009,DPT001,PO0000197,2024-04-06,16572.08,EUR,45,2024-05-21,Validated,0,0,0,45,0
INV0005308,FCT-974168,SUP00314,DPT004,,2024-12-23,2272.65,DZD,30,2025-01-22,Validated,1,0,0,30,0
INV0005309,FCT-219882,SUP00007,DPT009,,2024-12-16,11811.61,DZD,30,2025-01-15,Validated,1,0,0,30,0
INV0005310,FCT-267302,SUP00053,DPT011,PO0004461,2024-08-05,11015.51,EUR,45,2024-09-19,Validated,0,0,0,45,0
INV0005311,FCT-893960,SUP00174,DPT006,PO0002710,2024-04-16,43517.42,DZD,45,2024-05-31,Validated,0,0,0,45,0
INV0005312,FCT-229004,SUP00004,DPT002,PO0000526,2024-12-26,3421.07,DZD,30,2025-01-25,Validated,0,0,0,30,0
INV0005313,FCT-570846,SUP00069,DPT001,PO0003983,2024-03-18,4595.77,DZD,30,2024-04-17,Validated,0,0,0,30,0
INV0005314,FCT-731380,SUP00256,DPT009,,2024-11-11,9880.13,DZD,30,2024-12-11,Validated,1,0,0,30,0
INV0005315,FCT-686123,SUP00003,DPT003,PO0002255,2024-06-06,6129.6,DZD,30,2024-07-06,Pending Review,0,0,0,30,0
INV0005316,FCT-351041,SUP00269,DPT004,PO0004541,2024-11-09,1213.42,EUR,30,2024-12-09,Validated,0,0,0,30,0
INV0005317,FCT-981194,SUP00154,DPT011,,2024-04-20,19284.64,DZD,60,2024-06-19,Validated,1,0,0,60,0
INV0005318,FCT-185182,SUP00014,DPT002,PO0000537,2024-09-18,37718.61,DZD,30,2024-10-18,Pending Review,0,0,0,30,0
INV0005319,FCT-567216,SUP00063,DPT004,PO0001988,2024-09-22,7160.43,DZD,30,2024-10-22,Validated,0,0,0,30,0
INV0005320,FCT-769212,SUP00009,DPT009,PO0003438,2024-05-16,100000.0,DZD,45,2024-06-30,Validated,0,1,1,45,0
INV0005321,FCT-891917,SUP00008,DPT006,PO0002729,2024-01-12,5270.73,DZD,30,2024-02-11,Validated,0,0,0,30,0
INV0005322,FCT-117950,SUP00213,DPT009,PO0001182,2024-04-18,2109.69,EUR,60,2024-06-17,Validated,0,0,0,60,0
INV0005323,FCT-392352,SUP00004,DPT011,PO0000768,2024-09-09,4455.97,DZD,60,2024-11-08,Pending Review,0,0,0,60,0
INV0005324,FCT-946645,SUP00010,DPT007,PO0003664,2024-10-15,7429.81,DZD,30,2024-11-14,Validated,0,0,0,30,0
INV0005325,FCT-847053,SUP00177,DPT003,PO0005082,2024-06-03,12764.92,DZD,30,2024-07-03,Validated,0,0,0,30,0
INV0005326,FCT-166503,SUP00216,DPT006,,2024-11-21,30210.24,DZD,30,2024-12-21,Validated,1,0,0,30,0
INV0005327,FCT-942000,SUP00224,DPT012,PO0000078,2024-10-13,12347.12,DZD,45,2024-11-27,Validated,0,0,0,45,0
INV0005328,FCT-738686,SUP00069,DPT009,PO0002207,2024-02-07,1778.13,USD,45,2024-03-23,Validated,0,0,0,45,0
INV0005329,FCT-268700,SUP00257,DPT001,PO0005182,2024-05-01,13149.55,DZD,60,2024-06-30,Validated,0,0,0,60,0
INV0005330,FCT-301787,SUP00010,DPT009,,2024-07-10,4321.68,DZD,15,2024-07-25,Validated,1,0,0,15,0
INV0005331,FCT-548560,SUP00001,DPT001,PO0001319,2024-01-07,4920.25,DZD,30,2024-02-06,Validated,0,0,0,30,0
INV0005332,FCT-741456,SUP00104,DPT008,PO0003810,2024-04-10,5906.83,DZD,15,2024-04-25,Validated,0,0,0,15,0
INV0005333,FCT-905676,SUP00260,DPT006,PO0004107,2024-10-05,7011.69,DZD,60,2024-12-04,Validated,0,0,0,60,0
INV0005334,FCT-498170,SUP00138,DPT002,PO0004924,2024-11-07,19235.19,DZD,45,2024-12-22,Validated,0,0,0,45,0
INV0005335,FCT-420733,SUP00021,DPT004,,2024-02-18,15000.0,DZD,60,2024-04-18,Validated,1,1,0,60,0
INV0005336,FCT-743630,SUP00016,DPT004,PO0004870,2024-08-05,1535.56,DZD,45,2024-09-19,Validated,0,0,0,45,0
INV0005337,FCT-726436,SUP00020,DPT005,PO0002781,2024-06-23,1066.97,DZD,60,2024-08-22,Validated,0,0,0,60,0
INV0005338,FCT-763619,SUP00012,DPT006,PO0005176,2024-11-07,12679.35,DZD,45,2024-12-22,Validated,0,0,0,45,0
INV0005339,FCT-191526,SUP00018,DPT004,PO0002173,2024-10-31,11153.39,DZD,30,2024-11-30,Validated,0,0,0,30,0
INV0005340,FCT-437613,SUP00104,DPT008,,2024-12-13,25598.62,DZD,15,2024-12-28,Validated,1,0,0,15,1
INV0005341,FCT-370753,SUP00065,DPT010,PO0002719,2024-12-03,5360.22,DZD,60,2025-02-01,Validated,0,0,0,60,0
INV0005342,FCT-985132,SUP00205,DPT009,,2024-09-26,8283.3,DZD,60,2024-11-25,Validated,1,0,0,60,0
INV0005343,FCT-693499,SUP00315,DPT002,PO0004798,2024-03-30,10394.62,DZD,30,2024-04-29,Validated,0,0,0,30,0
INV0005344,FCT-706240,SUP00020,DPT002,PO0001177,2024-04-01,1004.71,DZD,30,2024-05-01,Validated,0,0,0,30,0
INV0005345,FCT-497662,SUP00003,DPT006,PO0002695,2024-11-01,940.03,USD,45,2024-12-16,Validated,0,0,0,45,0
INV0005346,FCT-935604,SUP00167,DPT003,PO0001190,2024-09-12,13992.44,DZD,45,2024-10-27,Pending Review,0,0,0,45,0
INV0005347,FCT-692614,SUP00013,DPT011,PO0005165,2024-10-10,9178.43,DZD,30,2024-11-09,Validated,0,0,0,30,0
INV0005348,FCT-660197,SUP00024,DPT004,,2024-04-12,28246.91,DZD,60,2024-06-11,Validated,1,0,0,60,0
INV0005349,FCT-597413,SUP00005,DPT006,PO0004709,2024-12-03,50026.19,DZD,90,2025-03-03,Validated,0,0,0,90,0
INV0005350,FCT-350112,SUP00002,DPT001,,2024-03-03,4249.43,DZD,90,2024-06-01,Validated,1,0,0,90,0
INV0005351,FCT-936429,SUP00277,DPT009,PO0003620,2024-10-24,4002.34,DZD,45,2024-12-08,Validated,0,0,0,45,0
INV0005352,FCT-504199,SUP00010,DPT012,PO0001472,2024-05-02,1261.35,DZD,30,2024-06-01,Validated,0,0,0,30,0
INV0005353,FCT-208148,SUP00002,DPT002,,2024-02-02,10892.08,DZD,90,2024-05-02,Validated,1,0,0,90,0
INV0005354,FCT-260602,SUP00005,DPT012,PO0002076,2024-10-26,562.85,DZD,30,2024-11-25,Validated,0,0,0,30,0
INV0005355,FCT-661187,SUP00232,DPT011,PO0003131,2024-12-10,1966.73,DZD,30,2025-01-09,Validated,0,0,0,30,0
INV0005356,FCT-805709,SUP00191,DPT002,,2024-12-20,8560.79,DZD,45,2025-02-03,Validated,1,0,0,45,0
INV0005357,FCT-510455,SUP00320,DPT009,PO0003550,2024-01-10,2813.83,DZD,45,2024-02-24,Validated,0,0,0,45,0
INV0005358,FCT-634359,SUP00304,DPT007,PO0002018,2024-06-14,5685.37,DZD,30,2024-07-14,Validated,0,0,0,30,0
INV0005359,FCT-934080,SUP00019,DPT001,PO0001233,2024-05-05,4731.18,DZD,30,2024-06-04,Validated,0,0,0,30,0
INV0005360,FCT-235861,SUP00085,DPT004,PO0000543,2024-05-02,1671.08,EUR,30,2024-06-01,Pending Review,0,0,0,30,0
INV0005361,FCT-870854,SUP00012,DPT003,PO0001931,2024-05-22,557.95,EUR,30,2024-06-21,Validated,0,0,0,30,0
INV0005362,FCT-568185,SUP00006,DPT012,PO0000349,2024-01-07,13427.99,DZD,45,2024-02-21,Validated,0,0,0,45,0
INV0005363,FCT-384992,SUP00010,DPT009,PO0002420,2024-06-26,4892.58,DZD,45,2024-08-10,Validated,0,0,0,45,0
INV0005364,FCT-235127,SUP00002,DPT002,PO0004980,2024-01-28,50000.0,DZD,30,2024-02-27,Validated,0,1,0,30,0
INV0005365,FCT-850539,SUP00158,DPT005,PO0003062,2024-03-26,5612.25,EUR,30,2024-04-25,Validated,0,0,0,30,0
INV0005366,FCT-609865,SUP00021,DPT003,PO0000663,2024-09-19,5498.43,DZD,45,2024-11-03,Pending Review,0,0,0,45,0
INV0005367,FCT-617757,SUP00003,DPT002,PO0003714,2024-02-15,7244.66,DZD,45,2024-03-31,Validated,0,0,0,45,0
INV0005368,FCT-689110,SUP00161,DPT001,PO0003910,2024-09-03,4811.65,DZD,30,2024-10-03,Disputed,0,0,0,30,0
INV0005369,FCT-361564,SUP00010,DPT007,PO0000375,2024-11-01,4067.08,DZD,30,2024-12-01,Validated,0,0,0,30,0
INV0005370,FCT-198853,SUP00001,DPT002,,2024-12-22,1889.79,DZD,45,2025-02-05,Validated,1,0,0,45,0
INV0005371,FCT-182323,SUP00177,DPT004,PO0004985,2024-08-22,104284.78,EUR,45,2024-10-06,Validated,0,0,1,45,0
INV0005372,FCT-736092,SUP00316,DPT008,,2024-11-17,20000.0,USD,30,2024-12-17,Disputed,1,1,0,30,0
INV0005373,FCT-250113,SUP00002,DPT004,,2024-06-22,33345.04,DZD,90,2024-09-20,Validated,1,0,0,90,0
INV0005374,FCT-197275,SUP00113,DPT004,PO0001904,2024-11-25,25832.74,DZD,30,2024-12-25,Disputed,0,0,0,30,0
INV0005375,FCT-666056,SUP00009,DPT006,PO0004834,2024-10-09,4354.14,DZD,30,2024-11-08,Validated,0,0,0,30,0
INV0005376,FCT-477868,SUP00009,DPT001,PO0004640,2024-11-30,4870.71,DZD,30,2024-12-30,Validated,0,0,0,30,0
INV0005377,FCT-548065,SUP00009,DPT005,PO0001564,2024-11-30,6022.75,DZD,90,2025-02-28,Validated,0,0,0,90,0
INV0005378,FCT-201019,SUP00138,DPT002,PO0004924,2024-09-08,3948.94,DZD,90,2024-12-07,Validated,0,0,0,90,0
INV0005379,FCT-220447,SUP00022,DPT011,PO0002162,2024-03-22,16474.84,DZD,15,2024-04-06,Validated,0,0,0,15,0
INV0005380,FCT-683381,SUP00028,DPT005,PO0002863,2024-01-18,2355.53,DZD,30,2024-02-17,Disputed,0,0,0,30,0
INV0005381,FCT-904172,SUP00007,DPT005,,2024-04-27,1760.09,EUR,30,2024-05-27,Validated,1,0,0,30,0
INV0005382,FCT-318506,SUP00284,DPT004,PO0003593,2024-04-18,1351.74,DZD,60,2024-06-17,Disputed,0,0,0,60,0
INV0005383,FCT-620411,SUP00027,DPT001,PO0005194,2024-12-07,4135.56,DZD,90,2025-03-07,Validated,0,0,0,90,0
INV0005384,FCT-274915,SUP00021,DPT005,,2024-01-14,3488.92,DZD,60,2024-03-14,Validated,1,0,0,60,0
INV0005385,FCT-968974,SUP00057,DPT002,PO0003629,2024-07-17,2946.48,DZD,15,2024-08-01,Validated,0,0,0,15,0
INV0005386,FCT-579577,SUP00064,DPT006,PO0004727,2024-12-26,6609.82,DZD,30,2025-01-25,Validated,0,0,0,30,0
INV0005387,FCT-347766,SUP00139,DPT011,PO0001060,2024-04-12,1570.69,DZD,45,2024-05-27,Disputed,0,0,0,45,0
INV0005388,FCT-206513,SUP00225,DPT006,,2024-07-30,14095.6,DZD,60,2024-09-28,Validated,1,0,0,60,0
INV0005389,FCT-265469,SUP00270,DPT003,,2024-02-27,1700.05,DZD,30,2024-03-28,Validated,1,0,0,30,0
INV0005390,FCT-833431,SUP00022,DPT005,PO0001450,2024-06-02,1558.4,DZD,45,2024-07-17,Validated,0,0,0,45,0
INV0005391,FCT-884930,SUP00024,DPT001,,2024-12-26,2863.38,DZD,60,2025-02-24,Validated,1,0,0,60,0
INV0005392,FCT-662613,SUP00002,DPT005,PO0000515,2024-09-02,5121.56,DZD,30,2024-10-02,Pending Review,0,0,0,30,0
INV0005393,FCT-775811,SUP00226,DPT003,PO0004695,2024-07-14,16149.09,EUR,30,2024-08-13,Validated,0,0,0,30,0
INV0005394,FCT-283503,SUP00002,DPT012,PO0002525,2024-12-19,5509.13,DZD,90,2025-03-19,Validated,0,0,0,90,0
INV0005395,FCT-290750,SUP00238,DPT010,PO0000575,2024-11-10,948.26,DZD,30,2024-12-10,Validated,0,0,0,30,0
INV0005396,FCT-214887,SUP00131,DPT002,PO0001326,2024-04-11,10516.06,USD,45,2024-05-26,Validated,0,0,0,45,0
INV0005397,FCT-416188,SUP00005,DPT002,PO0001370,2024-08-20,10286.23,USD,30,2024-09-19,Validated,0,0,0,30,0
INV0005398,FCT-637274,SUP00002,DPT009,PO0003711,2024-08-25,3079.68,DZD,30,2024-09-24,Validated,0,0,0,30,0
INV0005399,FCT-386411,SUP00276,DPT011,PO0001546,2024-06-10,7306.17,DZD,30,2024-07-10,Validated,0,0,0,30,0
INV0005400,FCT-197322,SUP00177,DPT004,,2024-03-07,31250.01,DZD,45,2024-04-21,Validated,1,0,0,45,0
INV0005401,FCT-734521,SUP00022,DPT004,PO0000466,2024-11-09,2222.04,DZD,30,2024-12-09,Validated,0,0,0,30,0
INV0005402,FCT-167880,SUP00015,DPT002,PO0001840,2024-02-29,18116.34,DZD,30,2024-03-30,Validated,0,0,0,30,0
INV0005403,FCT-293830,SUP00006,DPT002,PO0003958,2024-05-10,25729.29,DZD,90,2024-08-08,Validated,0,0,0,90,0
INV0005404,FCT-154967,SUP00002,DPT004,PO0003846,2024-03-31,7348.18,DZD,60,2024-05-30,Validated,0,0,0,60,0
INV0005405,FCT-169262,SUP00262,DPT006,PO0000599,2024-10-07,1460.71,DZD,60,2024-12-06,Validated,0,0,0,60,0
INV0005406,FCT-148153,SUP00062,DPT008,PO0004144,2024-02-05,26982.69,DZD,30,2024-03-06,Validated,0,0,0,30,0
INV0005407,FCT-836399,SUP00003,DPT009,,2024-06-14,17212.48,DZD,45,2024-07-29,Validated,1,0,0,45,0
INV0005408,FCT-269165,SUP00227,DPT001,PO0001273,2024-11-03,11278.38,DZD,15,2024-11-18,Validated,0,0,0,15,0
INV0005409,FCT-110389,SUP00002,DPT009,PO0002647,2024-11-23,5651.93,DZD,30,2024-12-23,Validated,0,0,0,30,0
INV0005410,FCT-821478,SUP00087,DPT011,PO0002794,2024-03-16,22719.76,DZD,30,2024-04-15,Disputed,0,0,0,30,0
INV0005411,FCT-647371,SUP00314,DPT005,PO0003047,2024-07-02,2258.43,DZD,30,2024-08-01,Disputed,0,0,0,30,0
INV0005412,FCT-959740,SUP00005,DPT005,PO0001021,2024-06-27,16085.78,DZD,30,2024-07-27,Validated,0,0,0,30,0
INV0005413,FCT-377700,SUP00006,DPT010,PO0001461,2024-04-28,4146.64,DZD,30,2024-05-28,Validated,0,0,0,30,0
INV0005414,FCT-961277,SUP00062,DPT008,,2024-10-19,873.14,DZD,30,2024-11-18,Pending Review,1,0,0,30,0
INV0005415,FCT-480894,SUP00099,DPT001,PO0005080,2024-09-21,1890.71,DZD,90,2024-12-20,Validated,0,0,0,90,0
INV0005416,FCT-637898,SUP00001,DPT008,PO0000453,2024-01-31,9552.1,DZD,45,2024-03-16,Validated,0,0,0,45,0
INV0005417,FCT-160624,SUP00004,DPT002,PO0000526,2024-11-09,7750.58,DZD,30,2024-12-09,Validated,0,0,0,30,0
INV0005418,FCT-210374,SUP00109,DPT005,PO0000957,2024-05-13,9994.07,USD,30,2024-06-12,Disputed,0,0,0,30,0
INV0005419,FCT-249010,SUP00003,DPT009,PO0002523,2024-11-06,3935.88,DZD,45,2024-12-21,Validated,0,0,0,45,0
INV0005420,FCT-758175,SUP00155,DPT002,PO0000956,2024-10-06,7651.67,DZD,60,2024-12-05,Validated,0,0,0,60,0
INV0005421,FCT-551120,SUP00008,DPT010,PO0002974,2024-06-23,12323.82,DZD,30,2024-07-23,Validated,0,0,0,30,0
INV0005422,FCT-752241,SUP00024,DPT002,PO0003136,2024-09-03,90574.6,DZD,30,2024-10-03,Pending Review,0,0,0,30,0
INV0005423,FCT-445023,SUP00145,DPT011,PO0005142,2024-06-09,3823.98,DZD,60,2024-08-08,Validated,0,0,0,60,0
INV0005424,FCT-419987,SUP00005,DPT003,PO0000178,2024-10-11,19505.38,DZD,30,2024-11-10,Validated,0,0,0,30,0
INV0005425,FCT-505474,SUP00021,DPT009,PO0004305,2024-02-24,12626.85,DZD,15,2024-03-10,Validated,0,0,0,15,0
INV0005426,FCT-435268,SUP00001,DPT011,,2024-08-08,6912.21,EUR,45,2024-09-22,Disputed,1,0,0,45,0
INV0005427,FCT-104700,SUP00250,DPT009,PO0003991,2024-01-15,1344.06,DZD,60,2024-03-15,Disputed,0,0,0,60,0
INV0005428,FCT-373233,SUP00009,DPT009,PO0002082,2024-09-20,29683.73,DZD,30,2024-10-20,Validated,0,0,0,30,0
INV0005429,FCT-935242,SUP00261,DPT002,PO0002684,2024-12-06,7991.74,DZD,60,2025-02-04,Validated,0,0,0,60,0
INV0005430,FCT-784819,SUP00006,DPT006,PO0001493,2024-10-04,3042.61,DZD,30,2024-11-03,Validated,0,0,0,30,0
INV0005431,FCT-567895,SUP00001,DPT002,,2024-09-21,2171.0,DZD,45,2024-11-05,Validated,1,0,0,45,0
INV0005432,FCT-478144,SUP00070,DPT001,PO0001020,2024-10-25,8104.32,DZD,30,2024-11-24,Validated,0,0,0,30,0
INV0005433,FCT-491647,SUP00002,DPT001,PO0001371,2024-07-29,2041.49,EUR,30,2024-08-28,Validated,0,0,0,30,0
INV0005434,FCT-724843,SUP00003,DPT009,PO0000720,2024-08-12,3121.26,DZD,15,2024-08-27,Validated,0,0,0,15,0
INV0005435,FCT-881021,SUP00179,DPT004,PO0000177,2024-07-31,3040.91,DZD,30,2024-08-30,Validated,0,0,0,30,0
INV0005436,FCT-528439,SUP00009,DPT005,PO0002268,2024-06-21,6330.25,DZD,30,2024-07-21,Validated,0,0,0,30,0
INV0005437,FCT-156334,SUP00185,DPT011,PO0001304,2024-01-09,11974.86,DZD,45,2024-02-23,Validated,0,0,0,45,0
INV0005438,FCT-691309,SUP00005,DPT009,PO0003867,2024-01-30,4165.75,DZD,90,2024-04-29,Validated,0,0,0,90,0
INV0005439,FCT-501992,SUP00026,DPT003,PO0001240,2024-06-14,4701.0,DZD,60,2024-08-13,Validated,0,0,0,60,0
INV0005440,FCT-875690,SUP00005,DPT006,PO0003209,2024-04-09,6798.82,USD,30,2024-05-09,Validated,0,0,0,30,0
INV0005441,FCT-618611,SUP00009,DPT004,PO0003196,2024-12-02,2538.14,DZD,45,2025-01-16,Validated,0,0,0,45,0
INV0005442,FCT-113742,SUP00088,DPT009,PO0003233,2024-12-25,3055.44,EUR,60,2025-02-23,Validated,0,0,0,60,0
INV0005443,FCT-349705,SUP00015,DPT009,PO0003952,2024-06-17,3507.2,DZD,45,2024-08-01,Validated,0,0,0,45,0
INV0005444,FCT-343601,SUP00152,DPT002,PO0003325,2024-09-11,8360.05,DZD,60,2024-11-10,Validated,0,0,0,60,0
INV0005445,FCT-333620,SUP00012,DPT011,PO0003874,2024-07-30,38181.59,DZD,30,2024-08-29,Validated,0,0,0,30,0
INV0005446,FCT-516541,SUP00156,DPT012,PO0004327,2024-04-01,1432.89,DZD,45,2024-05-16,Validated,0,0,0,45,0
INV0005447,FCT-245399,SUP00025,DPT011,PO0001592,2024-05-17,7903.16,DZD,60,2024-07-16,Validated,0,0,0,60,0
INV0005448,FCT-799203,SUP00170,DPT003,,2024-05-20,4610.19,DZD,15,2024-06-04,Validated,1,0,0,15,0
INV0005449,FCT-735413,SUP00026,DPT001,PO0004457,2024-02-08,4938.18,EUR,30,2024-03-09,Pending Review,0,0,0,30,0
INV0005450,FCT-417797,SUP00081,DPT003,PO0000972,2024-01-07,3424.79,EUR,15,2024-01-22,Validated,0,0,0,15,0
INV0005451,FCT-701656,SUP00278,DPT011,PO0003860,2024-04-28,22302.02,DZD,60,2024-06-27,Validated,0,0,0,60,0
INV0005452,FCT-887244,SUP00218,DPT010,PO0004371,2024-11-25,368.81,DZD,30,2024-12-25,Pending Review,0,0,0,30,0
INV0005453,FCT-468350,SUP00005,DPT011,PO0003923,2024-02-01,1626.21,USD,30,2024-03-02,Validated,0,0,0,30,0
INV0005454,FCT-520166,SUP00006,DPT003,PO0001448,2024-07-08,21025.96,DZD,30,2024-08-07,Validated,0,0,0,30,0
INV0005455,FCT-190089,SUP00240,DPT002,PO0000976,2024-07-30,22915.26,DZD,30,2024-08-29,Validated,0,0,0,30,0
INV0005456,FCT-599078,SUP00317,DPT002,PO0004355,2024-08-31,45430.69,DZD,60,2024-10-30,Validated,0,0,0,60,0
INV0005457,FCT-266901,SUP00220,DPT006,PO0001008,2024-12-24,8540.97,USD,30,2025-01-23,Validated,0,0,0,30,0
INV0005458,FCT-125816,SUP00007,DPT009,PO0002757,2024-05-22,10451.81,USD,30,2024-06-21,Validated,0,0,0,30,0
INV0005459,FCT-463136,SUP00004,DPT010,,2024-05-12,100000.0,DZD,45,2024-06-26,Disputed,1,1,1,45,0
INV0005460,FCT-731985,SUP00002,DPT012,PO0000124,2024-07-04,6023.21,DZD,30,2024-08-03,Validated,0,0,0,30,0
INV0005461,FCT-323381,SUP00291,DPT007,,2024-11-09,11424.28,DZD,30,2024-12-09,Validated,1,0,0,30,0
INV0005462,FCT-231288,SUP00293,DPT001,PO0000507,2024-08-02,3425.13,EUR,45,2024-09-16,Validated,0,0,0,45,0
INV0005463,FCT-762920,SUP00229,DPT007,PO0000503,2024-01-16,5398.97,DZD,45,2024-03-01,Disputed,0,0,0,45,0
INV0005464,FCT-263116,SUP00010,DPT001,PO0001149,2024-06-12,24760.74,DZD,90,2024-09-10,Validated,0,0,0,90,0
INV0005465,FCT-171375,SUP00023,DPT006,,2024-07-03,100000.0,DZD,30,2024-08-02,Pending Review,1,1,1,30,0
INV0005466,FCT-109579,SUP00281,DPT006,PO0004069,2024-11-17,8005.25,EUR,45,2025-01-01,Validated,0,0,0,45,0
INV0005467,FCT-451612,SUP00233,DPT003,PO0000170,2024-08-26,5661.92,DZD,45,2024-10-10,Validated,0,0,0,45,0
INV0005468,FCT-459772,SUP00141,DPT006,PO0001766,2024-09-04,13880.78,DZD,15,2024-09-19,Validated,0,0,0,15,0
INV0005469,FCT-898842,SUP00059,DPT001,PO0001076,2024-04-26,3925.14,DZD,30,2024-05-26,Validated,0,0,0,30,0
INV0005470,FCT-757040,SUP00273,DPT002,PO0001266,2024-09-22,19943.58,DZD,45,2024-11-06,Validated,0,0,0,45,0
INV0005471,FCT-404286,SUP00201,DPT007,PO0001260,2024-02-05,3282.53,DZD,60,2024-04-05,Validated,0,0,0,60,0
INV0005472,FCT-403522,SUP00074,DPT003,PO0000405,2024-03-12,14221.45,DZD,45,2024-04-26,Validated,0,0,0,45,0
INV0005473,FCT-785303,SUP00007,DPT005,PO0000708,2024-03-20,5868.54,DZD,30,2024-04-19,Validated,0,0,0,30,0
INV0005474,FCT-246910,SUP00177,DPT003,PO0002902,2024-06-20,2945.41,DZD,30,2024-07-20,Disputed,0,0,0,30,0
INV0005475,FCT-370444,SUP00078,DPT009,PO0003015,2024-01-26,9073.03,DZD,30,2024-02-25,Validated,0,0,0,30,0
INV0005476,FCT-739163,SUP00020,DPT004,PO0000827,2024-07-08,3823.27,DZD,15,2024-07-23,Validated,0,0,0,15,0
INV0005477,FCT-681157,SUP00238,DPT002,PO0000485,2024-11-20,18834.01,DZD,60,2025-01-19,Validated,0,0,0,60,0
INV0005478,FCT-931105,SUP00293,DPT006,PO0001586,2024-05-24,1913.2,DZD,30,2024-06-23,Validated,0,0,0,30,0
INV0005479,FCT-602212,SUP00001,DPT001,,2024-01-02,7772.74,DZD,45,2024-02-16,Validated,1,0,0,45,0
INV0005480,FCT-326069,SUP00002,DPT011,PO0004491,2024-04-10,2586.61,DZD,15,2024-04-25,Validated,0,0,0,15,0
INV0005481,FCT-569795,SUP00045,DPT001,,2024-01-26,23892.22,DZD,30,2024-02-25,Validated,1,0,0,30,0
INV0005482,FCT-377518,SUP00001,DPT009,,2024-08-20,13655.24,DZD,45,2024-10-04,Validated,1,0,0,45,0
INV0005483,FCT-232928,SUP00231,DPT005,PO0000407,2024-10-17,5701.55,EUR,30,2024-11-16,Validated,0,0,0,30,0
INV0005484,FCT-583634,SUP00010,DPT001,PO0003427,2024-04-15,5898.29,DZD,90,2024-07-14,Validated,0,0,0,90,0
INV0005485,FCT-146086,SUP00244,DPT001,PO0003160,2024-04-19,41650.16,DZD,30,2024-05-19,Validated,0,0,0,30,0
INV0005486,FCT-294229,SUP00024,DPT004,,2024-04-27,14371.1,USD,60,2024-06-26,Validated,1,0,0,60,0
INV0005487,FCT-219884,SUP00007,DPT001,PO0000586,2024-05-13,2517.05,DZD,60,2024-07-12,Validated,0,0,0,60,0
INV0005488,FCT-849771,SUP00057,DPT004,,2024-09-11,25000.0,DZD,15,2024-09-26,Validated,1,1,0,15,0
INV0005489,FCT-779196,SUP00010,DPT010,PO0001615,2024-04-21,3142.71,EUR,30,2024-05-21,Validated,0,0,0,30,0
INV0005490,FCT-909098,SUP00028,DPT001,PO0000560,2024-05-19,7157.74,USD,30,2024-06-18,Validated,0,0,0,30,0
INV0005491,FCT-998122,SUP00005,DPT003,,2024-11-21,537.55,USD,30,2024-12-21,Validated,1,0,0,30,0
INV0005492,FCT-895143,SUP00016,DPT002,PO0003839,2024-10-05,15324.06,DZD,60,2024-12-04,Validated,0,0,0,60,0
INV0005493,FCT-333672,SUP00214,DPT009,PO0003947,2024-12-04,2779.08,DZD,15,2024-12-19,Validated,0,0,0,15,0
INV0005494,FCT-190476,SUP00008,DPT002,PO0001446,2024-05-10,4727.94,DZD,30,2024-06-09,Validated,0,0,0,30,0
INV0005495,FCT-338103,SUP00170,DPT002,PO0000014,2024-12-05,1209.43,DZD,60,2025-02-03,Validated,0,0,0,60,0
INV0005496,FCT-913540,SUP00009,DPT005,,2024-04-18,7386.72,DZD,30,2024-05-18,Validated,1,0,0,30,0
INV0005497,FCT-445809,SUP00011,DPT003,PO0003153,2024-04-22,6509.58,DZD,30,2024-05-22,Validated,0,0,0,30,0
INV0005498,FCT-744451,SUP00011,DPT005,PO0002608,2024-12-13,1386.39,DZD,45,2025-01-27,Disputed,0,0,0,45,0
INV0005499,FCT-424435,SUP00320,DPT005,,2024-03-14,6232.4,DZD,45,2024-04-28,Validated,1,0,0,45,0
INV0005500,FCT-621032,SUP00054,DPT002,PO0000858,2024-10-25,4425.06,DZD,30,2024-11-24,Validated,0,0,0,30,0
INV0005501,FCT-673979,SUP00003,DPT011,,2024-10-29,24527.15,DZD,45,2024-12-13,Validated,1,0,0,45,0
INV0005502,FCT-909950,SUP00040,DPT002,,2024-12-04,2657.77,DZD,90,2025-03-04,Pending Review,1,0,0,90,0
INV0005503,FCT-502707,SUP00089,DPT006,PO0004976,2024-11-05,10413.3,DZD,15,2024-11-20,Validated,0,0,0,15,0
INV0005504,FCT-946174,SUP00014,DPT005,PO0002835,2024-10-27,1106.54,DZD,30,2024-11-26,Validated,0,0,0,30,0
INV0005505,FCT-662519,SUP00025,DPT004,PO0003715,2024-05-09,6581.35,EUR,30,2024-06-08,Validated,0,0,0,30,0
INV0005506,FCT-482280,SUP00010,DPT006,PO0001449,2024-07-22,9056.33,DZD,45,2024-09-05,Validated,0,0,0,45,0
INV0005507,FCT-187613,SUP00026,DPT003,PO0001331,2024-07-29,9590.51,DZD,30,2024-08-28,Validated,0,0,0,30,0
INV0005508,FCT-998538,SUP00007,DPT012,PO0004220,2024-04-16,5236.41,DZD,30,2024-05-16,Validated,0,0,0,30,0
INV0005509,FCT-767615,SUP00283,DPT012,PO0003618,2024-05-22,43981.96,DZD,30,2024-06-21,Validated,0,0,0,30,0
INV0005510,FCT-976134,SUP00099,DPT002,PO0000959,2024-11-06,3965.26,DZD,30,2024-12-06,Validated,0,0,0,30,0
INV0005511,FCT-793799,SUP00078,DPT004,PO0005013,2024-01-06,10446.2,DZD,30,2024-02-05,Validated,0,0,0,30,0
INV0005512,FCT-410830,SUP00229,DPT011,PO0004607,2024-01-29,4179.5,DZD,30,2024-02-28,Validated,0,0,0,30,0
INV0005513,FCT-955012,SUP00003,DPT005,PO0000314,2024-05-29,2290.19,DZD,30,2024-06-28,Validated,0,0,0,30,0
INV0005514,FCT-257872,SUP00012,DPT002,PO0001590,2024-10-08,1531.82,DZD,45,2024-11-22,Validated,0,0,0,45,0
INV0005515,FCT-689293,SUP00002,DPT005,PO0002342,2024-11-22,2097.35,DZD,30,2024-12-22,Validated,0,0,0,30,0
INV0005516,FCT-468762,SUP00086,DPT003,,2024-09-06,12027.6,DZD,30,2024-10-06,Validated,1,0,0,30,0
INV0005517,FCT-618310,SUP00018,DPT001,PO0002194,2024-11-09,27615.26,DZD,30,2024-12-09,Validated,0,0,0,30,0
INV0005518,FCT-115959,SUP00029,DPT009,,2024-02-24,11985.61,DZD,30,2024-03-25,Pending Review,1,0,0,30,0
INV0005519,FCT-623151,SUP00006,DPT008,PO0003077,2024-02-07,4083.56,DZD,60,2024-04-07,Pending Review,0,0,0,60,0
INV0005520,FCT-545293,SUP00009,DPT004,,2024-07-02,2914.53,DZD,30,2024-08-01,Validated,1,0,0,30,0
INV0005521,FCT-182576,SUP00004,DPT004,PO0004552,2024-04-22,15000.0,DZD,30,2024-05-22,Validated,0,1,0,30,0
INV0005522,FCT-374903,SUP00003,DPT007,PO0002267,2024-11-16,1812.51,DZD,15,2024-12-01,Validated,0,0,0,15,0
INV0005523,FCT-396596,SUP00001,DPT004,PO0000072,2024-01-27,16586.32,DZD,30,2024-02-26,Pending Review,0,0,0,30,0
INV0005524,FCT-259424,SUP00053,DPT001,PO0000383,2024-05-13,9181.18,DZD,30,2024-06-12,Pending Review,0,0,0,30,0
INV0005525,FCT-901439,SUP00008,DPT007,,2024-04-18,1972.56,DZD,30,2024-05-18,Validated,1,0,0,30,0
INV0005526,FCT-781199,SUP00247,DPT008,PO0001595,2024-08-04,33358.85,DZD,60,2024-10-03,Validated,0,0,0,60,0
INV0005527,FCT-895754,SUP00243,DPT004,PO0000841,2024-04-18,1499.51,DZD,45,2024-06-02,Validated,0,0,0,45,0
INV0005528,FCT-201456,SUP00231,DPT002,PO0004557,2024-12-09,5000.0,DZD,60,2025-02-07,Validated,0,1,0,60,0
INV0005529,FCT-959105,SUP00024,DPT002,PO0003954,2024-01-20,15659.61,DZD,30,2024-02-19,Validated,0,0,0,30,0
INV0005530,FCT-555278,SUP00027,DPT001,,2024-01-27,13967.38,DZD,45,2024-03-12,Validated,1,0,0,45,0
INV0005531,FCT-704230,SUP00001,DPT012,PO0001957,2024-11-22,2925.6,DZD,60,2025-01-21,Validated,0,0,0,60,0
INV0005532,FCT-974595,SUP00009,DPT002,PO0000730,2024-07-11,3736.36,DZD,45,2024-08-25,Validated,0,0,0,45,0
INV0005533,FCT-300948,SUP00011,DPT002,PO0004732,2024-11-02,2000.0,DZD,15,2024-11-17,Validated,0,1,0,15,0
INV0005534,FCT-873730,SUP00021,DPT002,,2024-06-16,7720.28,DZD,60,2024-08-15,Disputed,1,0,0,60,0
INV0005535,FCT-847722,SUP00010,DPT001,PO0002993,2024-12-04,15415.09,DZD,60,2025-02-02,Validated,0,0,0,60,0
INV0005536,FCT-387306,SUP00238,DPT009,PO0003999,2024-06-22,667.97,DZD,30,2024-07-22,Validated,0,0,0,30,0
INV0005537,FCT-620939,SUP00192,DPT007,PO0004928,2024-09-28,11375.89,DZD,90,2024-12-27,Validated,0,0,0,90,0
INV0005538,FCT-713290,SUP00299,DPT011,PO0001666,2024-12-29,20000.0,DZD,30,2025-01-28,Validated,0,1,0,30,0
INV0005539,FCT-186549,SUP00145,DPT009,PO0004516,2024-10-04,5394.13,EUR,30,2024-11-03,Validated,0,0,0,30,0
INV0005540,FCT-139551,SUP00062,DPT004,PO0002299,2024-04-05,1764.19,DZD,30,2024-05-05,Pending Review,0,0,0,30,0
INV0005541,FCT-152816,SUP00006,DPT004,PO0003611,2024-10-14,2946.55,EUR,30,2024-11-13,Validated,0,0,0,30,0
INV0005542,FCT-796997,SUP00146,DPT012,PO0005037,2024-05-20,20000.0,DZD,30,2024-06-19,Validated,0,1,0,30,0
INV0005543,FCT-661152,SUP00084,DPT002,PO0000423,2024-09-03,4068.12,DZD,30,2024-10-03,Pending Review,0,0,0,30,0
INV0005544,FCT-408902,SUP00022,DPT006,PO0000872,2024-08-27,5928.23,DZD,45,2024-10-11,Validated,0,0,0,45,0
INV0005545,FCT-692835,SUP00027,DPT005,PO0001500,2024-03-05,2096.28,DZD,30,2024-04-04,Validated,0,0,0,30,0
INV0005546,FCT-674284,SUP00254,DPT009,,2024-04-14,117040.72,EUR,30,2024-05-14,Validated,1,0,1,30,0
INV0005547,FCT-377976,SUP00261,DPT002,PO0002684,2024-03-05,10257.75,EUR,30,2024-04-04,Validated,0,0,0,30,0
INV0005548,FCT-550772,SUP00286,DPT010,PO0003418,2024-01-25,5856.3,DZD,45,2024-03-10,Validated,0,0,0,45,0
INV0005549,FCT-942479,SUP00005,DPT006,PO0002810,2024-07-01,17299.27,DZD,45,2024-08-15,Validated,0,0,0,45,0
INV0005550,FCT-904206,SUP00051,DPT005,,2024-03-14,9029.25,DZD,30,2024-04-13,Pending Review,1,0,0,30,0
INV0005551,FCT-258904,SUP00001,DPT009,,2024-09-09,4924.99,DZD,45,2024-10-24,Validated,1,0,0,45,0
INV0005552,FCT-330736,SUP00021,DPT005,PO0001228,2024-03-27,5179.53,DZD,30,2024-04-26,Validated,0,0,0,30,0
INV0005553,FCT-239196,SUP00013,DPT002,PO0003795,2024-01-11,1022.37,DZD,45,2024-02-25,Validated,0,0,0,45,0
INV0005554,FCT-944963,SUP00008,DPT002,PO0003246,2024-02-23,3942.66,DZD,60,2024-04-23,Pending Review,0,0,0,60,0
INV0005555,FCT-432512,SUP00058,DPT002,PO0002680,2024-07-18,3357.26,USD,30,2024-08-17,Validated,0,0,0,30,0
INV0005556,FCT-566505,SUP00197,DPT001,PO0002179,2024-02-16,8683.8,DZD,30,2024-03-17,Validated,0,0,0,30,0
INV0005557,FCT-548524,SUP00004,DPT010,PO0002992,2024-11-19,4705.57,DZD,30,2024-12-19,Validated,0,0,0,30,0
INV0005558,FCT-140203,SUP00049,DPT004,PO0002589,2024-09-29,13209.13,DZD,45,2024-11-13,Validated,0,0,0,45,0
INV0005559,FCT-519340,SUP00022,DPT002,PO0002771,2024-02-15,6732.36,DZD,45,2024-03-31,Validated,0,0,0,45,0
INV0005560,FCT-175089,SUP00183,DPT010,PO0000647,2024-11-09,2281.48,DZD,30,2024-12-09,Validated,0,0,0,30,0
INV0005561,FCT-722518,SUP00079,DPT006,PO0004157,2024-04-24,33258.26,USD,60,2024-06-23,Validated,0,0,0,60,0
INV0005562,FCT-417508,SUP00023,DPT004,PO0000943,2024-11-23,3848.32,USD,30,2024-12-23,Validated,0,0,0,30,0
INV0005563,FCT-278998,SUP00069,DPT006,,2024-12-26,11354.61,DZD,30,2025-01-25,Pending Review,1,0,0,30,0
INV0005564,FCT-271224,SUP00008,DPT006,PO0004279,2024-04-01,1329.1,DZD,30,2024-05-01,Validated,0,0,0,30,0
INV0005565,FCT-567172,SUP00178,DPT003,PO0004900,2024-04-30,14554.58,USD,30,2024-05-30,Validated,0,0,0,30,0
INV0005566,FCT-252384,SUP00003,DPT005,,2024-02-22,914.78,EUR,45,2024-04-07,Validated,1,0,0,45,1
INV0005567,FCT-552100,SUP00298,DPT008,PO0002231,2024-01-11,55695.66,DZD,30,2024-02-10,Validated,0,0,0,30,0
INV0005568,FCT-141754,SUP00006,DPT012,PO0003566,2024-07-06,13192.8,DZD,15,2024-07-21,Validated,0,0,0,15,0
INV0005569,FCT-914518,SUP00078,DPT003,PO0001430,2024-09-06,4674.37,DZD,60,2024-11-05,Validated,0,0,0,60,0
INV0005570,FCT-238527,SUP00224,DPT005,PO0002286,2024-07-20,11580.76,DZD,30,2024-08-19,Validated,0,0,0,30,0
INV0005571,FCT-824676,SUP00112,DPT002,PO0004367,2024-12-24,1397.59,DZD,30,2025-01-23,Validated,0,0,0,30,0
INV0005572,FCT-988267,SUP00168,DPT010,PO0003456,2024-02-11,4756.95,DZD,30,2024-03-12,Validated,0,0,0,30,0
INV0005573,FCT-891564,SUP00073,DPT009,PO0003586,2024-03-25,14139.01,DZD,45,2024-05-09,Validated,0,0,0,45,0
INV0005574,FCT-857835,SUP00030,DPT012,PO0003402,2024-11-20,11602.84,USD,45,2025-01-04,Validated,0,0,0,45,0
INV0005575,FCT-887798,SUP00101,DPT001,PO0002814,2024-03-19,5949.69,DZD,30,2024-04-18,Validated,0,0,0,30,0
INV0005576,FCT-559269,SUP00001,DPT001,PO0002884,2024-05-12,8629.11,DZD,60,2024-07-11,Pending Review,0,0,0,60,0
INV0005577,FCT-190502,SUP00005,DPT005,PO0004728,2024-06-06,20801.14,DZD,45,2024-07-21,Validated,0,0,0,45,0
INV0005578,FCT-774826,SUP00023,DPT008,PO0001980,2024-03-18,13786.86,DZD,60,2024-05-17,Validated,0,0,0,60,0
INV0005579,FCT-553952,SUP00014,DPT012,PO0000600,2024-07-14,692.02,DZD,90,2024-10-12,Validated,0,0,0,90,0
INV0005580,FCT-307649,SUP00260,DPT004,PO0004248,2024-10-16,5949.55,DZD,45,2024-11-30,Validated,0,0,0,45,0
INV0005581,FCT-883818,SUP00026,DPT009,PO0001039,2024-10-24,6133.14,DZD,30,2024-11-23,Validated,0,0,0,30,0
INV0005582,FCT-484181,SUP00029,DPT002,,2024-06-16,1425.01,EUR,30,2024-07-16,Validated,1,0,0,30,0
INV0005583,FCT-842653,SUP00081,DPT004,PO0004420,2024-12-28,1782.6,DZD,90,2025-03-28,Validated,0,0,0,90,0
INV0005584,FCT-380277,SUP00089,DPT005,,2024-04-24,33585.11,DZD,30,2024-05-24,Validated,1,0,0,30,0
INV0005585,FCT-923945,SUP00060,DPT011,PO0003557,2024-10-23,2604.77,DZD,45,2024-12-07,Validated,0,0,0,45,0
INV0005586,FCT-936546,SUP00006,DPT006,PO0001052,2024-11-16,3688.8,DZD,60,2025-01-15,Pending Review,0,0,0,60,0
INV0005587,FCT-138133,SUP00295,DPT012,PO0003785,2024-04-16,2393.1,DZD,45,2024-05-31,Validated,0,0,0,45,0
INV0005588,FCT-983372,SUP00051,DPT002,PO0002198,2024-01-20,9655.61,DZD,30,2024-02-19,Validated,0,0,0,30,0
INV0005589,FCT-477986,SUP00017,DPT011,PO0000873,2024-10-13,8277.2,DZD,30,2024-11-12,Validated,0,0,0,30,0
INV0005590,FCT-157809,SUP00171,DPT005,PO0000130,2024-02-02,55782.08,DZD,30,2024-03-03,Validated,0,0,0,30,0
INV0005591,FCT-204254,SUP00128,DPT010,PO0001622,2024-08-18,3238.92,DZD,60,2024-10-17,Disputed,0,0,0,60,0
INV0005592,FCT-415699,SUP00205,DPT004,,2024-06-28,10961.33,DZD,60,2024-08-27,Validated,1,0,0,60,1
INV0005593,FCT-210270,SUP00177,DPT009,PO0003013,2024-06-28,685.5,DZD,30,2024-07-28,Validated,0,0,0,30,0
INV0005594,FCT-812078,SUP00081,DPT003,PO0004446,2024-09-26,1175.01,DZD,45,2024-11-10,Validated,0,0,0,45,0
INV0005595,FCT-602731,SUP00006,DPT003,PO0002298,2024-08-19,27756.83,DZD,30,2024-09-18,Validated,0,0,0,30,0
INV0005596,FCT-328470,SUP00201,DPT005,PO0002905,2024-08-08,21393.51,DZD,60,2024-10-07,Validated,0,0,0,60,0
INV0005597,FCT-987214,SUP00030,DPT004,PO0003624,2024-06-09,10001.36,DZD,45,2024-07-24,Validated,0,0,0,45,0
INV0005598,FCT-520557,SUP00003,DPT011,PO0004250,2024-09-11,20000.0,DZD,90,2024-12-10,Pending Review,0,1,0,90,0
INV0005599,FCT-780469,SUP00174,DPT005,PO0000052,2024-08-18,1742.32,DZD,30,2024-09-17,Validated,0,0,0,30,0
INV0005600,FCT-432612,SUP00259,DPT008,PO0002789,2024-07-30,40157.14,DZD,30,2024-08-29,Pending Review,0,0,0,30,0
INV0005601,FCT-583797,SUP00013,DPT007,PO0001091,2024-09-25,1826.06,DZD,60,2024-11-24,Validated,0,0,0,60,0
INV0005602,FCT-565594,SUP00001,DPT011,PO0001655,2024-02-13,8714.91,DZD,90,2024-05-13,Validated,0,0,0,90,0
INV0005603,FCT-852525,SUP00005,DPT010,PO0002395,2024-01-06,145466.16,DZD,60,2024-03-06,Validated,0,0,1,60,0
INV0005604,FCT-798071,SUP00045,DPT004,PO0001782,2024-01-13,2176.9,DZD,30,2024-02-12,Validated,0,0,0,30,0
INV0005605,FCT-668128,SUP00310,DPT004,,2024-08-12,28302.92,DZD,90,2024-11-10,Validated,1,0,0,90,0
INV0005606,FCT-237474,SUP00296,DPT007,PO0002015,2024-10-01,18239.44,EUR,15,2024-10-16,Validated,0,0,0,15,0
INV0005607,FCT-176841,SUP00004,DPT001,PO0003974,2024-02-25,3249.72,USD,15,2024-03-11,Validated,0,0,0,15,0
INV0005608,FCT-164164,SUP00020,DPT005,PO0002781,2024-01-22,66405.5,DZD,30,2024-02-21,Validated,0,0,0,30,0
INV0005609,FCT-664186,SUP00003,DPT012,,2024-05-02,5000.0,DZD,45,2024-06-16,Validated,1,1,0,45,0
INV0005610,FCT-883733,SUP00015,DPT009,PO0003049,2024-10-15,5755.31,DZD,30,2024-11-14,Validated,0,0,0,30,0
INV0005611,FCT-169671,SUP00012,DPT005,PO0002159,2024-06-10,12553.64,DZD,30,2024-07-10,Validated,0,0,0,30,0
INV0005612,FCT-643105,SUP00131,DPT002,PO0002887,2024-08-31,5378.12,DZD,15,2024-09-15,Validated,0,0,0,15,0
INV0005613,FCT-435551,SUP00024,DPT002,PO0000282,2024-12-20,214220.01,EUR,30,2025-01-19,Validated,0,0,1,30,0
INV0005614,FCT-926224,SUP00040,DPT005,,2024-07-07,1412.56,DZD,90,2024-10-05,Validated,1,0,0,90,0
INV0005615,FCT-430637,SUP00010,DPT001,,2024-04-28,38585.04,EUR,15,2024-05-13,Pending Review,1,0,0,15,0
INV0005616,FCT-759212,SUP00310,DPT002,PO0001665,2024-01-12,445.11,EUR,60,2024-03-12,Validated,0,0,0,60,0
INV0005617,FCT-987513,SUP00003,DPT004,PO0000268,2024-10-26,216.0,DZD,30,2024-11-25,Pending Review,0,0,0,30,0
INV0005618,FCT-415288,SUP00180,DPT007,,2024-09-30,6379.65,DZD,30,2024-10-30,Validated,1,0,0,30,0
INV0005619,FCT-214691,SUP00128,DPT002,PO0001263,2024-05-03,14011.24,DZD,30,2024-06-02,Validated,0,0,0,30,0
INV0005620,FCT-951599,SUP00276,DPT002,,2024-08-17,33309.33,DZD,45,2024-10-01,Validated,1,0,0,45,0
INV0005621,FCT-862700,SUP00025,DPT005,PO0005026,2024-03-24,38162.72,DZD,45,2024-05-08,Validated,0,0,0,45,0
INV0005622,FCT-300155,SUP00026,DPT011,PO0004425,2024-09-01,7555.13,DZD,90,2024-11-30,Validated,0,0,0,90,0
INV0005623,FCT-373248,SUP00055,DPT004,,2024-06-07,10647.94,USD,15,2024-06-22,Validated,1,0,0,15,0
INV0005624,FCT-592576,SUP00312,DPT003,PO0000377,2024-03-14,7938.0,DZD,30,2024-04-13,Validated,0,0,0,30,0
INV0005625,FCT-532435,SUP00200,DPT003,PO0004800,2024-02-02,34711.76,DZD,45,2024-03-18,Pending Review,0,0,0,45,0
INV0005626,FCT-544415,SUP00005,DPT005,PO0003875,2024-01-08,1449.91,DZD,15,2024-01-23,Validated,0,0,0,15,0
INV0005627,FCT-898215,SUP00006,DPT008,PO0002926,2024-10-26,2794.76,DZD,60,2024-12-25,Disputed,0,0,0,60,0
INV0005628,FCT-850619,SUP00228,DPT004,PO0000778,2024-01-26,16067.89,DZD,30,2024-02-25,Validated,0,0,0,30,0
INV0005629,FCT-478333,SUP00012,DPT003,PO0002615,2024-06-30,20144.7,DZD,45,2024-08-14,Validated,0,0,0,45,0
INV0005630,FCT-743607,SUP00131,DPT002,PO0001326,2024-02-14,28216.23,EUR,90,2024-05-14,Validated,0,0,0,90,0
INV0005631,FCT-708886,SUP00013,DPT007,,2024-09-07,5535.33,DZD,30,2024-10-07,Validated,1,0,0,30,0
INV0005632,FCT-547568,SUP00207,DPT005,PO0002690,2024-05-22,3385.21,DZD,30,2024-06-21,Validated,0,0,0,30,0
INV0005633,FCT-895485,SUP00120,DPT005,PO0001361,2024-10-18,13485.53,DZD,15,2024-11-02,Validated,0,0,0,15,0
INV0005634,FCT-748506,SUP00189,DPT002,,2024-02-02,1700.55,DZD,30,2024-03-03,Validated,1,0,0,30,0
INV0005635,FCT-278951,SUP00194,DPT001,PO0003791,2024-05-29,40790.84,DZD,30,2024-06-28,Pending Review,0,0,0,30,0
INV0005636,FCT-413430,SUP00009,DPT009,PO0001469,2024-05-27,3366.53,EUR,90,2024-08-25,Validated,0,0,0,90,0
INV0005637,FCT-397332,SUP00004,DPT003,PO0003415,2024-06-13,4366.9,DZD,30,2024-07-13,Validated,0,0,0,30,0
INV0005638,FCT-933372,SUP00030,DPT004,,2024-04-14,14242.48,USD,30,2024-05-14,Validated,1,0,0,30,0
INV0005639,FCT-646894,SUP00003,DPT006,,2024-04-02,2603.87,EUR,45,2024-05-17,Validated,1,0,0,45,1
INV0005640,FCT-102202,SUP00009,DPT001,,2024-12-13,1600.87,EUR,30,2025-01-12,Validated,1,0,0,30,0
INV0005641,FCT-435806,SUP00186,DPT007,PO0004215,2024-09-17,22599.46,DZD,30,2024-10-17,Validated,0,0,0,30,0
INV0005642,FCT-708727,SUP00213,DPT002,PO0004432,2024-06-15,1808.89,DZD,30,2024-07-15,Validated,0,0,0,30,0
INV0005643,FCT-498009,SUP00020,DPT001,PO0003276,2024-10-30,8093.41,DZD,30,2024-11-29,Validated,0,0,0,30,0
INV0005644,FCT-691459,SUP00109,DPT005,PO0000957,2024-01-26,15000.0,DZD,45,2024-03-11,Validated,0,1,0,45,0
INV0005645,FCT-743192,SUP00009,DPT004,,2024-07-28,675.67,USD,30,2024-08-27,Validated,1,0,0,30,0
INV0005646,FCT-178993,SUP00025,DPT006,PO0002127,2024-09-05,1801.28,DZD,45,2024-10-20,Validated,0,0,0,45,0
INV0005647,FCT-881083,SUP00026,DPT005,PO0001376,2024-01-15,9025.76,DZD,60,2024-03-15,Validated,0,0,0,60,0
INV0005648,FCT-718487,SUP00004,DPT004,PO0001285,2024-09-15,24783.64,DZD,30,2024-10-15,Validated,0,0,0,30,0
INV0005649,FCT-439246,SUP00007,DPT008,PO0004022,2024-09-16,2498.71,DZD,45,2024-10-31,Validated,0,0,0,45,0
INV0005650,FCT-521206,SUP00014,DPT003,PO0002260,2024-07-11,2167.08,DZD,30,2024-08-10,Validated,0,0,0,30,0
INV0005651,FCT-339529,SUP00002,DPT012,PO0001703,2024-08-31,12407.63,DZD,30,2024-09-30,Validated,0,0,0,30,0
INV0005652,FCT-638558,SUP00037,DPT004,,2024-12-11,15094.98,DZD,45,2025-01-25,Pending Review,1,0,0,45,0
INV0005653,FCT-758734,SUP00257,DPT001,PO0005182,2024-05-05,17573.11,DZD,45,2024-06-19,Validated,0,0,0,45,0
INV0005654,FCT-581401,SUP00293,DPT007,PO0002382,2024-03-20,7738.05,DZD,45,2024-05-04,Validated,0,0,0,45,0
INV0005655,FCT-637296,SUP00004,DPT003,PO0001512,2024-05-29,3261.53,DZD,30,2024-06-28,Validated,0,0,0,30,0
INV0005656,FCT-793626,SUP00063,DPT001,PO0000696,2024-12-12,14783.25,DZD,30,2025-01-11,Validated,0,0,0,30,0
INV0005657,FCT-768645,SUP00002,DPT008,PO0000800,2024-06-29,5450.75,DZD,60,2024-08-28,Validated,0,0,0,60,0
INV0005658,FCT-799698,SUP00241,DPT002,PO0002989,2024-12-04,12986.34,DZD,30,2025-01-03,Validated,0,0,0,30,0
INV0005659,FCT-946043,SUP00177,DPT009,PO0003013,2024-10-15,3305.68,DZD,30,2024-11-14,Validated,0,0,0,30,0
INV0005660,FCT-728099,SUP00185,DPT002,PO0004785,2024-02-12,4715.32,DZD,45,2024-03-28,Validated,0,0,0,45,0
INV0005661,FCT-306448,SUP00012,DPT005,PO0000559,2024-09-05,11111.22,DZD,30,2024-10-05,Validated,0,0,0,30,0
INV0005662,FCT-327906,SUP00233,DPT007,PO0000487,2024-11-16,563.59,DZD,30,2024-12-16,Disputed,0,0,0,30,0
INV0005663,FCT-782571,SUP00014,DPT009,PO0002368,2024-07-07,27988.25,DZD,30,2024-08-06,Pending Review,0,0,0,30,0
INV0005664,FCT-197033,SUP00021,DPT004,PO0003170,2024-04-21,5665.01,DZD,15,2024-05-06,Validated,0,0,0,15,0
INV0005665,FCT-344669,SUP00025,DPT005,,2024-10-21,234.87,EUR,30,2024-11-20,Validated,1,0,0,30,0
INV0005666,FCT-847510,SUP00029,DPT004,PO0000511,2024-01-21,7290.63,EUR,15,2024-02-05,Validated,0,0,0,15,0
INV0005667,FCT-321188,SUP00010,DPT001,PO0000302,2024-11-09,3647.22,DZD,30,2024-12-09,Validated,0,0,0,30,0
INV0005668,FCT-767877,SUP00136,DPT003,,2024-01-30,1810.45,DZD,45,2024-03-15,Pending Review,1,0,0,45,1
INV0005669,FCT-748059,SUP00015,DPT007,PO0000207,2024-01-19,57036.78,DZD,45,2024-03-04,Validated,0,0,0,45,0
INV0005670,FCT-456059,SUP00008,DPT002,,2024-07-07,15717.84,DZD,30,2024-08-06,Validated,1,0,0,30,0
INV0005671,FCT-357869,SUP00009,DPT004,PO0001378,2024-01-26,5005.81,DZD,30,2024-02-25,Validated,0,0,0,30,0
INV0005672,FCT-407305,SUP00010,DPT009,PO0000057,2024-09-19,6390.9,DZD,30,2024-10-19,Validated,0,0,0,30,0
INV0005673,FCT-111509,SUP00021,DPT005,PO0004951,2024-06-22,8161.19,DZD,45,2024-08-06,Validated,0,0,0,45,0
INV0005674,FCT-623559,SUP00318,DPT007,PO0001074,2024-09-26,922.77,DZD,60,2024-11-25,Validated,0,0,0,60,0
INV0005675,FCT-479719,SUP00028,DPT006,PO0005089,2024-10-12,123393.86,DZD,30,2024-11-11,Validated,0,0,1,30,0
INV0005676,FCT-239645,SUP00134,DPT012,PO0002724,2024-10-15,6317.96,DZD,45,2024-11-29,Pending Review,0,0,0,45,0
INV0005677,FCT-425651,SUP00179,DPT002,PO0001118,2024-02-10,48037.81,DZD,30,2024-03-11,Validated,0,0,0,30,0
INV0005678,FCT-209431,SUP00088,DPT005,PO0000609,2024-11-05,2263.6,USD,30,2024-12-05,Validated,0,0,0,30,0
INV0005679,FCT-121659,SUP00021,DPT003,PO0003415,2024-11-11,11787.2,DZD,45,2024-12-26,Validated,0,0,0,45,0
INV0005680,FCT-688349,SUP00008,DPT007,PO0004386,2024-07-04,1539.09,DZD,15,2024-07-19,Validated,0,0,0,15,0
INV0005681,FCT-414497,SUP00006,DPT005,PO0002880,2024-02-20,218.34,DZD,30,2024-03-21,Validated,0,0,0,30,0
INV0005682,FCT-275781,SUP00304,DPT002,,2024-09-24,16983.68,DZD,30,2024-10-24,Validated,1,0,0,30,0
INV0005683,FCT-425135,SUP00021,DPT001,,2024-09-10,7511.53,DZD,60,2024-11-09,Pending Review,1,0,0,60,0
INV0005684,FCT-826275,SUP00219,DPT011,PO0002746,2024-02-18,3262.34,DZD,30,2024-03-19,Validated,0,0,0,30,0
INV0005685,FCT-578664,SUP00042,DPT005,PO0000964,2024-10-20,123.79,DZD,30,2024-11-19,Validated,0,0,0,30,0
INV0005686,FCT-747559,SUP00011,DPT001,PO0001497,2024-09-05,3494.19,DZD,30,2024-10-05,Validated,0,0,0,30,0
INV0005687,FCT-543050,SUP00178,DPT007,PO0002283,2024-01-17,8222.7,DZD,30,2024-02-16,Validated,0,0,0,30,0
INV0005688,FCT-872246,SUP00001,DPT008,PO0000225,2024-08-10,1739.06,DZD,60,2024-10-09,Validated,0,0,0,60,0
INV0005689,FCT-247603,SUP00308,DPT003,,2024-11-05,6985.93,DZD,30,2024-12-05,Validated,1,0,0,30,0
INV0005690,FCT-981984,SUP00240,DPT002,,2024-12-14,2893.12,USD,45,2025-01-28,Validated,1,0,0,45,0
INV0005691,FCT-727219,SUP00265,DPT009,PO0000459,2024-11-03,1507.26,DZD,30,2024-12-03,Pending Review,0,0,0,30,0
INV0005692,FCT-376775,SUP00019,DPT004,PO0002419,2024-11-09,5096.68,DZD,45,2024-12-24,Validated,0,0,0,45,0
INV0005693,FCT-922061,SUP00199,DPT009,PO0000762,2024-02-23,495.07,DZD,30,2024-03-24,Validated,0,0,0,30,0
INV0005694,FCT-591204,SUP00009,DPT001,PO0000088,2024-01-10,10685.51,DZD,45,2024-02-24,Validated,0,0,0,45,0
INV0005695,FCT-815164,SUP00312,DPT009,PO0003787,2024-03-17,6721.75,DZD,30,2024-04-16,Validated,0,0,0,30,0
INV0005696,FCT-451804,SUP00019,DPT007,PO0003383,2024-11-17,12035.84,DZD,45,2025-01-01,Validated,0,0,0,45,0
INV0005697,FCT-242786,SUP00233,DPT004,PO0002507,2024-11-10,21979.99,DZD,45,2024-12-25,Validated,0,0,0,45,0
INV0005698,FCT-513400,SUP00212,DPT001,PO0004448,2024-01-31,4489.05,DZD,45,2024-03-16,Validated,0,0,0,45,0
INV0005699,FCT-597369,SUP00073,DPT007,PO0004151,2024-12-18,272.84,DZD,30,2025-01-17,Validated,0,0,0,30,0
INV0005700,FCT-183805,SUP00022,DPT003,PO0000538,2024-03-19,4468.27,DZD,60,2024-05-18,Validated,0,0,0,60,0
INV0005701,FCT-269762,SUP00129,DPT006,PO0003117,2024-06-25,1608.74,DZD,30,2024-07-25,Pending Review,0,0,0,30,0
INV0005702,FCT-307934,SUP00236,DPT003,PO0000660,2024-08-10,31181.97,USD,60,2024-10-09,Validated,0,0,0,60,0
INV0005703,FCT-459036,SUP00008,DPT001,PO0000854,2024-02-15,3918.89,DZD,30,2024-03-16,Validated,0,0,0,30,0
INV0005704,FCT-278450,SUP00308,DPT006,PO0003100,2024-05-18,15796.46,EUR,30,2024-06-17,Validated,0,0,0,30,0
INV0005705,FCT-889254,SUP00007,DPT009,PO0003957,2024-04-12,32214.22,DZD,30,2024-05-12,Validated,0,0,0,30,0
INV0005706,FCT-722322,SUP00001,DPT002,PO0002500,2024-05-10,2540.51,DZD,45,2024-06-24,Validated,0,0,0,45,0
INV0005707,FCT-205247,SUP00295,DPT005,PO0002763,2024-05-03,6547.44,DZD,45,2024-06-17,Validated,0,0,0,45,0
INV0005708,FCT-392803,SUP00008,DPT006,,2024-06-13,5000.0,DZD,30,2024-07-13,Validated,1,1,0,30,0
INV0005709,FCT-946801,SUP00009,DPT002,PO0001807,2024-08-18,75902.84,DZD,30,2024-09-17,Validated,0,0,0,30,0
INV0005710,FCT-842138,SUP00270,DPT009,,2024-02-12,25746.02,DZD,30,2024-03-13,Validated,1,0,0,30,0
INV0005711,FCT-403434,SUP00022,DPT002,,2024-09-20,1765.4,DZD,30,2024-10-20,Validated,1,0,0,30,0
INV0005712,FCT-340971,SUP00021,DPT008,PO0002966,2024-02-12,2974.21,EUR,30,2024-03-13,Validated,0,0,0,30,0
INV0005713,FCT-657173,SUP00251,DPT011,,2024-08-09,3521.03,DZD,60,2024-10-08,Validated,1,0,0,60,0
INV0005714,FCT-757775,SUP00005,DPT006,PO0000517,2024-03-12,2358.76,DZD,90,2024-06-10,Validated,0,0,0,90,0
INV0005715,FCT-544378,SUP00005,DPT004,PO0001030,2024-11-20,4171.55,DZD,90,2025-02-18,Validated,0,0,0,90,0
INV0005716,FCT-571906,SUP00244,DPT001,PO0003160,2024-04-27,3263.4,DZD,45,2024-06-11,Validated,0,0,0,45,0
INV0005717,FCT-598114,SUP00082,DPT012,PO0000905,2024-01-04,6259.05,DZD,45,2024-02-18,Validated,0,0,0,45,0
INV0005718,FCT-648377,SUP00290,DPT004,PO0000805,2024-02-06,5258.0,EUR,30,2024-03-07,Validated,0,0,0,30,0
INV0005719,FCT-664325,SUP00004,DPT003,PO0003415,2024-05-22,22624.29,DZD,30,2024-06-21,Validated,0,0,0,30,0
INV0005720,FCT-399380,SUP00009,DPT012,PO0002521,2024-12-16,2499.8,DZD,90,2025-03-16,Validated,0,0,0,90,0
INV0005721,FCT-179960,SUP00100,DPT012,PO0000350,2024-04-16,880.48,DZD,60,2024-06-15,Validated,0,0,0,60,0
INV0005722,FCT-677512,SUP00093,DPT011,PO0002927,2024-07-01,3404.18,USD,45,2024-08-15,Validated,0,0,0,45,0
INV0005723,FCT-280198,SUP00053,DPT007,PO0002557,2024-10-01,2965.42,DZD,30,2024-10-31,Validated,0,0,0,30,0
INV0005724,FCT-665773,SUP00158,DPT005,PO0004283,2024-03-25,32672.94,DZD,45,2024-05-09,Validated,0,0,0,45,0
INV0005725,FCT-777840,SUP00134,DPT001,PO0001339,2024-09-05,15870.19,DZD,45,2024-10-20,Validated,0,0,0,45,0
INV0005726,FCT-786069,SUP00067,DPT003,PO0004668,2024-05-31,26703.26,DZD,30,2024-06-30,Validated,0,0,0,30,0
INV0005727,FCT-775177,SUP00105,DPT007,,2024-11-21,18159.75,DZD,60,2025-01-20,Validated,1,0,0,60,0
INV0005728,FCT-556231,SUP00009,DPT003,PO0001945,2024-09-05,621.32,DZD,30,2024-10-05,Validated,0,0,0,30,0
INV0005729,FCT-599691,SUP00009,DPT011,PO0003705,2024-04-24,2252.0,DZD,30,2024-05-24,Validated,0,0,0,30,0
INV0005730,FCT-788491,SUP00005,DPT004,PO0001693,2024-06-14,1071.26,DZD,30,2024-07-14,Validated,0,0,0,30,0
INV0005731,FCT-951351,SUP00023,DPT004,PO0004841,2024-11-08,36394.45,DZD,30,2024-12-08,Validated,0,0,0,30,0
INV0005732,FCT-978222,SUP00006,DPT003,PO0001187,2024-05-15,15772.42,DZD,90,2024-08-13,Pending Review,0,0,0,90,0
INV0005733,FCT-139513,SUP00025,DPT002,PO0004456,2024-07-15,9490.46,DZD,15,2024-07-30,Validated,0,0,0,15,0
INV0005734,FCT-390218,SUP00059,DPT001,PO0001888,2024-11-08,3121.16,DZD,45,2024-12-23,Validated,0,0,0,45,0
INV0005735,FCT-912118,SUP00026,DPT003,PO0001331,2024-02-25,50000.0,DZD,90,2024-05-25,Validated,0,1,0,90,0
INV0005736,FCT-676837,SUP00010,DPT010,PO0001615,2024-11-03,2232.46,DZD,90,2025-02-01,Validated,0,0,0,90,0
INV0005737,FCT-489969,SUP00003,DPT003,PO0003476,2024-10-29,12674.55,DZD,15,2024-11-13,Disputed,0,0,0,15,0
INV0005738,FCT-645595,SUP00017,DPT011,PO0002585,2024-07-16,6763.02,DZD,30,2024-08-15,Pending Review,0,0,0,30,0
INV0005739,FCT-921115,SUP00020,DPT009,PO0004833,2024-03-26,13331.31,DZD,15,2024-04-10,Validated,0,0,0,15,0
INV0005740,FCT-796750,SUP00279,DPT002,PO0002517,2024-02-21,9714.59,EUR,30,2024-03-22,Validated,0,0,0,30,0
INV0005741,FCT-519537,SUP00005,DPT003,PO0005062,2024-10-04,15512.09,DZD,30,2024-11-03,Validated,0,0,0,30,0
INV0005742,FCT-752439,SUP00251,DPT011,PO0000278,2024-05-17,10873.0,DZD,90,2024-08-15,Disputed,0,0,0,90,0
INV0005743,FCT-793185,SUP00038,DPT002,PO0003954,2024-07-14,21320.25,DZD,90,2024-10-12,Validated,0,0,0,90,0
INV0005744,FCT-726527,SUP00118,DPT001,PO0000655,2024-02-02,14054.62,DZD,30,2024-03-03,Validated,0,0,0,30,0
INV0005745,FCT-985579,SUP00092,DPT006,PO0000618,2024-07-06,3322.92,DZD,30,2024-08-05,Validated,0,0,0,30,0
INV0005746,FCT-495787,SUP00023,DPT007,,2024-01-26,10536.97,DZD,30,2024-02-25,Validated,1,0,0,30,0
INV0005747,FCT-886705,SUP00141,DPT009,PO0003392,2024-07-14,8566.98,DZD,15,2024-07-29,Validated,0,0,0,15,0
INV0005748,FCT-260509,SUP00002,DPT004,PO0002481,2024-11-03,50000.0,DZD,60,2025-01-02,Validated,0,1,0,60,0
INV0005749,FCT-180391,SUP00028,DPT006,PO0000718,2024-12-22,5884.91,DZD,30,2025-01-21,Validated,0,0,0,30,0
INV0005750,FCT-254928,SUP00009,DPT002,PO0004553,2024-11-04,19108.12,DZD,30,2024-12-04,Validated,0,0,0,30,0
INV0005751,FCT-806324,SUP00008,DPT002,PO0003246,2024-08-01,11181.74,DZD,30,2024-08-31,Validated,0,0,0,30,0
INV0005752,FCT-282867,SUP00055,DPT001,PO0003122,2024-09-28,17504.4,DZD,90,2024-12-27,Pending Review,0,0,0,90,0
INV0005753,FCT-516855,SUP00010,DPT003,PO0000402,2024-01-17,6286.89,DZD,90,2024-04-16,Validated,0,0,0,90,0
INV0005754,FCT-432097,SUP00002,DPT005,PO0002978,2024-09-06,22523.04,EUR,30,2024-10-06,Pending Review,0,0,0,30,0
INV0005755,FCT-360194,SUP00017,DPT004,PO0003311,2024-12-14,14610.97,DZD,30,2025-01-13,Validated,0,0,0,30,0
INV0005756,FCT-270095,SUP00004,DPT009,,2024-02-25,2375.23,DZD,45,2024-04-10,Validated,1,0,0,45,0
INV0005757,FCT-740928,SUP00078,DPT003,,2024-04-12,3977.09,EUR,45,2024-05-27,Validated,1,0,0,45,0
INV0005758,FCT-719979,SUP00072,DPT011,,2024-12-28,2259.37,DZD,60,2025-02-26,Validated,1,0,0,60,0
INV0005759,FCT-490558,SUP00013,DPT003,PO0000265,2024-06-20,1734.73,DZD,15,2024-07-05,Validated,0,0,0,15,0
INV0005760,FCT-713339,SUP00214,DPT009,PO0002818,2024-09-21,130821.56,DZD,45,2024-11-05,Validated,0,0,1,45,0
INV0005761,FCT-629171,SUP00028,DPT011,PO0002688,2024-10-27,40877.0,DZD,60,2024-12-26,Validated,0,0,0,60,0
INV0005762,FCT-224924,SUP00055,DPT010,PO0000037,2024-12-15,22675.15,DZD,60,2025-02-13,Validated,0,0,0,60,0
INV0005763,FCT-804107,SUP00005,DPT004,PO0003358,2024-01-31,10060.13,DZD,15,2024-02-15,Validated,0,0,0,15,0
INV0005764,FCT-426619,SUP00096,DPT005,PO0001921,2024-05-10,3218.43,DZD,30,2024-06-09,Validated,0,0,0,30,0
INV0005765,FCT-840340,SUP00021,DPT004,,2024-03-25,1678.35,DZD,60,2024-05-24,Validated,1,0,0,60,0
INV0005766,FCT-127826,SUP00252,DPT011,PO0001842,2024-10-24,4716.19,DZD,60,2024-12-23,Validated,0,0,0,60,0
INV0005767,FCT-520454,SUP00002,DPT005,PO0002099,2024-11-16,2621.9,EUR,90,2025-02-14,Validated,0,0,0,90,0
INV0005768,FCT-946061,SUP00073,DPT004,PO0002487,2024-11-13,13642.33,EUR,30,2024-12-13,Validated,0,0,0,30,0
INV0005769,FCT-496399,SUP00008,DPT004,PO0003455,2024-02-12,7150.0,DZD,90,2024-05-12,Validated,0,0,0,90,0
INV0005770,FCT-839671,SUP00015,DPT001,PO0000592,2024-09-01,16070.45,EUR,15,2024-09-16,Validated,0,0,0,15,0
INV0005771,FCT-471807,SUP00118,DPT009,PO0000955,2024-07-07,7932.72,DZD,45,2024-08-21,Validated,0,0,0,45,0
INV0005772,FCT-727732,SUP00249,DPT007,PO0003527,2024-09-21,858.99,USD,45,2024-11-05,Validated,0,0,0,45,0
INV0005773,FCT-709067,SUP00004,DPT012,,2024-03-08,4923.39,DZD,45,2024-04-22,Validated,1,0,0,45,0
INV0005774,FCT-321956,SUP00005,DPT003,PO0003745,2024-02-17,9373.99,DZD,30,2024-03-18,Validated,0,0,0,30,0
INV0005775,FCT-952894,SUP00026,DPT002,PO0004703,2024-05-09,8234.79,DZD,30,2024-06-08,Validated,0,0,0,30,0
INV0005776,FCT-369554,SUP00011,DPT004,PO0002307,2024-05-08,3172.18,EUR,30,2024-06-07,Validated,0,0,0,30,0
INV0005777,FCT-341179,SUP00001,DPT006,,2024-10-15,3416.87,DZD,45,2024-11-29,Validated,1,0,0,45,0
INV0005778,FCT-258381,SUP00133,DPT001,PO0002345,2024-03-10,2793.87,DZD,45,2024-04-24,Validated,0,0,0,45,0
INV0005779,FCT-357207,SUP00063,DPT011,PO0001499,2024-12-16,879.65,DZD,30,2025-01-15,Validated,0,0,0,30,0
INV0005780,FCT-990096,SUP00319,DPT006,PO0002100,2024-01-07,5805.5,USD,90,2024-04-06,Validated,0,0,0,90,0
INV0005781,FCT-683095,SUP00242,DPT002,,2024-07-28,14706.15,EUR,60,2024-09-26,Validated,1,0,0,60,0
INV0005782,FCT-651998,SUP00009,DPT001,PO0001062,2024-07-12,3473.44,USD,30,2024-08-11,Pending Review,0,0,0,30,0
INV0005783,FCT-503155,SUP00047,DPT003,,2024-05-12,1439.06,DZD,30,2024-06-11,Pending Review,1,0,0,30,0
INV0005784,FCT-313700,SUP00003,DPT008,PO0000923,2024-02-10,100000.0,DZD,15,2024-02-25,Validated,0,1,1,15,0
INV0005785,FCT-142492,SUP00177,DPT002,PO0002774,2024-01-30,28772.24,DZD,30,2024-02-29,Validated,0,0,0,30,0
INV0005786,FCT-772754,SUP00319,DPT008,PO0001408,2024-04-10,3617.19,EUR,30,2024-05-10,Validated,0,0,0,30,0
INV0005787,FCT-165194,SUP00156,DPT011,PO0001796,2024-05-26,2041.51,DZD,30,2024-06-25,Validated,0,0,0,30,0
INV0005788,FCT-262402,SUP00115,DPT002,PO0004761,2024-03-10,5081.83,DZD,30,2024-04-09,Validated,0,0,0,30,0
INV0005789,FCT-644072,SUP00151,DPT003,PO0003739,2024-10-24,8291.51,DZD,90,2025-01-22,Validated,0,0,0,90,0
INV0005790,FCT-540618,SUP00029,DPT008,PO0004945,2024-12-21,3579.89,DZD,45,2025-02-04,Validated,0,0,0,45,0
INV0005791,FCT-440022,SUP00154,DPT002,PO0002001,2024-10-03,986.86,DZD,15,2024-10-18,Validated,0,0,0,15,0
INV0005792,FCT-694175,SUP00013,DPT004,PO0004062,2024-10-28,18119.86,DZD,30,2024-11-27,Validated,0,0,0,30,0
INV0005793,FCT-661857,SUP00026,DPT002,PO0001141,2024-05-10,7930.86,DZD,15,2024-05-25,Pending Review,0,0,0,15,0
INV0005794,FCT-368660,SUP00129,DPT001,PO0001610,2024-11-10,35638.15,DZD,45,2024-12-25,Validated,0,0,0,45,0
INV0005795,FCT-777519,SUP00014,DPT004,,2024-03-03,6302.34,DZD,45,2024-04-17,Validated,1,0,0,45,0
INV0005796,FCT-973092,SUP00319,DPT006,PO0002100,2024-08-07,32635.28,DZD,30,2024-09-06,Validated,0,0,0,30,0
INV0005797,FCT-407381,SUP00005,DPT004,PO0001693,2024-07-17,4626.76,EUR,30,2024-08-16,Validated,0,0,0,30,0
INV0005798,FCT-819831,SUP00012,DPT009,PO0003291,2024-06-23,2996.13,DZD,30,2024-07-23,Validated,0,0,0,30,0
INV0005799,FCT-623486,SUP00027,DPT003,PO0002416,2024-10-30,3376.98,DZD,60,2024-12-29,Validated,0,0,0,60,0
INV0005800,FCT-577489,SUP00001,DPT009,PO0003809,2024-05-03,48918.02,DZD,15,2024-05-18,Validated,0,0,0,15,0
INV0005801,FCT-480257,SUP00082,DPT003,PO0003447,2024-07-24,4838.05,DZD,60,2024-09-22,Validated,0,0,0,60,0
INV0005802,FCT-672865,SUP00003,DPT004,PO0003964,2024-06-17,37005.75,DZD,45,2024-08-01,Validated,0,0,0,45,0
INV0005803,FCT-930477,SUP00002,DPT002,PO0004147,2024-07-16,3531.2,DZD,45,2024-08-30,Pending Review,0,0,0,45,0
INV0005804,FCT-248766,SUP00004,DPT002,PO0001467,2024-05-05,1221.33,DZD,15,2024-05-20,Validated,0,0,0,15,0
INV0005805,FCT-968564,SUP00203,DPT003,PO0002754,2024-09-14,13410.37,DZD,45,2024-10-29,Validated,0,0,0,45,0
INV0005806,FCT-285225,SUP00003,DPT001,PO0004750,2024-08-03,2870.92,DZD,30,2024-09-02,Validated,0,0,0,30,0
INV0005807,FCT-708121,SUP00009,DPT003,,2024-02-17,8511.83,EUR,30,2024-03-18,Validated,1,0,0,30,0
INV0005808,FCT-635154,SUP00074,DPT006,,2024-06-10,7564.04,DZD,30,2024-07-10,Pending Review,1,0,0,30,0
INV0005809,FCT-443377,SUP00293,DPT006,,2024-08-13,7436.48,USD,30,2024-09-12,Validated,1,0,0,30,0
INV0005810,FCT-746934,SUP00267,DPT009,PO0000299,2024-02-05,39968.97,DZD,45,2024-03-21,Validated,0,0,0,45,0
INV0005811,FCT-954209,SUP00026,DPT001,PO0002486,2024-01-29,8023.47,EUR,60,2024-03-29,Validated,0,0,0,60,0
INV0005812,FCT-840188,SUP00017,DPT001,PO0001027,2024-07-17,6887.8,DZD,30,2024-08-16,Validated,0,0,0,30,0
INV0005813,FCT-401946,SUP00006,DPT011,PO0001420,2024-02-28,3991.87,DZD,30,2024-03-29,Validated,0,0,0,30,0
INV0005814,FCT-464316,SUP00005,DPT009,PO0005041,2024-07-27,11143.28,DZD,30,2024-08-26,Pending Review,0,0,0,30,0
INV0005815,FCT-576569,SUP00019,DPT006,PO0002152,2024-01-19,100000.0,DZD,30,2024-02-18,Validated,0,1,1,30,0
INV0005816,FCT-292716,SUP00198,DPT001,PO0004748,2024-11-07,3783.22,DZD,30,2024-12-07,Disputed,0,0,0,30,0
INV0005817,FCT-946318,SUP00045,DPT003,PO0000616,2024-08-12,17738.72,DZD,45,2024-09-26,Validated,0,0,0,45,0
INV0005818,FCT-105319,SUP00010,DPT007,PO0004424,2024-08-19,4744.17,DZD,30,2024-09-18,Validated,0,0,0,30,0
INV0005819,FCT-647578,SUP00009,DPT004,PO0001348,2024-12-17,11698.11,DZD,15,2025-01-01,Validated,0,0,0,15,0
INV0005820,FCT-342973,SUP00243,DPT002,PO0001579,2024-08-16,1306.27,DZD,30,2024-09-15,Validated,0,0,0,30,0
INV0005821,FCT-460886,SUP00028,DPT004,PO0004698,2024-02-24,17165.08,DZD,45,2024-04-09,Validated,0,0,0,45,0
INV0005822,FCT-245950,SUP00003,DPT001,PO0002856,2024-11-24,2628.67,DZD,30,2024-12-24,Validated,0,0,0,30,0
INV0005823,FCT-128896,SUP00038,DPT007,PO0003585,2024-06-20,13052.41,DZD,30,2024-07-20,Validated,0,0,0,30,0
INV0005824,FCT-631851,SUP00010,DPT002,PO0003054,2024-09-01,26186.24,DZD,90,2024-11-30,Validated,0,0,0,90,0
INV0005825,FCT-811301,SUP00021,DPT006,,2024-11-22,9619.3,DZD,60,2025-01-21,Validated,1,0,0,60,0
INV0005826,FCT-198044,SUP00005,DPT001,PO0003972,2024-06-21,22595.15,DZD,30,2024-07-21,Validated,0,0,0,30,0
INV0005827,FCT-177915,SUP00131,DPT004,PO0002721,2024-11-06,1736.85,DZD,60,2025-01-05,Validated,0,0,0,60,0
INV0005828,FCT-304429,SUP00015,DPT007,PO0000819,2024-12-13,5458.24,DZD,60,2025-02-11,Validated,0,0,0,60,0
INV0005829,FCT-181138,SUP00018,DPT004,PO0002534,2024-06-03,2849.94,EUR,45,2024-07-18,Validated,0,0,0,45,0
INV0005830,FCT-489117,SUP00007,DPT012,PO0002404,2024-01-10,2807.57,DZD,30,2024-02-09,Validated,0,0,0,30,0
INV0005831,FCT-304577,SUP00001,DPT011,,2024-09-28,977.72,DZD,45,2024-11-12,Disputed,1,0,0,45,0
INV0005832,FCT-547063,SUP00277,DPT001,,2024-10-19,6585.36,DZD,60,2024-12-18,Validated,1,0,0,60,0
INV0005833,FCT-667516,SUP00024,DPT002,PO0003954,2024-01-16,17708.72,DZD,60,2024-03-16,Pending Review,0,0,0,60,0
INV0005834,FCT-383341,SUP00011,DPT004,PO0001869,2024-12-14,20000.0,DZD,30,2025-01-13,Validated,0,1,0,30,0
INV0005835,FCT-903948,SUP00006,DPT005,PO0003344,2024-10-03,1781.03,DZD,45,2024-11-17,Validated,0,0,0,45,0
INV0005836,FCT-557432,SUP00001,DPT010,PO0000433,2024-03-11,5000.0,DZD,30,2024-04-10,Validated,0,1,0,30,0
INV0005837,FCT-107486,SUP00001,DPT008,,2024-09-21,2561.02,DZD,45,2024-11-05,Pending Review,1,0,0,45,0
INV0005838,FCT-490004,SUP00075,DPT010,PO0004188,2024-09-08,2367.34,DZD,45,2024-10-23,Validated,0,0,0,45,0
INV0005839,FCT-710206,SUP00069,DPT011,,2024-07-31,4267.93,DZD,30,2024-08-30,Validated,1,0,0,30,0
INV0005840,FCT-509469,SUP00021,DPT002,PO0002160,2024-07-26,6140.48,USD,30,2024-08-25,Validated,0,0,0,30,0
INV0005841,FCT-569427,SUP00008,DPT003,PO0001134,2024-02-11,4299.96,USD,30,2024-03-12,Pending Review,0,0,0,30,0
INV0005842,FCT-769125,SUP00241,DPT002,PO0004288,2024-12-08,1210.21,DZD,45,2025-01-22,Validated,0,0,0,45,0
INV0005843,FCT-659006,SUP00004,DPT009,PO0001784,2024-04-18,18295.5,DZD,60,2024-06-17,Validated,0,0,0,60,0
INV0005844,FCT-226003,SUP00233,DPT002,PO0005122,2024-04-15,7366.61,DZD,30,2024-05-15,Validated,0,0,0,30,0
INV0005845,FCT-721074,SUP00006,DPT002,PO0004181,2024-03-03,9439.15,DZD,60,2024-05-02,Validated,0,0,0,60,0
INV0005846,FCT-214636,SUP00006,DPT012,PO0002971,2024-03-14,10085.94,DZD,45,2024-04-28,Validated,0,0,0,45,0
INV0005847,FCT-693130,SUP00020,DPT002,PO0000163,2024-01-22,12196.74,DZD,30,2024-02-21,Pending Review,0,0,0,30,0
INV0005848,FCT-719338,SUP00256,DPT008,PO0004794,2024-10-29,7161.82,DZD,15,2024-11-13,Validated,0,0,0,15,0
INV0005849,FCT-847484,SUP00228,DPT009,PO0001641,2024-11-24,50000.0,DZD,30,2024-12-24,Validated,0,1,0,30,0
INV0005850,FCT-984055,SUP00012,DPT004,PO0003661,2024-01-20,34289.02,DZD,60,2024-03-20,Validated,0,0,0,60,0
INV0005851,FCT-198137,SUP00021,DPT002,,2024-03-07,12509.33,EUR,60,2024-05-06,Validated,1,0,0,60,0
INV0005852,FCT-977543,SUP00022,DPT012,PO0003556,2024-06-11,2138.02,USD,30,2024-07-11,Validated,0,0,0,30,0
INV0005853,FCT-301052,SUP00021,DPT008,PO0002966,2024-03-16,2173.44,DZD,30,2024-04-15,Validated,0,0,0,30,0
INV0005854,FCT-115238,SUP00018,DPT004,PO0000486,2024-03-13,59184.56,DZD,90,2024-06-11,Validated,0,0,0,90,0
INV0005855,FCT-860100,SUP00009,DPT003,PO0002750,2024-09-12,4980.04,DZD,15,2024-09-27,Disputed,0,0,0,15,0
INV0005856,FCT-912330,SUP00260,DPT004,PO0004248,2024-11-16,2754.06,EUR,30,2024-12-16,Validated,0,0,0,30,0
INV0005857,FCT-164050,SUP00028,DPT003,PO0003467,2024-04-27,3261.9,DZD,30,2024-05-27,Validated,0,0,0,30,0
INV0005858,FCT-512128,SUP00066,DPT008,PO0004091,2024-07-08,10083.51,EUR,15,2024-07-23,Pending Review,0,0,0,15,0
INV0005859,FCT-982479,SUP00067,DPT002,PO0000400,2024-05-27,3474.1,DZD,60,2024-07-26,Validated,0,0,0,60,0
INV0005860,FCT-741196,SUP00008,DPT005,,2024-05-16,6997.84,DZD,30,2024-06-15,Validated,1,0,0,30,0
INV0005861,FCT-509209,SUP00120,DPT003,PO0000421,2024-01-21,85453.07,DZD,60,2024-03-21,Validated,0,0,0,60,0
INV0005862,FCT-797699,SUP00099,DPT004,,2024-09-15,985.51,DZD,45,2024-10-30,Disputed,1,0,0,45,0
INV0005863,FCT-418102,SUP00007,DPT001,,2024-12-04,3763.62,DZD,30,2025-01-03,Validated,1,0,0,30,0
INV0005864,FCT-358943,SUP00004,DPT012,PO0001848,2024-10-04,6441.48,EUR,45,2024-11-18,Validated,0,0,0,45,0
INV0005865,FCT-499284,SUP00010,DPT008,PO0002699,2024-12-29,789.51,USD,30,2025-01-28,Validated,0,0,0,30,0
INV0005866,FCT-874470,SUP00199,DPT006,PO0005143,2024-10-26,10879.34,DZD,30,2024-11-25,Validated,0,0,0,30,0
INV0005867,FCT-356693,SUP00025,DPT008,PO0003982,2024-05-14,16807.46,DZD,30,2024-06-13,Validated,0,0,0,30,0
INV0005868,FCT-635170,SUP00120,DPT007,PO0000374,2024-10-26,1215.99,DZD,60,2024-12-25,Validated,0,0,0,60,0
INV0005869,FCT-843160,SUP00221,DPT003,PO0001469,2024-03-19,5466.46,DZD,45,2024-05-03,Validated,0,0,0,45,0
INV0005870,FCT-122849,SUP00013,DPT003,PO0000913,2024-05-25,7409.94,DZD,45,2024-07-09,Validated,0,0,0,45,0
INV0005871,FCT-654477,SUP00146,DPT007,,2024-09-14,11625.14,DZD,60,2024-11-13,Pending Review,1,0,0,60,0
INV0005872,FCT-896626,SUP00010,DPT001,PO0003396,2024-04-15,129222.82,DZD,45,2024-05-30,Validated,0,0,1,45,0
INV0005873,FCT-359236,SUP00116,DPT003,PO0002683,2024-10-03,2559.34,DZD,60,2024-12-02,Validated,0,0,0,60,0
INV0005874,FCT-243457,SUP00009,DPT003,PO0000289,2024-03-08,11136.67,DZD,30,2024-04-07,Validated,0,0,0,30,0
INV0005875,FCT-801899,SUP00126,DPT011,PO0004063,2024-02-26,5184.33,DZD,45,2024-04-11,Validated,0,0,0,45,0
INV0005876,FCT-404738,SUP00160,DPT007,,2024-10-01,4260.36,DZD,45,2024-11-15,Validated,1,0,0,45,0
INV0005877,FCT-737756,SUP00003,DPT001,PO0004750,2024-06-26,6115.88,DZD,45,2024-08-10,Validated,0,0,0,45,0
INV0005878,FCT-542047,SUP00014,DPT002,PO0002812,2024-12-06,9627.46,DZD,45,2025-01-20,Validated,0,0,0,45,0
INV0005879,FCT-628421,SUP00266,DPT012,PO0002718,2024-03-12,6069.75,DZD,30,2024-04-11,Validated,0,0,0,30,0
INV0005880,FCT-432192,SUP00024,DPT003,PO0000182,2024-09-17,8239.41,DZD,45,2024-11-01,Pending Review,0,0,0,45,0
INV0005881,FCT-499180,SUP00005,DPT009,PO0003908,2024-03-26,20000.0,DZD,90,2024-06-24,Validated,0,1,0,90,0
INV0005882,FCT-142903,SUP00023,DPT008,PO0001980,2024-06-21,50000.0,DZD,30,2024-07-21,Validated,0,1,0,30,0
INV0005883,FCT-862893,SUP00013,DPT001,PO0004585,2024-06-29,15511.9,EUR,30,2024-07-29,Validated,0,0,0,30,0
INV0005884,FCT-402251,SUP00006,DPT012,,2024-11-05,19550.6,USD,60,2025-01-04,Validated,1,0,0,60,0
INV0005885,FCT-286735,SUP00012,DPT005,,2024-05-25,18554.19,DZD,15,2024-06-09,Pending Review,1,0,0,15,0
INV0005886,FCT-139908,SUP00007,DPT002,PO0003540,2024-05-12,13036.52,EUR,30,2024-06-11,Validated,0,0,0,30,0
INV0005887,FCT-915789,SUP00163,DPT008,PO0000477,2024-06-22,2459.56,DZD,60,2024-08-21,Validated,0,0,0,60,0
INV0005888,FCT-750720,SUP00003,DPT003,PO0004313,2024-12-22,2005.17,DZD,45,2025-02-05,Validated,0,0,0,45,0
INV0005889,FCT-636851,SUP00004,DPT010,PO0004589,2024-05-20,17211.45,EUR,15,2024-06-04,Validated,0,0,0,15,0
INV0005890,FCT-582596,SUP00114,DPT004,PO0001341,2024-07-19,1502.97,DZD,30,2024-08-18,Validated,0,0,0,30,0
INV0005891,FCT-950356,SUP00153,DPT005,PO0005170,2024-01-27,2729.28,DZD,15,2024-02-11,Validated,0,0,0,15,0
INV0005892,FCT-744379,SUP00009,DPT002,PO0000829,2024-08-08,70830.72,EUR,15,2024-08-23,Validated,0,0,0,15,0
INV0005893,FCT-941939,SUP00110,DPT004,PO0000435,2024-01-28,10764.9,DZD,30,2024-02-27,Validated,0,0,0,30,0
INV0005894,FCT-552044,SUP00293,DPT001,PO0000507,2024-01-06,7210.94,DZD,30,2024-02-05,Validated,0,0,0,30,0
INV0005895,FCT-175229,SUP00023,DPT005,PO0000943,2024-04-05,713.57,DZD,30,2024-05-05,Pending Review,0,0,0,30,0
INV0005896,FCT-331991,SUP00073,DPT007,PO0004151,2024-03-10,10000.0,DZD,45,2024-04-24,Validated,0,1,0,45,0
INV0005897,FCT-401036,SUP00024,DPT004,PO0001893,2024-07-09,15700.43,DZD,45,2024-08-23,Pending Review,0,0,0,45,0
INV0005898,FCT-911466,SUP00026,DPT001,PO0003118,2024-03-17,1090.29,DZD,15,2024-04-01,Disputed,0,0,0,15,0
INV0005899,FCT-689736,SUP00010,DPT001,,2024-03-18,9538.39,DZD,15,2024-04-02,Validated,1,0,0,15,0
INV0005900,FCT-263949,SUP00037,DPT005,PO0002631,2024-11-20,1224.82,DZD,30,2024-12-20,Pending Review,0,0,0,30,0
INV0005901,FCT-216037,SUP00276,DPT003,,2024-08-16,2929.37,EUR,45,2024-09-30,Validated,1,0,0,45,0
INV0005902,FCT-505733,SUP00001,DPT002,PO0000406,2024-01-04,982.94,USD,45,2024-02-18,Validated,0,0,0,45,0
INV0005903,FCT-592247,SUP00007,DPT003,PO0003220,2024-10-05,6696.73,DZD,45,2024-11-19,Validated,0,0,0,45,0
INV0005904,FCT-479626,SUP00049,DPT003,,2024-09-21,849.17,DZD,90,2024-12-20,Validated,1,0,0,90,0
INV0005905,FCT-407237,SUP00003,DPT005,PO0005058,2024-11-21,5451.51,EUR,90,2025-02-19,Pending Review,0,0,0,90,0
INV0005906,FCT-653779,SUP00159,DPT005,PO0003518,2024-07-16,12513.7,DZD,15,2024-07-31,Validated,0,0,0,15,0
INV0005907,FCT-999481,SUP00319,DPT007,PO0002733,2024-12-10,5000.0,EUR,90,2025-03-10,Pending Review,0,1,0,90,0
INV0005908,FCT-921836,SUP00008,DPT004,,2024-12-09,100000.0,DZD,30,2025-01-08,Validated,1,1,1,30,0
INV0005909,FCT-280347,SUP00017,DPT011,PO0002915,2024-05-13,7783.1,DZD,45,2024-06-27,Validated,0,0,0,45,0
INV0005910,FCT-791718,SUP00002,DPT003,PO0005051,2024-01-30,5407.03,DZD,30,2024-02-29,Validated,0,0,0,30,0
INV0005911,FCT-199578,SUP00287,DPT001,,2024-12-10,5548.51,DZD,30,2025-01-09,Validated,1,0,0,30,0
INV0005912,FCT-170872,SUP00006,DPT002,PO0000588,2024-08-26,8408.45,DZD,90,2024-11-24,Pending Review,0,0,0,90,0
INV0005913,FCT-509987,SUP00108,DPT005,PO0001650,2024-11-15,1710.29,DZD,30,2024-12-15,Validated,0,0,0,30,0
INV0005914,FCT-349930,SUP00010,DPT004,PO0003020,2024-01-28,3807.14,EUR,30,2024-02-27,Validated,0,0,0,30,0
INV0005915,FCT-319514,SUP00009,DPT006,PO0003059,2024-04-25,62263.87,DZD,30,2024-05-25,Validated,0,0,0,30,0
INV0005916,FCT-658034,SUP00182,DPT001,PO0002024,2024-01-01,10482.26,DZD,30,2024-01-31,Validated,0,0,0,30,0
INV0005917,FCT-828025,SUP00008,DPT011,PO0002430,2024-05-15,25248.53,DZD,30,2024-06-14,Pending Review,0,0,0,30,0
INV0005918,FCT-586059,SUP00151,DPT004,PO0000227,2024-10-01,8878.81,DZD,45,2024-11-15,Validated,0,0,0,45,0
INV0005919,FCT-115642,SUP00051,DPT002,,2024-03-02,2587.12,DZD,30,2024-04-01,Validated,1,0,0,30,0
INV0005920,FCT-998074,SUP00196,DPT005,PO0002679,2024-05-16,4228.84,DZD,30,2024-06-15,Validated,0,0,0,30,0
INV0005921,FCT-687048,SUP00017,DPT004,PO0000979,2024-11-13,809.46,EUR,30,2024-12-13,Validated,0,0,0,30,0
INV0005922,FCT-490518,SUP00168,DPT001,PO0002832,2024-04-21,29160.88,EUR,30,2024-05-21,Validated,0,0,0,30,0
INV0005923,FCT-466803,SUP00005,DPT012,PO0002076,2024-07-12,16810.44,DZD,15,2024-07-27,Validated,0,0,0,15,0
INV0005924,FCT-809011,SUP00177,DPT001,PO0003780,2024-06-08,2294.15,DZD,30,2024-07-08,Validated,0,0,0,30,0
INV0005925,FCT-938436,SUP00230,DPT001,PO0001299,2024-03-16,14456.51,DZD,45,2024-04-30,Validated,0,0,0,45,0
INV0005926,FCT-159695,SUP00007,DPT002,PO0002931,2024-12-05,13039.83,DZD,45,2025-01-19,Validated,0,0,0,45,0
INV0005927,FCT-922291,SUP00010,DPT003,PO0004117,2024-10-22,6560.49,DZD,60,2024-12-21,Pending Review,0,0,0,60,0
INV0005928,FCT-492298,SUP00001,DPT002,PO0001837,2024-05-22,10379.37,DZD,30,2024-06-21,Validated,0,0,0,30,0
INV0005929,FCT-820604,SUP00148,DPT001,PO0002676,2024-11-06,11562.74,DZD,45,2024-12-21,Validated,0,0,0,45,0
INV0005930,FCT-137388,SUP00008,DPT005,PO0003381,2024-06-30,9341.7,DZD,45,2024-08-14,Validated,0,0,0,45,0
INV0005931,FCT-486650,SUP00003,DPT012,PO0001352,2024-08-21,7142.5,USD,30,2024-09-20,Validated,0,0,0,30,0
INV0005932,FCT-613394,SUP00019,DPT004,PO0000753,2024-04-17,6625.12,DZD,30,2024-05-17,Validated,0,0,0,30,0
INV0005933,FCT-483704,SUP00009,DPT002,PO0001463,2024-05-23,3126.31,USD,45,2024-07-07,Validated,0,0,0,45,0
INV0005934,FCT-154952,SUP00003,DPT008,PO0003025,2024-12-04,17062.03,DZD,45,2025-01-18,Pending Review,0,0,0,45,0
INV0005935,FCT-119131,SUP00134,DPT012,PO0002724,2024-03-21,58609.3,DZD,30,2024-04-20,Validated,0,0,0,30,0
INV0005936,FCT-885225,SUP00019,DPT006,PO0002091,2024-05-30,1655.84,DZD,30,2024-06-29,Pending Review,0,0,0,30,0
INV0005937,FCT-934882,SUP00024,DPT004,PO0001893,2024-10-06,6245.03,USD,30,2024-11-05,Validated,0,0,0,30,0
INV0005938,FCT-732115,SUP00296,DPT010,PO0002765,2024-04-30,2831.15,DZD,45,2024-06-14,Validated,0,0,0,45,0
INV0005939,FCT-979506,SUP00009,DPT009,PO0003367,2024-10-08,5000.0,DZD,60,2024-12-07,Validated,0,1,0,60,0
INV0005940,FCT-918993,SUP00063,DPT012,PO0004308,2024-05-23,9803.39,DZD,45,2024-07-07,Validated,0,0,0,45,0
INV0005941,FCT-289721,SUP00002,DPT002,PO0003678,2024-07-05,7008.67,DZD,30,2024-08-04,Pending Review,0,0,0,30,0
INV0005942,FCT-605306,SUP00222,DPT010,PO0004405,2024-12-27,3040.77,DZD,30,2025-01-26,Validated,0,0,0,30,0
INV0005943,FCT-525557,SUP00003,DPT011,PO0001765,2024-09-28,3484.49,DZD,90,2024-12-27,Validated,0,0,0,90,0
INV0005944,FCT-929616,SUP00004,DPT010,PO0001286,2024-12-01,2503.05,DZD,30,2024-12-31,Validated,0,0,0,30,0
INV0005945,FCT-620630,SUP00301,DPT006,PO0002565,2024-03-13,828.98,DZD,30,2024-04-12,Validated,0,0,0,30,0
INV0005946,FCT-216776,SUP00198,DPT004,PO0000081,2024-10-31,24674.31,DZD,30,2024-11-30,Validated,0,0,0,30,0
INV0005947,FCT-585812,SUP00004,DPT002,PO0004007,2024-07-12,12951.37,DZD,30,2024-08-11,Pending Review,0,0,0,30,0
INV0005948,FCT-557822,SUP00076,DPT010,PO0002568,2024-10-06,26471.58,DZD,60,2024-12-05,Validated,0,0,0,60,0
INV0005949,FCT-531679,SUP00276,DPT006,PO0000454,2024-04-28,4019.29,DZD,45,2024-06-12,Validated,0,0,0,45,0
INV0005950,FCT-422297,SUP00006,DPT011,PO0003912,2024-09-24,10546.47,EUR,30,2024-10-24,Validated,0,0,0,30,0
INV0005951,FCT-645661,SUP00241,DPT002,PO0002989,2024-12-27,2264.72,DZD,15,2025-01-11,Pending Review,0,0,0,15,0
INV0005952,FCT-454580,SUP00178,DPT011,PO0001359,2024-06-30,3117.98,DZD,30,2024-07-30,Disputed,0,0,0,30,0
INV0005953,FCT-810456,SUP00010,DPT010,PO0004159,2024-06-03,63372.59,DZD,15,2024-06-18,Validated,0,0,0,15,0
INV0005954,FCT-398174,SUP00077,DPT001,PO0000710,2024-07-11,5000.0,DZD,30,2024-08-10,Validated,0,1,0,30,0
INV0005955,FCT-472756,SUP00003,DPT011,PO0003825,2024-03-16,17844.32,DZD,45,2024-04-30,Pending Review,0,0,0,45,0
INV0005956,FCT-203950,SUP00005,DPT002,,2024-07-23,8013.15,DZD,30,2024-08-22,Pending Review,1,0,0,30,0
INV0005957,FCT-167081,SUP00003,DPT005,PO0004740,2024-03-12,1206.96,DZD,30,2024-04-11,Validated,0,0,0,30,0
INV0005958,FCT-464468,SUP00007,DPT004,PO0004912,2024-09-09,5142.32,DZD,30,2024-10-09,Validated,0,0,0,30,0
INV0005959,FCT-348150,SUP00290,DPT008,PO0004524,2024-12-29,9269.3,DZD,30,2025-01-28,Validated,0,0,0,30,0
INV0005960,FCT-748052,SUP00214,DPT005,PO0001116,2024-10-05,50000.0,DZD,30,2024-11-04,Validated,0,1,0,30,0
INV0005961,FCT-207514,SUP00005,DPT010,PO0003829,2024-12-30,768.87,DZD,90,2025-03-30,Pending Review,0,0,0,90,0
INV0005962,FCT-310175,SUP00004,DPT007,PO0002378,2024-06-09,1977.99,EUR,45,2024-07-24,Validated,0,0,0,45,0
INV0005963,FCT-643586,SUP00009,DPT012,PO0004438,2024-10-18,8578.81,DZD,90,2025-01-16,Validated,0,0,0,90,0
INV0005964,FCT-130143,SUP00206,DPT007,PO0002706,2024-07-24,2034.54,USD,15,2024-08-08,Validated,0,0,0,15,0
INV0005965,FCT-558152,SUP00058,DPT005,PO0001701,2024-06-24,24386.04,DZD,90,2024-09-22,Disputed,0,0,0,90,0
INV0005966,FCT-686141,SUP00011,DPT001,PO0000798,2024-08-18,5588.25,DZD,30,2024-09-17,Validated,0,0,0,30,0
INV0005967,FCT-234829,SUP00025,DPT003,PO0001574,2024-08-31,10504.17,DZD,90,2024-11-29,Validated,0,0,0,90,0
INV0005968,FCT-260353,SUP00030,DPT004,PO0001045,2024-01-19,26640.91,DZD,45,2024-03-04,Validated,0,0,0,45,0
INV0005969,FCT-405820,SUP00008,DPT004,PO0004825,2024-09-13,1485.04,DZD,30,2024-10-13,Pending Review,0,0,0,30,0
INV0005970,FCT-153848,SUP00051,DPT009,PO0003704,2024-07-11,10216.77,DZD,30,2024-08-10,Validated,0,0,0,30,0
INV0005971,FCT-921668,SUP00030,DPT003,PO0005043,2024-02-17,7008.95,DZD,30,2024-03-18,Validated,0,0,0,30,0
INV0005972,FCT-694791,SUP00054,DPT002,PO0004282,2024-03-06,7258.45,DZD,45,2024-04-20,Pending Review,0,0,0,45,0
INV0005973,FCT-884450,SUP00183,DPT008,,2024-02-22,4641.1,DZD,60,2024-04-22,Validated,1,0,0,60,0
INV0005974,FCT-423409,SUP00028,DPT011,PO0002688,2024-10-27,7209.52,DZD,60,2024-12-26,Validated,0,0,0,60,0
INV0005975,FCT-628063,SUP00045,DPT008,,2024-05-23,207.55,DZD,30,2024-06-22,Validated,1,0,0,30,0
INV0005976,FCT-499048,SUP00025,DPT006,PO0000529,2024-06-06,25104.26,DZD,15,2024-06-21,Validated,0,0,0,15,0
INV0005977,FCT-115386,SUP00025,DPT008,PO0000716,2024-05-16,1291.26,DZD,90,2024-08-14,Validated,0,0,0,90,0
INV0005978,FCT-462940,SUP00207,DPT004,PO0001226,2024-09-22,46198.57,DZD,45,2024-11-06,Validated,0,0,0,45,0
INV0005979,FCT-810056,SUP00114,DPT012,PO0003512,2024-06-19,2014.64,DZD,60,2024-08-18,Validated,0,0,0,60,0
INV0005980,FCT-201270,SUP00064,DPT004,PO0003744,2024-12-27,1916.58,DZD,15,2025-01-11,Validated,0,0,0,15,0
INV0005981,FCT-146509,SUP00240,DPT005,PO0004078,2024-04-20,9565.07,DZD,30,2024-05-20,Validated,0,0,0,30,0
INV0005982,FCT-126741,SUP00010,DPT002,PO0000151,2024-12-13,8202.0,DZD,45,2025-01-27,Validated,0,0,0,45,0
INV0005983,FCT-923885,SUP00130,DPT004,PO0004082,2024-08-13,10080.66,DZD,45,2024-09-27,Pending Review,0,0,0,45,0
INV0005984,FCT-533847,SUP00138,DPT012,PO0001670,2024-08-21,9100.87,EUR,30,2024-09-20,Validated,0,0,0,30,0
INV0005985,FCT-624212,SUP00028,DPT003,PO0002549,2024-10-02,5000.0,DZD,30,2024-11-01,Disputed,0,1,0,30,0
INV0005986,FCT-674861,SUP00007,DPT009,PO0004344,2024-11-15,3933.34,DZD,45,2024-12-30,Pending Review,0,0,0,45,0
INV0005987,FCT-328967,SUP00304,DPT011,PO0001755,2024-11-14,11726.66,DZD,60,2025-01-13,Validated,0,0,0,60,0
INV0005988,FCT-609446,SUP00011,DPT010,PO0003995,2024-11-21,2709.73,DZD,15,2024-12-06,Validated,0,0,0,15,0
INV0005989,FCT-185804,SUP00091,DPT009,PO0001494,2024-05-29,6885.49,DZD,60,2024-07-28,Disputed,0,0,0,60,0
INV0005990,FCT-311419,SUP00004,DPT008,PO0002027,2024-10-11,855.05,DZD,60,2024-12-10,Validated,0,0,0,60,0
INV0005991,FCT-763196,SUP00052,DPT007,PO0002046,2024-04-16,8039.44,DZD,30,2024-05-16,Validated,0,0,0,30,0
INV0005992,FCT-832720,SUP00275,DPT002,PO0000998,2024-06-28,6722.54,DZD,30,2024-07-28,Validated,0,0,0,30,0
INV0005993,FCT-219792,SUP00004,DPT004,,2024-02-24,5726.73,DZD,45,2024-04-09,Pending Review,1,0,0,45,0
INV0005994,FCT-332494,SUP00003,DPT011,PO0004250,2024-06-06,42706.99,DZD,45,2024-07-21,Validated,0,0,0,45,0
INV0005995,FCT-519211,SUP00143,DPT012,,2024-07-23,33493.0,DZD,45,2024-09-06,Validated,1,0,0,45,0
INV0005996,FCT-664791,SUP00002,DPT011,PO0002963,2024-10-31,50000.0,DZD,45,2024-12-15,Validated,0,1,0,45,0
INV0005997,FCT-119326,SUP00002,DPT003,,2024-01-14,16753.19,DZD,90,2024-04-13,Validated,1,0,0,90,0
INV0005998,FCT-667665,SUP00001,DPT005,PO0001943,2024-08-06,6778.62,DZD,45,2024-09-20,Pending Review,0,0,0,45,0
INV0005999,FCT-922077,SUP00019,DPT003,PO0001602,2024-11-08,8548.5,DZD,15,2024-11-23,Validated,0,0,0,15,0
INV0006000,FCT-878721,SUP00002,DPT001,PO0005012,2024-10-10,9873.26,DZD,45,2024-11-24,Validated,0,0,0,45,0
INV0006001,FCT-795256,SUP00009,DPT002,PO0002817,2024-06-23,12002.77,DZD,30,2024-07-23,Validated,0,0,0,30,0
INV0006002,FCT-652402,SUP00065,DPT010,PO0002719,2024-05-29,6516.59,DZD,45,2024-07-13,Validated,0,0,0,45,0
INV0006003,FCT-242225,SUP00238,DPT004,PO0000783,2024-08-10,11196.91,DZD,30,2024-09-09,Validated,0,0,0,30,0
INV0006004,FCT-633058,SUP00147,DPT008,PO0002039,2024-09-13,6465.78,DZD,30,2024-10-13,Validated,0,0,0,30,0
INV0006005,FCT-674763,SUP00002,DPT004,PO0001010,2024-05-26,25000.0,DZD,30,2024-06-25,Validated,0,1,0,30,0
INV0006006,FCT-305412,SUP00027,DPT007,PO0000253,2024-07-17,17244.82,DZD,60,2024-09-15,Validated,0,0,0,60,0
INV0006007,FCT-529758,SUP00001,DPT005,PO0003535,2024-01-02,2822.73,DZD,30,2024-02-01,Validated,0,0,0,30,0
INV0006008,FCT-563184,SUP00255,DPT001,PO0004350,2024-04-25,6989.63,DZD,60,2024-06-24,Pending Review,0,0,0,60,0
INV0006009,FCT-178085,SUP00001,DPT003,PO0003057,2024-10-14,20000.0,DZD,45,2024-11-28,Validated,0,1,0,45,0
INV0006010,FCT-253184,SUP00229,DPT007,PO0000503,2024-05-31,1861.31,DZD,90,2024-08-29,Pending Review,0,0,0,90,0
INV0006011,FCT-519280,SUP00010,DPT004,PO0002155,2024-06-21,29725.55,DZD,60,2024-08-20,Validated,0,0,0,60,0
INV0006012,FCT-871790,SUP00007,DPT005,PO0004169,2024-12-08,2322.99,DZD,15,2024-12-23,Pending Review,0,0,0,15,0
INV0006013,FCT-433637,SUP00045,DPT008,PO0004721,2024-05-28,31179.07,DZD,30,2024-06-27,Validated,0,0,0,30,0
INV0006014,FCT-857373,SUP00050,DPT011,,2024-06-08,1282.1,DZD,30,2024-07-08,Validated,1,0,0,30,0
INV0006015,FCT-307608,SUP00202,DPT001,,2024-10-04,1073.79,DZD,90,2025-01-02,Validated,1,0,0,90,0
INV0006016,FCT-279667,SUP00003,DPT005,,2024-11-04,4078.49,DZD,45,2024-12-19,Validated,1,0,0,45,0
INV0006017,FCT-942475,SUP00010,DPT006,PO0003347,2024-05-06,9485.01,EUR,60,2024-07-05,Validated,0,0,0,60,0
INV0006018,FCT-515574,SUP00011,DPT004,PO0002307,2024-03-05,9424.51,DZD,15,2024-03-20,Validated,0,0,0,15,0
INV0006019,FCT-304393,SUP00004,DPT001,PO0004979,2024-08-24,26553.61,DZD,30,2024-09-23,Validated,0,0,0,30,0
INV0006020,FCT-756751,SUP00099,DPT002,PO0000959,2024-02-07,2476.31,DZD,45,2024-03-23,Validated,0,0,0,45,0
INV0006021,FCT-698704,SUP00017,DPT011,PO0002585,2024-09-21,17412.52,DZD,45,2024-11-05,Validated,0,0,0,45,0
INV0006022,FCT-191600,SUP00074,DPT002,PO0004361,2024-06-24,891.44,DZD,45,2024-08-08,Validated,0,0,0,45,0
INV0006023,FCT-976037,SUP00031,DPT006,,2024-12-24,1974.45,EUR,30,2025-01-23,Validated,1,0,0,30,0
INV0006024,FCT-207987,SUP00009,DPT003,PO0003837,2024-04-19,4434.95,EUR,15,2024-05-04,Validated,0,0,0,15,0
INV0006025,FCT-118360,SUP00002,DPT009,,2024-10-07,1693.63,DZD,90,2025-01-05,Validated,1,0,0,90,0
INV0006026,FCT-862015,SUP00271,DPT002,PO0004938,2024-01-02,11261.88,DZD,90,2024-04-01,Validated,0,0,0,90,0
INV0006027,FCT-225746,SUP00006,DPT007,PO0001661,2024-01-09,2839.39,DZD,30,2024-02-08,Validated,0,0,0,30,0
INV0006028,FCT-531535,SUP00010,DPT010,PO0004472,2024-06-12,19025.36,DZD,60,2024-08-11,Validated,0,0,0,60,0
INV0006029,FCT-731784,SUP00212,DPT012,PO0001577,2024-08-16,16299.26,DZD,30,2024-09-15,Validated,0,0,0,30,0
INV0006030,FCT-758667,SUP00200,DPT003,PO0003971,2024-03-01,25000.0,DZD,30,2024-03-31,Disputed,0,1,0,30,0
INV0006031,FCT-594231,SUP00022,DPT004,PO0002170,2024-08-12,4003.74,DZD,90,2024-11-10,Validated,0,0,0,90,0
INV0006032,FCT-253007,SUP00030,DPT004,PO0000323,2024-08-30,5416.79,DZD,30,2024-09-29,Validated,0,0,0,30,0
INV0006033,FCT-833198,SUP00020,DPT004,PO0000996,2024-02-15,28496.23,DZD,15,2024-03-01,Validated,0,0,0,15,0
INV0006034,FCT-698950,SUP00313,DPT003,PO0001445,2024-11-10,2030.78,DZD,30,2024-12-10,Validated,0,0,0,30,0
INV0006035,FCT-531053,SUP00019,DPT011,PO0004442,2024-09-30,391.59,DZD,30,2024-10-30,Validated,0,0,0,30,0
INV0006036,FCT-651523,SUP00091,DPT008,PO0000797,2024-05-01,3688.47,DZD,30,2024-05-31,Validated,0,0,0,30,0
INV0006037,FCT-924194,SUP00001,DPT002,,2024-05-16,2084.92,DZD,45,2024-06-30,Validated,1,0,0,45,0
INV0006038,FCT-717187,SUP00137,DPT008,,2024-04-09,1031.39,DZD,30,2024-05-09,Disputed,1,0,0,30,0
INV0006039,FCT-290767,SUP00005,DPT002,,2024-08-15,5753.84,DZD,30,2024-09-14,Validated,1,0,0,30,0
INV0006040,FCT-864682,SUP00005,DPT004,PO0003358,2024-09-06,1557.2,DZD,15,2024-09-21,Validated,0,0,0,15,0
INV0006041,FCT-538039,SUP00219,DPT003,PO0003873,2024-04-07,8852.95,EUR,30,2024-05-07,Validated,0,0,0,30,0
INV0006042,FCT-938374,SUP00014,DPT005,PO0005148,2024-07-18,1505.35,DZD,30,2024-08-17,Validated,0,0,0,30,0
INV0006043,FCT-873111,SUP00080,DPT009,,2024-03-05,179199.47,DZD,30,2024-04-04,Validated,1,0,1,30,0
INV0006044,FCT-977757,SUP00004,DPT001,PO0004401,2024-05-30,20294.34,DZD,30,2024-06-29,Disputed,0,0,0,30,0
INV0006045,FCT-222205,SUP00003,DPT005,,2024-05-24,2583.93,DZD,45,2024-07-08,Validated,1,0,0,45,0
INV0006046,FCT-958565,SUP00046,DPT010,PO0004477,2024-05-18,2472.77,EUR,30,2024-06-17,Validated,0,0,0,30,0
INV0006047,FCT-620478,SUP00072,DPT004,PO0005138,2024-03-16,4824.39,DZD,45,2024-04-30,Pending Review,0,0,0,45,0
INV0006048,FCT-836347,SUP00064,DPT006,PO0004727,2024-01-09,13995.66,DZD,30,2024-02-08,Validated,0,0,0,30,0
INV0006049,FCT-466589,SUP00009,DPT005,PO0002268,2024-12-26,3586.69,DZD,30,2025-01-25,Validated,0,0,0,30,0
INV0006050,FCT-710352,SUP00010,DPT001,PO0002875,2024-05-27,1578.32,DZD,30,2024-06-26,Validated,0,0,0,30,0
INV0006051,FCT-630337,SUP00023,DPT007,PO0001794,2024-09-22,1131.48,EUR,60,2024-11-21,Validated,0,0,0,60,0
INV0006052,FCT-328387,SUP00113,DPT012,PO0001733,2024-11-10,5874.83,DZD,30,2024-12-10,Validated,0,0,0,30,0
INV0006053,FCT-237145,SUP00006,DPT004,PO0002000,2024-01-14,2608.97,DZD,30,2024-02-13,Validated,0,0,0,30,0
INV0006054,FCT-823631,SUP00099,DPT002,PO0000959,2024-05-25,8313.45,DZD,90,2024-08-23,Pending Review,0,0,0,90,0
INV0006055,FCT-620995,SUP00082,DPT012,PO0000905,2024-05-20,520.47,DZD,30,2024-06-19,Validated,0,0,0,30,0
INV0006056,FCT-798023,SUP00007,DPT006,PO0003764,2024-08-19,10336.07,DZD,30,2024-09-18,Validated,0,0,0,30,0
INV0006057,FCT-627313,SUP00170,DPT002,PO0000014,2024-11-29,4150.3,DZD,45,2025-01-13,Validated,0,0,0,45,0
INV0006058,FCT-267328,SUP00179,DPT003,PO0000354,2024-09-03,798.31,DZD,30,2024-10-03,Validated,0,0,0,30,0
INV0006059,FCT-628343,SUP00065,DPT010,PO0002719,2024-08-05,9104.54,DZD,30,2024-09-04,Validated,0,0,0,30,0
INV0006060,FCT-101758,SUP00003,DPT004,PO0003656,2024-03-23,10650.37,DZD,45,2024-05-07,Validated,0,0,0,45,0
INV0006061,FCT-260475,SUP00159,DPT005,,2024-06-25,2373.86,DZD,30,2024-07-25,Validated,1,0,0,30,0
INV0006062,FCT-621781,SUP00202,DPT001,,2024-09-27,12623.95,DZD,90,2024-12-26,Validated,1,0,0,90,0
INV0006063,FCT-451007,SUP00023,DPT008,PO0003305,2024-07-14,1247.8,DZD,45,2024-08-28,Validated,0,0,0,45,0
INV0006064,FCT-804496,SUP00003,DPT011,PO0002282,2024-08-10,428.7,DZD,30,2024-09-09,Validated,0,0,0,30,0
INV0006065,FCT-508612,SUP00241,DPT003,PO0002622,2024-04-20,15000.0,DZD,30,2024-05-20,Validated,0,1,0,30,0
INV0006066,FCT-711747,SUP00010,DPT004,PO0005031,2024-06-19,2164.75,DZD,15,2024-07-04,Validated,0,0,0,15,0
INV0006067,FCT-691239,SUP00090,DPT003,PO0001998,2024-05-21,1432.51,DZD,30,2024-06-20,Validated,0,0,0,30,0
INV0006068,FCT-152387,SUP00023,DPT001,,2024-06-29,11570.74,EUR,30,2024-07-29,Validated,1,0,0,30,0
INV0006069,FCT-954263,SUP00006,DPT001,,2024-03-12,7684.75,DZD,60,2024-05-11,Validated,1,0,0,60,0
INV0006070,FCT-474480,SUP00190,DPT001,,2024-08-24,39586.7,DZD,45,2024-10-08,Validated,1,0,0,45,0
INV0006071,FCT-173817,SUP00014,DPT004,PO0001581,2024-09-16,9696.74,DZD,30,2024-10-16,Validated,0,0,0,30,0
INV0006072,FCT-700783,SUP00228,DPT003,PO0003303,2024-10-04,11335.26,DZD,30,2024-11-03,Validated,0,0,0,30,0
INV0006073,FCT-953573,SUP00010,DPT004,PO0001748,2024-03-27,2199.01,DZD,45,2024-05-11,Validated,0,0,0,45,0
INV0006074,FCT-870365,SUP00201,DPT007,PO0001260,2024-06-02,512.24,DZD,30,2024-07-02,Validated,0,0,0,30,0
INV0006075,FCT-872820,SUP00283,DPT006,PO0002235,2024-06-04,58372.84,USD,30,2024-07-04,Validated,0,0,0,30,0
INV0006076,FCT-276472,SUP00110,DPT002,PO0002133,2024-11-17,10579.19,DZD,90,2025-02-15,Validated,0,0,0,90,0
INV0006077,FCT-449955,SUP00122,DPT009,,2024-12-04,37964.95,DZD,30,2025-01-03,Validated,1,0,0,30,0
INV0006078,FCT-570283,SUP00250,DPT001,PO0003428,2024-06-23,1542.37,USD,45,2024-08-07,Validated,0,0,0,45,0
INV0006079,FCT-603658,SUP00191,DPT004,PO0001588,2024-05-28,19100.63,DZD,30,2024-06-27,Validated,0,0,0,30,0
INV0006080,FCT-186191,SUP00019,DPT011,,2024-01-09,8368.21,DZD,30,2024-02-08,Validated,1,0,0,30,0
INV0006081,FCT-337029,SUP00273,DPT004,PO0002689,2024-05-03,20366.81,DZD,45,2024-06-17,Validated,0,0,0,45,0
INV0006082,FCT-279129,SUP00024,DPT005,PO0000712,2024-01-26,11701.57,DZD,30,2024-02-25,Validated,0,0,0,30,0
INV0006083,FCT-546067,SUP00004,DPT006,,2024-06-03,4613.35,DZD,45,2024-07-18,Validated,1,0,0,45,0
INV0006084,FCT-321626,SUP00024,DPT004,PO0004156,2024-05-21,8291.6,EUR,15,2024-06-05,Validated,0,0,0,15,0
INV0006085,FCT-834642,SUP00009,DPT008,PO0004391,2024-03-31,3999.59,DZD,30,2024-04-30,Validated,0,0,0,30,0
INV0006086,FCT-552857,SUP00006,DPT010,PO0002161,2024-12-22,15720.29,DZD,30,2025-01-21,Validated,0,0,0,30,0
INV0006087,FCT-106713,SUP00086,DPT003,,2024-09-24,2403.64,DZD,30,2024-10-24,Validated,1,0,0,30,0
INV0006088,FCT-818914,SUP00069,DPT005,PO0003163,2024-08-22,2676.15,USD,30,2024-09-21,Validated,0,0,0,30,0
INV0006089,FCT-902356,SUP00008,DPT007,PO0003802,2024-09-04,4989.68,DZD,30,2024-10-04,Validated,0,0,0,30,0
INV0006090,FCT-374170,SUP00258,DPT012,,2024-05-06,12177.61,DZD,45,2024-06-20,Validated,1,0,0,45,0
INV0006091,FCT-578118,SUP00010,DPT004,PO0003371,2024-04-02,6382.12,DZD,60,2024-06-01,Pending Review,0,0,0,60,0
INV0006092,FCT-293709,SUP00013,DPT002,PO0004793,2024-11-06,4120.44,DZD,30,2024-12-06,Disputed,0,0,0,30,0
INV0006093,FCT-652303,SUP00072,DPT002,PO0005007,2024-06-02,20226.21,EUR,30,2024-07-02,Validated,0,0,0,30,0
INV0006094,FCT-560434,SUP00177,DPT003,PO0002902,2024-09-17,11811.47,DZD,90,2024-12-16,Validated,0,0,0,90,0
INV0006095,FCT-528492,SUP00001,DPT005,PO0000247,2024-07-13,3539.53,DZD,30,2024-08-12,Pending Review,0,0,0,30,0
INV0006096,FCT-264291,SUP00004,DPT002,,2024-01-08,1810.29,DZD,45,2024-02-22,Validated,1,0,0,45,0
INV0006097,FCT-319200,SUP00030,DPT002,PO0001056,2024-11-12,4904.96,EUR,30,2024-12-12,Validated,0,0,0,30,0
INV0006098,FCT-225765,SUP00024,DPT001,PO0001176,2024-01-08,2930.5,DZD,30,2024-02-07,Validated,0,0,0,30,0
INV0006099,FCT-440027,SUP00178,DPT010,PO0003435,2024-05-02,2470.08,DZD,15,2024-05-17,Validated,0,0,0,15,0
INV0006100,FCT-100278,SUP00218,DPT011,PO0001078,2024-10-01,14214.52,DZD,45,2024-11-15,Validated,0,0,0,45,0
INV0006101,FCT-552063,SUP00001,DPT002,PO0002761,2024-07-30,21946.77,DZD,45,2024-09-13,Validated,0,0,0,45,0
INV0006102,FCT-419843,SUP00011,DPT006,PO0004385,2024-10-27,5606.82,DZD,60,2024-12-26,Validated,0,0,0,60,0
INV0006103,FCT-484350,SUP00001,DPT009,PO0004538,2024-12-09,5963.6,DZD,60,2025-02-07,Validated,0,0,0,60,0
INV0006104,FCT-803122,SUP00009,DPT001,PO0003270,2024-09-16,2563.62,USD,30,2024-10-16,Validated,0,0,0,30,0
INV0006105,FCT-626270,SUP00081,DPT011,PO0002460,2024-04-05,1767.31,DZD,30,2024-05-05,Validated,0,0,0,30,0
INV0006106,FCT-961687,SUP00010,DPT006,PO0002044,2024-01-02,14989.66,DZD,30,2024-02-01,Validated,0,0,0,30,0
INV0006107,FCT-128322,SUP00009,DPT001,,2024-09-22,1392.57,DZD,30,2024-10-22,Validated,1,0,0,30,0
INV0006108,FCT-142762,SUP00094,DPT002,,2024-04-26,2944.39,DZD,60,2024-06-25,Validated,1,0,0,60,0
INV0006109,FCT-742169,SUP00238,DPT004,PO0000783,2024-08-27,2837.86,EUR,45,2024-10-11,Validated,0,0,0,45,0
INV0006110,FCT-845515,SUP00042,DPT005,PO0000964,2024-07-05,9775.77,DZD,90,2024-10-03,Validated,0,0,0,90,0
INV0006111,FCT-592674,SUP00190,DPT005,,2024-02-24,4783.75,USD,45,2024-04-09,Validated,1,0,0,45,0
INV0006112,FCT-432355,SUP00019,DPT002,,2024-05-13,3118.03,DZD,30,2024-06-12,Validated,1,0,0,30,1
INV0006113,FCT-921284,SUP00001,DPT009,,2024-12-25,28656.61,DZD,45,2025-02-08,Validated,1,0,0,45,0
INV0006114,FCT-346890,SUP00188,DPT002,PO0003916,2024-04-27,39134.01,EUR,45,2024-06-11,Validated,0,0,0,45,0
INV0006115,FCT-544616,SUP00007,DPT003,PO0004374,2024-10-12,9395.98,DZD,30,2024-11-11,Pending Review,0,0,0,30,0
INV0006116,FCT-979328,SUP00313,DPT002,PO0002391,2024-09-11,7081.44,DZD,30,2024-10-11,Validated,0,0,0,30,0
INV0006117,FCT-133178,SUP00026,DPT010,PO0004409,2024-06-05,3364.76,DZD,30,2024-07-05,Validated,0,0,0,30,0
INV0006118,FCT-821000,SUP00005,DPT007,PO0002476,2024-10-04,5877.2,DZD,15,2024-10-19,Validated,0,0,0,15,0
INV0006119,FCT-830877,SUP00230,DPT007,PO0002542,2024-07-23,1501.69,DZD,30,2024-08-22,Validated,0,0,0,30,0
INV0006120,FCT-547390,SUP00014,DPT002,,2024-08-15,18714.39,DZD,45,2024-09-29,Validated,1,0,0,45,0
INV0006121,FCT-947431,SUP00057,DPT004,PO0003073,2024-05-11,5159.52,DZD,30,2024-06-10,Disputed,0,0,0,30,0
INV0006122,FCT-255737,SUP00008,DPT003,PO0002040,2024-12-09,2722.5,DZD,30,2025-01-08,Validated,0,0,0,30,0
INV0006123,FCT-652210,SUP00001,DPT008,PO0003363,2024-04-05,4099.98,DZD,30,2024-05-05,Pending Review,0,0,0,30,0
INV0006124,FCT-884083,SUP00106,DPT001,PO0002986,2024-07-14,13524.41,DZD,45,2024-08-28,Validated,0,0,0,45,0
INV0006125,FCT-444123,SUP00010,DPT001,PO0004428,2024-11-23,4469.51,USD,30,2024-12-23,Validated,0,0,0,30,0
INV0006126,FCT-336222,SUP00024,DPT001,PO0003515,2024-09-16,2427.3,DZD,45,2024-10-31,Validated,0,0,0,45,0
INV0006127,FCT-593906,SUP00062,DPT004,PO0002299,2024-08-01,543.06,EUR,30,2024-08-31,Validated,0,0,0,30,0
INV0006128,FCT-598403,SUP00074,DPT005,PO0001179,2024-01-30,5488.32,DZD,15,2024-02-14,Validated,0,0,0,15,0
INV0006129,FCT-881606,SUP00179,DPT009,PO0004954,2024-05-14,25000.0,DZD,30,2024-06-13,Validated,0,1,0,30,0
INV0006130,FCT-411140,SUP00006,DPT001,PO0002827,2024-06-12,3415.38,DZD,15,2024-06-27,Validated,0,0,0,15,0
INV0006131,FCT-175629,SUP00110,DPT004,PO0000063,2024-11-06,2408.72,DZD,30,2024-12-06,Validated,0,0,0,30,0
INV0006132,FCT-850310,SUP00002,DPT005,PO0000656,2024-11-07,1645.63,DZD,60,2025-01-06,Pending Review,0,0,0,60,0
INV0006133,FCT-150212,SUP00005,DPT001,,2024-06-10,3895.01,DZD,30,2024-07-10,Validated,1,0,0,30,0
INV0006134,FCT-264612,SUP00006,DPT001,PO0000338,2024-05-09,1666.76,DZD,45,2024-06-23,Validated,0,0,0,45,0
INV0006135,FCT-850241,SUP00096,DPT011,PO0002820,2024-03-08,1654.32,EUR,30,2024-04-07,Validated,0,0,0,30,0
INV0006136,FCT-757654,SUP00005,DPT006,PO0003209,2024-06-23,3460.27,EUR,45,2024-08-07,Validated,0,0,0,45,0
INV0006137,FCT-251267,SUP00037,DPT011,PO0002897,2024-02-25,52379.99,DZD,30,2024-03-26,Validated,0,0,0,30,0
INV0006138,FCT-206596,SUP00027,DPT008,PO0004838,2024-03-01,50000.0,DZD,90,2024-05-30,Validated,0,1,0,90,0
INV0006139,FCT-733736,SUP00009,DPT009,PO0004004,2024-12-09,23255.3,DZD,60,2025-02-07,Validated,0,0,0,60,0
INV0006140,FCT-666546,SUP00091,DPT009,,2024-07-15,12593.64,DZD,30,2024-08-14,Pending Review,1,0,0,30,0
INV0006141,FCT-922879,SUP00143,DPT003,PO0002715,2024-05-19,646.49,DZD,30,2024-06-18,Validated,0,0,0,30,0
INV0006142,FCT-538128,SUP00004,DPT001,,2024-06-02,130307.6,DZD,45,2024-07-17,Validated,1,0,1,45,0
INV0006143,FCT-316779,SUP00010,DPT012,PO0002764,2024-05-24,9422.48,USD,30,2024-06-23,Validated,0,0,0,30,0
INV0006144,FCT-145846,SUP00215,DPT001,PO0003081,2024-11-02,1695.37,USD,30,2024-12-02,Validated,0,0,0,30,0
INV0006145,FCT-942443,SUP00014,DPT007,PO0004482,2024-07-15,131830.86,DZD,90,2024-10-13,Validated,0,0,1,90,0
INV0006146,FCT-191550,SUP00008,DPT006,PO0002425,2024-08-23,5360.2,EUR,30,2024-09-22,Disputed,0,0,0,30,0
INV0006147,FCT-828530,SUP00017,DPT009,PO0000842,2024-07-29,15668.31,DZD,45,2024-09-12,Validated,0,0,0,45,0
INV0006148,FCT-661851,SUP00191,DPT002,PO0000179,2024-07-24,4181.06,DZD,30,2024-08-23,Validated,0,0,0,30,0
INV0006149,FCT-716160,SUP00004,DPT002,PO0003725,2024-06-06,11530.62,DZD,30,2024-07-06,Validated,0,0,0,30,0
INV0006150,FCT-654001,SUP00275,DPT002,PO0001706,2024-10-07,13216.6,DZD,30,2024-11-06,Validated,0,0,0,30,0
INV0006151,FCT-580064,SUP00114,DPT010,PO0002581,2024-12-07,16140.58,DZD,30,2025-01-06,Validated,0,0,0,30,0
INV0006152,FCT-703232,SUP00302,DPT005,PO0004479,2024-05-05,26263.53,DZD,30,2024-06-04,Validated,0,0,0,30,0
INV0006153,FCT-300465,SUP00315,DPT001,PO0004680,2024-04-30,7176.38,DZD,45,2024-06-14,Validated,0,0,0,45,0
INV0006154,FCT-956464,SUP00003,DPT009,PO0003084,2024-10-04,7641.19,DZD,30,2024-11-03,Validated,0,0,0,30,0
INV0006155,FCT-624251,SUP00006,DPT001,PO0002308,2024-02-11,5681.31,DZD,90,2024-05-11,Disputed,0,0,0,90,0
INV0006156,FCT-281124,SUP00299,DPT002,PO0001576,2024-06-14,1806.82,EUR,30,2024-07-14,Validated,0,0,0,30,0
INV0006157,FCT-141307,SUP00124,DPT005,PO0003853,2024-12-29,2120.94,DZD,30,2025-01-28,Validated,0,0,0,30,0
INV0006158,FCT-762653,SUP00023,DPT008,,2024-09-11,4211.64,EUR,30,2024-10-11,Validated,1,0,0,30,0
INV0006159,FCT-469928,SUP00125,DPT005,PO0003422,2024-03-21,25631.2,DZD,60,2024-05-20,Validated,0,0,0,60,0
INV0006160,FCT-813098,SUP00033,DPT004,PO0002271,2024-05-29,10315.09,DZD,45,2024-07-13,Validated,0,0,0,45,0
INV0006161,FCT-677914,SUP00015,DPT010,,2024-12-10,15000.0,DZD,30,2025-01-09,Validated,1,1,0,30,0
INV0006162,FCT-952784,SUP00004,DPT010,PO0002992,2024-07-11,4432.68,DZD,45,2024-08-25,Validated,0,0,0,45,0
INV0006163,FCT-899423,SUP00255,DPT009,PO0004350,2024-11-04,1568.64,DZD,15,2024-11-19,Disputed,0,0,0,15,0
INV0006164,FCT-774366,SUP00007,DPT004,PO0001606,2024-10-23,2135.28,DZD,30,2024-11-22,Validated,0,0,0,30,0
INV0006165,FCT-275478,SUP00016,DPT002,PO0003839,2024-10-10,20000.0,DZD,30,2024-11-09,Validated,0,1,0,30,0
INV0006166,FCT-725050,SUP00233,DPT004,PO0002507,2024-08-24,6060.35,EUR,45,2024-10-08,Disputed,0,0,0,45,0
INV0006167,FCT-137611,SUP00242,DPT003,PO0003690,2024-02-18,14691.46,DZD,30,2024-03-19,Validated,0,0,0,30,0
INV0006168,FCT-269420,SUP00134,DPT006,,2024-04-17,4679.98,EUR,30,2024-05-17,Validated,1,0,0,30,0
INV0006169,FCT-103220,SUP00307,DPT002,PO0003205,2024-01-13,11528.25,EUR,45,2024-02-27,Validated,0,0,0,45,0
INV0006170,FCT-898629,SUP00006,DPT010,PO0002161,2024-06-07,15000.0,DZD,30,2024-07-07,Validated,0,1,0,30,0
INV0006171,FCT-834032,SUP00006,DPT002,PO0000102,2024-03-03,2014.49,DZD,90,2024-06-01,Validated,0,0,0,90,0
INV0006172,FCT-411885,SUP00223,DPT006,PO0000099,2024-08-08,8128.47,DZD,45,2024-09-22,Validated,0,0,0,45,0
INV0006173,FCT-425616,SUP00029,DPT002,,2024-05-26,6116.78,DZD,30,2024-06-25,Pending Review,1,0,0,30,0
INV0006174,FCT-381803,SUP00002,DPT007,PO0000345,2024-12-09,14021.5,DZD,30,2025-01-08,Validated,0,0,0,30,0
INV0006175,FCT-204719,SUP00198,DPT011,PO0004334,2024-10-16,23201.56,DZD,30,2024-11-15,Validated,0,0,0,30,0
INV0006176,FCT-372462,SUP00081,DPT011,PO0002460,2024-03-23,24453.13,DZD,60,2024-05-22,Validated,0,0,0,60,0
INV0006177,FCT-823853,SUP00006,DPT003,PO0000205,2024-05-23,37193.34,DZD,60,2024-07-22,Validated,0,0,0,60,0
INV0006178,FCT-198890,SUP00002,DPT002,PO0001759,2024-06-01,48727.0,DZD,30,2024-07-01,Validated,0,0,0,30,0
INV0006179,FCT-189786,SUP00009,DPT005,PO0003134,2024-01-12,3985.18,EUR,15,2024-01-27,Validated,0,0,0,15,0
INV0006180,FCT-311609,SUP00056,DPT009,,2024-09-22,84502.73,DZD,30,2024-10-22,Validated,1,0,0,30,0
INV0006181,FCT-601761,SUP00019,DPT006,PO0000194,2024-01-27,166497.15,USD,45,2024-03-12,Validated,0,0,1,45,0
INV0006182,FCT-912835,SUP00020,DPT002,PO0001177,2024-10-26,1342.42,DZD,45,2024-12-10,Validated,0,0,0,45,0
INV0006183,FCT-682515,SUP00115,DPT007,PO0005022,2024-06-17,3050.18,DZD,30,2024-07-17,Pending Review,0,0,0,30,0
INV0006184,FCT-387215,SUP00024,DPT001,PO0001566,2024-06-14,9083.49,DZD,45,2024-07-29,Disputed,0,0,0,45,0
INV0006185,FCT-911516,SUP00020,DPT003,PO0003719,2024-01-11,7838.94,DZD,30,2024-02-10,Validated,0,0,0,30,0
INV0006186,FCT-539685,SUP00001,DPT009,,2024-08-17,863.06,DZD,45,2024-10-01,Pending Review,1,0,0,45,0
INV0006187,FCT-489918,SUP00010,DPT010,PO0004472,2024-10-02,2014.04,DZD,30,2024-11-01,Pending Review,0,0,0,30,0
INV0006188,FCT-962009,SUP00009,DPT003,PO0002552,2024-05-30,7702.34,DZD,30,2024-06-29,Validated,0,0,0,30,0
INV0006189,FCT-711170,SUP00297,DPT011,PO0005084,2024-03-30,4673.55,DZD,30,2024-04-29,Validated,0,0,0,30,0
INV0006190,FCT-606569,SUP00029,DPT004,PO0002952,2024-12-30,50000.0,DZD,30,2025-01-29,Validated,0,1,0,30,0
INV0006191,FCT-113162,SUP00009,DPT003,PO0001623,2024-06-26,56903.55,DZD,45,2024-08-10,Validated,0,0,0,45,0
INV0006192,FCT-313270,SUP00007,DPT004,PO0003133,2024-08-28,1434.77,DZD,30,2024-09-27,Validated,0,0,0,30,0
INV0006193,FCT-567986,SUP00005,DPT001,PO0005016,2024-10-16,85932.66,DZD,30,2024-11-15,Validated,0,0,0,30,0
INV0006194,FCT-639892,SUP00201,DPT005,PO0002905,2024-08-03,52226.82,DZD,30,2024-09-02,Validated,0,0,0,30,0
INV0006195,FCT-499241,SUP00257,DPT011,,2024-07-20,100000.0,USD,60,2024-09-18,Validated,1,1,1,60,0
INV0006196,FCT-506039,SUP00297,DPT003,PO0002291,2024-09-06,1521.03,DZD,60,2024-11-05,Validated,0,0,0,60,0
INV0006197,FCT-367466,SUP00069,DPT004,,2024-11-18,3772.81,USD,30,2024-12-18,Pending Review,1,0,0,30,0
INV0006198,FCT-104709,SUP00006,DPT007,PO0002567,2024-09-06,2005.33,DZD,30,2024-10-06,Validated,0,0,0,30,0
INV0006199,FCT-927735,SUP00021,DPT009,PO0000387,2024-11-05,11722.73,DZD,30,2024-12-05,Validated,0,0,0,30,0
INV0006200,FCT-206031,SUP00110,DPT002,PO0002346,2024-04-12,12459.42,DZD,45,2024-05-27,Validated,0,0,0,45,0
INV0006201,FCT-693272,SUP00309,DPT003,PO0003458,2024-03-04,7063.91,EUR,90,2024-06-02,Validated,0,0,0,90,0
INV0006202,FCT-691072,SUP00066,DPT009,PO0004978,2024-02-06,9229.0,DZD,45,2024-03-22,Validated,0,0,0,45,0
INV0006203,FCT-608879,SUP00101,DPT011,PO0001791,2024-01-09,5146.38,DZD,30,2024-02-08,Validated,0,0,0,30,0
INV0006204,FCT-716552,SUP00004,DPT004,PO0001784,2024-06-11,9472.43,DZD,45,2024-07-26,Validated,0,0,0,45,0
INV0006205,FCT-218025,SUP00037,DPT011,PO0000126,2024-11-11,54162.39,EUR,30,2024-12-11,Validated,0,0,0,30,0
INV0006206,FCT-428911,SUP00243,DPT004,PO0000774,2024-01-24,385.72,EUR,30,2024-02-23,Validated,0,0,0,30,0
INV0006207,FCT-712632,SUP00007,DPT002,PO0001502,2024-08-27,6127.81,DZD,45,2024-10-11,Disputed,0,0,0,45,0
INV0006208,FCT-622521,SUP00002,DPT002,PO0003969,2024-10-19,10244.32,DZD,30,2024-11-18,Validated,0,0,0,30,0
INV0006209,FCT-511562,SUP00009,DPT001,PO0000871,2024-12-01,5358.48,USD,90,2025-03-01,Pending Review,0,0,0,90,0
INV0006210,FCT-318035,SUP00008,DPT006,PO0003938,2024-10-22,8602.28,DZD,60,2024-12-21,Validated,0,0,0,60,0
INV0006211,FCT-730431,SUP00224,DPT001,PO0003677,2024-01-31,23826.84,DZD,45,2024-03-16,Validated,0,0,0,45,0
INV0006212,FCT-113485,SUP00021,DPT003,PO0003595,2024-02-25,3315.42,USD,60,2024-04-25,Validated,0,0,0,60,0
INV0006213,FCT-762717,SUP00318,DPT003,,2024-12-26,76138.55,DZD,30,2025-01-25,Validated,1,0,0,30,0
INV0006214,FCT-828901,SUP00050,DPT002,,2024-02-04,1088.37,DZD,30,2024-03-05,Validated,1,0,0,30,0
INV0006215,FCT-841163,SUP00001,DPT005,PO0004426,2024-12-25,12253.94,DZD,45,2025-02-08,Validated,0,0,0,45,0
INV0006216,FCT-582413,SUP00292,DPT008,PO0002625,2024-12-10,5910.09,DZD,30,2025-01-09,Validated,0,0,0,30,0
INV0006217,FCT-500748,SUP00241,DPT010,PO0004827,2024-04-07,8094.05,DZD,30,2024-05-07,Validated,0,0,0,30,0
INV0006218,FCT-259889,SUP00008,DPT006,PO0002425,2024-10-21,14409.04,DZD,30,2024-11-20,Validated,0,0,0,30,0
INV0006219,FCT-889152,SUP00040,DPT004,PO0002995,2024-01-22,2948.71,DZD,45,2024-03-07,Validated,0,0,0,45,0
INV0006220,FCT-746651,SUP00204,DPT002,PO0002222,2024-02-16,21325.91,DZD,45,2024-04-01,Pending Review,0,0,0,45,0
INV0006221,FCT-428849,SUP00005,DPT009,,2024-05-15,58180.01,DZD,30,2024-06-14,Validated,1,0,0,30,0
INV0006222,FCT-429812,SUP00297,DPT004,PO0001775,2024-03-24,4300.72,DZD,30,2024-04-23,Validated,0,0,0,30,0
INV0006223,FCT-697004,SUP00010,DPT003,PO0003560,2024-06-07,3309.69,DZD,15,2024-06-22,Validated,0,0,0,15,0
INV0006224,FCT-287100,SUP00171,DPT007,PO0002709,2024-04-08,25723.46,EUR,60,2024-06-07,Validated,0,0,0,60,0
INV0006225,FCT-422485,SUP00311,DPT002,PO0003579,2024-04-08,18578.6,DZD,30,2024-05-08,Pending Review,0,0,0,30,0
INV0006226,FCT-650502,SUP00009,DPT005,PO0001564,2024-05-09,991.8,USD,30,2024-06-08,Validated,0,0,0,30,0
INV0006227,FCT-903261,SUP00274,DPT003,PO0003569,2024-01-20,11333.45,DZD,60,2024-03-20,Pending Review,0,0,0,60,0
INV0006228,FCT-903882,SUP00009,DPT005,PO0002268,2024-09-09,14642.94,EUR,45,2024-10-24,Validated,0,0,0,45,0
INV0006229,FCT-481605,SUP00015,DPT004,,2024-11-12,5636.43,DZD,30,2024-12-12,Validated,1,0,0,30,0
INV0006230,FCT-584818,SUP00022,DPT007,PO0000859,2024-05-26,33712.71,USD,30,2024-06-25,Validated,0,0,0,30,0
INV0006231,FCT-288977,SUP00009,DPT004,PO0005116,2024-03-18,100000.0,DZD,30,2024-04-17,Disputed,0,1,1,30,0
INV0006232,FCT-251180,SUP00007,DPT003,PO0000392,2024-11-25,506.35,DZD,45,2025-01-09,Validated,0,0,0,45,0
INV0006233,FCT-985411,SUP00068,DPT004,PO0004587,2024-11-14,20427.57,DZD,45,2024-12-29,Validated,0,0,0,45,0
INV0006234,FCT-129801,SUP00025,DPT004,,2024-06-17,2356.86,DZD,30,2024-07-17,Validated,1,0,0,30,0
INV0006235,FCT-370909,SUP00216,DPT002,PO0004205,2024-04-04,5768.37,DZD,90,2024-07-03,Pending Review,0,0,0,90,0
INV0006236,FCT-664989,SUP00010,DPT003,PO0001723,2024-09-30,1631.17,DZD,60,2024-11-29,Validated,0,0,0,60,0
INV0006237,FCT-917925,SUP00004,DPT010,PO0002691,2024-11-06,15996.97,DZD,60,2025-01-05,Validated,0,0,0,60,0
INV0006238,FCT-773771,SUP00231,DPT005,PO0000171,2024-01-12,8883.17,DZD,45,2024-02-26,Validated,0,0,0,45,0
INV0006239,FCT-855363,SUP00004,DPT003,PO0003558,2024-04-13,5153.78,DZD,30,2024-05-13,Validated,0,0,0,30,0
INV0006240,FCT-121503,SUP00269,DPT008,PO0001100,2024-11-10,1451.19,USD,45,2024-12-25,Pending Review,0,0,0,45,0
INV0006241,FCT-583837,SUP00247,DPT010,PO0004276,2024-02-06,4992.66,DZD,30,2024-03-07,Validated,0,0,0,30,0
INV0006242,FCT-446895,SUP00016,DPT004,,2024-03-31,8810.93,DZD,30,2024-04-30,Validated,1,0,0,30,0
INV0006243,FCT-356198,SUP00005,DPT009,,2024-10-27,5000.0,DZD,30,2024-11-26,Validated,1,1,0,30,0
INV0006244,FCT-605037,SUP00013,DPT002,PO0003795,2024-10-24,3387.08,DZD,30,2024-11-23,Validated,0,0,0,30,0
INV0006245,FCT-162492,SUP00002,DPT006,PO0003641,2024-04-11,6075.0,DZD,15,2024-04-26,Validated,0,0,0,15,0
INV0006246,FCT-360945,SUP00004,DPT003,,2024-11-13,13027.98,DZD,45,2024-12-28,Validated,1,0,0,45,0
INV0006247,FCT-327857,SUP00039,DPT001,PO0000280,2024-04-22,9774.52,DZD,30,2024-05-22,Validated,0,0,0,30,0
INV0006248,FCT-411236,SUP00005,DPT012,PO0002076,2024-03-16,23213.51,DZD,15,2024-03-31,Validated,0,0,0,15,0
INV0006249,FCT-898552,SUP00003,DPT001,PO0002140,2024-05-28,5414.45,EUR,30,2024-06-27,Validated,0,0,0,30,0
INV0006250,FCT-665601,SUP00002,DPT005,,2024-08-05,19242.0,EUR,90,2024-11-03,Validated,1,0,0,90,0
INV0006251,FCT-355060,SUP00016,DPT001,PO0004582,2024-08-09,1570.64,DZD,45,2024-09-23,Validated,0,0,0,45,0
INV0006252,FCT-873634,SUP00013,DPT012,PO0002116,2024-04-05,9489.83,DZD,30,2024-05-05,Validated,0,0,0,30,0
INV0006253,FCT-309951,SUP00157,DPT008,PO0001578,2024-08-20,8926.46,EUR,30,2024-09-19,Validated,0,0,0,30,0
INV0006254,FCT-960299,SUP00129,DPT002,,2024-01-07,90328.76,DZD,45,2024-02-21,Validated,1,0,0,45,0
INV0006255,FCT-151304,SUP00012,DPT010,PO0003110,2024-01-28,2777.55,EUR,30,2024-02-27,Validated,0,0,0,30,0
INV0006256,FCT-911235,SUP00009,DPT007,PO0005107,2024-03-31,1508.42,DZD,30,2024-04-30,Validated,0,0,0,30,0
INV0006257,FCT-565743,SUP00053,DPT009,PO0002413,2024-12-13,2475.47,EUR,45,2025-01-27,Validated,0,0,0,45,0
INV0006258,FCT-314983,SUP00082,DPT001,PO0003451,2024-09-13,2901.72,DZD,45,2024-10-28,Validated,0,0,0,45,0
INV0006259,FCT-590332,SUP00001,DPT004,PO0000634,2024-01-19,9618.02,DZD,30,2024-02-18,Validated,0,0,0,30,0
INV0006260,FCT-813549,SUP00003,DPT005,PO0002285,2024-01-26,1408.63,DZD,45,2024-03-11,Validated,0,0,0,45,0
INV0006261,FCT-719043,SUP00010,DPT003,PO0000214,2024-11-01,8930.79,DZD,60,2024-12-31,Validated,0,0,0,60,0
INV0006262,FCT-988461,SUP00069,DPT002,PO0000833,2024-07-03,6244.01,DZD,45,2024-08-17,Validated,0,0,0,45,0
INV0006263,FCT-880468,SUP00172,DPT009,PO0001720,2024-09-18,17182.05,DZD,45,2024-11-02,Validated,0,0,0,45,0
INV0006264,FCT-339985,SUP00280,DPT003,PO0003959,2024-04-23,12236.05,DZD,15,2024-05-08,Validated,0,0,0,15,0
INV0006265,FCT-194518,SUP00134,DPT010,PO0003056,2024-04-15,15560.44,DZD,30,2024-05-15,Disputed,0,0,0,30,0
INV0006266,FCT-726764,SUP00236,DPT001,PO0002247,2024-02-27,10559.95,DZD,60,2024-04-27,Validated,0,0,0,60,0
INV0006267,FCT-435482,SUP00133,DPT011,,2024-07-28,22993.56,DZD,45,2024-09-11,Validated,1,0,0,45,0
INV0006268,FCT-608501,SUP00147,DPT003,,2024-07-19,1081.2,DZD,30,2024-08-18,Validated,1,0,0,30,0
INV0006269,FCT-653693,SUP00222,DPT009,PO0004755,2024-12-06,1125.6,DZD,90,2025-03-06,Validated,0,0,0,90,0
INV0006270,FCT-179313,SUP00257,DPT007,PO0001234,2024-08-31,5862.5,EUR,30,2024-09-30,Validated,0,0,0,30,0
INV0006271,FCT-272042,SUP00023,DPT008,PO0003531,2024-12-06,6614.13,EUR,45,2025-01-20,Validated,0,0,0,45,0
INV0006272,FCT-859605,SUP00002,DPT001,PO0000825,2024-09-26,1848.94,DZD,30,2024-10-26,Validated,0,0,0,30,0
INV0006273,FCT-343876,SUP00019,DPT002,PO0004551,2024-02-17,11432.85,EUR,30,2024-03-18,Validated,0,0,0,30,0
INV0006274,FCT-440673,SUP00127,DPT004,PO0001850,2024-07-06,1339.4,DZD,90,2024-10-04,Validated,0,0,0,90,0
INV0006275,FCT-815693,SUP00063,DPT003,,2024-12-20,4410.59,DZD,30,2025-01-19,Validated,1,0,0,30,0
INV0006276,FCT-306222,SUP00001,DPT011,PO0001223,2024-09-18,5880.11,DZD,45,2024-11-02,Validated,0,0,0,45,0
INV0006277,FCT-130917,SUP00007,DPT002,PO0002451,2024-02-12,11589.95,DZD,45,2024-03-28,Validated,0,0,0,45,0
INV0006278,FCT-541575,SUP00012,DPT003,PO0001053,2024-03-13,3362.15,DZD,30,2024-04-12,Validated,0,0,0,30,0
INV0006279,FCT-904061,SUP00010,DPT012,PO0004029,2024-01-29,24292.29,DZD,45,2024-03-14,Validated,0,0,0,45,0
INV0006280,FCT-581979,SUP00134,DPT003,PO0003294,2024-09-09,41449.12,DZD,15,2024-09-24,Validated,0,0,0,15,0
INV0006281,FCT-806044,SUP00100,DPT007,PO0004008,2024-06-08,35196.01,DZD,30,2024-07-08,Validated,0,0,0,30,0
INV0006282,FCT-596118,SUP00066,DPT008,PO0000301,2024-06-05,48002.41,DZD,30,2024-07-05,Validated,0,0,0,30,0
INV0006283,FCT-392181,SUP00024,DPT001,PO0001566,2024-12-22,20455.83,EUR,60,2025-02-20,Validated,0,0,0,60,0
INV0006284,FCT-883229,SUP00024,DPT008,,2024-12-09,25000.0,USD,60,2025-02-07,Validated,1,1,0,60,0
INV0006285,FCT-412231,SUP00070,DPT012,PO0004944,2024-02-04,2536.16,DZD,45,2024-03-20,Validated,0,0,0,45,0
INV0006286,FCT-327370,SUP00005,DPT012,PO0003353,2024-11-08,3137.75,DZD,30,2024-12-08,Validated,0,0,0,30,0
INV0006287,FCT-319038,SUP00022,DPT008,,2024-12-07,17874.05,USD,30,2025-01-06,Validated,1,0,0,30,0
INV0006288,FCT-326753,SUP00003,DPT010,PO0004316,2024-01-01,774.29,DZD,45,2024-02-15,Validated,0,0,0,45,0
INV0006289,FCT-106650,SUP00010,DPT005,PO0001236,2024-11-29,27504.51,EUR,30,2024-12-29,Disputed,0,0,0,30,0
INV0006290,FCT-882625,SUP00148,DPT010,,2024-10-04,2989.5,DZD,45,2024-11-18,Validated,1,0,0,45,1
INV0006291,FCT-735948,SUP00002,DPT006,PO0003770,2024-04-13,3247.97,DZD,60,2024-06-12,Validated,0,0,0,60,0
INV0006292,FCT-161288,SUP00109,DPT005,PO0000957,2024-08-07,14650.98,DZD,45,2024-09-21,Validated,0,0,0,45,0
INV0006293,FCT-816083,SUP00171,DPT007,PO0002709,2024-01-16,8287.39,DZD,45,2024-03-01,Validated,0,0,0,45,0
INV0006294,FCT-812417,SUP00016,DPT001,PO0000879,2024-09-17,3705.39,EUR,30,2024-10-17,Validated,0,0,0,30,0
INV0006295,FCT-265027,SUP00085,DPT004,,2024-05-05,2106.41,DZD,30,2024-06-04,Validated,1,0,0,30,0
INV0006296,FCT-345708,SUP00001,DPT005,PO0004399,2024-04-04,1067.97,DZD,30,2024-05-04,Validated,0,0,0,30,0
INV0006297,FCT-458603,SUP00025,DPT006,PO0002717,2024-10-16,498.87,DZD,30,2024-11-15,Disputed,0,0,0,30,0
INV0006298,FCT-657317,SUP00086,DPT011,PO0001533,2024-10-18,32293.86,DZD,60,2024-12-17,Validated,0,0,0,60,0
INV0006299,FCT-508924,SUP00078,DPT009,PO0003015,2024-05-09,4679.52,DZD,45,2024-06-23,Disputed,0,0,0,45,0
INV0006300,FCT-331827,SUP00009,DPT001,PO0001554,2024-02-21,2160.12,DZD,30,2024-03-22,Validated,0,0,0,30,0
INV0006301,FCT-180415,SUP00021,DPT008,PO0003480,2024-09-27,14246.23,DZD,45,2024-11-11,Validated,0,0,0,45,0
INV0006302,FCT-947512,SUP00008,DPT012,PO0002353,2024-11-24,2449.97,DZD,30,2024-12-24,Validated,0,0,0,30,0
INV0006303,FCT-360975,SUP00278,DPT010,PO0003933,2024-11-15,2505.7,DZD,30,2024-12-15,Validated,0,0,0,30,0
INV0006304,FCT-808447,SUP00003,DPT001,PO0001939,2024-06-07,23579.53,DZD,30,2024-07-07,Validated,0,0,0,30,0
INV0006305,FCT-360582,SUP00101,DPT011,PO0002814,2024-07-08,100000.0,DZD,30,2024-08-07,Pending Review,0,1,1,30,0
INV0006306,FCT-974595,SUP00004,DPT010,PO0002691,2024-02-08,7410.32,DZD,90,2024-05-08,Validated,0,0,0,90,0
INV0006307,FCT-871249,SUP00030,DPT005,,2024-04-29,3173.66,USD,30,2024-05-29,Validated,1,0,0,30,0
INV0006308,FCT-300668,SUP00003,DPT002,,2024-09-12,7852.82,DZD,45,2024-10-27,Validated,1,0,0,45,0
INV0006309,FCT-195582,SUP00022,DPT003,PO0002455,2024-10-06,11702.52,DZD,45,2024-11-20,Validated,0,0,0,45,0
INV0006310,FCT-763838,SUP00073,DPT006,,2024-05-21,8076.93,DZD,15,2024-06-05,Disputed,1,0,0,15,0
INV0006311,FCT-312924,SUP00003,DPT007,PO0001712,2024-12-02,24259.43,DZD,30,2025-01-01,Validated,0,0,0,30,0
INV0006312,FCT-636169,SUP00155,DPT006,PO0004245,2024-04-02,1897.86,DZD,30,2024-05-02,Validated,0,0,0,30,0
INV0006313,FCT-508772,SUP00165,DPT010,PO0004972,2024-09-13,100000.0,DZD,30,2024-10-13,Validated,0,1,1,30,0
INV0006314,FCT-541725,SUP00001,DPT001,PO0003005,2024-09-01,11389.8,DZD,30,2024-10-01,Validated,0,0,0,30,0
INV0006315,FCT-224734,SUP00024,DPT012,PO0001570,2024-08-05,3107.04,DZD,45,2024-09-19,Validated,0,0,0,45,0
INV0006316,FCT-176115,SUP00002,DPT004,PO0002328,2024-05-01,17957.45,DZD,90,2024-07-30,Validated,0,0,0,90,0
INV0006317,FCT-282129,SUP00006,DPT002,PO0001385,2024-09-16,28118.18,DZD,45,2024-10-31,Validated,0,0,0,45,0
INV0006318,FCT-622359,SUP00021,DPT008,PO0003011,2024-03-20,6426.78,EUR,30,2024-04-19,Validated,0,0,0,30,0
INV0006319,FCT-959322,SUP00010,DPT009,PO0003654,2024-10-29,9323.0,DZD,15,2024-11-13,Validated,0,0,0,15,0
INV0006320,FCT-335282,SUP00010,DPT004,PO0000025,2024-08-08,4721.81,DZD,30,2024-09-07,Validated,0,0,0,30,0
INV0006321,FCT-881613,SUP00005,DPT006,PO0000494,2024-05-29,4287.43,EUR,30,2024-06-28,Validated,0,0,0,30,0
INV0006322,FCT-619947,SUP00004,DPT011,PO0003742,2024-05-07,26260.78,EUR,90,2024-08-05,Disputed,0,0,0,90,0
INV0006323,FCT-215016,SUP00298,DPT011,PO0004045,2024-02-15,2294.81,DZD,90,2024-05-15,Pending Review,0,0,0,90,0
INV0006324,FCT-658399,SUP00225,DPT001,PO0004529,2024-01-20,15533.57,DZD,30,2024-02-19,Validated,0,0,0,30,0
INV0006325,FCT-344728,SUP00027,DPT005,PO0005002,2024-04-24,3405.64,EUR,30,2024-05-24,Validated,0,0,0,30,0
INV0006326,FCT-558217,SUP00005,DPT003,PO0003745,2024-03-23,2270.24,USD,30,2024-04-22,Validated,0,0,0,30,0
INV0006327,FCT-883123,SUP00292,DPT002,PO0002103,2024-09-07,19133.38,DZD,45,2024-10-22,Validated,0,0,0,45,0
INV0006328,FCT-858557,SUP00019,DPT006,PO0002091,2024-06-13,13371.28,DZD,90,2024-09-11,Validated,0,0,0,90,0
INV0006329,FCT-415890,SUP00018,DPT005,,2024-02-26,2831.85,DZD,45,2024-04-11,Validated,1,0,0,45,0
INV0006330,FCT-355025,SUP00180,DPT004,PO0001705,2024-07-28,4946.67,DZD,30,2024-08-27,Validated,0,0,0,30,0
INV0006331,FCT-497586,SUP00005,DPT004,PO0002482,2024-08-19,5202.05,DZD,30,2024-09-18,Validated,0,0,0,30,0
INV0006332,FCT-650271,SUP00028,DPT004,PO0003755,2024-06-26,7866.43,DZD,30,2024-07-26,Validated,0,0,0,30,0
INV0006333,FCT-264266,SUP00001,DPT001,,2024-08-26,3419.18,DZD,45,2024-10-10,Validated,1,0,0,45,0
INV0006334,FCT-906676,SUP00088,DPT005,PO0000609,2024-12-01,44224.76,DZD,30,2024-12-31,Validated,0,0,0,30,0
INV0006335,FCT-592232,SUP00021,DPT001,,2024-08-06,1677.44,DZD,60,2024-10-05,Validated,1,0,0,60,0
INV0006336,FCT-306234,SUP00137,DPT003,PO0001205,2024-05-04,1050.05,DZD,60,2024-07-03,Validated,0,0,0,60,0
INV0006337,FCT-230666,SUP00004,DPT003,PO0004647,2024-08-16,5246.77,DZD,45,2024-09-30,Validated,0,0,0,45,0
INV0006338,FCT-657072,SUP00023,DPT003,PO0001362,2024-11-12,610.57,DZD,30,2024-12-12,Validated,0,0,0,30,0
INV0006339,FCT-571375,SUP00002,DPT005,,2024-08-22,2457.03,DZD,90,2024-11-20,Validated,1,0,0,90,0
INV0006340,FCT-308697,SUP00171,DPT006,PO0004960,2024-06-23,2899.16,DZD,15,2024-07-08,Pending Review,0,0,0,15,0
INV0006341,FCT-926861,SUP00240,DPT009,PO0005093,2024-02-12,6108.52,DZD,30,2024-03-13,Pending Review,0,0,0,30,0
INV0006342,FCT-636555,SUP00132,DPT011,PO0004249,2024-09-05,4784.07,DZD,45,2024-10-20,Validated,0,0,0,45,0
INV0006343,FCT-529489,SUP00011,DPT003,PO0002401,2024-10-12,7874.7,EUR,30,2024-11-11,Validated,0,0,0,30,0
INV0006344,FCT-360215,SUP00008,DPT005,PO0000395,2024-07-16,2447.76,DZD,30,2024-08-15,Validated,0,0,0,30,0
INV0006345,FCT-839197,SUP00003,DPT001,PO0001442,2024-08-18,3884.72,DZD,45,2024-10-02,Validated,0,0,0,45,0
INV0006346,FCT-882457,SUP00018,DPT006,PO0003686,2024-02-09,11679.06,DZD,15,2024-02-24,Validated,0,0,0,15,0
INV0006347,FCT-616693,SUP00027,DPT001,PO0001178,2024-12-18,441.51,EUR,45,2025-02-01,Validated,0,0,0,45,0
INV0006348,FCT-951745,SUP00208,DPT003,,2024-06-03,9738.39,DZD,45,2024-07-18,Validated,1,0,0,45,0
INV0006349,FCT-430509,SUP00144,DPT002,,2024-11-18,509.62,DZD,30,2024-12-18,Validated,1,0,0,30,0
INV0006350,FCT-152121,SUP00106,DPT001,PO0001841,2024-09-03,6076.53,DZD,60,2024-11-02,Validated,0,0,0,60,0
INV0006351,FCT-947886,SUP00186,DPT012,,2024-09-19,10915.15,DZD,45,2024-11-03,Validated,1,0,0,45,0
INV0006352,FCT-726884,SUP00107,DPT004,PO0003818,2024-04-10,8551.62,EUR,30,2024-05-10,Validated,0,0,0,30,0
INV0006353,FCT-997170,SUP00006,DPT004,PO0003164,2024-04-05,2941.66,DZD,45,2024-05-20,Validated,0,0,0,45,0
INV0006354,FCT-766497,SUP00009,DPT009,PO0003816,2024-04-30,8066.36,DZD,30,2024-05-30,Validated,0,0,0,30,0
INV0006355,FCT-392738,SUP00125,DPT004,PO0003798,2024-04-08,2031.11,DZD,90,2024-07-07,Validated,0,0,0,90,0
INV0006356,FCT-719003,SUP00232,DPT001,,2024-09-12,29417.05,DZD,15,2024-09-27,Validated,1,0,0,15,0
INV0006357,FCT-989890,SUP00228,DPT004,PO0000778,2024-02-25,15614.76,DZD,30,2024-03-26,Validated,0,0,0,30,0
INV0006358,FCT-500818,SUP00209,DPT001,PO0002406,2024-09-24,2015.51,DZD,30,2024-10-24,Validated,0,0,0,30,0
INV0006359,FCT-985692,SUP00040,DPT003,PO0001264,2024-02-23,29243.04,DZD,15,2024-03-09,Validated,0,0,0,15,0
INV0006360,FCT-429589,SUP00008,DPT002,,2024-07-14,7508.61,USD,30,2024-08-13,Validated,1,0,0,30,0
INV0006361,FCT-386924,SUP00008,DPT006,,2024-04-16,1637.44,DZD,30,2024-05-16,Validated,1,0,0,30,0
INV0006362,FCT-446711,SUP00019,DPT001,PO0001070,2024-09-25,22987.76,EUR,30,2024-10-25,Validated,0,0,0,30,0
INV0006363,FCT-510162,SUP00028,DPT006,PO0000599,2024-04-14,39739.41,USD,30,2024-05-14,Validated,0,0,0,30,0
INV0006364,FCT-940348,SUP00013,DPT010,PO0000502,2024-11-03,4473.34,DZD,30,2024-12-03,Pending Review,0,0,0,30,0
INV0006365,FCT-136803,SUP00001,DPT006,PO0003607,2024-11-15,9144.26,DZD,60,2025-01-14,Validated,0,0,0,60,0
INV0006366,FCT-236674,SUP00149,DPT004,,2024-07-04,5913.02,DZD,30,2024-08-03,Pending Review,1,0,0,30,0
INV0006367,FCT-114442,SUP00009,DPT007,PO0002261,2024-01-09,11687.5,DZD,60,2024-03-09,Validated,0,0,0,60,0
INV0006368,FCT-604138,SUP00010,DPT005,,2024-09-10,14973.67,DZD,15,2024-09-25,Pending Review,1,0,0,15,0
INV0006369,FCT-242360,SUP00234,DPT001,PO0004203,2024-09-06,18656.83,DZD,45,2024-10-21,Validated,0,0,0,45,0
INV0006370,FCT-972612,SUP00230,DPT002,PO0004714,2024-01-05,716.9,DZD,60,2024-03-05,Pending Review,0,0,0,60,0
INV0006371,FCT-341579,SUP00269,DPT001,PO0002948,2024-07-24,3307.83,DZD,45,2024-09-07,Validated,0,0,0,45,0
INV0006372,FCT-441244,SUP00281,DPT002,PO0003589,2024-01-11,18217.4,DZD,30,2024-02-10,Pending Review,0,0,0,30,0
INV0006373,FCT-902556,SUP00129,DPT011,PO0000589,2024-03-31,2689.47,DZD,30,2024-04-30,Validated,0,0,0,30,0
INV0006374,FCT-696741,SUP00168,DPT009,PO0001526,2024-08-07,8948.76,DZD,30,2024-09-06,Validated,0,0,0,30,0
INV0006375,FCT-394640,SUP00253,DPT004,PO0000510,2024-06-18,2092.54,DZD,30,2024-07-18,Validated,0,0,0,30,0
INV0006376,FCT-944593,SUP00110,DPT001,,2024-08-20,13089.72,DZD,30,2024-09-19,Validated,1,0,0,30,0
INV0006377,FCT-745329,SUP00001,DPT008,PO0001085,2024-05-31,6267.3,DZD,30,2024-06-30,Disputed,0,0,0,30,0
INV0006378,FCT-121589,SUP00203,DPT011,PO0003450,2024-04-17,12023.15,DZD,30,2024-05-17,Validated,0,0,0,30,0
INV0006379,FCT-952049,SUP00040,DPT004,PO0004333,2024-01-26,9454.21,DZD,90,2024-04-25,Pending Review,0,0,0,90,0
INV0006380,FCT-123753,SUP00027,DPT003,PO0003920,2024-08-13,50000.0,DZD,30,2024-09-12,Validated,0,1,0,30,0
INV0006381,FCT-573671,SUP00092,DPT001,PO0003806,2024-02-07,66780.13,DZD,30,2024-03-08,Validated,0,0,0,30,0
INV0006382,FCT-193720,SUP00128,DPT002,PO0004369,2024-02-12,1334.04,EUR,30,2024-03-13,Validated,0,0,0,30,0
INV0006383,FCT-855437,SUP00004,DPT002,,2024-10-07,104630.51,DZD,45,2024-11-21,Validated,1,0,1,45,0
INV0006384,FCT-840283,SUP00023,DPT005,,2024-10-28,500.54,DZD,30,2024-11-27,Validated,1,0,0,30,0
INV0006385,FCT-474120,SUP00085,DPT004,PO0004899,2024-05-08,6491.79,DZD,30,2024-06-07,Validated,0,0,0,30,0
INV0006386,FCT-398654,SUP00069,DPT004,PO0003956,2024-12-23,1189.5,DZD,45,2025-02-06,Validated,0,0,0,45,0
INV0006387,FCT-329688,SUP00222,DPT009,PO0004405,2024-07-27,38488.44,DZD,15,2024-08-11,Validated,0,0,0,15,0
INV0006388,FCT-934984,SUP00217,DPT011,PO0005188,2024-07-18,1869.48,DZD,60,2024-09-16,Validated,0,0,0,60,0
INV0006389,FCT-795153,SUP00025,DPT010,PO0004769,2024-12-23,1704.04,DZD,30,2025-01-22,Validated,0,0,0,30,0
INV0006390,FCT-199561,SUP00013,DPT009,PO0001660,2024-08-12,6243.41,DZD,30,2024-09-11,Validated,0,0,0,30,0
INV0006391,FCT-679111,SUP00101,DPT001,,2024-07-07,31094.55,DZD,45,2024-08-21,Validated,1,0,0,45,0
INV0006392,FCT-940153,SUP00088,DPT006,PO0000222,2024-02-15,24780.75,DZD,30,2024-03-16,Validated,0,0,0,30,0
INV0006393,FCT-695077,SUP00002,DPT011,PO0003642,2024-07-11,4646.52,DZD,15,2024-07-26,Validated,0,0,0,15,0
INV0006394,FCT-396815,SUP00234,DPT004,,2024-04-29,4152.49,DZD,90,2024-07-28,Pending Review,1,0,0,90,0
INV0006395,FCT-397031,SUP00010,DPT002,PO0003849,2024-02-07,10935.53,DZD,30,2024-03-08,Validated,0,0,0,30,0
INV0006396,FCT-889726,SUP00311,DPT005,PO0000206,2024-07-13,5613.75,DZD,30,2024-08-12,Validated,0,0,0,30,0
INV0006397,FCT-546765,SUP00054,DPT005,PO0004109,2024-01-17,6586.22,EUR,45,2024-03-02,Validated,0,0,0,45,0
INV0006398,FCT-355325,SUP00139,DPT011,PO0000932,2024-12-04,5100.15,DZD,30,2025-01-03,Validated,0,0,0,30,0
INV0006399,FCT-450908,SUP00007,DPT011,PO0002113,2024-12-02,12112.9,EUR,15,2024-12-17,Validated,0,0,0,15,0
INV0006400,FCT-339288,SUP00006,DPT004,PO0000617,2024-09-21,10082.28,DZD,30,2024-10-21,Validated,0,0,0,30,0
INV0006401,FCT-913141,SUP00052,DPT005,PO0002330,2024-11-12,34531.71,DZD,30,2024-12-12,Disputed,0,0,0,30,0
INV0006402,FCT-163244,SUP00009,DPT011,PO0001537,2024-10-28,25000.0,DZD,30,2024-11-27,Validated,0,1,0,30,0
INV0006403,FCT-938345,SUP00002,DPT001,PO0002858,2024-10-22,2855.53,DZD,30,2024-11-21,Disputed,0,0,0,30,0
INV0006404,FCT-591334,SUP00026,DPT003,PO0002374,2024-02-15,5395.94,DZD,45,2024-03-31,Pending Review,0,0,0,45,0
INV0006405,FCT-201836,SUP00007,DPT012,PO0003892,2024-12-28,4757.33,EUR,45,2025-02-11,Validated,0,0,0,45,0
INV0006406,FCT-615675,SUP00002,DPT002,,2024-03-26,16192.36,DZD,90,2024-06-24,Validated,1,0,0,90,0
INV0006407,FCT-737556,SUP00006,DPT001,PO0001625,2024-02-05,1784.46,EUR,30,2024-03-06,Validated,0,0,0,30,0
INV0006408,FCT-856600,SUP00161,DPT010,PO0000144,2024-11-16,25863.0,USD,15,2024-12-01,Pending Review,0,0,0,15,0
INV0006409,FCT-336289,SUP00006,DPT002,PO0003465,2024-10-06,4328.04,DZD,30,2024-11-05,Validated,0,0,0,30,0
INV0006410,FCT-630632,SUP00009,DPT003,PO0001725,2024-08-06,23353.73,USD,30,2024-09-05,Validated,0,0,0,30,0
INV0006411,FCT-743519,SUP00019,DPT012,PO0000234,2024-02-10,110298.6,DZD,15,2024-02-25,Validated,0,0,1,15,0
INV0006412,FCT-812503,SUP00017,DPT011,PO0000058,2024-04-26,19544.79,DZD,30,2024-05-26,Validated,0,0,0,30,0
INV0006413,FCT-330137,SUP00007,DPT004,PO0004642,2024-08-19,12315.26,DZD,45,2024-10-03,Validated,0,0,0,45,0
INV0006414,FCT-178444,SUP00002,DPT005,PO0001638,2024-09-13,21655.61,DZD,30,2024-10-13,Validated,0,0,0,30,0
INV0006415,FCT-500528,SUP00072,DPT004,,2024-09-19,4279.42,DZD,60,2024-11-18,Pending Review,1,0,0,60,0
INV0006416,FCT-347684,SUP00008,DPT008,PO0004543,2024-04-01,8122.95,DZD,30,2024-05-01,Validated,0,0,0,30,0
INV0006417,FCT-469046,SUP00001,DPT001,PO0004546,2024-09-10,2770.91,DZD,45,2024-10-25,Validated,0,0,0,45,0
INV0006418,FCT-836005,SUP00024,DPT008,PO0005001,2024-02-10,2981.06,EUR,30,2024-03-11,Validated,0,0,0,30,0
INV0006419,FCT-835010,SUP00020,DPT001,PO0000160,2024-04-06,8558.31,USD,45,2024-05-21,Validated,0,0,0,45,0
INV0006420,FCT-301309,SUP00093,DPT011,,2024-01-07,6701.39,DZD,30,2024-02-06,Validated,1,0,0,30,0
INV0006421,FCT-416906,SUP00004,DPT001,PO0000962,2024-11-18,9858.76,DZD,60,2025-01-17,Disputed,0,0,0,60,0
INV0006422,FCT-309726,SUP00023,DPT009,PO0004609,2024-05-14,7004.79,DZD,45,2024-06-28,Validated,0,0,0,45,0
INV0006423,FCT-922018,SUP00045,DPT004,PO0005076,2024-07-25,4338.48,DZD,30,2024-08-24,Validated,0,0,0,30,0
INV0006424,FCT-924832,SUP00196,DPT006,,2024-01-04,17366.3,DZD,60,2024-03-04,Validated,1,0,0,60,0
INV0006425,FCT-193536,SUP00191,DPT004,PO0001588,2024-11-29,2950.93,DZD,45,2025-01-13,Validated,0,0,0,45,0
INV0006426,FCT-614410,SUP00017,DPT008,PO0002489,2024-05-25,8012.6,DZD,45,2024-07-09,Validated,0,0,0,45,0
INV0006427,FCT-311323,SUP00006,DPT004,PO0003508,2024-06-11,22466.86,DZD,45,2024-07-26,Validated,0,0,0,45,0
INV0006428,FCT-929208,SUP00031,DPT001,PO0004729,2024-05-10,13573.63,DZD,45,2024-06-24,Validated,0,0,0,45,0
INV0006429,FCT-312604,SUP00027,DPT008,PO0002658,2024-05-05,5806.55,DZD,60,2024-07-04,Pending Review,0,0,0,60,0
INV0006430,FCT-370880,SUP00066,DPT006,PO0001414,2024-04-22,760.92,DZD,45,2024-06-06,Validated,0,0,0,45,0
INV0006431,FCT-330167,SUP00030,DPT004,PO0003265,2024-11-23,4059.82,DZD,30,2024-12-23,Validated,0,0,0,30,0
INV0006432,FCT-520750,SUP00019,DPT004,PO0002563,2024-01-29,69089.04,DZD,45,2024-03-14,Validated,0,0,0,45,0
INV0006433,FCT-638341,SUP00028,DPT005,PO0002863,2024-10-24,4512.87,EUR,60,2024-12-23,Validated,0,0,0,60,0
INV0006434,FCT-507705,SUP00247,DPT004,PO0000740,2024-04-03,5967.7,DZD,30,2024-05-03,Validated,0,0,0,30,0
INV0006435,FCT-450582,SUP00069,DPT002,PO0001473,2024-02-01,7295.5,DZD,45,2024-03-17,Pending Review,0,0,0,45,0
INV0006436,FCT-903718,SUP00004,DPT011,PO0003742,2024-11-14,9812.5,DZD,45,2024-12-29,Validated,0,0,0,45,0
INV0006437,FCT-511952,SUP00002,DPT005,PO0000980,2024-06-09,2825.67,DZD,60,2024-08-08,Validated,0,0,0,60,0
INV0006438,FCT-830683,SUP00266,DPT002,PO0004735,2024-11-26,14353.2,EUR,90,2025-02-24,Validated,0,0,0,90,0
INV0006439,FCT-989882,SUP00008,DPT007,PO0000318,2024-01-28,9605.54,DZD,30,2024-02-27,Validated,0,0,0,30,0
INV0006440,FCT-912946,SUP00079,DPT005,,2024-01-27,828.14,EUR,60,2024-03-27,Validated,1,0,0,60,0
INV0006441,FCT-842615,SUP00012,DPT001,PO0003532,2024-11-13,321.88,DZD,45,2024-12-28,Validated,0,0,0,45,0
INV0006442,FCT-228427,SUP00227,DPT001,PO0001273,2024-04-02,3237.49,USD,45,2024-05-17,Pending Review,0,0,0,45,0
INV0006443,FCT-489310,SUP00009,DPT004,PO0002394,2024-06-23,1491.49,DZD,60,2024-08-22,Pending Review,0,0,0,60,0
INV0006444,FCT-428116,SUP00005,DPT006,PO0000273,2024-02-29,25000.0,EUR,30,2024-03-30,Validated,0,1,0,30,0
INV0006445,FCT-773477,SUP00151,DPT012,PO0004964,2024-04-05,3902.97,DZD,30,2024-05-05,Validated,0,0,0,30,0
INV0006446,FCT-200700,SUP00003,DPT004,PO0003656,2024-07-29,10307.62,DZD,30,2024-08-28,Validated,0,0,0,30,0
INV0006447,FCT-216308,SUP00028,DPT007,PO0000949,2024-01-26,10463.92,DZD,30,2024-02-25,Pending Review,0,0,0,30,0
INV0006448,FCT-615318,SUP00015,DPT008,,2024-10-08,1888.22,DZD,30,2024-11-07,Validated,1,0,0,30,0
INV0006449,FCT-390096,SUP00027,DPT003,PO0003920,2024-04-16,3948.51,DZD,30,2024-05-16,Validated,0,0,0,30,0
INV0006450,FCT-829940,SUP00125,DPT003,PO0005157,2024-11-28,3177.1,DZD,45,2025-01-12,Validated,0,0,0,45,0
INV0006451,FCT-939588,SUP00009,DPT009,PO0003135,2024-05-13,17553.56,DZD,30,2024-06-12,Validated,0,0,0,30,0
INV0006452,FCT-102087,SUP00065,DPT004,,2024-09-20,4904.77,DZD,45,2024-11-04,Validated,1,0,0,45,0
INV0006453,FCT-981066,SUP00081,DPT012,PO0000534,2024-12-20,25301.42,DZD,45,2025-02-03,Validated,0,0,0,45,0
INV0006454,FCT-644869,SUP00153,DPT005,PO0000593,2024-08-26,26973.11,DZD,15,2024-09-10,Validated,0,0,0,15,0
INV0006455,FCT-874430,SUP00004,DPT002,PO0001822,2024-12-27,5136.41,DZD,30,2025-01-26,Validated,0,0,0,30,0
INV0006456,FCT-814654,SUP00319,DPT001,PO0004222,2024-09-18,3037.47,DZD,60,2024-11-17,Validated,0,0,0,60,0
INV0006457,FCT-680059,SUP00003,DPT004,,2024-06-17,2192.96,DZD,45,2024-08-01,Validated,1,0,0,45,0
INV0006458,FCT-640775,SUP00006,DPT007,PO0000818,2024-12-25,13581.15,DZD,45,2025-02-08,Validated,0,0,0,45,0
INV0006459,FCT-830511,SUP00238,DPT006,PO0001122,2024-11-29,5348.62,DZD,30,2024-12-29,Validated,0,0,0,30,0
INV0006460,FCT-157220,SUP00044,DPT007,PO0002758,2024-12-06,2596.2,DZD,30,2025-01-05,Validated,0,0,0,30,0
INV0006461,FCT-227965,SUP00238,DPT009,PO0002071,2024-10-18,16842.23,DZD,30,2024-11-17,Validated,0,0,0,30,0
INV0006462,FCT-390226,SUP00003,DPT003,PO0002255,2024-02-05,17200.77,DZD,30,2024-03-06,Validated,0,0,0,30,0
INV0006463,FCT-462497,SUP00213,DPT009,PO0001182,2024-10-07,2016.78,DZD,30,2024-11-06,Pending Review,0,0,0,30,0
INV0006464,FCT-692875,SUP00137,DPT001,,2024-03-24,9097.65,DZD,30,2024-04-23,Validated,1,0,0,30,0
INV0006465,FCT-637351,SUP00158,DPT005,PO0004283,2024-04-08,11813.6,DZD,45,2024-05-23,Validated,0,0,0,45,0
INV0006466,FCT-904951,SUP00007,DPT010,PO0000420,2024-10-11,42480.67,DZD,60,2024-12-10,Pending Review,0,0,0,60,0
INV0006467,FCT-635358,SUP00009,DPT003,PO0003297,2024-09-28,4965.26,EUR,15,2024-10-13,Validated,0,0,0,15,0
INV0006468,FCT-479750,SUP00010,DPT003,PO0004041,2024-01-28,6004.25,EUR,45,2024-03-13,Validated,0,0,0,45,0
INV0006469,FCT-345157,SUP00009,DPT003,,2024-12-27,12838.44,USD,30,2025-01-26,Pending Review,1,0,0,30,0
INV0006470,FCT-886286,SUP00007,DPT009,PO0004192,2024-09-08,25829.63,DZD,60,2024-11-07,Disputed,0,0,0,60,0
INV0006471,FCT-668230,SUP00020,DPT001,PO0002580,2024-11-02,9515.83,DZD,90,2025-01-31,Validated,0,0,0,90,0
INV0006472,FCT-541726,SUP00005,DPT005,PO0001021,2024-11-25,7779.71,USD,15,2024-12-10,Validated,0,0,0,15,0
INV0006473,FCT-355717,SUP00030,DPT004,PO0004077,2024-07-16,3147.9,DZD,30,2024-08-15,Validated,0,0,0,30,0
INV0006474,FCT-581586,SUP00004,DPT008,PO0001702,2024-05-01,4137.43,EUR,30,2024-05-31,Validated,0,0,0,30,0
INV0006475,FCT-777470,SUP00008,DPT006,PO0001538,2024-01-01,5057.7,DZD,45,2024-02-15,Validated,0,0,0,45,0
INV0006476,FCT-201893,SUP00009,DPT001,PO0000625,2024-09-19,13446.07,DZD,30,2024-10-19,Validated,0,0,0,30,0
INV0006477,FCT-530911,SUP00093,DPT007,PO0001559,2024-05-17,10057.46,DZD,30,2024-06-16,Pending Review,0,0,0,30,0
INV0006478,FCT-835221,SUP00079,DPT006,PO0000973,2024-06-02,2717.36,DZD,30,2024-07-02,Pending Review,0,0,0,30,0
INV0006479,FCT-586560,SUP00006,DPT003,PO0003213,2024-08-26,15950.3,DZD,45,2024-10-10,Pending Review,0,0,0,45,0
INV0006480,FCT-143458,SUP00007,DPT008,PO0000926,2024-05-31,4942.13,EUR,45,2024-07-15,Validated,0,0,0,45,0
INV0006481,FCT-949744,SUP00001,DPT001,PO0002383,2024-02-20,5023.78,DZD,45,2024-04-05,Validated,0,0,0,45,0
INV0006482,FCT-333310,SUP00076,DPT010,PO0002568,2024-11-13,14519.51,DZD,30,2024-12-13,Validated,0,0,0,30,0
INV0006483,FCT-978718,SUP00157,DPT002,PO0002088,2024-05-28,16758.6,DZD,60,2024-07-27,Validated,0,0,0,60,0
INV0006484,FCT-281536,SUP00007,DPT001,PO0002664,2024-09-19,8935.42,DZD,60,2024-11-18,Validated,0,0,0,60,0
INV0006485,FCT-825192,SUP00028,DPT002,PO0003038,2024-09-16,51652.58,DZD,60,2024-11-15,Validated,0,0,0,60,0
INV0006486,FCT-386101,SUP00134,DPT010,PO0003056,2024-03-31,695.07,DZD,30,2024-04-30,Validated,0,0,0,30,0
INV0006487,FCT-491234,SUP00271,DPT001,,2024-11-21,18224.06,EUR,60,2025-01-20,Validated,1,0,0,60,0
INV0006488,FCT-414442,SUP00053,DPT012,PO0000320,2024-12-26,1902.11,EUR,30,2025-01-25,Validated,0,0,0,30,0
INV0006489,FCT-505766,SUP00001,DPT003,PO0001235,2024-09-13,5887.43,DZD,30,2024-10-13,Validated,0,0,0,30,0
INV0006490,FCT-813963,SUP00042,DPT003,PO0000184,2024-11-06,6174.52,DZD,45,2024-12-21,Pending Review,0,0,0,45,0
INV0006491,FCT-564699,SUP00010,DPT008,PO0003336,2024-08-10,5670.33,DZD,45,2024-09-24,Validated,0,0,0,45,0
INV0006492,FCT-160768,SUP00083,DPT002,PO0003386,2024-04-22,2126.04,DZD,30,2024-05-22,Validated,0,0,0,30,0
INV0006493,FCT-791896,SUP00029,DPT001,,2024-03-23,1271.8,DZD,30,2024-04-22,Validated,1,0,0,30,0
INV0006494,FCT-201573,SUP00153,DPT012,PO0004089,2024-12-10,664.31,DZD,60,2025-02-08,Validated,0,0,0,60,0
INV0006495,FCT-757485,SUP00005,DPT006,PO0003209,2024-09-01,4773.59,DZD,15,2024-09-16,Validated,0,0,0,15,0
INV0006496,FCT-848281,SUP00005,DPT006,,2024-06-26,7081.35,USD,30,2024-07-26,Validated,1,0,0,30,0
INV0006497,FCT-350364,SUP00016,DPT003,PO0003572,2024-11-02,12009.16,DZD,60,2025-01-01,Validated,0,0,0,60,0
INV0006498,FCT-368002,SUP00085,DPT004,PO0000543,2024-07-23,23052.29,DZD,30,2024-08-22,Validated,0,0,0,30,0
INV0006499,FCT-508972,SUP00012,DPT007,PO0001268,2024-06-08,15935.01,DZD,45,2024-07-23,Validated,0,0,0,45,0
INV0006500,FCT-756154,SUP00013,DPT011,PO0000673,2024-01-22,18885.55,DZD,15,2024-02-06,Validated,0,0,0,15,0
INV0006501,FCT-709419,SUP00018,DPT007,,2024-01-26,1918.29,EUR,45,2024-03-11,Validated,1,0,0,45,0
INV0006502,FCT-664266,SUP00009,DPT001,PO0001554,2024-05-03,21585.88,DZD,30,2024-06-02,Validated,0,0,0,30,0
INV0006503,FCT-167484,SUP00086,DPT005,PO0003761,2024-08-07,9323.97,DZD,45,2024-09-21,Validated,0,0,0,45,0
INV0006504,FCT-924988,SUP00243,DPT002,PO0000779,2024-08-18,1360.82,EUR,30,2024-09-17,Validated,0,0,0,30,0
INV0006505,FCT-196373,SUP00017,DPT010,,2024-08-24,20773.2,DZD,90,2024-11-22,Validated,1,0,0,90,0
INV0006506,FCT-687672,SUP00135,DPT011,PO0003174,2024-11-03,2198.59,DZD,30,2024-12-03,Validated,0,0,0,30,0
INV0006507,FCT-841802,SUP00291,DPT002,PO0000738,2024-07-05,1842.01,EUR,30,2024-08-04,Validated,0,0,0,30,0
INV0006508,FCT-753005,SUP00060,DPT002,,2024-11-20,35735.33,DZD,30,2024-12-20,Pending Review,1,0,0,30,0
INV0006509,FCT-936470,SUP00131,DPT006,PO0002168,2024-07-31,7983.17,USD,60,2024-09-29,Validated,0,0,0,60,0
INV0006510,FCT-206671,SUP00027,DPT005,PO0004269,2024-06-19,1827.37,DZD,45,2024-08-03,Validated,0,0,0,45,0
INV0006511,FCT-261014,SUP00015,DPT001,PO0002191,2024-05-20,3265.55,DZD,30,2024-06-19,Validated,0,0,0,30,0
INV0006512,FCT-275076,SUP00019,DPT012,PO0004932,2024-06-17,20461.95,EUR,45,2024-08-01,Validated,0,0,0,45,0
INV0006513,FCT-925066,SUP00031,DPT001,PO0004837,2024-06-22,1523.35,DZD,30,2024-07-22,Validated,0,0,0,30,0
INV0006514,FCT-970228,SUP00007,DPT001,,2024-12-11,5149.28,DZD,30,2025-01-10,Validated,1,0,0,30,0
INV0006515,FCT-869951,SUP00017,DPT002,PO0000524,2024-03-01,5145.84,DZD,45,2024-04-15,Validated,0,0,0,45,0
INV0006516,FCT-701982,SUP00074,DPT006,PO0000193,2024-06-19,138721.03,DZD,15,2024-07-04,Validated,0,0,1,15,0
INV0006517,FCT-232096,SUP00249,DPT007,PO0001909,2024-02-15,1133.44,DZD,90,2024-05-15,Validated,0,0,0,90,0
INV0006518,FCT-482277,SUP00287,DPT004,PO0001634,2024-01-02,100000.0,DZD,30,2024-02-01,Validated,0,1,1,30,0
INV0006519,FCT-231727,SUP00171,DPT004,PO0004164,2024-06-14,3156.02,DZD,15,2024-06-29,Validated,0,0,0,15,0
INV0006520,FCT-190791,SUP00255,DPT008,,2024-06-25,2901.72,DZD,30,2024-07-25,Validated,1,0,0,30,0
INV0006521,FCT-541774,SUP00005,DPT008,,2024-04-16,6306.2,DZD,30,2024-05-16,Validated,1,0,0,30,0
INV0006522,FCT-785434,SUP00028,DPT003,PO0002034,2024-08-08,3521.87,DZD,45,2024-09-22,Pending Review,0,0,0,45,0
INV0006523,FCT-808327,SUP00291,DPT003,PO0001104,2024-01-06,16040.79,DZD,30,2024-02-05,Validated,0,0,0,30,0
INV0006524,FCT-665731,SUP00012,DPT010,PO0002181,2024-09-28,6701.58,DZD,15,2024-10-13,Validated,0,0,0,15,0
INV0006525,FCT-542166,SUP00006,DPT006,PO0002264,2024-06-01,1995.71,EUR,30,2024-07-01,Validated,0,0,0,30,0
INV0006526,FCT-978788,SUP00002,DPT003,PO0003242,2024-01-29,4609.49,DZD,30,2024-02-28,Validated,0,0,0,30,0
INV0006527,FCT-839748,SUP00197,DPT003,PO0000069,2024-12-05,4441.73,DZD,30,2025-01-04,Validated,0,0,0,30,0
INV0006528,FCT-796755,SUP00005,DPT001,PO0004537,2024-07-28,22586.83,DZD,30,2024-08-27,Validated,0,0,0,30,0
INV0006529,FCT-219486,SUP00022,DPT005,PO0005164,2024-06-21,100000.0,DZD,45,2024-08-05,Validated,0,1,1,45,0
INV0006530,FCT-156534,SUP00004,DPT008,PO0001702,2024-08-11,13784.04,DZD,30,2024-09-10,Disputed,0,0,0,30,0
INV0006531,FCT-322602,SUP00005,DPT009,PO0001740,2024-07-20,2630.07,DZD,30,2024-08-19,Pending Review,0,0,0,30,0
INV0006532,FCT-903136,SUP00020,DPT011,,2024-09-05,8700.08,DZD,30,2024-10-05,Validated,1,0,0,30,0
INV0006533,FCT-755698,SUP00020,DPT004,,2024-09-22,1614.88,USD,30,2024-10-22,Validated,1,0,0,30,0
INV0006534,FCT-332229,SUP00019,DPT004,PO0004550,2024-04-09,12859.1,DZD,15,2024-04-24,Validated,0,0,0,15,0
INV0006535,FCT-558176,SUP00019,DPT007,,2024-08-23,24591.68,DZD,30,2024-09-22,Validated,1,0,0,30,0
INV0006536,FCT-106927,SUP00171,DPT002,PO0002906,2024-10-06,550.93,DZD,45,2024-11-20,Pending Review,0,0,0,45,0
INV0006537,FCT-468758,SUP00318,DPT009,,2024-02-20,5512.75,DZD,30,2024-03-21,Validated,1,0,0,30,0
INV0006538,FCT-595665,SUP00015,DPT004,,2024-10-15,5506.16,DZD,30,2024-11-14,Validated,1,0,0,30,0
INV0006539,FCT-852156,SUP00185,DPT003,PO0003035,2024-05-06,17331.49,DZD,30,2024-06-05,Validated,0,0,0,30,0
INV0006540,FCT-709043,SUP00049,DPT011,PO0001292,2024-02-20,3100.2,DZD,15,2024-03-06,Validated,0,0,0,15,0
INV0006541,FCT-225918,SUP00003,DPT002,PO0001400,2024-09-16,3050.78,DZD,45,2024-10-31,Validated,0,0,0,45,0
INV0006542,FCT-152794,SUP00081,DPT011,,2024-10-08,7372.74,DZD,30,2024-11-07,Validated,1,0,0,30,0
INV0006543,FCT-467354,SUP00095,DPT003,PO0001065,2024-07-21,12343.78,DZD,45,2024-09-04,Validated,0,0,0,45,0
INV0006544,FCT-949386,SUP00010,DPT002,PO0005200,2024-08-12,7778.52,DZD,60,2024-10-11,Validated,0,0,0,60,0
INV0006545,FCT-913002,SUP00026,DPT001,PO0003118,2024-06-14,16915.34,DZD,45,2024-07-29,Validated,0,0,0,45,0
INV0006546,FCT-102286,SUP00247,DPT012,PO0002913,2024-06-08,13563.3,DZD,45,2024-07-23,Validated,0,0,0,45,0
INV0006547,FCT-919261,SUP00008,DPT006,PO0003033,2024-04-29,3389.18,DZD,30,2024-05-29,Validated,0,0,0,30,0
INV0006548,FCT-122090,SUP00027,DPT009,PO0001768,2024-10-11,6314.77,DZD,45,2024-11-25,Validated,0,0,0,45,0
INV0006549,FCT-430355,SUP00072,DPT004,PO0004182,2024-06-27,11564.63,DZD,30,2024-07-27,Validated,0,0,0,30,0
INV0006550,FCT-112916,SUP00238,DPT009,PO0003999,2024-02-16,2473.23,DZD,30,2024-03-17,Pending Review,0,0,0,30,0
INV0006551,FCT-483974,SUP00277,DPT003,,2024-03-28,2816.11,DZD,60,2024-05-27,Validated,1,0,0,60,0
INV0006552,FCT-759832,SUP00270,DPT009,,2024-05-10,1149.58,DZD,30,2024-06-09,Validated,1,0,0,30,0
INV0006553,FCT-168581,SUP00010,DPT009,PO0002420,2024-09-29,23926.12,DZD,45,2024-11-13,Validated,0,0,0,45,0
INV0006554,FCT-988610,SUP00008,DPT001,,2024-11-21,74537.7,EUR,30,2024-12-21,Validated,1,0,0,30,0
INV0006555,FCT-292646,SUP00033,DPT004,PO0001935,2024-03-01,2829.27,DZD,90,2024-05-30,Validated,0,0,0,90,0
INV0006556,FCT-845714,SUP00257,DPT008,,2024-02-22,11953.86,DZD,60,2024-04-22,Validated,1,0,0,60,0
INV0006557,FCT-115901,SUP00006,DPT004,PO0000617,2024-07-08,25939.98,DZD,30,2024-08-07,Validated,0,0,0,30,0
INV0006558,FCT-281511,SUP00304,DPT004,PO0004599,2024-12-04,1611.93,DZD,30,2025-01-03,Validated,0,0,0,30,0
INV0006559,FCT-580078,SUP00001,DPT001,PO0003063,2024-04-15,9215.57,EUR,60,2024-06-14,Validated,0,0,0,60,0
INV0006560,FCT-168888,SUP00024,DPT001,PO0002801,2024-08-17,28441.46,DZD,30,2024-09-16,Validated,0,0,0,30,0
INV0006561,FCT-989440,SUP00082,DPT001,PO0003499,2024-09-20,25000.0,EUR,45,2024-11-04,Validated,0,1,0,45,0
INV0006562,FCT-830264,SUP00120,DPT007,PO0002958,2024-01-03,5661.54,DZD,30,2024-02-02,Validated,0,0,0,30,0
INV0006563,FCT-231800,SUP00008,DPT006,PO0000013,2024-05-13,30442.06,DZD,90,2024-08-11,Validated,0,0,0,90,0
INV0006564,FCT-377547,SUP00211,DPT004,,2024-02-26,3824.82,DZD,45,2024-04-11,Validated,1,0,0,45,0
INV0006565,FCT-955046,SUP00025,DPT006,,2024-12-26,3219.52,DZD,30,2025-01-25,Validated,1,0,0,30,0
INV0006566,FCT-776144,SUP00002,DPT005,PO0000679,2024-01-20,5043.92,DZD,30,2024-02-19,Validated,0,0,0,30,0
INV0006567,FCT-466416,SUP00078,DPT009,PO0002872,2024-02-17,50729.57,DZD,30,2024-03-18,Validated,0,0,0,30,0
INV0006568,FCT-358505,SUP00098,DPT002,PO0004693,2024-10-08,15676.76,DZD,45,2024-11-22,Pending Review,0,0,0,45,0
INV0006569,FCT-145280,SUP00141,DPT003,PO0003377,2024-02-27,11659.08,DZD,30,2024-03-28,Validated,0,0,0,30,0
INV0006570,FCT-970666,SUP00006,DPT009,,2024-04-02,11519.28,DZD,60,2024-06-01,Validated,1,0,0,60,0
INV0006571,FCT-244298,SUP00006,DPT002,PO0004950,2024-07-21,1744.75,DZD,60,2024-09-19,Validated,0,0,0,60,0
INV0006572,FCT-164156,SUP00012,DPT010,PO0002181,2024-07-26,12063.48,EUR,45,2024-09-09,Validated,0,0,0,45,0
INV0006573,FCT-507823,SUP00001,DPT007,PO0002934,2024-12-30,3895.39,DZD,60,2025-02-28,Validated,0,0,0,60,0
INV0006574,FCT-532728,SUP00075,DPT005,PO0004097,2024-11-06,5109.73,DZD,45,2024-12-21,Validated,0,0,0,45,0
INV0006575,FCT-284316,SUP00011,DPT007,,2024-11-01,4817.36,DZD,30,2024-12-01,Validated,1,0,0,30,0
INV0006576,FCT-310794,SUP00015,DPT009,PO0003987,2024-11-25,18982.37,DZD,30,2024-12-25,Validated,0,0,0,30,0
INV0006577,FCT-701761,SUP00003,DPT010,PO0001400,2024-07-22,52824.67,DZD,60,2024-09-20,Validated,0,0,0,60,0
INV0006578,FCT-577517,SUP00275,DPT006,PO0001413,2024-11-02,2257.63,DZD,45,2024-12-17,Validated,0,0,0,45,0
INV0006579,FCT-312897,SUP00083,DPT010,PO0000699,2024-09-15,22167.44,DZD,45,2024-10-30,Validated,0,0,0,45,0
INV0006580,FCT-459981,SUP00007,DPT001,PO0002664,2024-07-02,5472.05,DZD,45,2024-08-16,Disputed,0,0,0,45,0
INV0006581,FCT-797395,SUP00029,DPT012,PO0004591,2024-12-08,16171.14,DZD,60,2025-02-06,Validated,0,0,0,60,0
INV0006582,FCT-991003,SUP00126,DPT011,PO0004063,2024-02-22,9553.03,DZD,30,2024-03-23,Validated,0,0,0,30,0
INV0006583,FCT-288523,SUP00073,DPT003,PO0001300,2024-05-20,3340.61,USD,30,2024-06-19,Disputed,0,0,0,30,0
INV0006584,FCT-271911,SUP00001,DPT009,PO0003986,2024-05-06,3282.96,DZD,45,2024-06-20,Pending Review,0,0,0,45,0
INV0006585,FCT-628590,SUP00094,DPT004,,2024-07-17,5308.02,EUR,60,2024-09-15,Validated,1,0,0,60,0
INV0006586,FCT-447963,SUP00142,DPT003,PO0002294,2024-05-02,10269.85,DZD,45,2024-06-16,Validated,0,0,0,45,0
INV0006587,FCT-570292,SUP00297,DPT006,PO0000203,2024-06-03,12042.94,DZD,90,2024-09-01,Validated,0,0,0,90,0
INV0006588,FCT-546673,SUP00016,DPT003,PO0002716,2024-12-27,207315.99,EUR,30,2025-01-26,Pending Review,0,0,1,30,0
INV0006589,FCT-823144,SUP00009,DPT002,PO0001757,2024-10-01,12775.78,DZD,30,2024-10-31,Validated,0,0,0,30,0
INV0006590,FCT-138663,SUP00061,DPT010,PO0002130,2024-10-21,1536.9,DZD,30,2024-11-20,Validated,0,0,0,30,0
INV0006591,FCT-647267,SUP00274,DPT008,,2024-05-08,29075.65,DZD,30,2024-06-07,Validated,1,0,0,30,0
INV0006592,FCT-989340,SUP00072,DPT002,PO0005007,2024-04-27,13596.19,USD,30,2024-05-27,Validated,0,0,0,30,0
INV0006593,FCT-563609,SUP00288,DPT004,PO0001892,2024-07-06,5685.67,DZD,30,2024-08-05,Validated,0,0,0,30,0
INV0006594,FCT-250385,SUP00022,DPT002,,2024-05-30,1917.59,DZD,30,2024-06-29,Validated,1,0,0,30,0
INV0006595,FCT-914910,SUP00210,DPT012,PO0001333,2024-08-25,4979.63,DZD,30,2024-09-24,Validated,0,0,0,30,0
INV0006596,FCT-240709,SUP00029,DPT004,PO0001117,2024-04-09,26382.65,DZD,15,2024-04-24,Validated,0,0,0,15,0
INV0006597,FCT-893188,SUP00291,DPT003,PO0002850,2024-02-21,12182.4,DZD,60,2024-04-21,Validated,0,0,0,60,0
INV0006598,FCT-641562,SUP00002,DPT003,PO0004280,2024-05-27,32697.91,DZD,15,2024-06-11,Validated,0,0,0,15,0
INV0006599,FCT-894088,SUP00081,DPT012,PO0002460,2024-10-26,30762.25,DZD,45,2024-12-10,Validated,0,0,0,45,0
INV0006600,FCT-176270,SUP00001,DPT001,,2024-01-30,8700.5,DZD,45,2024-03-15,Pending Review,1,0,0,45,0
INV0006601,FCT-313172,SUP00143,DPT007,PO0001698,2024-01-31,183.54,DZD,30,2024-03-01,Disputed,0,0,0,30,0
INV0006602,FCT-842991,SUP00208,DPT001,PO0003970,2024-10-31,2430.9,EUR,30,2024-11-30,Disputed,0,0,0,30,0
INV0006603,FCT-746618,SUP00068,DPT007,PO0002182,2024-05-18,1165.39,DZD,45,2024-07-02,Validated,0,0,0,45,0
INV0006604,FCT-673040,SUP00269,DPT003,PO0003092,2024-07-13,35018.33,EUR,30,2024-08-12,Validated,0,0,0,30,0
INV0006605,FCT-676143,SUP00006,DPT008,PO0001646,2024-10-06,12390.94,DZD,30,2024-11-05,Validated,0,0,0,30,0
INV0006606,FCT-965602,SUP00111,DPT003,PO0005077,2024-08-08,5344.71,EUR,30,2024-09-07,Pending Review,0,0,0,30,0
INV0006607,FCT-864127,SUP00008,DPT005,,2024-12-20,3762.27,DZD,30,2025-01-19,Pending Review,1,0,0,30,0
INV0006608,FCT-307254,SUP00003,DPT003,PO0000850,2024-03-12,23815.89,EUR,30,2024-04-11,Validated,0,0,0,30,0
INV0006609,FCT-668696,SUP00002,DPT010,PO0000855,2024-10-28,2434.52,DZD,30,2024-11-27,Validated,0,0,0,30,0
INV0006610,FCT-689880,SUP00152,DPT008,PO0002458,2024-06-13,1550.67,DZD,30,2024-07-13,Validated,0,0,0,30,0
INV0006611,FCT-272772,SUP00008,DPT012,PO0002353,2024-02-16,1404.52,USD,60,2024-04-16,Validated,0,0,0,60,0
INV0006612,FCT-344359,SUP00005,DPT001,,2024-06-17,7736.89,DZD,30,2024-07-17,Validated,1,0,0,30,0
INV0006613,FCT-358481,SUP00002,DPT010,PO0003473,2024-07-01,2676.05,DZD,30,2024-07-31,Validated,0,0,0,30,0
INV0006614,FCT-749320,SUP00109,DPT007,PO0001014,2024-02-05,21497.04,DZD,30,2024-03-06,Validated,0,0,0,30,0
INV0006615,FCT-536294,SUP00005,DPT004,PO0001693,2024-06-25,6693.97,DZD,45,2024-08-09,Validated,0,0,0,45,0
INV0006616,FCT-554295,SUP00045,DPT011,PO0001417,2024-01-12,1350.77,DZD,45,2024-02-26,Validated,0,0,0,45,0
INV0006617,FCT-598195,SUP00301,DPT012,PO0002565,2024-08-30,5068.64,DZD,15,2024-09-14,Validated,0,0,0,15,0
INV0006618,FCT-219466,SUP00076,DPT004,PO0001040,2024-08-13,2164.78,DZD,45,2024-09-27,Validated,0,0,0,45,0
INV0006619,FCT-484241,SUP00011,DPT001,,2024-02-14,5723.13,EUR,30,2024-03-15,Validated,1,0,0,30,0
INV0006620,FCT-432888,SUP00018,DPT007,PO0002628,2024-07-27,23072.14,DZD,45,2024-09-10,Validated,0,0,0,45,0
INV0006621,FCT-875616,SUP00252,DPT004,PO0004155,2024-04-07,5494.19,USD,45,2024-05-22,Validated,0,0,0,45,0
INV0006622,FCT-172793,SUP00012,DPT005,,2024-08-23,3036.01,DZD,15,2024-09-07,Pending Review,1,0,0,15,0
INV0006623,FCT-867003,SUP00008,DPT004,PO0000445,2024-03-27,10869.89,DZD,30,2024-04-26,Validated,0,0,0,30,0
INV0006624,FCT-933697,SUP00027,DPT007,PO0003502,2024-11-23,3985.25,DZD,30,2024-12-23,Validated,0,0,0,30,0
INV0006625,FCT-774244,SUP00004,DPT004,,2024-07-05,12023.35,DZD,45,2024-08-19,Validated,1,0,0,45,1
INV0006626,FCT-955355,SUP00170,DPT002,PO0000014,2024-12-30,9466.8,DZD,30,2025-01-29,Validated,0,0,0,30,0
INV0006627,FCT-500839,SUP00009,DPT010,PO0003609,2024-01-30,1930.54,DZD,45,2024-03-15,Validated,0,0,0,45,0
INV0006628,FCT-254672,SUP00100,DPT004,PO0001028,2024-11-02,1431.65,DZD,30,2024-12-02,Validated,0,0,0,30,0
INV0006629,FCT-786081,SUP00006,DPT011,,2024-01-21,4228.13,DZD,60,2024-03-21,Validated,1,0,0,60,0
INV0006630,FCT-209031,SUP00003,DPT004,,2024-01-09,10365.56,DZD,45,2024-02-23,Validated,1,0,0,45,0
INV0006631,FCT-872931,SUP00224,DPT010,,2024-03-02,47233.29,DZD,45,2024-04-16,Validated,1,0,0,45,0
INV0006632,FCT-617483,SUP00025,DPT009,PO0004545,2024-04-22,1752.75,DZD,30,2024-05-22,Validated,0,0,0,30,0
INV0006633,FCT-645372,SUP00008,DPT001,PO0005056,2024-11-23,2014.86,DZD,30,2024-12-23,Validated,0,0,0,30,0
INV0006634,FCT-577515,SUP00005,DPT010,PO0000864,2024-10-10,19628.49,EUR,60,2024-12-09,Validated,0,0,0,60,0
INV0006635,FCT-645218,SUP00081,DPT002,,2024-01-28,7936.01,DZD,30,2024-02-27,Validated,1,0,0,30,0
INV0006636,FCT-886810,SUP00200,DPT008,,2024-11-24,5161.31,DZD,45,2025-01-08,Validated,1,0,0,45,0
INV0006637,FCT-311230,SUP00119,DPT003,PO0002606,2024-03-27,13724.76,DZD,60,2024-05-26,Validated,0,0,0,60,0
INV0006638,FCT-534393,SUP00013,DPT005,PO0001311,2024-11-28,26389.44,DZD,45,2025-01-12,Pending Review,0,0,0,45,0
INV0006639,FCT-419579,SUP00055,DPT008,,2024-03-14,20874.34,DZD,15,2024-03-29,Validated,1,0,0,15,0
INV0006640,FCT-255705,SUP00130,DPT012,,2024-09-01,2820.93,DZD,45,2024-10-16,Validated,1,0,0,45,0
INV0006641,FCT-716662,SUP00004,DPT005,,2024-08-16,10481.47,DZD,45,2024-09-30,Validated,1,0,0,45,0
INV0006642,FCT-539244,SUP00284,DPT011,PO0003126,2024-11-05,23224.0,DZD,30,2024-12-05,Pending Review,0,0,0,30,0
INV0006643,FCT-911852,SUP00245,DPT011,PO0000881,2024-08-14,4535.54,USD,30,2024-09-13,Validated,0,0,0,30,0
INV0006644,FCT-302216,SUP00135,DPT010,PO0000870,2024-02-28,9724.85,USD,30,2024-03-29,Pending Review,0,0,0,30,0
INV0006645,FCT-718675,SUP00165,DPT003,PO0003188,2024-12-29,3224.61,DZD,60,2025-02-27,Pending Review,0,0,0,60,0
INV0006646,FCT-776010,SUP00246,DPT011,,2024-05-23,2116.09,DZD,15,2024-06-07,Validated,1,0,0,15,0
INV0006647,FCT-407864,SUP00253,DPT011,PO0000241,2024-12-10,10204.96,DZD,30,2025-01-09,Validated,0,0,0,30,0
INV0006648,FCT-685117,SUP00092,DPT001,PO0003806,2024-01-31,18338.64,DZD,30,2024-03-01,Validated,0,0,0,30,0
INV0006649,FCT-807888,SUP00113,DPT001,,2024-11-26,15273.38,DZD,45,2025-01-10,Validated,1,0,0,45,0
INV0006650,FCT-338393,SUP00224,DPT002,PO0002698,2024-04-15,1365.14,DZD,45,2024-05-30,Disputed,0,0,0,45,0
INV0006651,FCT-532796,SUP00006,DPT001,PO0001625,2024-12-18,28804.18,DZD,60,2025-02-16,Validated,0,0,0,60,0
INV0006652,FCT-460348,SUP00023,DPT009,PO0000114,2024-10-10,12438.73,DZD,60,2024-12-09,Validated,0,0,0,60,0
INV0006653,FCT-423977,SUP00057,DPT007,PO0003073,2024-12-21,23348.06,DZD,30,2025-01-20,Validated,0,0,0,30,0
INV0006654,FCT-530604,SUP00235,DPT006,PO0000973,2024-03-08,2196.98,DZD,30,2024-04-07,Validated,0,0,0,30,0
INV0006655,FCT-416748,SUP00109,DPT004,PO0005131,2024-09-26,16876.78,DZD,30,2024-10-26,Validated,0,0,0,30,0
INV0006656,FCT-994764,SUP00030,DPT004,PO0004006,2024-09-27,13405.95,DZD,45,2024-11-11,Pending Review,0,0,0,45,0
INV0006657,FCT-819772,SUP00005,DPT003,PO0003180,2024-11-24,1501.93,EUR,45,2025-01-08,Validated,0,0,0,45,0
INV0006658,FCT-414156,SUP00265,DPT004,,2024-10-07,10701.74,DZD,30,2024-11-06,Validated,1,0,0,30,0
INV0006659,FCT-870152,SUP00160,DPT005,PO0000847,2024-02-03,1972.03,DZD,30,2024-03-04,Validated,0,0,0,30,0
INV0006660,FCT-456751,SUP00020,DPT009,PO0004833,2024-11-17,6575.25,DZD,30,2024-12-17,Validated,0,0,0,30,0
INV0006661,FCT-394209,SUP00003,DPT008,PO0003025,2024-04-09,92940.31,DZD,15,2024-04-24,Validated,0,0,0,15,0
INV0006662,FCT-658761,SUP00116,DPT011,PO0000734,2024-12-19,9022.57,USD,30,2025-01-18,Validated,0,0,0,30,0
INV0006663,FCT-284823,SUP00228,DPT007,PO0003644,2024-10-08,5674.9,DZD,30,2024-11-07,Validated,0,0,0,30,0
INV0006664,FCT-224140,SUP00024,DPT002,PO0003954,2024-09-29,1173.62,DZD,45,2024-11-13,Disputed,0,0,0,45,0
INV0006665,FCT-582866,SUP00171,DPT007,PO0002709,2024-08-22,9031.78,DZD,30,2024-09-21,Validated,0,0,0,30,0
INV0006666,FCT-290301,SUP00006,DPT008,PO0003679,2024-09-03,5436.74,DZD,45,2024-10-18,Validated,0,0,0,45,0
INV0006667,FCT-859286,SUP00037,DPT007,PO0000504,2024-07-25,641.47,DZD,60,2024-09-23,Validated,0,0,0,60,0
INV0006668,FCT-426437,SUP00006,DPT008,,2024-10-13,1846.77,EUR,60,2024-12-12,Validated,1,0,0,60,0
INV0006669,FCT-195540,SUP00020,DPT002,PO0001382,2024-12-02,18030.28,DZD,90,2025-03-02,Pending Review,0,0,0,90,0
INV0006670,FCT-557269,SUP00289,DPT001,,2024-03-10,5000.0,EUR,30,2024-04-09,Validated,1,1,0,30,0
INV0006671,FCT-538883,SUP00028,DPT009,PO0003202,2024-10-31,7052.68,DZD,45,2024-12-15,Validated,0,0,0,45,0
INV0006672,FCT-279072,SUP00276,DPT006,PO0000454,2024-09-26,20729.65,DZD,45,2024-11-10,Validated,0,0,0,45,0
INV0006673,FCT-100409,SUP00007,DPT009,PO0004344,2024-07-31,6738.68,DZD,45,2024-09-14,Validated,0,0,0,45,0
INV0006674,FCT-264648,SUP00236,DPT003,PO0000001,2024-11-27,2718.09,DZD,45,2025-01-11,Validated,0,0,0,45,0
INV0006675,FCT-633052,SUP00266,DPT001,PO0002609,2024-12-07,81513.13,DZD,30,2025-01-06,Validated,0,0,0,30,0
INV0006676,FCT-524505,SUP00021,DPT004,PO0003234,2024-06-14,1278.67,DZD,45,2024-07-29,Validated,0,0,0,45,0
INV0006677,FCT-332957,SUP00141,DPT007,PO0003841,2024-01-25,10554.4,DZD,30,2024-02-24,Validated,0,0,0,30,0
INV0006678,FCT-562067,SUP00165,DPT004,,2024-01-09,3069.26,USD,45,2024-02-23,Validated,1,0,0,45,0
INV0006679,FCT-435094,SUP00030,DPT002,PO0003091,2024-08-12,5105.14,DZD,45,2024-09-26,Validated,0,0,0,45,0
INV0006680,FCT-420554,SUP00220,DPT006,PO0001008,2024-05-02,40330.94,DZD,30,2024-06-01,Validated,0,0,0,30,0
INV0006681,FCT-389022,SUP00218,DPT004,PO0003951,2024-03-22,6831.14,DZD,30,2024-04-21,Validated,0,0,0,30,0
INV0006682,FCT-527499,SUP00002,DPT010,PO0003904,2024-02-05,4471.23,DZD,60,2024-04-05,Validated,0,0,0,60,0
INV0006683,FCT-542529,SUP00012,DPT005,PO0000559,2024-04-07,3461.81,EUR,30,2024-05-07,Validated,0,0,0,30,0
INV0006684,FCT-231780,SUP00029,DPT001,PO0002280,2024-08-16,12381.28,DZD,30,2024-09-15,Pending Review,0,0,0,30,0
INV0006685,FCT-712470,SUP00078,DPT001,PO0002802,2024-10-17,2183.65,EUR,30,2024-11-16,Validated,0,0,0,30,0
INV0006686,FCT-403658,SUP00002,DPT011,PO0002963,2024-10-31,7231.63,DZD,30,2024-11-30,Validated,0,0,0,30,0
INV0006687,FCT-189775,SUP00008,DPT009,,2024-08-29,5556.72,DZD,30,2024-09-28,Validated,1,0,0,30,0
INV0006688,FCT-280048,SUP00002,DPT006,,2024-02-03,2637.1,USD,90,2024-05-03,Validated,1,0,0,90,0
INV0006689,FCT-688849,SUP00315,DPT009,,2024-09-12,1249.58,DZD,60,2024-11-11,Validated,1,0,0,60,0
INV0006690,FCT-603318,SUP00110,DPT011,PO0003290,2024-06-05,6746.13,DZD,45,2024-07-20,Validated,0,0,0,45,0
INV0006691,FCT-350725,SUP00003,DPT002,PO0001101,2024-02-17,4226.83,DZD,60,2024-04-17,Validated,0,0,0,60,0
INV0006692,FCT-569296,SUP00007,DPT005,PO0001402,2024-09-02,8389.4,DZD,30,2024-10-02,Validated,0,0,0,30,0
INV0006693,FCT-775055,SUP00003,DPT005,PO0004191,2024-12-15,535.93,DZD,15,2024-12-30,Disputed,0,0,0,15,0
INV0006694,FCT-695524,SUP00199,DPT002,,2024-11-27,3825.28,EUR,30,2024-12-27,Validated,1,0,0,30,0
INV0006695,FCT-195973,SUP00001,DPT001,PO0000854,2024-10-12,17292.23,DZD,45,2024-11-26,Validated,0,0,0,45,0
INV0006696,FCT-719891,SUP00089,DPT007,PO0002448,2024-03-21,973.22,DZD,30,2024-04-20,Validated,0,0,0,30,0
INV0006697,FCT-816882,SUP00001,DPT010,PO0002841,2024-06-30,55988.14,DZD,30,2024-07-30,Validated,0,0,0,30,0
INV0006698,FCT-310539,SUP00003,DPT010,PO0001814,2024-07-11,9839.72,DZD,45,2024-08-25,Validated,0,0,0,45,0
INV0006699,FCT-721889,SUP00214,DPT007,,2024-05-30,5504.51,DZD,30,2024-06-29,Validated,1,0,0,30,0
INV0006700,FCT-547430,SUP00008,DPT001,PO0002169,2024-01-07,7330.64,USD,30,2024-02-06,Validated,0,0,0,30,0
INV0006701,FCT-188295,SUP00307,DPT004,PO0001168,2024-07-27,15000.0,DZD,30,2024-08-26,Validated,0,1,0,30,0
INV0006702,FCT-905003,SUP00006,DPT001,PO0002472,2024-05-22,33107.48,USD,15,2024-06-06,Validated,0,0,0,15,0
INV0006703,FCT-898659,SUP00009,DPT004,PO0000443,2024-05-05,7947.66,DZD,30,2024-06-04,Pending Review,0,0,0,30,0
INV0006704,FCT-843977,SUP00005,DPT006,PO0003351,2024-05-05,6982.72,DZD,30,2024-06-04,Validated,0,0,0,30,0
INV0006705,FCT-167615,SUP00165,DPT011,,2024-09-28,20501.42,EUR,45,2024-11-12,Validated,1,0,0,45,0
INV0006706,FCT-906451,SUP00312,DPT003,PO0000377,2024-03-05,10102.09,DZD,30,2024-04-04,Validated,0,0,0,30,0
INV0006707,FCT-223222,SUP00003,DPT003,PO0000633,2024-07-19,2961.2,DZD,15,2024-08-03,Pending Review,0,0,0,15,0
INV0006708,FCT-504632,SUP00140,DPT010,PO0001871,2024-02-22,6224.53,DZD,60,2024-04-22,Validated,0,0,0,60,0
INV0006709,FCT-268641,SUP00112,DPT007,PO0002576,2024-12-07,12426.71,DZD,60,2025-02-05,Disputed,0,0,0,60,0
INV0006710,FCT-571235,SUP00296,DPT001,PO0000995,2024-05-14,6919.99,DZD,45,2024-06-28,Validated,0,0,0,45,0
INV0006711,FCT-271892,SUP00009,DPT001,PO0003232,2024-11-28,1373.91,DZD,30,2024-12-28,Validated,0,0,0,30,0
INV0006712,FCT-507786,SUP00005,DPT004,,2024-01-23,32346.49,DZD,30,2024-02-22,Validated,1,0,0,30,0
INV0006713,FCT-924062,SUP00025,DPT012,PO0003720,2024-09-22,7772.48,DZD,30,2024-10-22,Validated,0,0,0,30,0
INV0006714,FCT-677806,SUP00018,DPT009,,2024-11-26,4101.3,DZD,45,2025-01-10,Validated,1,0,0,45,0
INV0006715,FCT-468581,SUP00027,DPT008,PO0000147,2024-02-26,13652.05,EUR,30,2024-03-27,Validated,0,0,0,30,0
INV0006716,FCT-362219,SUP00051,DPT010,PO0001055,2024-12-14,3658.13,DZD,45,2025-01-28,Validated,0,0,0,45,0
INV0006717,FCT-245134,SUP00001,DPT004,PO0001696,2024-12-10,1108.72,DZD,45,2025-01-24,Validated,0,0,0,45,0
INV0006718,FCT-929447,SUP00243,DPT011,PO0003131,2024-11-11,6418.25,DZD,30,2024-12-11,Validated,0,0,0,30,0
INV0006719,FCT-593227,SUP00074,DPT010,,2024-09-20,13920.34,DZD,30,2024-10-20,Pending Review,1,0,0,30,0
INV0006720,FCT-948971,SUP00102,DPT001,PO0003436,2024-01-02,4719.94,USD,60,2024-03-02,Validated,0,0,0,60,0
INV0006721,FCT-769011,SUP00007,DPT001,PO0003255,2024-02-12,4934.77,DZD,45,2024-03-28,Validated,0,0,0,45,0
INV0006722,FCT-190436,SUP00013,DPT001,,2024-05-05,5196.26,DZD,30,2024-06-04,Validated,1,0,0,30,0
INV0006723,FCT-980600,SUP00202,DPT002,PO0002060,2024-10-11,5714.9,DZD,90,2025-01-09,Validated,0,0,0,90,0
INV0006724,FCT-776029,SUP00219,DPT005,PO0002559,2024-06-08,7613.57,USD,15,2024-06-23,Disputed,0,0,0,15,0
INV0006725,FCT-638322,SUP00025,DPT001,,2024-01-17,16091.99,DZD,30,2024-02-16,Validated,1,0,0,30,0
INV0006726,FCT-609268,SUP00024,DPT003,PO0000434,2024-04-30,14988.51,DZD,45,2024-06-14,Pending Review,0,0,0,45,0
INV0006727,FCT-206587,SUP00003,DPT009,PO0000720,2024-11-01,66530.43,DZD,30,2024-12-01,Validated,0,0,0,30,0
INV0006728,FCT-624984,SUP00006,DPT002,PO0003426,2024-10-19,47734.51,DZD,30,2024-11-18,Validated,0,0,0,30,0
INV0006729,FCT-213721,SUP00005,DPT001,,2024-10-27,2386.25,DZD,30,2024-11-26,Validated,1,0,0,30,0
INV0006730,FCT-726933,SUP00004,DPT002,PO0000526,2024-09-03,20000.0,DZD,30,2024-10-03,Validated,0,1,0,30,0
INV0006731,FCT-933403,SUP00015,DPT010,PO0002427,2024-03-07,14719.83,DZD,45,2024-04-21,Validated,0,0,0,45,0
INV0006732,FCT-516388,SUP00008,DPT002,,2024-03-12,817.45,DZD,30,2024-04-11,Validated,1,0,0,30,0
INV0006733,FCT-789454,SUP00023,DPT002,PO0003021,2024-12-26,9209.29,USD,30,2025-01-25,Validated,0,0,0,30,0
INV0006734,FCT-581438,SUP00107,DPT005,PO0000279,2024-02-01,2395.5,DZD,30,2024-03-02,Validated,0,0,0,30,0
INV0006735,FCT-233066,SUP00097,DPT011,PO0002336,2024-10-12,6029.9,EUR,45,2024-11-26,Validated,0,0,0,45,0
INV0006736,FCT-519240,SUP00213,DPT005,PO0000691,2024-08-06,6498.19,EUR,45,2024-09-20,Validated,0,0,0,45,0
INV0006737,FCT-812695,SUP00292,DPT005,PO0001773,2024-01-16,837.17,DZD,45,2024-03-01,Pending Review,0,0,0,45,0
INV0006738,FCT-964800,SUP00012,DPT009,PO0003472,2024-11-03,103402.6,DZD,60,2025-01-02,Validated,0,0,1,60,0
INV0006739,FCT-187639,SUP00230,DPT007,PO0001154,2024-11-26,3441.58,DZD,45,2025-01-10,Validated,0,0,0,45,0
INV0006740,FCT-648284,SUP00008,DPT004,PO0000059,2024-08-19,33493.43,USD,30,2024-09-18,Pending Review,0,0,0,30,0
INV0006741,FCT-437017,SUP00313,DPT003,PO0001445,2024-12-26,977.49,DZD,30,2025-01-25,Pending Review,0,0,0,30,0
INV0006742,FCT-258880,SUP00004,DPT002,PO0001018,2024-03-30,3012.39,DZD,60,2024-05-29,Validated,0,0,0,60,0
INV0006743,FCT-118959,SUP00002,DPT001,PO0001662,2024-12-14,100000.0,DZD,30,2025-01-13,Pending Review,0,1,1,30,0
INV0006744,FCT-515306,SUP00028,DPT001,PO0003169,2024-07-22,4760.02,DZD,15,2024-08-06,Validated,0,0,0,15,0
INV0006745,FCT-977427,SUP00020,DPT005,PO0002781,2024-08-30,15753.21,DZD,30,2024-09-29,Validated,0,0,0,30,0
INV0006746,FCT-987146,SUP00022,DPT002,PO0001130,2024-07-12,13021.71,DZD,45,2024-08-26,Pending Review,0,0,0,45,0
INV0006747,FCT-405916,SUP00023,DPT002,PO0002204,2024-11-20,2417.02,DZD,30,2024-12-20,Validated,0,0,0,30,0
INV0006748,FCT-920432,SUP00003,DPT004,PO0000720,2024-10-14,25633.84,DZD,45,2024-11-28,Validated,0,0,0,45,0
INV0006749,FCT-212215,SUP00162,DPT006,PO0002635,2024-10-22,12141.59,DZD,30,2024-11-21,Validated,0,0,0,30,0
INV0006750,FCT-743543,SUP00036,DPT010,PO0001737,2024-06-04,10000.0,DZD,45,2024-07-19,Validated,0,1,0,45,0
INV0006751,FCT-830259,SUP00001,DPT005,PO0002175,2024-12-07,7043.39,DZD,45,2025-01-21,Validated,0,0,0,45,0
INV0006752,FCT-524049,SUP00013,DPT012,PO0003674,2024-09-20,13226.05,DZD,30,2024-10-20,Validated,0,0,0,30,0
INV0006753,FCT-475583,SUP00292,DPT005,PO0004817,2024-05-06,5564.34,EUR,45,2024-06-20,Validated,0,0,0,45,0
INV0006754,FCT-382488,SUP00001,DPT001,PO0002884,2024-04-04,6598.56,EUR,30,2024-05-04,Validated,0,0,0,30,0
INV0006755,FCT-658553,SUP00024,DPT002,PO0000282,2024-10-18,10915.32,DZD,30,2024-11-17,Validated,0,0,0,30,0
INV0006756,FCT-714172,SUP00001,DPT001,PO0001075,2024-01-09,952.3,DZD,30,2024-02-08,Validated,0,0,0,30,0
INV0006757,FCT-875789,SUP00001,DPT011,PO0000415,2024-11-21,4953.17,USD,45,2025-01-05,Validated,0,0,0,45,0
INV0006758,FCT-548129,SUP00156,DPT002,PO0003109,2024-10-07,4055.3,DZD,45,2024-11-21,Validated,0,0,0,45,0
INV0006759,FCT-334590,SUP00291,DPT002,PO0002555,2024-07-27,14872.39,EUR,90,2024-10-25,Validated,0,0,0,90,0
INV0006760,FCT-736435,SUP00306,DPT004,PO0002735,2024-12-26,3261.19,EUR,30,2025-01-25,Validated,0,0,0,30,0
INV0006761,FCT-584470,SUP00010,DPT005,PO0001694,2024-04-07,10000.0,DZD,60,2024-06-06,Validated,0,1,0,60,0
INV0006762,FCT-708879,SUP00009,DPT006,PO0000133,2024-12-26,3174.87,DZD,45,2025-02-09,Validated,0,0,0,45,0
INV0006763,FCT-249307,SUP00003,DPT004,PO0003964,2024-02-18,1704.31,DZD,30,2024-03-19,Validated,0,0,0,30,0
INV0006764,FCT-484906,SUP00001,DPT011,,2024-10-01,25000.0,DZD,45,2024-11-15,Disputed,1,1,0,45,0
INV0006765,FCT-865839,SUP00274,DPT011,PO0000264,2024-03-14,12326.97,DZD,60,2024-05-13,Validated,0,0,0,60,0
INV0006766,FCT-129234,SUP00282,DPT010,PO0002223,2024-08-31,9643.21,EUR,60,2024-10-30,Validated,0,0,0,60,0
INV0006767,FCT-388395,SUP00008,DPT003,PO0001191,2024-05-08,4675.57,DZD,15,2024-05-23,Pending Review,0,0,0,15,0
INV0006768,FCT-572692,SUP00013,DPT007,PO0001858,2024-05-16,5000.0,EUR,30,2024-06-15,Validated,0,1,0,30,0
INV0006769,FCT-538352,SUP00015,DPT001,PO0000725,2024-04-04,10462.18,DZD,30,2024-05-04,Validated,0,0,0,30,0
INV0006770,FCT-610684,SUP00258,DPT006,PO0004526,2024-12-03,3211.5,DZD,90,2025-03-03,Pending Review,0,0,0,90,0
INV0006771,FCT-751702,SUP00007,DPT002,PO0005173,2024-07-24,47744.95,USD,15,2024-08-08,Validated,0,0,0,15,0
INV0006772,FCT-649677,SUP00206,DPT007,PO0001170,2024-06-24,8107.13,DZD,30,2024-07-24,Validated,0,0,0,30,0
INV0006773,FCT-913320,SUP00004,DPT007,,2024-04-08,4515.58,DZD,45,2024-05-23,Validated,1,0,0,45,0
INV0006774,FCT-662598,SUP00011,DPT006,PO0000641,2024-09-22,3829.99,DZD,30,2024-10-22,Validated,0,0,0,30,0
INV0006775,FCT-413150,SUP00066,DPT009,PO0004978,2024-03-30,1519.41,DZD,60,2024-05-29,Validated,0,0,0,60,0
INV0006776,FCT-664834,SUP00009,DPT004,PO0001168,2024-07-25,13893.39,DZD,45,2024-09-08,Pending Review,0,0,0,45,0
INV0006777,FCT-176433,SUP00150,DPT004,PO0000432,2024-05-13,2481.86,DZD,45,2024-06-27,Validated,0,0,0,45,0
INV0006778,FCT-844850,SUP00231,DPT003,PO0004999,2024-11-23,5176.23,DZD,30,2024-12-23,Validated,0,0,0,30,0
INV0006779,FCT-571365,SUP00045,DPT004,PO0001782,2024-04-21,112371.47,DZD,30,2024-05-21,Validated,0,0,1,30,0
INV0006780,FCT-618951,SUP00003,DPT009,PO0000720,2024-09-08,754.29,DZD,30,2024-10-08,Pending Review,0,0,0,30,0
INV0006781,FCT-111881,SUP00251,DPT009,PO0001259,2024-03-07,5354.85,DZD,45,2024-04-21,Validated,0,0,0,45,0
INV0006782,FCT-140769,SUP00218,DPT004,PO0000837,2024-04-21,1244.23,DZD,30,2024-05-21,Validated,0,0,0,30,0
INV0006783,FCT-453308,SUP00009,DPT011,,2024-07-08,3236.21,DZD,30,2024-08-07,Validated,1,0,0,30,0
INV0006784,FCT-189574,SUP00224,DPT007,PO0002597,2024-11-30,5096.38,USD,30,2024-12-30,Validated,0,0,0,30,0
INV0006785,FCT-467376,SUP00009,DPT011,PO0000590,2024-05-28,1340.45,DZD,45,2024-07-12,Validated,0,0,0,45,0
INV0006786,FCT-898062,SUP00009,DPT001,PO0000670,2024-03-05,9609.37,DZD,45,2024-04-19,Validated,0,0,0,45,0
INV0006787,FCT-519376,SUP00097,DPT008,PO0000304,2024-11-21,32489.81,DZD,30,2024-12-21,Validated,0,0,0,30,0
INV0006788,FCT-755919,SUP00180,DPT008,,2024-03-18,8802.48,DZD,30,2024-04-17,Validated,1,0,0,30,0
INV0006789,FCT-467518,SUP00009,DPT004,PO0002817,2024-03-21,15776.64,EUR,30,2024-04-20,Validated,0,0,0,30,0
INV0006790,FCT-487413,SUP00002,DPT003,PO0002202,2024-05-11,38866.05,DZD,30,2024-06-10,Validated,0,0,0,30,0
INV0006791,FCT-764293,SUP00177,DPT009,PO0003013,2024-10-25,12066.92,DZD,60,2024-12-24,Validated,0,0,0,60,0
INV0006792,FCT-910846,SUP00031,DPT009,PO0003751,2024-05-14,399.88,DZD,90,2024-08-12,Validated,0,0,0,90,0
INV0006793,FCT-313243,SUP00009,DPT007,PO0000054,2024-12-15,7375.67,DZD,60,2025-02-13,Pending Review,0,0,0,60,0
INV0006794,FCT-995894,SUP00199,DPT005,PO0004320,2024-10-27,337.75,USD,45,2024-12-11,Validated,0,0,0,45,0
INV0006795,FCT-567416,SUP00028,DPT012,,2024-10-30,2615.8,DZD,45,2024-12-14,Validated,1,0,0,45,0
INV0006796,FCT-318672,SUP00251,DPT003,PO0001150,2024-06-08,1070.83,EUR,30,2024-07-08,Validated,0,0,0,30,0
INV0006797,FCT-392464,SUP00145,DPT011,PO0005142,2024-10-30,8216.1,DZD,30,2024-11-29,Validated,0,0,0,30,0
INV0006798,FCT-203653,SUP00003,DPT002,PO0001101,2024-11-14,2139.09,DZD,60,2025-01-13,Pending Review,0,0,0,60,0
INV0006799,FCT-659138,SUP00009,DPT007,PO0004631,2024-05-25,8479.81,EUR,30,2024-06-24,Validated,0,0,0,30,0
INV0006800,FCT-193389,SUP00058,DPT004,,2024-05-01,14741.32,DZD,30,2024-05-31,Validated,1,0,0,30,0
INV0006801,FCT-479763,SUP00020,DPT002,PO0000163,2024-02-09,1994.12,DZD,30,2024-03-10,Validated,0,0,0,30,0
INV0006802,FCT-124826,SUP00025,DPT008,PO0004505,2024-05-21,8013.97,DZD,30,2024-06-20,Disputed,0,0,0,30,0
INV0006803,FCT-285648,SUP00097,DPT002,PO0003474,2024-06-23,295.35,DZD,90,2024-09-21,Pending Review,0,0,0,90,0
INV0006804,FCT-526555,SUP00178,DPT004,PO0004208,2024-10-05,1078.76,DZD,45,2024-11-19,Validated,0,0,0,45,0
INV0006805,FCT-634408,SUP00200,DPT004,PO0000152,2024-07-21,25789.93,DZD,30,2024-08-20,Validated,0,0,0,30,0
INV0006806,FCT-728600,SUP00110,DPT004,PO0000435,2024-03-31,2177.04,DZD,45,2024-05-15,Validated,0,0,0,45,0
INV0006807,FCT-322978,SUP00191,DPT003,,2024-04-18,3281.7,DZD,45,2024-06-02,Validated,1,0,0,45,0
INV0006808,FCT-394466,SUP00038,DPT009,,2024-02-15,2343.82,DZD,30,2024-03-16,Pending Review,1,0,0,30,0
INV0006809,FCT-456817,SUP00003,DPT002,,2024-03-20,817.93,DZD,45,2024-05-04,Validated,1,0,0,45,0
INV0006810,FCT-485648,SUP00285,DPT008,PO0002813,2024-02-20,1828.0,DZD,60,2024-04-20,Validated,0,0,0,60,0
INV0006811,FCT-474183,SUP00051,DPT010,PO0001055,2024-10-08,5963.12,DZD,30,2024-11-07,Validated,0,0,0,30,0
INV0006812,FCT-218729,SUP00009,DPT004,,2024-03-25,3854.22,DZD,30,2024-04-24,Validated,1,0,0,30,0
INV0006813,FCT-908545,SUP00205,DPT010,PO0002095,2024-01-19,20624.77,DZD,30,2024-02-18,Disputed,0,0,0,30,0
INV0006814,FCT-373182,SUP00274,DPT001,,2024-08-07,2947.29,EUR,30,2024-09-06,Validated,1,0,0,30,0
INV0006815,FCT-765414,SUP00082,DPT004,PO0003861,2024-07-21,5920.48,DZD,30,2024-08-20,Validated,0,0,0,30,0
INV0006816,FCT-668006,SUP00179,DPT005,PO0000396,2024-01-15,3211.16,DZD,30,2024-02-14,Validated,0,0,0,30,0
INV0006817,FCT-666410,SUP00022,DPT001,PO0001792,2024-09-08,17571.7,DZD,15,2024-09-23,Validated,0,0,0,15,0
INV0006818,FCT-987448,SUP00007,DPT002,PO0003789,2024-08-30,1155.1,DZD,15,2024-09-14,Validated,0,0,0,15,0
INV0006819,FCT-201154,SUP00230,DPT003,PO0002759,2024-12-17,10397.74,DZD,30,2025-01-16,Pending Review,0,0,0,30,0
INV0006820,FCT-406343,SUP00017,DPT004,,2024-10-06,9562.94,DZD,90,2025-01-04,Validated,1,0,0,90,0
INV0006821,FCT-378195,SUP00131,DPT012,PO0000966,2024-10-18,2334.42,DZD,60,2024-12-17,Validated,0,0,0,60,0
INV0006822,FCT-995313,SUP00006,DPT005,PO0000818,2024-09-29,5355.0,USD,15,2024-10-14,Validated,0,0,0,15,0
INV0006823,FCT-144784,SUP00010,DPT007,,2024-08-24,9367.51,DZD,15,2024-09-08,Pending Review,1,0,0,15,0
INV0006824,FCT-371053,SUP00033,DPT004,,2024-08-18,2709.3,EUR,60,2024-10-17,Validated,1,0,0,60,0
INV0006825,FCT-585162,SUP00054,DPT002,PO0004282,2024-08-15,2645.02,DZD,45,2024-09-29,Validated,0,0,0,45,0
INV0006826,FCT-105035,SUP00164,DPT011,PO0000483,2024-06-09,1459.45,DZD,30,2024-07-09,Validated,0,0,0,30,0
INV0006827,FCT-206037,SUP00009,DPT002,PO0002684,2024-02-04,61432.82,DZD,30,2024-03-05,Validated,0,0,0,30,0
INV0006828,FCT-903534,SUP00004,DPT011,,2024-12-24,3508.81,DZD,45,2025-02-07,Validated,1,0,0,45,0
INV0006829,FCT-126145,SUP00320,DPT004,PO0003984,2024-12-22,1465.7,EUR,45,2025-02-05,Disputed,0,0,0,45,0
INV0006830,FCT-263420,SUP00027,DPT005,PO0004269,2024-02-03,785.78,DZD,45,2024-03-19,Validated,0,0,0,45,0
INV0006831,FCT-421076,SUP00012,DPT009,PO0002123,2024-10-12,2384.65,DZD,60,2024-12-11,Validated,0,0,0,60,0
INV0006832,FCT-433133,SUP00313,DPT002,PO0001952,2024-10-03,8159.66,EUR,30,2024-11-02,Validated,0,0,0,30,0
INV0006833,FCT-769686,SUP00319,DPT007,PO0003600,2024-03-31,4474.82,DZD,30,2024-04-30,Validated,0,0,0,30,0
INV0006834,FCT-377406,SUP00288,DPT006,,2024-05-19,8984.13,DZD,30,2024-06-18,Validated,1,0,0,30,0
INV0006835,FCT-483193,SUP00092,DPT007,PO0004649,2024-10-07,13664.79,DZD,30,2024-11-06,Validated,0,0,0,30,0
INV0006836,FCT-560983,SUP00246,DPT009,,2024-10-28,5046.48,DZD,15,2024-11-12,Validated,1,0,0,15,0
INV0006837,FCT-177952,SUP00022,DPT006,PO0000872,2024-05-25,5183.91,USD,30,2024-06-24,Pending Review,0,0,0,30,0
INV0006838,FCT-422523,SUP00007,DPT002,PO0001502,2024-08-17,36336.44,DZD,30,2024-09-16,Disputed,0,0,0,30,0
INV0006839,FCT-585993,SUP00026,DPT006,PO0002492,2024-06-15,14004.57,EUR,60,2024-08-14,Validated,0,0,0,60,0
INV0006840,FCT-352292,SUP00291,DPT005,,2024-02-20,9341.1,USD,30,2024-03-21,Pending Review,1,0,0,30,0
INV0006841,FCT-504546,SUP00006,DPT003,PO0004430,2024-02-28,4045.87,DZD,30,2024-03-29,Pending Review,0,0,0,30,0
INV0006842,FCT-587705,SUP00129,DPT001,PO0001610,2024-11-02,13052.63,DZD,30,2024-12-02,Validated,0,0,0,30,0
INV0006843,FCT-964853,SUP00010,DPT006,PO0001449,2024-01-07,9001.66,EUR,30,2024-02-06,Validated,0,0,0,30,0
INV0006844,FCT-623500,SUP00177,DPT011,PO0000896,2024-01-28,8620.07,USD,45,2024-03-13,Validated,0,0,0,45,0
INV0006845,FCT-223511,SUP00230,DPT001,PO0004831,2024-04-17,13695.26,DZD,30,2024-05-17,Validated,0,0,0,30,0
INV0006846,FCT-762138,SUP00003,DPT009,PO0002739,2024-10-22,10000.0,DZD,90,2025-01-20,Validated,0,1,0,90,0
INV0006847,FCT-714520,SUP00029,DPT001,PO0002439,2024-09-14,1046.15,DZD,60,2024-11-13,Validated,0,0,0,60,0
INV0006848,FCT-401528,SUP00009,DPT007,PO0000054,2024-07-26,6392.46,DZD,45,2024-09-09,Validated,0,0,0,45,0
INV0006849,FCT-748505,SUP00306,DPT002,PO0001550,2024-08-15,1665.16,DZD,45,2024-09-29,Validated,0,0,0,45,0
INV0006850,FCT-211716,SUP00220,DPT006,PO0000224,2024-02-24,12435.25,DZD,30,2024-03-25,Validated,0,0,0,30,0
INV0006851,FCT-863636,SUP00007,DPT011,PO0000372,2024-02-28,988.6,DZD,30,2024-03-29,Validated,0,0,0,30,0
INV0006852,FCT-243441,SUP00038,DPT002,PO0001844,2024-08-05,100000.0,DZD,30,2024-09-04,Validated,0,1,1,30,0
INV0006853,FCT-861957,SUP00010,DPT004,PO0002126,2024-05-09,6415.74,DZD,30,2024-06-08,Validated,0,0,0,30,0
INV0006854,FCT-385613,SUP00002,DPT008,PO0000584,2024-07-21,1605.15,DZD,30,2024-08-20,Validated,0,0,0,30,0
INV0006855,FCT-463824,SUP00006,DPT003,PO0001604,2024-08-22,25000.0,USD,15,2024-09-06,Validated,0,1,0,15,0
INV0006856,FCT-338535,SUP00023,DPT001,PO0000113,2024-04-25,14514.23,DZD,45,2024-06-09,Validated,0,0,0,45,0
INV0006857,FCT-772747,SUP00001,DPT002,PO0001812,2024-11-07,20000.0,EUR,15,2024-11-22,Validated,0,1,0,15,0
INV0006858,FCT-674176,SUP00023,DPT008,PO0001356,2024-10-23,8374.45,DZD,45,2024-12-07,Validated,0,0,0,45,0
INV0006859,FCT-452471,SUP00208,DPT009,PO0005125,2024-02-09,10762.04,DZD,30,2024-03-10,Validated,0,0,0,30,0
INV0006860,FCT-788752,SUP00302,DPT001,PO0005025,2024-02-16,1759.0,DZD,45,2024-04-01,Pending Review,0,0,0,45,0
INV0006861,FCT-905231,SUP00172,DPT001,PO0000739,2024-03-17,6295.05,DZD,30,2024-04-16,Validated,0,0,0,30,0
INV0006862,FCT-474753,SUP00003,DPT010,PO0003341,2024-02-21,4710.37,DZD,15,2024-03-07,Validated,0,0,0,15,0
INV0006863,FCT-734449,SUP00016,DPT003,PO0001948,2024-07-19,5901.33,EUR,30,2024-08-18,Validated,0,0,0,30,0
INV0006864,FCT-912157,SUP00015,DPT010,PO0004813,2024-03-29,948.9,DZD,30,2024-04-28,Validated,0,0,0,30,0
INV0006865,FCT-138087,SUP00033,DPT003,PO0000702,2024-08-25,1189.79,DZD,30,2024-09-24,Validated,0,0,0,30,0
INV0006866,FCT-357082,SUP00010,DPT003,PO0004428,2024-11-11,24418.1,DZD,30,2024-12-11,Pending Review,0,0,0,30,0
INV0006867,FCT-269625,SUP00139,DPT003,PO0004445,2024-02-20,14324.61,DZD,60,2024-04-20,Disputed,0,0,0,60,0
INV0006868,FCT-631609,SUP00109,DPT012,,2024-03-01,10000.0,DZD,60,2024-04-30,Validated,1,1,0,60,0
INV0006869,FCT-913735,SUP00023,DPT010,PO0004734,2024-03-05,16930.55,DZD,45,2024-04-19,Pending Review,0,0,0,45,0
INV0006870,FCT-974750,SUP00009,DPT011,PO0001283,2024-10-21,1306.64,DZD,45,2024-12-05,Validated,0,0,0,45,0
INV0006871,FCT-607013,SUP00005,DPT001,PO0002281,2024-12-22,4623.76,DZD,90,2025-03-22,Validated,0,0,0,90,0
INV0006872,FCT-934441,SUP00013,DPT003,PO0004370,2024-10-09,4149.82,DZD,45,2024-11-23,Validated,0,0,0,45,0
INV0006873,FCT-799384,SUP00009,DPT002,PO0001463,2024-09-07,2475.72,DZD,30,2024-10-07,Validated,0,0,0,30,0
INV0006874,FCT-791734,SUP00013,DPT011,PO0000876,2024-08-10,100000.0,DZD,45,2024-09-24,Validated,0,1,1,45,0
INV0006875,FCT-865883,SUP00063,DPT012,PO0003646,2024-03-14,27271.4,DZD,30,2024-04-13,Pending Review,0,0,0,30,0
INV0006876,FCT-841053,SUP00010,DPT005,,2024-06-20,2910.92,DZD,15,2024-07-05,Validated,1,0,0,15,0
INV0006877,FCT-143038,SUP00241,DPT003,,2024-11-28,10079.26,DZD,60,2025-01-27,Pending Review,1,0,0,60,0
INV0006878,FCT-627223,SUP00001,DPT004,PO0003877,2024-05-10,8796.28,EUR,30,2024-06-09,Validated,0,0,0,30,0
INV0006879,FCT-198228,SUP00023,DPT001,,2024-01-11,19975.01,DZD,30,2024-02-10,Validated,1,0,0,30,0
INV0006880,FCT-225626,SUP00003,DPT005,PO0000314,2024-03-19,13964.86,DZD,45,2024-05-03,Validated,0,0,0,45,0
INV0006881,FCT-943830,SUP00004,DPT002,PO0003725,2024-07-03,4214.69,DZD,45,2024-08-17,Disputed,0,0,0,45,0
INV0006882,FCT-709787,SUP00088,DPT006,PO0005078,2024-09-10,1401.3,EUR,30,2024-10-10,Validated,0,0,0,30,0
INV0006883,FCT-647797,SUP00010,DPT012,PO0001472,2024-06-07,16750.68,DZD,45,2024-07-22,Validated,0,0,0,45,0
INV0006884,FCT-951418,SUP00299,DPT004,PO0004001,2024-06-17,24470.19,DZD,30,2024-07-17,Pending Review,0,0,0,30,0
INV0006885,FCT-747461,SUP00010,DPT008,,2024-09-10,101990.02,EUR,15,2024-09-25,Validated,1,0,1,15,0
INV0006886,FCT-553856,SUP00289,DPT010,,2024-04-09,18484.99,DZD,30,2024-05-09,Validated,1,0,0,30,0
INV0006887,FCT-455162,SUP00014,DPT005,PO0004035,2024-10-17,2879.45,DZD,30,2024-11-16,Validated,0,0,0,30,0
INV0006888,FCT-374750,SUP00249,DPT004,PO0004528,2024-04-28,3343.22,DZD,30,2024-05-28,Validated,0,0,0,30,0
INV0006889,FCT-317721,SUP00001,DPT001,PO0004538,2024-02-10,551.22,DZD,30,2024-03-11,Validated,0,0,0,30,0
INV0006890,FCT-431164,SUP00001,DPT002,PO0001428,2024-02-20,2360.27,DZD,15,2024-03-06,Pending Review,0,0,0,15,0
INV0006891,FCT-189891,SUP00263,DPT003,PO0000263,2024-05-12,1395.23,DZD,60,2024-07-11,Validated,0,0,0,60,0
INV0006892,FCT-112063,SUP00003,DPT002,PO0001536,2024-01-17,11804.99,DZD,45,2024-03-02,Validated,0,0,0,45,0
INV0006893,FCT-292690,SUP00106,DPT009,PO0000386,2024-03-10,18054.59,DZD,15,2024-03-25,Validated,0,0,0,15,0
INV0006894,FCT-513049,SUP00314,DPT012,PO0004704,2024-06-08,15000.0,DZD,30,2024-07-08,Validated,0,1,0,30,0
INV0006895,FCT-192416,SUP00006,DPT008,,2024-12-09,100000.0,DZD,60,2025-02-07,Validated,1,1,1,60,0
INV0006896,FCT-395939,SUP00219,DPT005,PO0002941,2024-12-22,7991.44,DZD,15,2025-01-06,Validated,0,0,0,15,0
INV0006897,FCT-934843,SUP00249,DPT003,PO0003411,2024-10-05,3071.08,EUR,30,2024-11-04,Validated,0,0,0,30,0
INV0006898,FCT-613459,SUP00008,DPT010,PO0000361,2024-12-10,3828.8,DZD,45,2025-01-24,Validated,0,0,0,45,0
INV0006899,FCT-884139,SUP00254,DPT005,,2024-08-12,2707.56,DZD,30,2024-09-11,Validated,1,0,0,30,0
INV0006900,FCT-262564,SUP00002,DPT003,PO0000233,2024-02-19,88899.03,USD,30,2024-03-20,Validated,0,0,0,30,0
INV0006901,FCT-779224,SUP00004,DPT002,PO0000721,2024-08-29,248.2,DZD,60,2024-10-28,Validated,0,0,0,60,0
INV0006902,FCT-207062,SUP00021,DPT001,,2024-07-20,38688.07,DZD,60,2024-09-18,Validated,1,0,0,60,0
INV0006903,FCT-119892,SUP00009,DPT009,PO0002112,2024-11-06,2052.19,EUR,30,2024-12-06,Validated,0,0,0,30,0
INV0006904,FCT-101062,SUP00178,DPT004,PO0002216,2024-05-07,3827.99,DZD,30,2024-06-06,Validated,0,0,0,30,0
INV0006905,FCT-569382,SUP00129,DPT011,PO0000589,2024-10-26,308.81,DZD,30,2024-11-25,Validated,0,0,0,30,0
INV0006906,FCT-103322,SUP00022,DPT003,PO0002496,2024-08-25,20196.16,DZD,45,2024-10-09,Validated,0,0,0,45,0
INV0006907,FCT-315747,SUP00152,DPT012,PO0005115,2024-09-26,14944.8,DZD,30,2024-10-26,Validated,0,0,0,30,0
INV0006908,FCT-722966,SUP00002,DPT007,,2024-01-10,1707.25,USD,90,2024-04-09,Validated,1,0,0,90,0
INV0006909,FCT-167876,SUP00318,DPT003,PO0004285,2024-12-18,21453.94,DZD,45,2025-02-01,Pending Review,0,0,0,45,0
INV0006910,FCT-895715,SUP00002,DPT011,PO0004662,2024-07-17,17192.8,EUR,30,2024-08-16,Validated,0,0,0,30,0
INV0006911,FCT-118837,SUP00003,DPT004,PO0000470,2024-08-24,3262.51,DZD,30,2024-09-23,Validated,0,0,0,30,0
INV0006912,FCT-844931,SUP00133,DPT001,PO0002345,2024-06-17,566.64,EUR,90,2024-09-15,Validated,0,0,0,90,0
INV0006913,FCT-745091,SUP00004,DPT001,PO0003019,2024-02-19,4666.02,USD,45,2024-04-04,Validated,0,0,0,45,0
INV0006914,FCT-860566,SUP00178,DPT007,PO0002283,2024-07-23,19888.9,EUR,30,2024-08-22,Validated,0,0,0,30,0
INV0006915,FCT-441098,SUP00053,DPT002,PO0002698,2024-09-09,2096.01,DZD,60,2024-11-08,Validated,0,0,0,60,0
INV0006916,FCT-153325,SUP00010,DPT008,,2024-02-25,20816.09,DZD,15,2024-03-11,Validated,1,0,0,15,0
INV0006917,FCT-629891,SUP00225,DPT009,PO0001987,2024-05-14,2231.16,DZD,30,2024-06-13,Validated,0,0,0,30,0
INV0006918,FCT-957031,SUP00296,DPT009,PO0001453,2024-08-13,5409.26,DZD,45,2024-09-27,Validated,0,0,0,45,0
INV0006919,FCT-797000,SUP00215,DPT010,PO0001934,2024-04-15,2573.47,DZD,30,2024-05-15,Validated,0,0,0,30,0
INV0006920,FCT-688541,SUP00287,DPT009,,2024-04-18,7186.55,DZD,30,2024-05-18,Validated,1,0,0,30,0
INV0006921,FCT-503464,SUP00294,DPT009,PO0004033,2024-02-11,15435.52,DZD,60,2024-04-11,Validated,0,0,0,60,0
INV0006922,FCT-313604,SUP00081,DPT008,,2024-07-04,39158.0,DZD,30,2024-08-03,Validated,1,0,0,30,0
INV0006923,FCT-216298,SUP00005,DPT001,PO0001719,2024-02-13,7628.23,DZD,60,2024-04-13,Validated,0,0,0,60,0
INV0006924,FCT-146354,SUP00153,DPT002,PO0003675,2024-11-13,999.69,DZD,30,2024-12-13,Validated,0,0,0,30,0
INV0006925,FCT-949015,SUP00006,DPT007,PO0004466,2024-03-04,12417.8,DZD,30,2024-04-03,Validated,0,0,0,30,0
INV0006926,FCT-945836,SUP00002,DPT006,PO0001855,2024-02-04,4262.01,DZD,45,2024-03-20,Validated,0,0,0,45,0
INV0006927,FCT-682132,SUP00120,DPT006,PO0000421,2024-12-04,4158.04,DZD,30,2025-01-03,Disputed,0,0,0,30,0
INV0006928,FCT-487887,SUP00125,DPT004,PO0004927,2024-05-25,6779.6,DZD,90,2024-08-23,Validated,0,0,0,90,0
INV0006929,FCT-279109,SUP00317,DPT001,PO0000123,2024-03-12,11419.52,USD,30,2024-04-11,Validated,0,0,0,30,0
INV0006930,FCT-964473,SUP00009,DPT008,PO0001912,2024-07-19,3730.86,DZD,45,2024-09-02,Validated,0,0,0,45,0
INV0006931,FCT-714483,SUP00092,DPT010,PO0003806,2024-02-07,11708.85,DZD,30,2024-03-08,Validated,0,0,0,30,0
INV0006932,FCT-155700,SUP00203,DPT003,PO0002754,2024-05-30,9561.08,EUR,30,2024-06-29,Validated,0,0,0,30,0
INV0006933,FCT-485507,SUP00005,DPT009,PO0003908,2024-08-28,11718.76,DZD,45,2024-10-12,Validated,0,0,0,45,0
INV0006934,FCT-412131,SUP00178,DPT009,,2024-06-24,16511.74,DZD,30,2024-07-24,Validated,1,0,0,30,0
INV0006935,FCT-813234,SUP00001,DPT011,PO0004577,2024-12-03,474.75,DZD,45,2025-01-17,Validated,0,0,0,45,0
INV0006936,FCT-759127,SUP00013,DPT004,PO0003902,2024-09-20,3821.21,DZD,90,2024-12-19,Validated,0,0,0,90,0
INV0006937,FCT-748021,SUP00208,DPT001,PO0002799,2024-08-24,5036.1,DZD,15,2024-09-08,Validated,0,0,0,15,0
INV0006938,FCT-802955,SUP00148,DPT012,PO0000796,2024-09-01,4507.91,DZD,90,2024-11-30,Validated,0,0,0,90,0
INV0006939,FCT-335011,SUP00001,DPT011,PO0001223,2024-09-07,2217.02,DZD,45,2024-10-22,Validated,0,0,0,45,0
INV0006940,FCT-482661,SUP00238,DPT010,PO0000575,2024-06-23,2834.66,DZD,30,2024-07-23,Validated,0,0,0,30,0
INV0006941,FCT-766508,SUP00309,DPT007,PO0000068,2024-02-08,10931.58,DZD,30,2024-03-09,Validated,0,0,0,30,0
INV0006942,FCT-328201,SUP00008,DPT007,,2024-04-03,10198.01,DZD,30,2024-05-03,Disputed,1,0,0,30,0
INV0006943,FCT-595411,SUP00078,DPT001,PO0005067,2024-04-24,6231.83,DZD,30,2024-05-24,Validated,0,0,0,30,0
INV0006944,FCT-830363,SUP00006,DPT002,PO0002574,2024-04-04,1892.0,USD,15,2024-04-19,Validated,0,0,0,15,0
INV0006945,FCT-705515,SUP00017,DPT006,PO0002553,2024-04-12,16130.75,DZD,45,2024-05-27,Validated,0,0,0,45,0
INV0006946,FCT-404673,SUP00238,DPT011,PO0001219,2024-10-05,14846.38,DZD,30,2024-11-04,Validated,0,0,0,30,0
INV0006947,FCT-455710,SUP00296,DPT001,PO0000995,2024-12-10,21574.77,DZD,15,2024-12-25,Validated,0,0,0,15,0
INV0006948,FCT-673576,SUP00181,DPT001,PO0000060,2024-06-13,2443.39,DZD,60,2024-08-12,Pending Review,0,0,0,60,0
INV0006949,FCT-193188,SUP00014,DPT001,,2024-06-26,388891.18,DZD,45,2024-08-10,Validated,1,0,1,45,1
INV0006950,FCT-811207,SUP00130,DPT002,PO0003085,2024-04-30,7731.51,DZD,30,2024-05-30,Validated,0,0,0,30,0
INV0006951,FCT-132360,SUP00009,DPT005,PO0002999,2024-08-18,2512.35,DZD,15,2024-09-02,Validated,0,0,0,15,0
INV0006952,FCT-814659,SUP00005,DPT002,PO0004892,2024-09-07,92577.49,DZD,30,2024-10-07,Pending Review,0,0,0,30,0
INV0006953,FCT-812647,SUP00004,DPT009,PO0000790,2024-01-21,5000.0,EUR,15,2024-02-05,Validated,0,1,0,15,0
INV0006954,FCT-676043,SUP00014,DPT003,PO0002272,2024-07-02,100000.0,DZD,60,2024-08-31,Validated,0,1,1,60,0
INV0006955,FCT-352932,SUP00004,DPT006,PO0003162,2024-06-04,8708.5,DZD,15,2024-06-19,Validated,0,0,0,15,0
INV0006956,FCT-467577,SUP00026,DPT009,PO0004672,2024-06-10,26232.12,DZD,45,2024-07-25,Validated,0,0,0,45,0
INV0006957,FCT-630293,SUP00025,DPT005,PO0004661,2024-07-04,8022.89,DZD,15,2024-07-19,Validated,0,0,0,15,0
INV0006958,FCT-949073,SUP00028,DPT009,PO0004731,2024-02-20,826.0,DZD,60,2024-04-20,Pending Review,0,0,0,60,0
INV0006959,FCT-856914,SUP00273,DPT002,PO0001266,2024-10-18,5879.87,EUR,45,2024-12-02,Pending Review,0,0,0,45,0
INV0006960,FCT-153862,SUP00006,DPT009,,2024-11-24,16890.57,EUR,60,2025-01-23,Validated,1,0,0,60,0
INV0006961,FCT-955189,SUP00271,DPT012,PO0003287,2024-02-09,10000.0,DZD,45,2024-03-25,Validated,0,1,0,45,0
INV0006962,FCT-725297,SUP00315,DPT006,PO0004994,2024-10-30,1933.49,DZD,30,2024-11-29,Validated,0,0,0,30,0
INV0006963,FCT-972909,SUP00051,DPT002,PO0002198,2024-07-23,5757.08,DZD,30,2024-08-22,Validated,0,0,0,30,0
INV0006964,FCT-425888,SUP00177,DPT002,PO0001801,2024-11-01,16218.23,DZD,30,2024-12-01,Validated,0,0,0,30,0
INV0006965,FCT-825036,SUP00007,DPT007,PO0003306,2024-03-08,26040.14,DZD,30,2024-04-07,Validated,0,0,0,30,0
INV0006966,FCT-203907,SUP00020,DPT001,PO0000141,2024-03-09,1676.47,DZD,30,2024-04-08,Validated,0,0,0,30,0
INV0006967,FCT-569802,SUP00245,DPT011,PO0000881,2024-01-02,1549.95,DZD,15,2024-01-17,Validated,0,0,0,15,0
INV0006968,FCT-485095,SUP00006,DPT004,PO0001878,2024-07-03,5609.74,DZD,45,2024-08-17,Validated,0,0,0,45,0
INV0006969,FCT-339610,SUP00003,DPT002,PO0002084,2024-05-31,2705.94,DZD,30,2024-06-30,Validated,0,0,0,30,0
INV0006970,FCT-393144,SUP00058,DPT001,PO0003792,2024-12-11,3087.42,DZD,30,2025-01-10,Validated,0,0,0,30,0
INV0006971,FCT-115672,SUP00047,DPT002,PO0002431,2024-07-22,4406.96,DZD,45,2024-09-05,Validated,0,0,0,45,0
INV0006972,FCT-696907,SUP00235,DPT009,PO0001877,2024-12-04,14486.8,DZD,30,2025-01-03,Validated,0,0,0,30,0
INV0006973,FCT-303075,SUP00006,DPT002,PO0002513,2024-04-05,2274.67,EUR,30,2024-05-05,Pending Review,0,0,0,30,0
INV0006974,FCT-116627,SUP00007,DPT003,PO0001144,2024-01-15,1569.98,EUR,45,2024-02-29,Validated,0,0,0,45,0
INV0006975,FCT-312839,SUP00001,DPT006,PO0000121,2024-10-30,2565.95,DZD,60,2024-12-29,Validated,0,0,0,60,0
INV0006976,FCT-802043,SUP00030,DPT012,PO0000985,2024-01-03,1053.84,DZD,45,2024-02-17,Validated,0,0,0,45,0
INV0006977,FCT-573568,SUP00044,DPT007,PO0003449,2024-11-05,6377.13,DZD,30,2024-12-05,Validated,0,0,0,30,0
INV0006978,FCT-299307,SUP00007,DPT002,,2024-07-05,6805.46,DZD,30,2024-08-04,Validated,1,0,0,30,0
INV0006979,FCT-664680,SUP00131,DPT011,PO0001066,2024-07-30,19177.53,DZD,90,2024-10-28,Validated,0,0,0,90,0
INV0006980,FCT-282055,SUP00007,DPT001,,2024-03-18,1776.87,DZD,30,2024-04-17,Validated,1,0,0,30,0
INV0006981,FCT-982122,SUP00003,DPT005,,2024-04-08,6913.68,EUR,45,2024-05-23,Pending Review,1,0,0,45,0
INV0006982,FCT-197361,SUP00035,DPT006,PO0000331,2024-03-17,8823.71,DZD,30,2024-04-16,Validated,0,0,0,30,0
INV0006983,FCT-451623,SUP00196,DPT002,,2024-09-27,1012.14,DZD,60,2024-11-26,Validated,1,0,0,60,0
INV0006984,FCT-577794,SUP00153,DPT012,PO0004089,2024-06-18,7723.22,DZD,45,2024-08-02,Validated,0,0,0,45,0
INV0006985,FCT-944620,SUP00010,DPT011,PO0001968,2024-02-07,8060.63,DZD,45,2024-03-23,Validated,0,0,0,45,0
INV0006986,FCT-175582,SUP00009,DPT002,PO0000829,2024-01-18,5181.46,DZD,60,2024-03-18,Validated,0,0,0,60,0
INV0006987,FCT-826517,SUP00079,DPT001,PO0002601,2024-09-19,1375.34,USD,30,2024-10-19,Validated,0,0,0,30,0
INV0006988,FCT-326531,SUP00310,DPT009,,2024-09-01,10000.0,DZD,90,2024-11-30,Validated,1,1,0,90,0
INV0006989,FCT-736276,SUP00022,DPT004,PO0003346,2024-04-25,632.93,DZD,45,2024-06-09,Validated,0,0,0,45,0
INV0006990,FCT-209619,SUP00028,DPT009,PO0004731,2024-05-08,8725.34,DZD,60,2024-07-07,Validated,0,0,0,60,0
INV0006991,FCT-257477,SUP00143,DPT002,PO0003109,2024-10-19,14085.22,DZD,15,2024-11-03,Validated,0,0,0,15,0
INV0006992,FCT-998446,SUP00177,DPT003,PO0002234,2024-01-27,4666.63,USD,45,2024-03-12,Validated,0,0,0,45,0
INV0006993,FCT-656160,SUP00236,DPT002,PO0003003,2024-12-17,26143.1,DZD,30,2025-01-16,Validated,0,0,0,30,0
INV0006994,FCT-122867,SUP00205,DPT002,PO0002143,2024-11-05,2692.66,DZD,15,2024-11-20,Validated,0,0,0,15,0
INV0006995,FCT-633577,SUP00012,DPT003,,2024-02-18,2598.76,DZD,15,2024-03-04,Validated,1,0,0,15,0
INV0006996,FCT-744511,SUP00261,DPT004,PO0003128,2024-07-10,4357.65,USD,45,2024-08-24,Validated,0,0,0,45,0
INV0006997,FCT-811393,SUP00114,DPT007,PO0001476,2024-07-25,81073.82,DZD,30,2024-08-24,Validated,0,0,0,30,0
INV0006998,FCT-332617,SUP00314,DPT010,PO0001298,2024-11-29,4329.41,DZD,45,2025-01-13,Validated,0,0,0,45,0
INV0006999,FCT-621284,SUP00004,DPT005,PO0002835,2024-08-05,25000.0,USD,30,2024-09-04,Validated,0,1,0,30,0
INV0007000,FCT-239569,SUP00014,DPT011,PO0002755,2024-01-02,5742.96,DZD,30,2024-02-01,Validated,0,0,0,30,0
INV0007001,FCT-967121,SUP00001,DPT002,PO0003682,2024-04-13,2372.58,DZD,15,2024-04-28,Validated,0,0,0,15,0
INV0007002,FCT-298071,SUP00096,DPT004,PO0001080,2024-08-01,56717.93,USD,30,2024-08-31,Validated,0,0,0,30,0
INV0007003,FCT-279152,SUP00019,DPT002,PO0002003,2024-05-16,7423.53,DZD,60,2024-07-15,Validated,0,0,0,60,0
INV0007004,FCT-717420,SUP00008,DPT002,,2024-06-20,4280.53,DZD,30,2024-07-20,Validated,1,0,0,30,0
INV0007005,FCT-248951,SUP00009,DPT004,PO0000683,2024-12-09,16157.47,DZD,60,2025-02-07,Validated,0,0,0,60,0
INV0007006,FCT-222213,SUP00086,DPT002,PO0004671,2024-12-08,25194.24,USD,30,2025-01-07,Validated,0,0,0,30,0
INV0007007,FCT-753918,SUP00051,DPT009,PO0003704,2024-04-08,3076.51,DZD,30,2024-05-08,Validated,0,0,0,30,0
INV0007008,FCT-231962,SUP00005,DPT008,PO0000391,2024-03-05,100000.0,DZD,30,2024-04-04,Validated,0,1,1,30,0
INV0007009,FCT-996174,SUP00044,DPT001,PO0002435,2024-12-14,4625.8,DZD,30,2025-01-13,Validated,0,0,0,30,0
INV0007010,FCT-832525,SUP00151,DPT004,PO0003951,2024-07-18,1942.41,DZD,45,2024-09-01,Validated,0,0,0,45,0
INV0007011,FCT-314158,SUP00019,DPT001,PO0002575,2024-08-04,2661.15,EUR,45,2024-09-18,Validated,0,0,0,45,0
INV0007012,FCT-165185,SUP00074,DPT009,PO0003848,2024-03-03,1559.69,DZD,30,2024-04-02,Validated,0,0,0,30,0
INV0007013,FCT-148456,SUP00172,DPT006,PO0000042,2024-08-22,6635.5,DZD,30,2024-09-21,Pending Review,0,0,0,30,0
INV0007014,FCT-599511,SUP00007,DPT007,PO0001543,2024-11-09,6663.12,USD,30,2024-12-09,Validated,0,0,0,30,0
INV0007015,FCT-691592,SUP00109,DPT001,PO0004460,2024-02-19,22327.35,DZD,45,2024-04-04,Validated,0,0,0,45,0
INV0007016,FCT-429282,SUP00004,DPT011,PO0000768,2024-05-02,16296.08,DZD,90,2024-07-31,Validated,0,0,0,90,0
INV0007017,FCT-772556,SUP00028,DPT004,PO0000135,2024-05-29,25000.0,DZD,30,2024-06-28,Validated,0,1,0,30,0
INV0007018,FCT-627389,SUP00179,DPT003,PO0004789,2024-06-13,4807.83,DZD,30,2024-07-13,Validated,0,0,0,30,0
INV0007019,FCT-559371,SUP00023,DPT001,,2024-03-22,2846.0,DZD,30,2024-04-21,Validated,1,0,0,30,0
INV0007020,FCT-106958,SUP00015,DPT005,,2024-09-07,6810.23,DZD,30,2024-10-07,Validated,1,0,0,30,0
INV0007021,FCT-305088,SUP00056,DPT003,PO0001001,2024-03-21,4656.84,EUR,60,2024-05-20,Validated,0,0,0,60,0
INV0007022,FCT-337081,SUP00074,DPT003,PO0000953,2024-04-08,6355.5,DZD,15,2024-04-23,Validated,0,0,0,15,0
INV0007023,FCT-546618,SUP00012,DPT001,PO0003235,2024-07-20,32257.61,DZD,60,2024-09-18,Pending Review,0,0,0,60,0
INV0007024,FCT-285006,SUP00235,DPT004,PO0004198,2024-02-14,34230.35,EUR,15,2024-02-29,Validated,0,0,0,15,0
INV0007025,FCT-376898,SUP00004,DPT007,PO0002377,2024-11-04,2927.48,DZD,30,2024-12-04,Validated,0,0,0,30,0
INV0007026,FCT-247652,SUP00134,DPT003,PO0003294,2024-06-11,14666.77,DZD,30,2024-07-11,Validated,0,0,0,30,0
INV0007027,FCT-295901,SUP00040,DPT003,PO0002665,2024-12-18,12726.2,DZD,45,2025-02-01,Validated,0,0,0,45,0
INV0007028,FCT-872537,SUP00005,DPT004,,2024-05-14,3191.8,DZD,30,2024-06-13,Validated,1,0,0,30,0
INV0007029,FCT-551047,SUP00018,DPT006,,2024-01-06,10000.0,DZD,45,2024-02-20,Validated,1,1,0,45,0
INV0007030,FCT-950382,SUP00002,DPT006,PO0003148,2024-05-09,1096.19,DZD,30,2024-06-08,Validated,0,0,0,30,0
INV0007031,FCT-142954,SUP00014,DPT005,PO0003388,2024-08-16,20679.92,DZD,45,2024-09-30,Pending Review,0,0,0,45,0
INV0007032,FCT-511301,SUP00093,DPT001,,2024-01-03,5247.77,DZD,30,2024-02-02,Pending Review,1,0,0,30,0
INV0007033,FCT-745155,SUP00152,DPT001,PO0000611,2024-06-24,1751.02,DZD,30,2024-07-24,Validated,0,0,0,30,0
INV0007034,FCT-842562,SUP00177,DPT003,PO0002902,2024-10-11,4857.82,DZD,30,2024-11-10,Validated,0,0,0,30,0
INV0007035,FCT-789044,SUP00029,DPT004,,2024-11-21,52034.93,USD,30,2024-12-21,Validated,1,0,0,30,0
INV0007036,FCT-488992,SUP00003,DPT008,PO0004601,2024-09-27,107739.44,DZD,30,2024-10-27,Validated,0,0,1,30,0
INV0007037,FCT-986735,SUP00305,DPT008,PO0002956,2024-03-31,2451.69,DZD,30,2024-04-30,Validated,0,0,0,30,0
INV0007038,FCT-321341,SUP00293,DPT001,PO0000507,2024-09-13,5739.86,DZD,30,2024-10-13,Validated,0,0,0,30,0
INV0007039,FCT-890863,SUP00088,DPT004,PO0004042,2024-10-12,4847.11,DZD,30,2024-11-11,Validated,0,0,0,30,0
INV0007040,FCT-998606,SUP00265,DPT009,PO0000379,2024-05-30,5872.76,DZD,30,2024-06-29,Validated,0,0,0,30,0
INV0007041,FCT-365216,SUP00004,DPT003,,2024-08-27,38898.13,DZD,45,2024-10-11,Validated,1,0,0,45,0
INV0007042,FCT-836660,SUP00025,DPT002,PO0004456,2024-06-29,3829.47,EUR,30,2024-07-29,Validated,0,0,0,30,0
INV0007043,FCT-373781,SUP00017,DPT009,PO0005127,2024-05-29,2442.51,DZD,30,2024-06-28,Validated,0,0,0,30,0
INV0007044,FCT-887347,SUP00003,DPT002,PO0004056,2024-08-30,3600.19,DZD,45,2024-10-14,Validated,0,0,0,45,0
INV0007045,FCT-499456,SUP00008,DPT008,PO0001332,2024-12-21,4839.58,DZD,30,2025-01-20,Validated,0,0,0,30,0
INV0007046,FCT-425712,SUP00002,DPT006,PO0000733,2024-12-14,14552.74,DZD,60,2025-02-12,Validated,0,0,0,60,0
INV0007047,FCT-751796,SUP00242,DPT001,PO0004185,2024-01-07,6936.69,DZD,90,2024-04-06,Validated,0,0,0,90,0
INV0007048,FCT-305310,SUP00149,DPT001,,2024-04-13,12902.29,DZD,30,2024-05-13,Validated,1,0,0,30,0
INV0007049,FCT-136877,SUP00055,DPT001,PO0001387,2024-10-30,20280.41,DZD,30,2024-11-29,Validated,0,0,0,30,0
INV0007050,FCT-918500,SUP00003,DPT003,PO0002840,2024-09-29,4343.8,DZD,30,2024-10-29,Validated,0,0,0,30,0
INV0007051,FCT-965565,SUP00001,DPT011,,2024-09-25,5539.04,USD,45,2024-11-09,Pending Review,1,0,0,45,0
INV0007052,FCT-140679,SUP00087,DPT002,,2024-08-12,10558.56,DZD,60,2024-10-11,Validated,1,0,0,60,0
INV0007053,FCT-732388,SUP00005,DPT008,,2024-06-05,2955.15,DZD,30,2024-07-05,Validated,1,0,0,30,0
INV0007054,FCT-199607,SUP00003,DPT005,PO0002285,2024-08-19,6316.97,DZD,45,2024-10-03,Validated,0,0,0,45,0
INV0007055,FCT-865580,SUP00006,DPT006,PO0001275,2024-10-29,20278.88,DZD,90,2025-01-27,Disputed,0,0,0,90,0
INV0007056,FCT-308569,SUP00247,DPT002,PO0004882,2024-02-04,6908.37,DZD,60,2024-04-04,Validated,0,0,0,60,0
INV0007057,FCT-721069,SUP00291,DPT003,PO0004493,2024-01-05,26021.13,DZD,15,2024-01-20,Validated,0,0,0,15,0
INV0007058,FCT-256277,SUP00051,DPT005,PO0002023,2024-10-05,2105.57,DZD,30,2024-11-04,Validated,0,0,0,30,0
INV0007059,FCT-928750,SUP00030,DPT002,,2024-01-23,8856.03,DZD,30,2024-02-22,Validated,1,0,0,30,0
INV0007060,FCT-337828,SUP00009,DPT009,,2024-05-29,11669.55,USD,30,2024-06-28,Validated,1,0,0,30,0
INV0007061,FCT-835331,SUP00264,DPT005,PO0004180,2024-02-14,8640.05,DZD,30,2024-03-15,Validated,0,0,0,30,0
INV0007062,FCT-860199,SUP00110,DPT008,,2024-04-30,4310.75,DZD,30,2024-05-30,Validated,1,0,0,30,0
INV0007063,FCT-492361,SUP00247,DPT001,PO0001197,2024-03-08,1121.33,DZD,30,2024-04-07,Validated,0,0,0,30,0
INV0007064,FCT-222703,SUP00012,DPT003,PO0001865,2024-06-06,21721.16,EUR,15,2024-06-21,Validated,0,0,0,15,0
INV0007065,FCT-737984,SUP00130,DPT001,PO0005135,2024-01-05,1184.96,DZD,15,2024-01-20,Validated,0,0,0,15,0
INV0007066,FCT-157035,SUP00001,DPT002,PO0001837,2024-11-14,1291.74,DZD,45,2024-12-29,Validated,0,0,0,45,0
INV0007067,FCT-947905,SUP00229,DPT011,PO0004326,2024-09-14,11712.94,DZD,60,2024-11-13,Disputed,0,0,0,60,0
INV0007068,FCT-434948,SUP00008,DPT001,PO0003997,2024-08-26,3926.11,EUR,30,2024-09-25,Validated,0,0,0,30,0
INV0007069,FCT-950514,SUP00167,DPT007,,2024-10-10,7081.3,EUR,90,2025-01-08,Validated,1,0,0,90,0
INV0007070,FCT-120022,SUP00093,DPT009,PO0003504,2024-01-04,1372.79,DZD,45,2024-02-18,Validated,0,0,0,45,0
INV0007071,FCT-910191,SUP00083,DPT007,PO0001322,2024-07-16,8393.8,DZD,45,2024-08-30,Validated,0,0,0,45,0
INV0007072,FCT-230583,SUP00026,DPT003,PO0001331,2024-03-26,15703.55,DZD,90,2024-06-24,Validated,0,0,0,90,0
INV0007073,FCT-775091,SUP00001,DPT003,PO0004076,2024-11-10,996.86,DZD,30,2024-12-10,Validated,0,0,0,30,0
INV0007074,FCT-445317,SUP00014,DPT011,PO0003845,2024-09-10,25000.0,USD,15,2024-09-25,Validated,0,1,0,15,0
INV0007075,FCT-671234,SUP00219,DPT005,PO0002941,2024-01-29,16943.78,DZD,90,2024-04-28,Validated,0,0,0,90,0
INV0007076,FCT-292410,SUP00013,DPT001,PO0004652,2024-11-15,1294.61,DZD,30,2024-12-15,Pending Review,0,0,0,30,0
INV0007077,FCT-594860,SUP00253,DPT004,PO0000510,2024-08-06,7090.39,DZD,60,2024-10-05,Validated,0,0,0,60,0
INV0007078,FCT-627561,SUP00211,DPT001,PO0004904,2024-07-15,6368.8,DZD,45,2024-08-29,Validated,0,0,0,45,0
INV0007079,FCT-271097,SUP00263,DPT012,PO0002936,2024-02-17,9047.6,EUR,45,2024-04-02,Validated,0,0,0,45,0
INV0007080,FCT-732425,SUP00015,DPT002,,2024-08-04,4387.93,DZD,30,2024-09-03,Validated,1,0,0,30,0
INV0007081,FCT-512788,SUP00071,DPT004,PO0003781,2024-05-17,1124.33,DZD,60,2024-07-16,Validated,0,0,0,60,0
INV0007082,FCT-466804,SUP00160,DPT006,PO0004780,2024-04-12,3801.57,DZD,45,2024-05-27,Pending Review,0,0,0,45,0
INV0007083,FCT-221268,SUP00047,DPT006,PO0002981,2024-03-19,3168.42,DZD,30,2024-04-18,Validated,0,0,0,30,0
INV0007084,FCT-162052,SUP00289,DPT011,,2024-02-21,5552.4,DZD,30,2024-03-22,Validated,1,0,0,30,0
INV0007085,FCT-238225,SUP00223,DPT001,PO0001906,2024-10-31,24001.9,USD,45,2024-12-15,Validated,0,0,0,45,0
INV0007086,FCT-648788,SUP00009,DPT003,PO0005126,2024-06-08,1086.41,DZD,15,2024-06-23,Pending Review,0,0,0,15,0
INV0007087,FCT-241956,SUP00172,DPT009,PO0001720,2024-04-07,18119.77,DZD,45,2024-05-22,Validated,0,0,0,45,0
INV0007088,FCT-172560,SUP00088,DPT002,PO0004123,2024-07-15,45862.83,DZD,45,2024-08-29,Validated,0,0,0,45,0
INV0007089,FCT-525494,SUP00005,DPT002,PO0004868,2024-05-01,42746.24,DZD,60,2024-06-30,Validated,0,0,0,60,0
INV0007090,FCT-814278,SUP00007,DPT004,PO0001474,2024-07-25,47061.91,DZD,60,2024-09-23,Validated,0,0,0,60,0
INV0007091,FCT-178288,SUP00117,DPT004,,2024-01-13,7491.58,DZD,30,2024-02-12,Validated,1,0,0,30,0
INV0007092,FCT-616565,SUP00107,DPT008,PO0004603,2024-03-10,6522.67,EUR,30,2024-04-09,Validated,0,0,0,30,0
INV0007093,FCT-873232,SUP00109,DPT001,PO0004460,2024-08-27,750.34,EUR,60,2024-10-26,Validated,0,0,0,60,0
INV0007094,FCT-930756,SUP00145,DPT002,PO0003513,2024-01-29,4674.97,DZD,30,2024-02-28,Validated,0,0,0,30,0
INV0007095,FCT-915860,SUP00010,DPT003,PO0004041,2024-12-22,22082.15,DZD,30,2025-01-21,Validated,0,0,0,30,0
INV0007096,FCT-917239,SUP00002,DPT012,PO0000892,2024-05-02,1171.17,DZD,30,2024-06-01,Validated,0,0,0,30,0
INV0007097,FCT-708351,SUP00231,DPT002,,2024-07-28,10000.0,USD,30,2024-08-27,Validated,1,1,0,30,0
INV0007098,FCT-783843,SUP00003,DPT011,PO0003825,2024-10-20,6809.01,DZD,45,2024-12-04,Validated,0,0,0,45,0
INV0007099,FCT-566401,SUP00265,DPT003,PO0002975,2024-06-25,15000.0,DZD,30,2024-07-25,Validated,0,1,0,30,0
INV0007100,FCT-739107,SUP00228,DPT003,PO0003303,2024-04-09,48870.74,DZD,30,2024-05-09,Validated,0,0,0,30,0
INV0007101,FCT-958404,SUP00007,DPT001,PO0003517,2024-11-10,11746.02,DZD,45,2024-12-25,Validated,0,0,0,45,0
INV0007102,FCT-260623,SUP00008,DPT002,,2024-09-06,8908.05,DZD,30,2024-10-06,Validated,1,0,0,30,0
INV0007103,FCT-389597,SUP00147,DPT004,PO0004885,2024-09-17,15222.25,DZD,30,2024-10-17,Validated,0,0,0,30,0
INV0007104,FCT-573503,SUP00028,DPT001,PO0002776,2024-04-04,4066.05,DZD,30,2024-05-04,Validated,0,0,0,30,0
INV0007105,FCT-643663,SUP00023,DPT005,,2024-02-01,8283.08,DZD,30,2024-03-02,Validated,1,0,0,30,0
INV0007106,FCT-862003,SUP00176,DPT004,PO0002218,2024-03-26,1951.79,DZD,45,2024-05-10,Pending Review,0,0,0,45,0
INV0007107,FCT-818334,SUP00248,DPT012,,2024-09-25,418.18,DZD,30,2024-10-25,Validated,1,0,0,30,0
INV0007108,FCT-334097,SUP00128,DPT002,PO0004369,2024-03-18,5782.97,EUR,30,2024-04-17,Pending Review,0,0,0,30,0
INV0007109,FCT-762682,SUP00135,DPT006,PO0002769,2024-10-12,37027.43,EUR,45,2024-11-26,Validated,0,0,0,45,0
INV0007110,FCT-125688,SUP00057,DPT003,PO0003805,2024-06-05,41184.72,DZD,45,2024-07-20,Validated,0,0,0,45,0
INV0007111,FCT-859515,SUP00155,DPT002,PO0004691,2024-04-21,4831.8,DZD,45,2024-06-05,Pending Review,0,0,0,45,0
INV0007112,FCT-411316,SUP00182,DPT001,PO0000927,2024-04-08,4367.54,EUR,15,2024-04-23,Pending Review,0,0,0,15,0
INV0007113,FCT-309715,SUP00198,DPT002,PO0003404,2024-01-25,1003.46,DZD,45,2024-03-10,Validated,0,0,0,45,0
INV0007114,FCT-458604,SUP00319,DPT006,PO0004222,2024-05-12,20365.03,DZD,60,2024-07-11,Validated,0,0,0,60,0
INV0007115,FCT-821572,SUP00093,DPT001,PO0001175,2024-12-07,9765.29,DZD,30,2025-01-06,Validated,0,0,0,30,0
INV0007116,FCT-959862,SUP00015,DPT002,PO0004593,2024-07-29,4829.68,DZD,30,2024-08-28,Validated,0,0,0,30,0
INV0007117,FCT-131885,SUP00025,DPT008,PO0004505,2024-10-11,621.27,DZD,45,2024-11-25,Disputed,0,0,0,45,0
INV0007118,FCT-819653,SUP00002,DPT001,PO0004779,2024-10-30,755.11,DZD,45,2024-12-14,Validated,0,0,0,45,0
INV0007119,FCT-596257,SUP00016,DPT003,PO0004682,2024-09-13,6966.53,DZD,30,2024-10-13,Validated,0,0,0,30,0
INV0007120,FCT-278682,SUP00019,DPT001,PO0001233,2024-10-06,1018.48,USD,45,2024-11-20,Pending Review,0,0,0,45,0
INV0007121,FCT-108682,SUP00239,DPT012,PO0003604,2024-06-06,11146.56,USD,45,2024-07-21,Validated,0,0,0,45,0
INV0007122,FCT-442037,SUP00012,DPT005,PO0004897,2024-06-08,11789.36,DZD,30,2024-07-08,Validated,0,0,0,30,0
INV0007123,FCT-414375,SUP00143,DPT001,PO0005134,2024-06-02,1323.66,EUR,30,2024-07-02,Validated,0,0,0,30,0
INV0007124,FCT-831112,SUP00026,DPT003,PO0003008,2024-04-20,6346.1,DZD,30,2024-05-20,Validated,0,0,0,30,0
INV0007125,FCT-621388,SUP00081,DPT009,PO0002536,2024-01-17,2039.0,DZD,30,2024-02-16,Validated,0,0,0,30,0
INV0007126,FCT-788421,SUP00246,DPT008,PO0000084,2024-08-27,17722.11,DZD,15,2024-09-11,Validated,0,0,0,15,0
INV0007127,FCT-739350,SUP00062,DPT004,PO0001940,2024-08-24,264180.6,USD,30,2024-09-23,Validated,0,0,1,30,0
INV0007128,FCT-343190,SUP00010,DPT009,,2024-06-07,5235.62,DZD,15,2024-06-22,Validated,1,0,0,15,0
INV0007129,FCT-548260,SUP00238,DPT010,PO0003017,2024-08-30,32840.06,DZD,15,2024-09-14,Validated,0,0,0,15,0
INV0007130,FCT-778111,SUP00156,DPT003,PO0005053,2024-10-03,19574.93,DZD,30,2024-11-02,Validated,0,0,0,30,0
INV0007131,FCT-953323,SUP00035,DPT002,PO0001911,2024-11-27,5490.59,DZD,90,2025-02-25,Validated,0,0,0,90,0
INV0007132,FCT-491129,SUP00020,DPT009,PO0004833,2024-11-09,15000.0,DZD,45,2024-12-24,Validated,0,1,0,45,0
INV0007133,FCT-560247,SUP00014,DPT004,PO0001581,2024-05-04,1400.47,DZD,30,2024-06-03,Validated,0,0,0,30,0
INV0007134,FCT-380226,SUP00227,DPT009,PO0002324,2024-04-14,7033.15,DZD,30,2024-05-14,Disputed,0,0,0,30,0
INV0007135,FCT-164531,SUP00057,DPT001,PO0001756,2024-06-22,4251.34,DZD,45,2024-08-06,Validated,0,0,0,45,0
INV0007136,FCT-380485,SUP00005,DPT009,PO0000419,2024-05-20,28666.12,DZD,30,2024-06-19,Validated,0,0,0,30,0
INV0007137,FCT-263421,SUP00013,DPT008,,2024-09-02,2920.47,DZD,30,2024-10-02,Validated,1,0,0,30,0
INV0007138,FCT-678119,SUP00028,DPT008,PO0003581,2024-01-11,1785.79,DZD,60,2024-03-11,Disputed,0,0,0,60,0
INV0007139,FCT-860798,SUP00020,DPT011,,2024-04-07,1866.64,DZD,30,2024-05-07,Validated,1,0,0,30,0
INV0007140,FCT-617627,SUP00309,DPT007,,2024-06-05,16058.86,DZD,30,2024-07-05,Validated,1,0,0,30,0
INV0007141,FCT-950674,SUP00007,DPT012,PO0000256,2024-02-05,4858.38,USD,45,2024-03-21,Validated,0,0,0,45,0
INV0007142,FCT-433666,SUP00178,DPT004,PO0002216,2024-06-08,865.67,USD,30,2024-07-08,Validated,0,0,0,30,0
INV0007143,FCT-702153,SUP00035,DPT001,,2024-02-26,19279.11,DZD,45,2024-04-11,Validated,1,0,0,45,0
INV0007144,FCT-232463,SUP00231,DPT002,PO0000885,2024-11-30,1056.69,DZD,60,2025-01-29,Validated,0,0,0,60,0
INV0007145,FCT-769694,SUP00038,DPT005,PO0000760,2024-02-07,3194.71,DZD,60,2024-04-07,Validated,0,0,0,60,0
INV0007146,FCT-408468,SUP00026,DPT002,PO0000594,2024-05-28,4711.15,DZD,30,2024-06-27,Validated,0,0,0,30,0
INV0007147,FCT-657039,SUP00082,DPT006,PO0000899,2024-04-04,1702.5,DZD,60,2024-06-03,Validated,0,0,0,60,0
INV0007148,FCT-254573,SUP00320,DPT003,,2024-06-04,852.9,DZD,45,2024-07-19,Validated,1,0,0,45,0
INV0007149,FCT-674761,SUP00007,DPT002,PO0003542,2024-09-23,15297.12,DZD,45,2024-11-07,Validated,0,0,0,45,0
INV0007150,FCT-743208,SUP00008,DPT002,PO0000598,2024-04-30,10000.0,DZD,45,2024-06-14,Validated,0,1,0,45,0
INV0007151,FCT-923156,SUP00008,DPT007,PO0000318,2024-09-22,6386.17,DZD,30,2024-10-22,Validated,0,0,0,30,0
INV0007152,FCT-230300,SUP00006,DPT005,PO0004567,2024-02-07,9137.4,DZD,45,2024-03-23,Validated,0,0,0,45,0
INV0007153,FCT-492144,SUP00073,DPT007,PO0004151,2024-12-24,100000.0,DZD,60,2025-02-22,Pending Review,0,1,1,60,0
INV0007154,FCT-562305,SUP00005,DPT009,PO0001999,2024-08-08,10940.65,EUR,30,2024-09-07,Validated,0,0,0,30,0
INV0007155,FCT-700318,SUP00022,DPT004,PO0000466,2024-11-29,9659.06,DZD,30,2024-12-29,Validated,0,0,0,30,0
INV0007156,FCT-215571,SUP00249,DPT006,,2024-03-18,9983.54,DZD,45,2024-05-02,Validated,1,0,0,45,0
INV0007157,FCT-706311,SUP00025,DPT011,PO0002584,2024-09-09,9943.0,USD,30,2024-10-09,Validated,0,0,0,30,0
INV0007158,FCT-218696,SUP00299,DPT011,PO0001666,2024-07-09,18833.11,USD,45,2024-08-23,Validated,0,0,0,45,0
INV0007159,FCT-456594,SUP00107,DPT002,,2024-04-12,5253.24,DZD,30,2024-05-12,Validated,1,0,0,30,0
INV0007160,FCT-315685,SUP00188,DPT004,PO0002920,2024-10-07,6453.66,DZD,30,2024-11-06,Disputed,0,0,0,30,0
INV0007161,FCT-503821,SUP00292,DPT005,PO0001773,2024-06-30,1293.25,DZD,30,2024-07-30,Validated,0,0,0,30,0
INV0007162,FCT-510962,SUP00035,DPT012,PO0004179,2024-09-24,13207.43,DZD,15,2024-10-09,Validated,0,0,0,15,0
INV0007163,FCT-388251,SUP00006,DPT007,PO0001427,2024-01-08,2782.3,DZD,15,2024-01-23,Disputed,0,0,0,15,0
INV0007164,FCT-822905,SUP00013,DPT007,PO0003137,2024-02-09,3022.32,DZD,60,2024-04-09,Validated,0,0,0,60,0
INV0007165,FCT-958411,SUP00288,DPT002,,2024-10-17,3750.62,EUR,30,2024-11-16,Disputed,1,0,0,30,0
INV0007166,FCT-986311,SUP00085,DPT001,PO0003523,2024-06-02,1749.12,DZD,45,2024-07-17,Validated,0,0,0,45,0
INV0007167,FCT-218510,SUP00009,DPT003,,2024-03-12,5310.81,DZD,30,2024-04-11,Validated,1,0,0,30,0
INV0007168,FCT-622664,SUP00030,DPT002,PO0004485,2024-10-18,15488.09,EUR,45,2024-12-02,Validated,0,0,0,45,0
INV0007169,FCT-328313,SUP00007,DPT011,PO0003012,2024-02-25,1671.4,DZD,15,2024-03-11,Validated,0,0,0,15,0
INV0007170,FCT-937073,SUP00159,DPT001,,2024-01-03,5889.52,DZD,30,2024-02-02,Pending Review,1,0,0,30,0
INV0007171,FCT-795376,SUP00010,DPT003,PO0004055,2024-07-20,12917.9,DZD,30,2024-08-19,Validated,0,0,0,30,0
INV0007172,FCT-866352,SUP00313,DPT002,PO0002391,2024-02-23,346.48,DZD,45,2024-04-08,Validated,0,0,0,45,0
INV0007173,FCT-408446,SUP00238,DPT001,,2024-09-15,50638.4,DZD,30,2024-10-15,Validated,1,0,0,30,0
INV0007174,FCT-227812,SUP00058,DPT005,PO0003628,2024-06-01,3528.81,DZD,45,2024-07-16,Pending Review,0,0,0,45,0
INV0007175,FCT-723630,SUP00186,DPT004,PO0000991,2024-11-28,2048.33,DZD,45,2025-01-12,Validated,0,0,0,45,0
INV0007176,FCT-634690,SUP00010,DPT006,PO0002044,2024-07-03,6593.08,DZD,15,2024-07-18,Validated,0,0,0,15,0
INV0007177,FCT-754194,SUP00020,DPT011,PO0002087,2024-03-13,2762.36,DZD,45,2024-04-27,Validated,0,0,0,45,0
INV0007178,FCT-443333,SUP00280,DPT001,,2024-07-09,5534.45,DZD,30,2024-08-08,Pending Review,1,0,0,30,0
INV0007179,FCT-597558,SUP00017,DPT001,PO0004453,2024-08-24,2536.69,DZD,45,2024-10-08,Validated,0,0,0,45,0
INV0007180,FCT-161632,SUP00007,DPT001,PO0003813,2024-11-21,21936.6,DZD,45,2025-01-05,Validated,0,0,0,45,0
INV0007181,FCT-467662,SUP00027,DPT002,,2024-02-16,131452.52,DZD,45,2024-04-01,Validated,1,0,1,45,0
INV0007182,FCT-692388,SUP00031,DPT011,PO0001592,2024-09-30,13786.19,DZD,90,2024-12-29,Validated,0,0,0,90,0
INV0007183,FCT-731050,SUP00016,DPT003,PO0003000,2024-08-07,7551.52,USD,45,2024-09-21,Validated,0,0,0,45,0
INV0007184,FCT-463215,SUP00108,DPT004,,2024-12-13,3181.55,DZD,45,2025-01-27,Validated,1,0,0,45,0
INV0007185,FCT-109229,SUP00010,DPT009,,2024-08-01,20341.77,DZD,15,2024-08-16,Validated,1,0,0,15,1
INV0007186,FCT-480996,SUP00091,DPT010,PO0002176,2024-12-18,2481.33,DZD,30,2025-01-17,Pending Review,0,0,0,30,0
INV0007187,FCT-737601,SUP00207,DPT011,,2024-07-24,8659.19,DZD,30,2024-08-23,Validated,1,0,0,30,0
INV0007188,FCT-200785,SUP00006,DPT002,PO0000266,2024-01-19,3300.74,DZD,45,2024-03-04,Validated,0,0,0,45,0
INV0007189,FCT-618593,SUP00124,DPT002,PO0004959,2024-02-12,1415.27,DZD,15,2024-02-27,Validated,0,0,0,15,0
INV0007190,FCT-952177,SUP00177,DPT003,PO0005082,2024-02-06,4698.54,DZD,30,2024-03-07,Pending Review,0,0,0,30,0
INV0007191,FCT-859209,SUP00023,DPT003,PO0000289,2024-07-13,1933.14,EUR,90,2024-10-11,Validated,0,0,0,90,0
INV0007192,FCT-278649,SUP00037,DPT002,,2024-10-21,32759.09,DZD,45,2024-12-05,Validated,1,0,0,45,0
INV0007193,FCT-766809,SUP00027,DPT011,PO0000427,2024-07-26,2521.89,DZD,45,2024-09-09,Validated,0,0,0,45,0
INV0007194,FCT-364386,SUP00081,DPT006,PO0005187,2024-12-07,5168.2,DZD,30,2025-01-06,Validated,0,0,0,30,0
INV0007195,FCT-605711,SUP00146,DPT009,PO0000038,2024-07-02,2844.28,DZD,60,2024-08-31,Validated,0,0,0,60,0
INV0007196,FCT-704401,SUP00013,DPT004,PO0001523,2024-09-06,1450.08,DZD,45,2024-10-21,Validated,0,0,0,45,0
INV0007197,FCT-802815,SUP00088,DPT009,PO0000961,2024-03-14,13188.4,DZD,30,2024-04-13,Validated,0,0,0,30,0
INV0007198,FCT-444927,SUP00053,DPT002,PO0000552,2024-01-04,5384.12,DZD,60,2024-03-04,Pending Review,0,0,0,60,0
INV0007199,FCT-252875,SUP00030,DPT007,PO0004863,2024-09-18,88851.55,EUR,15,2024-10-03,Validated,0,0,0,15,0
INV0007200,FCT-889768,SUP00254,DPT001,PO0002566,2024-02-04,20021.7,DZD,30,2024-03-05,Validated,0,0,0,30,0
INV0007201,FCT-456766,SUP00237,DPT012,PO0002154,2024-12-15,6506.49,EUR,45,2025-01-29,Validated,0,0,0,45,0
INV0007202,FCT-490417,SUP00051,DPT005,PO0003226,2024-12-18,9154.78,DZD,45,2025-02-01,Validated,0,0,0,45,0
INV0007203,FCT-578499,SUP00007,DPT012,,2024-03-19,5412.37,DZD,30,2024-04-18,Pending Review,1,0,0,30,0
INV0007204,FCT-216186,SUP00008,DPT009,,2024-02-02,1842.0,DZD,30,2024-03-03,Validated,1,0,0,30,0
INV0007205,FCT-794340,SUP00253,DPT004,PO0003166,2024-11-20,1149.97,DZD,30,2024-12-20,Validated,0,0,0,30,0
INV0007206,FCT-925729,SUP00249,DPT003,PO0004923,2024-11-24,1783.19,DZD,45,2025-01-08,Validated,0,0,0,45,0
INV0007207,FCT-277921,SUP00009,DPT006,PO0003090,2024-07-15,27945.46,DZD,45,2024-08-29,Validated,0,0,0,45,0
INV0007208,FCT-715668,SUP00273,DPT001,PO0000824,2024-05-16,8068.07,DZD,30,2024-06-15,Validated,0,0,0,30,0
INV0007209,FCT-735109,SUP00024,DPT012,PO0002362,2024-06-13,11133.97,DZD,30,2024-07-13,Validated,0,0,0,30,0
INV0007210,FCT-427820,SUP00006,DPT002,PO0000513,2024-12-05,14842.07,DZD,15,2024-12-20,Validated,0,0,0,15,0
INV0007211,FCT-348454,SUP00040,DPT007,PO0003203,2024-07-20,4769.01,DZD,90,2024-10-18,Validated,0,0,0,90,0
INV0007212,FCT-509013,SUP00302,DPT005,,2024-03-13,2991.65,DZD,30,2024-04-12,Validated,1,0,0,30,0
INV0007213,FCT-278711,SUP00002,DPT006,PO0004586,2024-09-07,61247.07,DZD,90,2024-12-06,Validated,0,0,0,90,0
INV0007214,FCT-482536,SUP00005,DPT007,PO0000606,2024-12-20,11052.95,DZD,30,2025-01-19,Disputed,0,0,0,30,0
INV0007215,FCT-459135,SUP00120,DPT007,PO0002958,2024-01-21,885.36,DZD,15,2024-02-05,Validated,0,0,0,15,0
INV0007216,FCT-502477,SUP00133,DPT001,PO0002013,2024-07-09,797.55,DZD,60,2024-09-07,Validated,0,0,0,60,0
INV0007217,FCT-277084,SUP00146,DPT008,PO0002566,2024-07-14,14221.63,EUR,45,2024-08-28,Validated,0,0,0,45,0
INV0007218,FCT-956597,SUP00182,DPT007,,2024-10-07,2173.39,DZD,60,2024-12-06,Validated,1,0,0,60,0
INV0007219,FCT-492713,SUP00011,DPT006,PO0001973,2024-07-22,5168.0,DZD,45,2024-09-05,Validated,0,0,0,45,0
INV0007220,FCT-584415,SUP00003,DPT003,PO0000826,2024-03-17,484.93,DZD,15,2024-04-01,Disputed,0,0,0,15,0
INV0007221,FCT-588047,SUP00021,DPT009,PO0003311,2024-08-10,3524.07,DZD,30,2024-09-09,Validated,0,0,0,30,0
INV0007222,FCT-456573,SUP00006,DPT002,PO0001241,2024-02-18,17138.22,DZD,30,2024-03-19,Validated,0,0,0,30,0
INV0007223,FCT-434244,SUP00164,DPT007,PO0002214,2024-07-12,3243.57,DZD,45,2024-08-26,Disputed,0,0,0,45,0
INV0007224,FCT-272274,SUP00017,DPT011,,2024-03-26,1562.86,DZD,90,2024-06-24,Validated,1,0,0,90,0
INV0007225,FCT-946439,SUP00284,DPT009,PO0004751,2024-12-30,4532.57,USD,30,2025-01-29,Validated,0,0,0,30,0
INV0007226,FCT-790364,SUP00070,DPT012,PO0004944,2024-09-29,6247.91,DZD,30,2024-10-29,Pending Review,0,0,0,30,0
INV0007227,FCT-706637,SUP00081,DPT005,PO0002312,2024-09-29,4002.95,DZD,60,2024-11-28,Validated,0,0,0,60,0
INV0007228,FCT-665581,SUP00258,DPT006,PO0000019,2024-01-01,977.39,USD,30,2024-01-31,Validated,0,0,0,30,0
INV0007229,FCT-463334,SUP00002,DPT001,PO0001947,2024-06-05,9436.79,USD,45,2024-07-20,Validated,0,0,0,45,0
INV0007230,FCT-690015,SUP00027,DPT005,PO0001527,2024-09-08,3102.87,DZD,30,2024-10-08,Validated,0,0,0,30,0
INV0007231,FCT-952064,SUP00009,DPT004,PO0004983,2024-06-27,7335.47,DZD,45,2024-08-11,Validated,0,0,0,45,0
INV0007232,FCT-194920,SUP00099,DPT002,PO0000959,2024-02-07,1953.05,DZD,90,2024-05-07,Pending Review,0,0,0,90,0
INV0007233,FCT-385933,SUP00002,DPT005,PO0002828,2024-07-10,25154.04,DZD,45,2024-08-24,Validated,0,0,0,45,0
INV0007234,FCT-250435,SUP00262,DPT012,,2024-08-29,13621.44,DZD,30,2024-09-28,Validated,1,0,0,30,0
INV0007235,FCT-675404,SUP00245,DPT008,PO0004886,2024-09-20,3969.43,DZD,90,2024-12-19,Validated,0,0,0,90,0
INV0007236,FCT-373403,SUP00057,DPT009,PO0000397,2024-04-20,8517.34,DZD,30,2024-05-20,Pending Review,0,0,0,30,0
INV0007237,FCT-523277,SUP00171,DPT002,PO0002906,2024-07-31,39383.37,DZD,30,2024-08-30,Pending Review,0,0,0,30,0
INV0007238,FCT-157783,SUP00001,DPT002,,2024-11-24,23186.53,DZD,45,2025-01-08,Validated,1,0,0,45,0
INV0007239,FCT-885356,SUP00209,DPT004,,2024-12-14,34051.74,DZD,45,2025-01-28,Validated,1,0,0,45,0
INV0007240,FCT-952949,SUP00004,DPT009,PO0001784,2024-04-24,25000.0,DZD,30,2024-05-24,Validated,0,1,0,30,0
INV0007241,FCT-494680,SUP00015,DPT002,PO0004455,2024-09-05,3218.67,USD,30,2024-10-05,Validated,0,0,0,30,0
INV0007242,FCT-613344,SUP00001,DPT001,PO0004632,2024-11-28,10000.0,DZD,30,2024-12-28,Validated,0,1,0,30,0
INV0007243,FCT-135592,SUP00261,DPT004,PO0000729,2024-01-28,42366.32,DZD,60,2024-03-28,Pending Review,0,0,0,60,0
INV0007244,FCT-823856,SUP00014,DPT012,PO0001460,2024-07-26,12046.11,DZD,30,2024-08-25,Validated,0,0,0,30,0
INV0007245,FCT-377063,SUP00006,DPT004,PO0003611,2024-10-02,2318.94,DZD,90,2024-12-31,Validated,0,0,0,90,0
INV0007246,FCT-447582,SUP00019,DPT007,,2024-03-20,6478.08,DZD,30,2024-04-19,Disputed,1,0,0,30,0
INV0007247,FCT-384206,SUP00002,DPT009,PO0004213,2024-04-18,14392.61,DZD,90,2024-07-17,Validated,0,0,0,90,0
INV0007248,FCT-579003,SUP00091,DPT003,PO0004694,2024-11-06,100000.0,DZD,30,2024-12-06,Validated,0,1,1,30,0
INV0007249,FCT-455435,SUP00125,DPT010,PO0002129,2024-03-02,14440.81,DZD,30,2024-04-01,Validated,0,0,0,30,0
INV0007250,FCT-777522,SUP00009,DPT004,PO0001378,2024-04-19,2944.41,DZD,30,2024-05-19,Validated,0,0,0,30,0
INV0007251,FCT-757657,SUP00278,DPT002,PO0000620,2024-10-31,4688.2,DZD,60,2024-12-30,Validated,0,0,0,60,0
INV0007252,FCT-380101,SUP00005,DPT009,PO0003980,2024-08-11,8887.34,DZD,30,2024-09-10,Validated,0,0,0,30,0
INV0007253,FCT-737310,SUP00005,DPT003,PO0000261,2024-08-23,9384.99,DZD,45,2024-10-07,Validated,0,0,0,45,0
INV0007254,FCT-828394,SUP00002,DPT003,PO0004625,2024-07-17,2899.17,DZD,60,2024-09-15,Validated,0,0,0,60,0
INV0007255,FCT-197545,SUP00007,DPT010,PO0004919,2024-05-18,358.84,DZD,30,2024-06-17,Validated,0,0,0,30,0
INV0007256,FCT-249867,SUP00022,DPT006,PO0003938,2024-10-13,218.49,DZD,30,2024-11-12,Validated,0,0,0,30,0
INV0007257,FCT-150870,SUP00144,DPT001,,2024-04-15,5688.52,DZD,30,2024-05-15,Disputed,1,0,0,30,0
INV0007258,FCT-957827,SUP00003,DPT001,PO0000294,2024-04-03,5000.0,DZD,30,2024-05-03,Validated,0,1,0,30,0
INV0007259,FCT-270530,SUP00093,DPT005,PO0000465,2024-06-15,4731.05,DZD,45,2024-07-30,Validated,0,0,0,45,0
INV0007260,FCT-887229,SUP00008,DPT001,PO0003997,2024-02-15,6250.51,DZD,45,2024-03-31,Validated,0,0,0,45,0
INV0007261,FCT-504482,SUP00020,DPT002,PO0001177,2024-08-17,37843.29,DZD,45,2024-10-01,Validated,0,0,0,45,0
INV0007262,FCT-383743,SUP00125,DPT001,,2024-11-29,3391.58,DZD,30,2024-12-29,Validated,1,0,0,30,0
INV0007263,FCT-617938,SUP00063,DPT009,PO0001437,2024-09-18,9134.47,EUR,45,2024-11-02,Validated,0,0,0,45,0
INV0007264,FCT-985840,SUP00116,DPT001,,2024-04-23,41625.74,DZD,60,2024-06-22,Validated,1,0,0,60,0
INV0007265,FCT-513823,SUP00028,DPT002,PO0003302,2024-02-05,1823.04,DZD,30,2024-03-06,Validated,0,0,0,30,0
INV0007266,FCT-157295,SUP00010,DPT011,PO0001968,2024-08-14,45976.97,EUR,15,2024-08-29,Validated,0,0,0,15,0
INV0007267,FCT-830816,SUP00002,DPT001,,2024-07-12,18339.2,DZD,90,2024-10-10,Validated,1,0,0,90,0
INV0007268,FCT-762833,SUP00142,DPT001,PO0000939,2024-11-13,4201.62,DZD,60,2025-01-12,Disputed,0,0,0,60,0
INV0007269,FCT-557042,SUP00101,DPT001,PO0004119,2024-06-26,325.31,DZD,45,2024-08-10,Pending Review,0,0,0,45,0
INV0007270,FCT-372626,SUP00002,DPT004,PO0001423,2024-01-30,29708.79,DZD,30,2024-02-29,Disputed,0,0,0,30,0
INV0007271,FCT-765885,SUP00019,DPT011,,2024-11-25,45972.4,DZD,30,2024-12-25,Validated,1,0,0,30,0
INV0007272,FCT-916574,SUP00010,DPT005,PO0000545,2024-04-16,2700.35,DZD,60,2024-06-15,Validated,0,0,0,60,0
INV0007273,FCT-989718,SUP00025,DPT002,,2024-10-08,49418.32,EUR,30,2024-11-07,Validated,1,0,0,30,0
INV0007274,FCT-330882,SUP00313,DPT003,PO0001445,2024-01-31,859.07,DZD,45,2024-03-16,Validated,0,0,0,45,0
INV0007275,FCT-690947,SUP00006,DPT007,PO0003961,2024-12-17,8395.28,DZD,45,2025-01-31,Disputed,0,0,0,45,0
INV0007276,FCT-562126,SUP00291,DPT003,PO0001104,2024-12-02,4894.03,DZD,45,2025-01-16,Disputed,0,0,0,45,0
INV0007277,FCT-656502,SUP00009,DPT006,PO0000751,2024-01-26,1289.84,DZD,45,2024-03-11,Validated,0,0,0,45,0
INV0007278,FCT-197896,SUP00025,DPT006,PO0003610,2024-12-09,4503.47,DZD,30,2025-01-08,Validated,0,0,0,30,0
INV0007279,FCT-788084,SUP00146,DPT003,PO0003497,2024-10-17,5793.68,DZD,30,2024-11-16,Pending Review,0,0,0,30,0
INV0007280,FCT-615277,SUP00215,DPT010,PO0001496,2024-11-26,1528.22,EUR,90,2025-02-24,Validated,0,0,0,90,0
INV0007281,FCT-554182,SUP00009,DPT007,PO0005095,2024-03-25,13048.93,DZD,30,2024-04-24,Validated,0,0,0,30,0
INV0007282,FCT-402979,SUP00213,DPT002,PO0004432,2024-05-13,2741.09,DZD,60,2024-07-12,Pending Review,0,0,0,60,0
INV0007283,FCT-925675,SUP00010,DPT003,,2024-07-02,3971.49,DZD,15,2024-07-17,Validated,1,0,0,15,0
INV0007284,FCT-843514,SUP00003,DPT004,PO0000498,2024-06-24,31695.83,DZD,30,2024-07-24,Validated,0,0,0,30,0
INV0007285,FCT-669656,SUP00024,DPT007,,2024-09-21,100000.0,DZD,60,2024-11-20,Validated,1,1,1,60,0
INV0007286,FCT-680923,SUP00025,DPT006,PO0005184,2024-11-29,445.44,DZD,60,2025-01-28,Pending Review,0,0,0,60,0
INV0007287,FCT-910846,SUP00004,DPT004,,2024-11-14,4495.02,DZD,45,2024-12-29,Validated,1,0,0,45,0
INV0007288,FCT-761352,SUP00006,DPT012,PO0000349,2024-11-19,6804.32,EUR,30,2024-12-19,Validated,0,0,0,30,0
INV0007289,FCT-538441,SUP00030,DPT009,PO0001994,2024-04-29,4547.62,DZD,45,2024-06-13,Validated,0,0,0,45,0
INV0007290,FCT-455138,SUP00007,DPT002,PO0000120,2024-01-05,16145.24,DZD,30,2024-02-04,Validated,0,0,0,30,0
INV0007291,FCT-307261,SUP00074,DPT001,,2024-03-05,9511.38,DZD,30,2024-04-04,Validated,1,0,0,30,0
INV0007292,FCT-738098,SUP00018,DPT005,PO0002173,2024-03-06,3012.7,DZD,45,2024-04-20,Validated,0,0,0,45,0
INV0007293,FCT-857599,SUP00003,DPT005,,2024-10-10,13372.55,DZD,45,2024-11-24,Validated,1,0,0,45,0
INV0007294,FCT-294942,SUP00010,DPT004,PO0003350,2024-05-29,10230.34,DZD,30,2024-06-28,Validated,0,0,0,30,0
INV0007295,FCT-262123,SUP00021,DPT002,,2024-05-17,9880.78,DZD,60,2024-07-16,Validated,1,0,0,60,0
INV0007296,FCT-545247,SUP00015,DPT002,,2024-09-30,4995.62,DZD,30,2024-10-30,Validated,1,0,0,30,0
INV0007297,FCT-966265,SUP00135,DPT010,,2024-01-27,8334.89,DZD,30,2024-02-26,Validated,1,0,0,30,0
INV0007298,FCT-587830,SUP00097,DPT011,PO0002602,2024-05-19,6805.23,DZD,45,2024-07-03,Validated,0,0,0,45,0
INV0007299,FCT-923856,SUP00238,DPT004,,2024-05-26,4250.01,DZD,30,2024-06-25,Validated,1,0,0,30,0
INV0007300,FCT-389873,SUP00055,DPT006,PO0004216,2024-03-16,10415.67,DZD,30,2024-04-15,Validated,0,0,0,30,0
INV0007301,FCT-442942,SUP00010,DPT001,PO0004913,2024-04-28,11386.47,DZD,30,2024-05-28,Validated,0,0,0,30,0
INV0007302,FCT-494391,SUP00027,DPT007,,2024-10-29,11392.34,DZD,45,2024-12-13,Validated,1,0,0,45,0
INV0007303,FCT-877430,SUP00016,DPT007,PO0003384,2024-09-07,12204.6,DZD,30,2024-10-07,Pending Review,0,0,0,30,0
INV0007304,FCT-887840,SUP00194,DPT001,,2024-05-04,451.61,DZD,30,2024-06-03,Validated,1,0,0,30,0
INV0007305,FCT-918653,SUP00006,DPT002,PO0004920,2024-11-14,16983.11,DZD,45,2024-12-29,Validated,0,0,0,45,0
INV0007306,FCT-532492,SUP00026,DPT006,PO0002492,2024-02-11,1980.88,DZD,30,2024-03-12,Validated,0,0,0,30,0
INV0007307,FCT-439559,SUP00158,DPT002,PO0003031,2024-11-17,21766.41,DZD,15,2024-12-02,Disputed,0,0,0,15,0
INV0007308,FCT-794504,SUP00214,DPT004,PO0002081,2024-08-19,1255.69,DZD,45,2024-10-03,Pending Review,0,0,0,45,0
INV0007309,FCT-900322,SUP00002,DPT002,PO0005136,2024-03-17,37020.52,DZD,60,2024-05-16,Validated,0,0,0,60,0
INV0007310,FCT-574188,SUP00213,DPT008,PO0003906,2024-11-11,487.24,DZD,15,2024-11-26,Validated,0,0,0,15,0
INV0007311,FCT-702730,SUP00033,DPT006,PO0001225,2024-02-21,8705.76,DZD,60,2024-04-21,Validated,0,0,0,60,0
INV0007312,FCT-114401,SUP00008,DPT012,PO0002488,2024-07-29,3942.14,DZD,30,2024-08-28,Validated,0,0,0,30,0
INV0007313,FCT-384258,SUP00204,DPT002,PO0003156,2024-08-03,10228.39,USD,30,2024-09-02,Pending Review,0,0,0,30,0
INV0007314,FCT-817776,SUP00002,DPT001,PO0000236,2024-12-29,43664.38,DZD,60,2025-02-27,Validated,0,0,0,60,0
INV0007315,FCT-517398,SUP00198,DPT012,PO0000906,2024-03-21,7880.33,DZD,30,2024-04-20,Disputed,0,0,0,30,0
INV0007316,FCT-974883,SUP00002,DPT005,PO0002342,2024-11-15,17685.77,DZD,60,2025-01-14,Validated,0,0,0,60,0
INV0007317,FCT-926547,SUP00299,DPT002,PO0004752,2024-02-21,35059.1,DZD,30,2024-03-22,Validated,0,0,0,30,0
INV0007318,FCT-904440,SUP00121,DPT002,PO0004071,2024-01-14,2945.73,EUR,60,2024-03-14,Validated,0,0,0,60,0
INV0007319,FCT-675105,SUP00277,DPT009,PO0003620,2024-04-30,9102.6,EUR,30,2024-05-30,Validated,0,0,0,30,0
INV0007320,FCT-845504,SUP00195,DPT008,PO0004473,2024-09-22,28948.68,DZD,30,2024-10-22,Validated,0,0,0,30,0
INV0007321,FCT-683215,SUP00300,DPT004,PO0004804,2024-03-12,9006.11,DZD,45,2024-04-26,Validated,0,0,0,45,0
INV0007322,FCT-471482,SUP00105,DPT003,,2024-01-27,3058.06,DZD,60,2024-03-27,Pending Review,1,0,0,60,0
INV0007323,FCT-753943,SUP00005,DPT009,PO0002692,2024-07-22,10854.42,EUR,45,2024-09-05,Validated,0,0,0,45,0
INV0007324,FCT-501101,SUP00213,DPT001,PO0003932,2024-01-02,6850.7,DZD,30,2024-02-01,Validated,0,0,0,30,0
INV0007325,FCT-772212,SUP00163,DPT008,PO0000477,2024-08-25,10782.52,USD,60,2024-10-24,Validated,0,0,0,60,0
INV0007326,FCT-515859,SUP00021,DPT011,PO0001571,2024-09-30,3269.19,DZD,60,2024-11-29,Disputed,0,0,0,60,0
INV0007327,FCT-403091,SUP00140,DPT007,PO0001317,2024-09-30,7931.01,DZD,30,2024-10-30,Validated,0,0,0,30,0
INV0007328,FCT-480365,SUP00158,DPT005,PO0002740,2024-02-03,5113.16,DZD,45,2024-03-19,Validated,0,0,0,45,0
INV0007329,FCT-864871,SUP00010,DPT001,PO0001149,2024-07-12,3398.23,USD,30,2024-08-11,Validated,0,0,0,30,0
INV0007330,FCT-492343,SUP00153,DPT005,PO0005170,2024-04-27,27071.47,DZD,60,2024-06-26,Validated,0,0,0,60,0
INV0007331,FCT-629031,SUP00002,DPT002,PO0003678,2024-02-14,3325.1,USD,45,2024-03-30,Validated,0,0,0,45,0
INV0007332,FCT-813822,SUP00013,DPT011,PO0003824,2024-02-29,2518.51,DZD,60,2024-04-29,Validated,0,0,0,60,0
INV0007333,FCT-976715,SUP00084,DPT009,PO0004048,2024-04-01,1533.87,USD,45,2024-05-16,Validated,0,0,0,45,0
INV0007334,FCT-820007,SUP00023,DPT002,PO0004459,2024-10-02,25000.0,DZD,30,2024-11-01,Validated,0,1,0,30,0
INV0007335,FCT-599012,SUP00029,DPT009,PO0001859,2024-06-19,20000.0,DZD,30,2024-07-19,Validated,0,1,0,30,0
INV0007336,FCT-371007,SUP00013,DPT007,PO0003137,2024-02-02,13772.86,DZD,30,2024-03-03,Validated,0,0,0,30,0
INV0007337,FCT-274747,SUP00034,DPT005,PO0004315,2024-04-08,100000.0,DZD,60,2024-06-07,Disputed,0,1,1,60,0
INV0007338,FCT-634318,SUP00110,DPT004,PO0000063,2024-03-05,865.14,DZD,45,2024-04-19,Validated,0,0,0,45,0
INV0007339,FCT-162181,SUP00004,DPT004,PO0003113,2024-01-19,711.21,DZD,60,2024-03-19,Validated,0,0,0,60,0
INV0007340,FCT-835801,SUP00301,DPT005,PO0004610,2024-11-15,10142.34,DZD,30,2024-12-15,Pending Review,0,0,0,30,0
INV0007341,FCT-719091,SUP00145,DPT002,PO0003513,2024-11-20,19727.78,EUR,30,2024-12-20,Pending Review,0,0,0,30,0
INV0007342,FCT-636655,SUP00008,DPT002,PO0003632,2024-01-22,17962.59,DZD,30,2024-02-21,Validated,0,0,0,30,0
INV0007343,FCT-606776,SUP00060,DPT009,PO0005193,2024-07-09,3371.98,EUR,15,2024-07-24,Validated,0,0,0,15,0
INV0007344,FCT-850097,SUP00022,DPT002,PO0002881,2024-11-09,6971.66,DZD,30,2024-12-09,Validated,0,0,0,30,0
INV0007345,FCT-881271,SUP00030,DPT011,PO0003640,2024-08-05,453.11,DZD,45,2024-09-19,Validated,0,0,0,45,0
INV0007346,FCT-917986,SUP00008,DPT008,PO0001563,2024-05-04,38583.43,DZD,30,2024-06-03,Validated,0,0,0,30,0
INV0007347,FCT-865508,SUP00053,DPT006,,2024-02-07,22705.05,EUR,90,2024-05-07,Pending Review,1,0,0,90,0
INV0007348,FCT-759727,SUP00001,DPT002,PO0004907,2024-02-03,16975.93,DZD,30,2024-03-04,Pending Review,0,0,0,30,0
INV0007349,FCT-440739,SUP00027,DPT001,,2024-11-28,2138.11,EUR,45,2025-01-12,Validated,1,0,0,45,0
INV0007350,FCT-855645,SUP00005,DPT003,,2024-08-21,3951.74,EUR,30,2024-09-20,Validated,1,0,0,30,0
INV0007351,FCT-993885,SUP00178,DPT007,PO0002283,2024-11-10,4823.83,DZD,15,2024-11-25,Validated,0,0,0,15,0
INV0007352,FCT-813548,SUP00066,DPT002,,2024-12-21,42418.44,DZD,30,2025-01-20,Validated,1,0,0,30,0
INV0007353,FCT-863647,SUP00257,DPT005,PO0005045,2024-05-22,18958.27,EUR,30,2024-06-21,Validated,0,0,0,30,0
INV0007354,FCT-675349,SUP00210,DPT004,,2024-09-13,4841.49,DZD,30,2024-10-13,Pending Review,1,0,0,30,0
INV0007355,FCT-163943,SUP00290,DPT009,,2024-03-13,11757.97,DZD,30,2024-04-12,Validated,1,0,0,30,0
INV0007356,FCT-903945,SUP00030,DPT002,PO0004485,2024-09-03,2103.91,DZD,30,2024-10-03,Validated,0,0,0,30,0
INV0007357,FCT-403958,SUP00014,DPT004,PO0000754,2024-10-16,1221.03,DZD,30,2024-11-15,Validated,0,0,0,30,0
INV0007358,FCT-624719,SUP00066,DPT007,PO0004507,2024-07-14,5546.26,DZD,45,2024-08-28,Validated,0,0,0,45,0
INV0007359,FCT-685158,SUP00003,DPT002,PO0003183,2024-07-28,1623.02,DZD,30,2024-08-27,Validated,0,0,0,30,0
INV0007360,FCT-844585,SUP00075,DPT005,PO0004097,2024-06-14,857.81,EUR,30,2024-07-14,Validated,0,0,0,30,0
INV0007361,FCT-139895,SUP00008,DPT001,PO0002525,2024-10-30,6237.02,DZD,60,2024-12-29,Validated,0,0,0,60,0
INV0007362,FCT-157841,SUP00029,DPT002,PO0004892,2024-07-04,4427.24,DZD,30,2024-08-03,Validated,0,0,0,30,0
INV0007363,FCT-360118,SUP00318,DPT006,PO0001647,2024-06-24,1881.9,EUR,45,2024-08-08,Validated,0,0,0,45,0
INV0007364,FCT-528078,SUP00224,DPT008,PO0004122,2024-05-18,3788.35,DZD,30,2024-06-17,Validated,0,0,0,30,0
INV0007365,FCT-596665,SUP00040,DPT004,PO0002995,2024-11-21,9279.2,DZD,90,2025-02-19,Validated,0,0,0,90,0
INV0007366,FCT-229693,SUP00029,DPT009,PO0002483,2024-02-02,4630.37,DZD,15,2024-02-17,Pending Review,0,0,0,15,0
INV0007367,FCT-962243,SUP00029,DPT003,,2024-09-18,7051.82,DZD,30,2024-10-18,Validated,1,0,0,30,0
INV0007368,FCT-828854,SUP00002,DPT001,PO0004520,2024-06-04,4937.27,DZD,60,2024-08-03,Pending Review,0,0,0,60,0
INV0007369,FCT-882173,SUP00004,DPT007,PO0000440,2024-05-08,43894.88,USD,30,2024-06-07,Validated,0,0,0,30,0
INV0007370,FCT-425044,SUP00150,DPT004,PO0000432,2024-06-08,27683.24,DZD,45,2024-07-23,Validated,0,0,0,45,0
INV0007371,FCT-131768,SUP00062,DPT004,PO0001940,2024-10-02,6861.46,DZD,30,2024-11-01,Validated,0,0,0,30,0
INV0007372,FCT-743509,SUP00007,DPT003,PO0001771,2024-05-08,100000.0,EUR,15,2024-05-23,Validated,0,1,1,15,0
INV0007373,FCT-813170,SUP00159,DPT005,PO0003518,2024-04-27,3151.19,DZD,30,2024-05-27,Validated,0,0,0,30,0
INV0007374,FCT-109366,SUP00013,DPT002,PO0004861,2024-12-28,1359.55,DZD,30,2025-01-27,Validated,0,0,0,30,0
INV0007375,FCT-232709,SUP00012,DPT004,PO0003661,2024-06-05,2399.17,DZD,30,2024-07-05,Validated,0,0,0,30,0
INV0007376,FCT-490297,SUP00194,DPT006,PO0004013,2024-10-19,12941.12,DZD,60,2024-12-18,Validated,0,0,0,60,0
INV0007377,FCT-929640,SUP00196,DPT005,PO0002679,2024-05-25,3033.02,DZD,60,2024-07-24,Validated,0,0,0,60,0
INV0007378,FCT-199167,SUP00002,DPT006,PO0003148,2024-12-22,4908.93,DZD,30,2025-01-21,Validated,0,0,0,30,0
INV0007379,FCT-698593,SUP00029,DPT012,PO0002280,2024-06-01,23357.14,DZD,30,2024-07-01,Validated,0,0,0,30,0
INV0007380,FCT-920707,SUP00238,DPT002,PO0001532,2024-05-12,11338.68,DZD,45,2024-06-26,Disputed,0,0,0,45,0
INV0007381,FCT-230011,SUP00150,DPT001,,2024-09-21,6497.3,DZD,15,2024-10-06,Validated,1,0,0,15,0
INV0007382,FCT-977689,SUP00203,DPT003,PO0002754,2024-10-24,5264.11,DZD,45,2024-12-08,Pending Review,0,0,0,45,0
INV0007383,FCT-985976,SUP00003,DPT005,,2024-03-30,15000.0,USD,45,2024-05-14,Validated,1,1,0,45,0
INV0007384,FCT-526888,SUP00027,DPT005,PO0003195,2024-12-08,17514.98,EUR,15,2024-12-23,Validated,0,0,0,15,0
INV0007385,FCT-197495,SUP00072,DPT004,PO0004182,2024-04-27,8455.63,DZD,45,2024-06-11,Validated,0,0,0,45,0
INV0007386,FCT-810588,SUP00010,DPT008,PO0003261,2024-11-22,4469.28,DZD,30,2024-12-22,Validated,0,0,0,30,0
INV0007387,FCT-277931,SUP00003,DPT004,PO0005010,2024-07-05,1387.32,DZD,45,2024-08-19,Validated,0,0,0,45,0
INV0007388,FCT-408695,SUP00200,DPT003,PO0003971,2024-07-27,10457.86,DZD,45,2024-09-10,Validated,0,0,0,45,0
INV0007389,FCT-167700,SUP00003,DPT006,PO0000967,2024-04-11,8900.58,DZD,15,2024-04-26,Validated,0,0,0,15,0
INV0007390,FCT-403026,SUP00074,DPT003,PO0000405,2024-02-29,973.01,DZD,45,2024-04-14,Validated,0,0,0,45,0
INV0007391,FCT-436175,SUP00062,DPT011,PO0000769,2024-02-18,5025.44,DZD,45,2024-04-03,Validated,0,0,0,45,0
INV0007392,FCT-470413,SUP00006,DPT005,PO0001448,2024-02-11,8823.85,DZD,90,2024-05-11,Validated,0,0,0,90,0
INV0007393,FCT-256756,SUP00140,DPT009,PO0004469,2024-09-13,4444.6,DZD,90,2024-12-12,Validated,0,0,0,90,0
INV0007394,FCT-226945,SUP00015,DPT002,,2024-08-11,48351.08,DZD,30,2024-09-10,Validated,1,0,0,30,0
INV0007395,FCT-992726,SUP00009,DPT004,PO0001168,2024-08-06,34756.06,EUR,90,2024-11-04,Validated,0,0,0,90,0
INV0007396,FCT-862090,SUP00010,DPT009,PO0002420,2024-12-03,1406.22,USD,30,2025-01-02,Validated,0,0,0,30,0
INV0007397,FCT-581395,SUP00009,DPT001,PO0000871,2024-12-11,4512.21,DZD,45,2025-01-25,Validated,0,0,0,45,0
INV0007398,FCT-425517,SUP00195,DPT003,PO0000546,2024-06-26,18290.87,DZD,45,2024-08-10,Validated,0,0,0,45,0
INV0007399,FCT-798954,SUP00269,DPT010,,2024-09-28,5453.81,DZD,30,2024-10-28,Validated,1,0,0,30,0
INV0007400,FCT-793801,SUP00004,DPT002,PO0002190,2024-01-29,20000.0,EUR,60,2024-03-29,Validated,0,1,0,60,0
INV0007401,FCT-367689,SUP00009,DPT007,PO0000054,2024-07-27,2849.43,EUR,30,2024-08-26,Validated,0,0,0,30,0
INV0007402,FCT-417182,SUP00006,DPT007,PO0005059,2024-06-06,986.96,DZD,45,2024-07-21,Validated,0,0,0,45,0
INV0007403,FCT-336445,SUP00004,DPT005,,2024-04-07,13322.57,DZD,45,2024-05-22,Validated,1,0,0,45,0
INV0007404,FCT-187510,SUP00027,DPT002,PO0003429,2024-05-18,4096.61,DZD,60,2024-07-17,Validated,0,0,0,60,0
INV0007405,FCT-543496,SUP00003,DPT004,PO0004771,2024-03-13,116420.37,DZD,60,2024-05-12,Validated,0,0,1,60,0
INV0007406,FCT-888956,SUP00203,DPT001,PO0003735,2024-07-05,17697.98,DZD,45,2024-08-19,Validated,0,0,0,45,0
INV0007407,FCT-799656,SUP00164,DPT012,PO0004988,2024-07-10,1773.94,EUR,30,2024-08-09,Validated,0,0,0,30,0
INV0007408,FCT-555504,SUP00008,DPT007,,2024-02-13,13023.5,DZD,30,2024-03-14,Validated,1,0,0,30,0
INV0007409,FCT-666829,SUP00009,DPT007,PO0000157,2024-06-17,5534.69,EUR,30,2024-07-17,Validated,0,0,0,30,0
INV0007410,FCT-912067,SUP00253,DPT011,PO0000241,2024-04-25,10987.65,DZD,15,2024-05-10,Validated,0,0,0,15,0
INV0007411,FCT-531856,SUP00003,DPT004,PO0004615,2024-05-27,2612.48,DZD,30,2024-06-26,Validated,0,0,0,30,0
INV0007412,FCT-814169,SUP00006,DPT002,PO0002901,2024-11-22,8594.81,DZD,30,2024-12-22,Validated,0,0,0,30,0
INV0007413,FCT-228686,SUP00024,DPT008,,2024-06-10,20295.08,DZD,60,2024-08-09,Validated,1,0,0,60,0
INV0007414,FCT-676945,SUP00027,DPT003,PO0003920,2024-08-26,15456.26,DZD,30,2024-09-25,Validated,0,0,0,30,0
INV0007415,FCT-546876,SUP00007,DPT002,PO0003789,2024-03-18,21134.2,DZD,30,2024-04-17,Validated,0,0,0,30,0
INV0007416,FCT-168427,SUP00284,DPT004,PO0003593,2024-12-17,216005.31,DZD,45,2025-01-31,Validated,0,0,1,45,0
INV0007417,FCT-676758,SUP00010,DPT002,PO0001325,2024-06-02,3509.27,EUR,45,2024-07-17,Validated,0,0,0,45,0
INV0007418,FCT-327347,SUP00009,DPT008,PO0004391,2024-04-24,47869.83,DZD,90,2024-07-23,Validated,0,0,0,90,0
INV0007419,FCT-158267,SUP00015,DPT002,,2024-01-15,8433.67,EUR,30,2024-02-14,Disputed,1,0,0,30,0
INV0007420,FCT-413888,SUP00250,DPT009,PO0004875,2024-11-05,3845.97,DZD,90,2025-02-03,Validated,0,0,0,90,0
INV0007421,FCT-662781,SUP00019,DPT005,PO0004940,2024-07-23,5952.63,DZD,30,2024-08-22,Validated,0,0,0,30,0
INV0007422,FCT-217857,SUP00009,DPT011,PO0001537,2024-02-22,16953.95,DZD,30,2024-03-23,Validated,0,0,0,30,0
INV0007423,FCT-964946,SUP00174,DPT003,PO0005018,2024-07-22,3930.44,DZD,45,2024-09-05,Validated,0,0,0,45,0
INV0007424,FCT-246890,SUP00024,DPT002,PO0003631,2024-04-07,630.23,DZD,45,2024-05-22,Validated,0,0,0,45,0
INV0007425,FCT-285158,SUP00075,DPT005,PO0004097,2024-08-31,15767.46,DZD,45,2024-10-15,Validated,0,0,0,45,0
INV0007426,FCT-179340,SUP00022,DPT007,PO0000859,2024-03-05,7797.84,DZD,30,2024-04-04,Pending Review,0,0,0,30,0
INV0007427,FCT-307048,SUP00003,DPT002,PO0001101,2024-09-17,3304.74,DZD,30,2024-10-17,Validated,0,0,0,30,0
INV0007428,FCT-253647,SUP00002,DPT006,PO0000173,2024-03-06,1407.97,DZD,30,2024-04-05,Validated,0,0,0,30,0
INV0007429,FCT-500493,SUP00147,DPT004,PO0004822,2024-09-02,9583.76,DZD,60,2024-11-01,Validated,0,0,0,60,0
INV0007430,FCT-950929,SUP00281,DPT003,PO0001815,2024-04-16,26492.17,DZD,15,2024-05-01,Validated,0,0,0,15,0
INV0007431,FCT-746619,SUP00284,DPT002,PO0001961,2024-10-20,2140.66,USD,45,2024-12-04,Validated,0,0,0,45,0
INV0007432,FCT-972889,SUP00269,DPT003,PO0000196,2024-07-13,8302.36,DZD,30,2024-08-12,Pending Review,0,0,0,30,0
INV0007433,FCT-536382,SUP00142,DPT011,,2024-02-18,76532.32,DZD,90,2024-05-18,Validated,1,0,0,90,0
INV0007434,FCT-132103,SUP00163,DPT002,PO0002351,2024-11-13,17874.15,DZD,15,2024-11-28,Validated,0,0,0,15,0
INV0007435,FCT-234220,SUP00149,DPT001,PO0001778,2024-11-19,6035.86,DZD,30,2024-12-19,Validated,0,0,0,30,0
INV0007436,FCT-372165,SUP00028,DPT002,PO0004894,2024-04-28,5376.48,DZD,90,2024-07-27,Validated,0,0,0,90,0
INV0007437,FCT-754856,SUP00185,DPT003,,2024-05-21,3505.64,DZD,30,2024-06-20,Pending Review,1,0,0,30,0
INV0007438,FCT-260919,SUP00163,DPT002,PO0002351,2024-01-04,6600.34,DZD,30,2024-02-03,Validated,0,0,0,30,0
INV0007439,FCT-577271,SUP00010,DPT009,PO0003654,2024-08-31,3769.88,DZD,30,2024-09-30,Validated,0,0,0,30,0
INV0007440,FCT-959931,SUP00006,DPT001,PO0000448,2024-06-13,4464.86,DZD,30,2024-07-13,Disputed,0,0,0,30,0
INV0007441,FCT-790878,SUP00010,DPT010,,2024-02-14,5318.71,DZD,15,2024-02-29,Validated,1,0,0,15,0
INV0007442,FCT-606847,SUP00005,DPT009,PO0000033,2024-08-25,960.49,DZD,30,2024-09-24,Validated,0,0,0,30,0
INV0007443,FCT-335611,SUP00217,DPT001,,2024-03-22,5182.39,DZD,30,2024-04-21,Pending Review,1,0,0,30,0
INV0007444,FCT-405249,SUP00015,DPT003,PO0003911,2024-03-26,139123.75,DZD,30,2024-04-25,Validated,0,0,1,30,0
INV0007445,FCT-984674,SUP00013,DPT002,PO0004861,2024-12-05,1270.66,DZD,15,2024-12-20,Validated,0,0,0,15,0
INV0007446,FCT-491426,SUP00097,DPT011,PO0002336,2024-09-29,36764.97,DZD,45,2024-11-13,Validated,0,0,0,45,0
INV0007447,FCT-244123,SUP00007,DPT007,PO0001695,2024-02-20,21213.27,DZD,60,2024-04-20,Validated,0,0,0,60,0
INV0007448,FCT-440841,SUP00100,DPT004,PO0003475,2024-07-27,13386.7,DZD,90,2024-10-25,Pending Review,0,0,0,90,0
INV0007449,FCT-968549,SUP00202,DPT001,PO0002633,2024-06-18,3474.36,DZD,30,2024-07-18,Validated,0,0,0,30,0
INV0007450,FCT-432053,SUP00201,DPT003,PO0002626,2024-02-22,18578.54,DZD,30,2024-03-23,Validated,0,0,0,30,0
INV0007451,FCT-179400,SUP00003,DPT001,PO0002883,2024-02-04,53689.71,DZD,30,2024-03-05,Validated,0,0,0,30,0
INV0007452,FCT-789176,SUP00215,DPT001,PO0003081,2024-11-12,22840.14,DZD,30,2024-12-12,Validated,0,0,0,30,0
INV0007453,FCT-336753,SUP00012,DPT005,PO0002159,2024-02-04,8829.17,DZD,30,2024-03-05,Validated,0,0,0,30,0
INV0007454,FCT-623458,SUP00007,DPT003,PO0000789,2024-08-06,6798.81,DZD,30,2024-09-05,Validated,0,0,0,30,0
INV0007455,FCT-226632,SUP00104,DPT004,,2024-12-28,3195.69,DZD,15,2025-01-12,Validated,1,0,0,15,0
INV0007456,FCT-511362,SUP00005,DPT001,PO0000055,2024-05-21,7550.59,USD,30,2024-06-20,Validated,0,0,0,30,0
INV0007457,FCT-841896,SUP00005,DPT001,,2024-08-21,12539.63,DZD,30,2024-09-20,Pending Review,1,0,0,30,0
INV0007458,FCT-189867,SUP00007,DPT006,PO0002598,2024-06-11,7054.65,DZD,30,2024-07-11,Validated,0,0,0,30,0
INV0007459,FCT-726488,SUP00012,DPT005,PO0003110,2024-08-20,6163.48,DZD,45,2024-10-04,Validated,0,0,0,45,0
INV0007460,FCT-134922,SUP00010,DPT004,PO0002126,2024-04-11,6261.39,DZD,30,2024-05-11,Pending Review,0,0,0,30,0
INV0007461,FCT-558609,SUP00010,DPT001,PO0002177,2024-04-08,55647.02,DZD,30,2024-05-08,Pending Review,0,0,0,30,0
INV0007462,FCT-917038,SUP00047,DPT011,PO0002981,2024-07-24,8276.06,DZD,30,2024-08-23,Validated,0,0,0,30,0
INV0007463,FCT-945164,SUP00007,DPT009,PO0004073,2024-02-25,8638.68,DZD,60,2024-04-25,Validated,0,0,0,60,0
INV0007464,FCT-381852,SUP00072,DPT008,PO0004832,2024-07-24,428.86,DZD,30,2024-08-23,Validated,0,0,0,30,0
INV0007465,FCT-260266,SUP00141,DPT003,PO0003377,2024-08-12,20540.95,DZD,90,2024-11-10,Validated,0,0,0,90,0
INV0007466,FCT-348288,SUP00003,DPT003,PO0001648,2024-12-24,13284.57,DZD,45,2025-02-07,Pending Review,0,0,0,45,0
INV0007467,FCT-426493,SUP00073,DPT003,,2024-03-31,12580.86,DZD,15,2024-04-15,Validated,1,0,0,15,0
INV0007468,FCT-423107,SUP00002,DPT008,,2024-02-09,13597.56,DZD,90,2024-05-09,Pending Review,1,0,0,90,0
INV0007469,FCT-108624,SUP00183,DPT004,PO0003507,2024-04-08,2269.94,DZD,30,2024-05-08,Validated,0,0,0,30,0
INV0007470,FCT-527987,SUP00023,DPT006,PO0002321,2024-10-19,4841.41,USD,15,2024-11-03,Validated,0,0,0,15,0
INV0007471,FCT-479493,SUP00130,DPT004,PO0000107,2024-06-02,51283.51,DZD,30,2024-07-02,Disputed,0,0,0,30,0
INV0007472,FCT-222320,SUP00117,DPT006,,2024-03-01,1349.7,DZD,30,2024-03-31,Pending Review,1,0,0,30,0
INV0007473,FCT-145965,SUP00288,DPT002,PO0005068,2024-03-23,1447.42,DZD,30,2024-04-22,Validated,0,0,0,30,0
INV0007474,FCT-187926,SUP00151,DPT012,PO0003353,2024-10-19,1247.7,DZD,45,2024-12-03,Pending Review,0,0,0,45,0
INV0007475,FCT-292975,SUP00246,DPT004,PO0000965,2024-12-08,50000.0,EUR,60,2025-02-06,Validated,0,1,0,60,0
INV0007476,FCT-464860,SUP00279,DPT008,PO0000452,2024-02-25,42301.25,DZD,30,2024-03-26,Validated,0,0,0,30,0
INV0007477,FCT-276155,SUP00040,DPT001,PO0001841,2024-07-29,9304.23,EUR,30,2024-08-28,Validated,0,0,0,30,0
INV0007478,FCT-940950,SUP00279,DPT005,PO0002393,2024-12-24,23592.96,EUR,30,2025-01-23,Pending Review,0,0,0,30,0
INV0007479,FCT-608970,SUP00100,DPT010,,2024-01-26,678.49,DZD,30,2024-02-25,Disputed,1,0,0,30,0
INV0007480,FCT-785843,SUP00292,DPT004,PO0003870,2024-02-28,2567.55,DZD,30,2024-03-29,Validated,0,0,0,30,0
INV0007481,FCT-360185,SUP00026,DPT002,PO0000594,2024-06-25,3084.48,USD,30,2024-07-25,Pending Review,0,0,0,30,0
INV0007482,FCT-386084,SUP00102,DPT012,,2024-01-26,42622.41,DZD,45,2024-03-11,Validated,1,0,0,45,0
INV0007483,FCT-173827,SUP00276,DPT006,PO0000454,2024-07-23,7967.63,DZD,15,2024-08-07,Pending Review,0,0,0,15,0
INV0007484,FCT-460825,SUP00018,DPT011,PO0001196,2024-09-08,6385.04,DZD,30,2024-10-08,Pending Review,0,0,0,30,0
INV0007485,FCT-703072,SUP00136,DPT001,PO0003903,2024-05-10,8461.47,DZD,45,2024-06-24,Validated,0,0,0,45,0
INV0007486,FCT-270979,SUP00007,DPT011,PO0001349,2024-11-30,5144.59,DZD,60,2025-01-29,Validated,0,0,0,60,0
INV0007487,FCT-250168,SUP00015,DPT008,PO0005100,2024-11-15,66598.31,DZD,60,2025-01-14,Validated,0,0,0,60,0
INV0007488,FCT-234180,SUP00004,DPT008,PO0000021,2024-09-20,63615.92,DZD,30,2024-10-20,Validated,0,0,0,30,0
INV0007489,FCT-305212,SUP00044,DPT005,PO0003449,2024-07-09,24525.3,DZD,45,2024-08-23,Validated,0,0,0,45,0
INV0007490,FCT-107699,SUP00005,DPT004,PO0003358,2024-02-07,21541.37,DZD,45,2024-03-23,Validated,0,0,0,45,0
INV0007491,FCT-599758,SUP00013,DPT007,PO0003945,2024-03-28,3758.49,DZD,60,2024-05-27,Validated,0,0,0,60,0
INV0007492,FCT-288535,SUP00285,DPT008,PO0002813,2024-12-19,11594.72,USD,45,2025-02-02,Validated,0,0,0,45,0
INV0007493,FCT-979704,SUP00278,DPT011,PO0003860,2024-07-16,675.51,DZD,30,2024-08-15,Validated,0,0,0,30,0
INV0007494,FCT-837605,SUP00017,DPT011,PO0002585,2024-06-07,4126.27,USD,60,2024-08-06,Validated,0,0,0,60,0
INV0007495,FCT-840121,SUP00002,DPT001,PO0003630,2024-09-20,1133.61,DZD,60,2024-11-19,Validated,0,0,0,60,0
INV0007496,FCT-535784,SUP00008,DPT010,,2024-03-28,12029.47,EUR,30,2024-04-27,Validated,1,0,0,30,0
INV0007497,FCT-835422,SUP00002,DPT004,PO0002390,2024-04-22,6020.83,DZD,30,2024-05-22,Validated,0,0,0,30,0
INV0007498,FCT-571067,SUP00038,DPT002,PO0005159,2024-05-20,16350.14,DZD,30,2024-06-19,Validated,0,0,0,30,0
INV0007499,FCT-688494,SUP00001,DPT001,PO0004406,2024-11-14,14368.63,DZD,45,2024-12-29,Validated,0,0,0,45,0
INV0007500,FCT-920484,SUP00017,DPT010,PO0004600,2024-06-19,24666.2,DZD,45,2024-08-03,Validated,0,0,0,45,0
INV0007501,FCT-367507,SUP00012,DPT002,PO0001590,2024-01-21,2804.58,DZD,60,2024-03-21,Validated,0,0,0,60,0
INV0007502,FCT-595818,SUP00108,DPT006,PO0000255,2024-06-20,856.56,DZD,45,2024-08-04,Validated,0,0,0,45,0
INV0007503,FCT-629614,SUP00014,DPT006,,2024-04-18,63139.18,DZD,45,2024-06-02,Validated,1,0,0,45,0
INV0007504,FCT-942788,SUP00154,DPT007,PO0000936,2024-06-21,3622.17,DZD,90,2024-09-19,Validated,0,0,0,90,0
INV0007505,FCT-818126,SUP00007,DPT009,,2024-12-04,6424.68,DZD,30,2025-01-03,Validated,1,0,0,30,0
INV0007506,FCT-248076,SUP00084,DPT002,,2024-04-27,23220.84,DZD,45,2024-06-11,Validated,1,0,0,45,0
INV0007507,FCT-261361,SUP00120,DPT001,PO0002867,2024-04-07,4834.81,DZD,30,2024-05-07,Pending Review,0,0,0,30,0
INV0007508,FCT-193330,SUP00240,DPT003,PO0004356,2024-06-22,1817.16,USD,30,2024-07-22,Validated,0,0,0,30,0
INV0007509,FCT-960088,SUP00017,DPT008,PO0004043,2024-01-28,77220.52,DZD,45,2024-03-13,Validated,0,0,0,45,0
INV0007510,FCT-664410,SUP00065,DPT003,PO0004348,2024-03-17,3602.8,DZD,30,2024-04-16,Validated,0,0,0,30,0
INV0007511,FCT-830508,SUP00240,DPT002,PO0000976,2024-01-17,56752.17,DZD,30,2024-02-16,Validated,0,0,0,30,0
INV0007512,FCT-631038,SUP00015,DPT009,PO0003924,2024-11-26,10377.63,DZD,30,2024-12-26,Validated,0,0,0,30,0
INV0007513,FCT-616657,SUP00003,DPT002,PO0000403,2024-10-02,21666.49,DZD,15,2024-10-17,Pending Review,0,0,0,15,0
INV0007514,FCT-180150,SUP00278,DPT006,PO0000638,2024-02-28,21191.23,EUR,15,2024-03-14,Validated,0,0,0,15,0
INV0007515,FCT-539877,SUP00007,DPT001,PO0002873,2024-05-02,4248.6,DZD,45,2024-06-16,Validated,0,0,0,45,0
INV0007516,FCT-752745,SUP00003,DPT009,PO0000311,2024-02-10,13620.62,DZD,30,2024-03-11,Validated,0,0,0,30,0
INV0007517,FCT-773024,SUP00007,DPT008,PO0004022,2024-10-06,66140.49,DZD,30,2024-11-05,Validated,0,0,0,30,0
INV0007518,FCT-418284,SUP00010,DPT003,PO0002891,2024-02-17,31228.23,USD,90,2024-05-17,Validated,0,0,0,90,0
INV0007519,FCT-962435,SUP00125,DPT008,PO0002410,2024-08-25,100000.0,DZD,45,2024-10-09,Validated,0,1,1,45,0
INV0007520,FCT-259770,SUP00054,DPT008,PO0001023,2024-07-28,5000.0,DZD,30,2024-08-27,Validated,0,1,0,30,0
INV0007521,FCT-326826,SUP00008,DPT001,,2024-10-01,6113.11,EUR,30,2024-10-31,Validated,1,0,0,30,0
INV0007522,FCT-723373,SUP00107,DPT004,PO0000208,2024-11-07,2565.66,USD,15,2024-11-22,Validated,0,0,0,15,0
INV0007523,FCT-181951,SUP00024,DPT010,,2024-11-30,5000.0,USD,60,2025-01-29,Validated,1,1,0,60,0
INV0007524,FCT-567138,SUP00093,DPT009,PO0003539,2024-04-30,3571.9,DZD,45,2024-06-14,Validated,0,0,0,45,0
INV0007525,FCT-673618,SUP00246,DPT012,,2024-10-24,3922.37,DZD,15,2024-11-08,Validated,1,0,0,15,0
INV0007526,FCT-327370,SUP00010,DPT004,PO0004955,2024-03-04,7016.72,DZD,90,2024-06-02,Validated,0,0,0,90,0
INV0007527,FCT-414729,SUP00011,DPT008,,2024-02-25,1276.33,DZD,30,2024-03-26,Validated,1,0,0,30,0
INV0007528,FCT-485847,SUP00310,DPT006,PO0004217,2024-11-18,4481.81,DZD,60,2025-01-17,Validated,0,0,0,60,0
INV0007529,FCT-358306,SUP00175,DPT008,PO0004258,2024-11-27,2887.6,DZD,30,2024-12-27,Validated,0,0,0,30,0
INV0007530,FCT-828904,SUP00157,DPT009,PO0000773,2024-09-02,1318.82,DZD,90,2024-12-01,Validated,0,0,0,90,0
INV0007531,FCT-491984,SUP00015,DPT007,PO0004057,2024-05-02,1623.11,DZD,90,2024-07-31,Validated,0,0,0,90,0
INV0007532,FCT-262649,SUP00147,DPT004,PO0002352,2024-05-31,6606.19,DZD,60,2024-07-30,Disputed,0,0,0,60,0
INV0007533,FCT-657031,SUP00128,DPT003,PO0004369,2024-10-20,22103.05,USD,30,2024-11-19,Validated,0,0,0,30,0
INV0007534,FCT-613013,SUP00240,DPT003,,2024-03-24,6128.84,DZD,45,2024-05-08,Validated,1,0,0,45,0
INV0007535,FCT-271750,SUP00097,DPT003,,2024-07-09,1932.97,EUR,15,2024-07-24,Validated,1,0,0,15,0
INV0007536,FCT-143423,SUP00010,DPT012,PO0002976,2024-05-23,3187.75,USD,45,2024-07-07,Validated,0,0,0,45,0
INV0007537,FCT-521116,SUP00006,DPT004,PO0002038,2024-03-04,10079.02,DZD,45,2024-04-18,Validated,0,0,0,45,0
INV0007538,FCT-953219,SUP00297,DPT003,PO0002291,2024-07-29,25424.78,DZD,60,2024-09-27,Validated,0,0,0,60,0
INV0007539,FCT-520307,SUP00036,DPT008,PO0003315,2024-09-08,20490.34,USD,30,2024-10-08,Disputed,0,0,0,30,0
INV0007540,FCT-393540,SUP00294,DPT005,PO0004851,2024-03-25,8970.24,DZD,45,2024-05-09,Validated,0,0,0,45,0
INV0007541,FCT-302457,SUP00018,DPT004,PO0002951,2024-09-01,38877.68,DZD,45,2024-10-16,Validated,0,0,0,45,0
INV0007542,FCT-785728,SUP00005,DPT002,PO0004892,2024-11-30,3701.8,DZD,30,2024-12-30,Validated,0,0,0,30,0
INV0007543,FCT-101214,SUP00015,DPT002,PO0002808,2024-11-27,1760.9,DZD,30,2024-12-27,Validated,0,0,0,30,0
INV0007544,FCT-579295,SUP00010,DPT001,PO0004376,2024-11-29,4899.75,DZD,45,2025-01-13,Validated,0,0,0,45,0
INV0007545,FCT-285086,SUP00157,DPT011,PO0002088,2024-05-29,29036.02,EUR,30,2024-06-28,Pending Review,0,0,0,30,0
INV0007546,FCT-141024,SUP00163,DPT011,PO0000344,2024-09-06,15226.32,DZD,30,2024-10-06,Validated,0,0,0,30,0
INV0007547,FCT-123378,SUP00203,DPT002,,2024-09-25,23868.35,DZD,30,2024-10-25,Validated,1,0,0,30,0
INV0007548,FCT-519069,SUP00010,DPT007,PO0004883,2024-12-21,6152.45,EUR,90,2025-03-21,Pending Review,0,0,0,90,0
INV0007549,FCT-131548,SUP00011,DPT007,PO0004942,2024-07-08,8062.88,EUR,45,2024-08-22,Validated,0,0,0,45,0
INV0007550,FCT-989326,SUP00016,DPT008,PO0004158,2024-11-04,5354.28,DZD,45,2024-12-19,Validated,0,0,0,45,0
INV0007551,FCT-616609,SUP00005,DPT001,PO0003972,2024-07-19,2543.36,DZD,45,2024-09-02,Validated,0,0,0,45,0
INV0007552,FCT-514133,SUP00068,DPT007,PO0002182,2024-10-26,7142.67,DZD,45,2024-12-10,Validated,0,0,0,45,0
INV0007553,FCT-991073,SUP00033,DPT004,PO0003570,2024-05-05,5314.03,DZD,30,2024-06-04,Validated,0,0,0,30,0
INV0007554,FCT-801246,SUP00122,DPT011,PO0000427,2024-01-27,3942.19,DZD,30,2024-02-26,Validated,0,0,0,30,0
INV0007555,FCT-396857,SUP00019,DPT002,PO0002080,2024-05-11,13796.22,DZD,30,2024-06-10,Validated,0,0,0,30,0
INV0007556,FCT-833741,SUP00009,DPT012,PO0000155,2024-05-02,7971.65,DZD,45,2024-06-16,Validated,0,0,0,45,0
INV0007557,FCT-850625,SUP00273,DPT007,,2024-10-19,32545.62,DZD,30,2024-11-18,Validated,1,0,0,30,0
INV0007558,FCT-100845,SUP00007,DPT002,PO0000095,2024-09-09,2540.38,DZD,45,2024-10-24,Pending Review,0,0,0,45,0
INV0007559,FCT-456424,SUP00009,DPT006,PO0001148,2024-08-19,4310.55,DZD,60,2024-10-18,Validated,0,0,0,60,0
INV0007560,FCT-876778,SUP00014,DPT005,PO0000497,2024-03-10,898.23,DZD,30,2024-04-09,Pending Review,0,0,0,30,0
INV0007561,FCT-693447,SUP00277,DPT008,PO0000450,2024-09-07,2199.7,DZD,15,2024-09-22,Validated,0,0,0,15,0
INV0007562,FCT-929469,SUP00004,DPT001,PO0004762,2024-09-06,14182.35,DZD,15,2024-09-21,Validated,0,0,0,15,0
INV0007563,FCT-529273,SUP00309,DPT004,PO0004221,2024-12-05,17535.4,DZD,45,2025-01-19,Validated,0,0,0,45,0
INV0007564,FCT-221550,SUP00037,DPT004,PO0004867,2024-04-07,15265.2,DZD,30,2024-05-07,Validated,0,0,0,30,0
INV0007565,FCT-983864,SUP00272,DPT004,PO0004653,2024-09-08,30616.39,DZD,15,2024-09-23,Validated,0,0,0,15,0
INV0007566,FCT-435771,SUP00055,DPT011,PO0003034,2024-01-28,12870.67,EUR,30,2024-02-27,Validated,0,0,0,30,0
INV0007567,FCT-671441,SUP00040,DPT004,PO0001841,2024-09-25,7422.15,DZD,45,2024-11-09,Pending Review,0,0,0,45,0
INV0007568,FCT-523130,SUP00006,DPT012,PO0003566,2024-10-23,14908.56,DZD,30,2024-11-22,Validated,0,0,0,30,0
INV0007569,FCT-605103,SUP00005,DPT007,,2024-10-09,2893.36,DZD,30,2024-11-08,Validated,1,0,0,30,0
INV0007570,FCT-958955,SUP00173,DPT001,PO0004716,2024-06-13,1048.66,DZD,30,2024-07-13,Disputed,0,0,0,30,0
INV0007571,FCT-414141,SUP00002,DPT003,PO0001318,2024-06-05,4419.32,USD,30,2024-07-05,Validated,0,0,0,30,0
INV0007572,FCT-997869,SUP00073,DPT009,PO0003586,2024-01-13,5067.2,DZD,30,2024-02-12,Validated,0,0,0,30,0
INV0007573,FCT-833114,SUP00024,DPT003,PO0000434,2024-06-16,7904.71,DZD,60,2024-08-15,Validated,0,0,0,60,0
INV0007574,FCT-145226,SUP00019,DPT001,PO0004677,2024-09-19,2778.92,DZD,30,2024-10-19,Validated,0,0,0,30,0
INV0007575,FCT-996210,SUP00238,DPT009,,2024-12-23,3485.15,DZD,30,2025-01-22,Validated,1,0,0,30,0
INV0007576,FCT-660572,SUP00014,DPT004,PO0001581,2024-02-09,17247.08,DZD,30,2024-03-10,Disputed,0,0,0,30,0
INV0007577,FCT-346821,SUP00015,DPT010,PO0002427,2024-07-23,15000.0,DZD,45,2024-09-06,Validated,0,1,0,45,0
INV0007578,FCT-634277,SUP00005,DPT003,,2024-03-31,100000.0,DZD,30,2024-04-30,Validated,1,1,1,30,0
INV0007579,FCT-218169,SUP00019,DPT011,PO0004304,2024-05-17,3428.18,EUR,45,2024-07-01,Validated,0,0,0,45,0
INV0007580,FCT-901463,SUP00096,DPT004,PO0001080,2024-10-13,1003.68,DZD,90,2025-01-11,Validated,0,0,0,90,0
INV0007581,FCT-974354,SUP00152,DPT003,,2024-01-22,4383.24,DZD,30,2024-02-21,Validated,1,0,0,30,0
INV0007582,FCT-984403,SUP00012,DPT002,PO0001744,2024-01-21,2498.01,DZD,30,2024-02-20,Validated,0,0,0,30,0
INV0007583,FCT-737502,SUP00156,DPT003,,2024-03-19,4326.41,DZD,45,2024-05-03,Validated,1,0,0,45,0
INV0007584,FCT-903702,SUP00123,DPT001,,2024-04-02,7691.54,DZD,15,2024-04-17,Disputed,1,0,0,15,0
INV0007585,FCT-152917,SUP00010,DPT002,PO0005200,2024-10-10,575.13,DZD,30,2024-11-09,Validated,0,0,0,30,0
INV0007586,FCT-970829,SUP00295,DPT012,PO0003785,2024-04-09,22985.06,DZD,90,2024-07-08,Validated,0,0,0,90,0
INV0007587,FCT-283086,SUP00169,DPT008,PO0000251,2024-12-04,222581.39,DZD,30,2025-01-03,Validated,0,0,1,30,0
INV0007588,FCT-966975,SUP00172,DPT006,PO0000042,2024-12-22,20000.0,DZD,45,2025-02-05,Validated,0,1,0,45,0
INV0007589,FCT-782830,SUP00267,DPT004,,2024-10-13,3563.79,USD,30,2024-11-12,Validated,1,0,0,30,0
INV0007590,FCT-717172,SUP00004,DPT009,PO0004015,2024-06-23,2729.25,DZD,30,2024-07-23,Validated,0,0,0,30,0
INV0007591,FCT-922771,SUP00005,DPT001,PO0004537,2024-10-17,2019.66,DZD,45,2024-12-01,Validated,0,0,0,45,0
INV0007592,FCT-224023,SUP00001,DPT002,PO0001837,2024-02-29,69347.7,DZD,45,2024-04-14,Pending Review,0,0,0,45,0
INV0007593,FCT-158137,SUP00310,DPT010,PO0004081,2024-11-15,4902.89,DZD,30,2024-12-15,Validated,0,0,0,30,0
INV0007594,FCT-227911,SUP00001,DPT003,PO0004076,2024-05-02,50000.0,DZD,15,2024-05-17,Pending Review,0,1,0,15,0
INV0007595,FCT-204574,SUP00009,DPT005,PO0002999,2024-06-11,27139.27,USD,30,2024-07-11,Pending Review,0,0,0,30,0
INV0007596,FCT-128892,SUP00008,DPT011,PO0002048,2024-11-23,100000.0,DZD,15,2024-12-08,Validated,0,1,1,15,0
INV0007597,FCT-217544,SUP00214,DPT009,PO0002818,2024-02-20,25459.42,DZD,90,2024-05-20,Validated,0,0,0,90,0
INV0007598,FCT-608859,SUP00023,DPT002,PO0004459,2024-02-06,1543.58,DZD,45,2024-03-22,Validated,0,0,0,45,0
INV0007599,FCT-937532,SUP00085,DPT004,PO0004614,2024-08-14,20037.14,DZD,15,2024-08-29,Disputed,0,0,0,15,0
INV0007600,FCT-112036,SUP00013,DPT009,,2024-12-24,4496.38,DZD,30,2025-01-23,Validated,1,0,0,30,0
INV0007601,FCT-937813,SUP00266,DPT005,,2024-11-27,46410.65,DZD,60,2025-01-26,Validated,1,0,0,60,0
INV0007602,FCT-250214,SUP00005,DPT010,PO0002466,2024-12-26,2540.37,DZD,15,2025-01-10,Validated,0,0,0,15,0
INV0007603,FCT-661620,SUP00001,DPT003,PO0000535,2024-06-11,1774.17,DZD,30,2024-07-11,Validated,0,0,0,30,0
INV0007604,FCT-501541,SUP00291,DPT012,,2024-08-12,6593.74,DZD,30,2024-09-11,Validated,1,0,0,30,0
INV0007605,FCT-471414,SUP00113,DPT012,PO0001733,2024-10-25,13794.77,DZD,30,2024-11-24,Validated,0,0,0,30,0
INV0007606,FCT-420678,SUP00225,DPT001,PO0004789,2024-03-07,837.02,EUR,45,2024-04-21,Validated,0,0,0,45,0
INV0007607,FCT-603733,SUP00011,DPT006,PO0004002,2024-11-15,4108.61,DZD,30,2024-12-15,Validated,0,0,0,30,0
INV0007608,FCT-385699,SUP00021,DPT007,PO0004935,2024-11-03,1855.11,DZD,90,2025-02-01,Validated,0,0,0,90,0
INV0007609,FCT-680635,SUP00004,DPT001,PO0001736,2024-01-30,18938.41,DZD,60,2024-03-30,Validated,0,0,0,60,0
INV0007610,FCT-717980,SUP00210,DPT009,PO0001726,2024-06-24,3415.21,DZD,90,2024-09-22,Pending Review,0,0,0,90,0
INV0007611,FCT-863470,SUP00138,DPT003,PO0001037,2024-06-04,23900.91,DZD,30,2024-07-04,Validated,0,0,0,30,0
INV0007612,FCT-594618,SUP00144,DPT001,,2024-10-18,2871.2,DZD,30,2024-11-17,Validated,1,0,0,30,0
INV0007613,FCT-703442,SUP00002,DPT009,PO0004784,2024-06-14,9281.21,DZD,60,2024-08-13,Pending Review,0,0,0,60,0
INV0007614,FCT-196138,SUP00006,DPT001,PO0002472,2024-12-05,1337.0,DZD,60,2025-02-03,Validated,0,0,0,60,0
INV0007615,FCT-713119,SUP00012,DPT002,PO0001744,2024-06-06,5771.1,DZD,15,2024-06-21,Disputed,0,0,0,15,0
INV0007616,FCT-563998,SUP00147,DPT001,PO0004311,2024-06-25,1856.0,DZD,60,2024-08-24,Validated,0,0,0,60,0
INV0007617,FCT-975236,SUP00073,DPT007,PO0004151,2024-04-06,37922.05,DZD,30,2024-05-06,Validated,0,0,0,30,0
INV0007618,FCT-738876,SUP00009,DPT002,PO0003149,2024-11-04,22486.6,DZD,30,2024-12-04,Validated,0,0,0,30,0
INV0007619,FCT-249187,SUP00019,DPT001,PO0004787,2024-06-27,8388.81,DZD,45,2024-08-11,Validated,0,0,0,45,0
INV0007620,FCT-759650,SUP00006,DPT006,PO0000023,2024-06-28,21231.89,DZD,30,2024-07-28,Validated,0,0,0,30,0
INV0007621,FCT-778203,SUP00267,DPT009,PO0000299,2024-09-20,3680.27,DZD,30,2024-10-20,Validated,0,0,0,30,0
INV0007622,FCT-632650,SUP00167,DPT003,,2024-10-06,13214.43,DZD,90,2025-01-04,Validated,1,0,0,90,0
INV0007623,FCT-950005,SUP00003,DPT004,,2024-09-05,5968.76,USD,45,2024-10-20,Validated,1,0,0,45,0
INV0007624,FCT-580189,SUP00284,DPT004,PO0003593,2024-02-29,11831.11,DZD,45,2024-04-14,Validated,0,0,0,45,0
INV0007625,FCT-263917,SUP00004,DPT002,PO0002190,2024-12-05,7536.3,DZD,45,2025-01-19,Validated,0,0,0,45,0
INV0007626,FCT-124352,SUP00015,DPT001,PO0002191,2024-10-28,6133.49,DZD,30,2024-11-27,Pending Review,0,0,0,30,0
INV0007627,FCT-437340,SUP00129,DPT010,PO0002367,2024-09-25,25000.0,DZD,45,2024-11-09,Validated,0,1,0,45,0
INV0007628,FCT-314031,SUP00318,DPT007,PO0002677,2024-07-20,3113.75,DZD,30,2024-08-19,Validated,0,0,0,30,0
INV0007629,FCT-434396,SUP00025,DPT001,PO0001419,2024-10-02,52737.36,DZD,30,2024-11-01,Pending Review,0,0,0,30,0
INV0007630,FCT-517875,SUP00011,DPT009,,2024-09-15,5731.94,DZD,30,2024-10-15,Validated,1,0,0,30,0
INV0007631,FCT-872356,SUP00010,DPT005,PO0004803,2024-04-15,2882.31,USD,90,2024-07-14,Validated,0,0,0,90,0
INV0007632,FCT-413848,SUP00007,DPT005,PO0004805,2024-06-20,6931.9,DZD,90,2024-09-18,Validated,0,0,0,90,0
INV0007633,FCT-635575,SUP00010,DPT001,PO0001843,2024-01-12,1137.82,DZD,15,2024-01-27,Validated,0,0,0,15,0
INV0007634,FCT-741976,SUP00002,DPT001,PO0003630,2024-01-02,3808.97,EUR,60,2024-03-02,Pending Review,0,0,0,60,0
INV0007635,FCT-665611,SUP00007,DPT010,PO0001629,2024-07-06,8142.04,DZD,60,2024-09-04,Validated,0,0,0,60,0
INV0007636,FCT-752349,SUP00007,DPT002,PO0002931,2024-10-01,11592.63,DZD,45,2024-11-15,Validated,0,0,0,45,0
INV0007637,FCT-641038,SUP00130,DPT012,,2024-10-11,9788.48,USD,45,2024-11-25,Validated,1,0,0,45,0
INV0007638,FCT-778589,SUP00181,DPT009,PO0003023,2024-10-27,37471.27,DZD,45,2024-12-11,Validated,0,0,0,45,0
INV0007639,FCT-495246,SUP00005,DPT004,PO0002686,2024-05-25,3030.86,DZD,45,2024-07-09,Pending Review,0,0,0,45,0
INV0007640,FCT-397386,SUP00218,DPT004,PO0003951,2024-07-16,1167.76,USD,30,2024-08-15,Validated,0,0,0,30,0
INV0007641,FCT-263791,SUP00173,DPT009,PO0003292,2024-10-24,4347.49,DZD,45,2024-12-08,Validated,0,0,0,45,0
INV0007642,FCT-110712,SUP00288,DPT002,PO0003185,2024-01-13,3430.82,DZD,30,2024-02-12,Validated,0,0,0,30,0
INV0007643,FCT-140892,SUP00186,DPT001,PO0004471,2024-08-14,8133.69,DZD,90,2024-11-12,Validated,0,0,0,90,0
INV0007644,FCT-142226,SUP00009,DPT001,PO0000625,2024-05-22,4710.75,DZD,30,2024-06-21,Validated,0,0,0,30,0
INV0007645,FCT-351707,SUP00024,DPT008,,2024-05-01,7738.64,DZD,60,2024-06-30,Validated,1,0,0,60,0
INV0007646,FCT-468387,SUP00116,DPT005,PO0004338,2024-07-27,7385.52,DZD,90,2024-10-25,Validated,0,0,0,90,0
INV0007647,FCT-982084,SUP00197,DPT002,PO0001535,2024-05-04,18153.04,DZD,60,2024-07-03,Validated,0,0,0,60,0
INV0007648,FCT-524805,SUP00026,DPT004,PO0004986,2024-08-03,6454.63,DZD,45,2024-09-17,Validated,0,0,0,45,0
INV0007649,FCT-834457,SUP00013,DPT001,PO0004569,2024-09-06,8294.56,DZD,45,2024-10-21,Validated,0,0,0,45,0
INV0007650,FCT-612858,SUP00026,DPT006,PO0000875,2024-07-05,50830.89,DZD,15,2024-07-20,Validated,0,0,0,15,0
INV0007651,FCT-287857,SUP00002,DPT001,PO0002518,2024-07-29,996.73,EUR,30,2024-08-28,Validated,0,0,0,30,0
INV0007652,FCT-520756,SUP00091,DPT007,PO0000436,2024-05-24,8081.5,DZD,15,2024-06-08,Validated,0,0,0,15,0
INV0007653,FCT-354815,SUP00020,DPT003,,2024-01-25,5732.49,DZD,30,2024-02-24,Validated,1,0,0,30,0
INV0007654,FCT-695507,SUP00060,DPT002,PO0002953,2024-05-03,6916.9,EUR,45,2024-06-17,Validated,0,0,0,45,0
INV0007655,FCT-571421,SUP00005,DPT001,PO0004075,2024-07-20,12754.81,DZD,60,2024-09-18,Validated,0,0,0,60,0
INV0007656,FCT-194447,SUP00227,DPT009,PO0002955,2024-05-12,2508.49,USD,45,2024-06-26,Validated,0,0,0,45,0
INV0007657,FCT-697437,SUP00015,DPT008,PO0005100,2024-01-16,3395.3,DZD,30,2024-02-15,Validated,0,0,0,30,0
INV0007658,FCT-599155,SUP00285,DPT005,PO0001360,2024-07-05,15221.66,USD,45,2024-08-19,Disputed,0,0,0,45,0
INV0007659,FCT-163266,SUP00232,DPT001,PO0000359,2024-07-18,5470.01,DZD,45,2024-09-01,Validated,0,0,0,45,0
INV0007660,FCT-733728,SUP00004,DPT001,PO0004979,2024-11-15,2169.82,DZD,30,2024-12-15,Validated,0,0,0,30,0
INV0007661,FCT-158798,SUP00287,DPT001,PO0001805,2024-12-04,16162.47,DZD,30,2025-01-03,Validated,0,0,0,30,0
INV0007662,FCT-470635,SUP00008,DPT007,PO0002865,2024-07-30,13541.34,EUR,30,2024-08-29,Validated,0,0,0,30,0
INV0007663,FCT-678642,SUP00005,DPT001,PO0001394,2024-02-03,7828.6,DZD,45,2024-03-19,Validated,0,0,0,45,0
INV0007664,FCT-676145,SUP00018,DPT011,PO0004244,2024-10-15,10448.22,DZD,15,2024-10-30,Validated,0,0,0,15,0
INV0007665,FCT-644756,SUP00243,DPT004,PO0000841,2024-06-25,20000.0,DZD,60,2024-08-24,Validated,0,1,0,60,0
INV0007666,FCT-697154,SUP00002,DPT001,PO0004143,2024-08-05,15000.0,DZD,30,2024-09-04,Validated,0,1,0,30,0
INV0007667,FCT-594080,SUP00175,DPT009,PO0001279,2024-10-09,9261.58,DZD,30,2024-11-08,Validated,0,0,0,30,0
INV0007668,FCT-463658,SUP00004,DPT004,,2024-08-20,1646.71,DZD,45,2024-10-04,Disputed,1,0,0,45,0
INV0007669,FCT-386894,SUP00158,DPT005,PO0003062,2024-06-05,5110.28,DZD,30,2024-07-05,Validated,0,0,0,30,0
INV0007670,FCT-775493,SUP00175,DPT011,PO0000500,2024-11-04,19652.57,DZD,30,2024-12-04,Validated,0,0,0,30,0
INV0007671,FCT-539637,SUP00147,DPT002,PO0001243,2024-05-11,81150.86,DZD,30,2024-06-10,Validated,0,0,0,30,0
INV0007672,FCT-702598,SUP00007,DPT008,PO0004022,2024-08-24,7467.7,DZD,90,2024-11-22,Pending Review,0,0,0,90,0
INV0007673,FCT-697152,SUP00154,DPT004,PO0002385,2024-07-29,2291.87,DZD,30,2024-08-28,Validated,0,0,0,30,0
INV0007674,FCT-678011,SUP00268,DPT001,PO0004946,2024-10-25,4310.53,DZD,60,2024-12-24,Disputed,0,0,0,60,0
INV0007675,FCT-308266,SUP00002,DPT002,PO0001759,2024-11-07,5000.0,DZD,30,2024-12-07,Validated,0,1,0,30,0
INV0007676,FCT-642728,SUP00003,DPT005,PO0000314,2024-03-26,25000.0,DZD,45,2024-05-10,Pending Review,0,1,0,45,0
INV0007677,FCT-128384,SUP00016,DPT006,PO0001433,2024-11-12,6832.09,DZD,90,2025-02-10,Validated,0,0,0,90,0
INV0007678,FCT-685540,SUP00057,DPT004,PO0003073,2024-08-02,2159.55,DZD,30,2024-09-01,Validated,0,0,0,30,0
INV0007679,FCT-543275,SUP00004,DPT005,PO0002870,2024-04-08,5202.34,DZD,45,2024-05-23,Validated,0,0,0,45,0
INV0007680,FCT-494165,SUP00055,DPT001,PO0003122,2024-08-12,14590.24,DZD,30,2024-09-11,Validated,0,0,0,30,0
INV0007681,FCT-732707,SUP00009,DPT002,,2024-12-18,6870.64,DZD,30,2025-01-17,Validated,1,0,0,30,0
INV0007682,FCT-766713,SUP00288,DPT010,PO0000565,2024-08-13,2937.27,DZD,60,2024-10-12,Validated,0,0,0,60,0
INV0007683,FCT-277149,SUP00300,DPT005,PO0002136,2024-02-29,21018.7,DZD,30,2024-03-30,Validated,0,0,0,30,0
INV0007684,FCT-567475,SUP00066,DPT008,PO0000301,2024-06-29,9621.6,DZD,45,2024-08-13,Validated,0,0,0,45,0
INV0007685,FCT-426394,SUP00008,DPT004,PO0001770,2024-03-18,2689.12,DZD,30,2024-04-17,Validated,0,0,0,30,0
INV0007686,FCT-583963,SUP00295,DPT012,PO0003785,2024-04-05,6674.65,DZD,30,2024-05-05,Validated,0,0,0,30,0
INV0007687,FCT-388275,SUP00283,DPT012,PO0003618,2024-09-12,569.75,DZD,60,2024-11-11,Pending Review,0,0,0,60,0
INV0007688,FCT-534559,SUP00251,DPT004,PO0000027,2024-02-11,8741.73,DZD,30,2024-03-12,Validated,0,0,0,30,0
INV0007689,FCT-844194,SUP00013,DPT006,PO0000291,2024-11-12,15000.0,DZD,30,2024-12-12,Validated,0,1,0,30,0
INV0007690,FCT-304468,SUP00026,DPT001,PO0000049,2024-11-26,22737.29,DZD,30,2024-12-26,Validated,0,0,0,30,0
INV0007691,FCT-978888,SUP00001,DPT001,PO0000341,2024-03-08,5321.39,DZD,60,2024-05-07,Validated,0,0,0,60,0
INV0007692,FCT-903173,SUP00006,DPT001,PO0003488,2024-04-24,8595.4,DZD,30,2024-05-24,Pending Review,0,0,0,30,0
INV0007693,FCT-554004,SUP00024,DPT004,PO0003730,2024-04-28,12068.93,DZD,30,2024-05-28,Validated,0,0,0,30,0
INV0007694,FCT-818095,SUP00276,DPT003,,2024-01-19,13003.58,DZD,45,2024-03-04,Validated,1,0,0,45,0
INV0007695,FCT-457656,SUP00001,DPT010,PO0001722,2024-01-29,10000.0,EUR,30,2024-02-28,Validated,0,1,0,30,0
INV0007696,FCT-929489,SUP00244,DPT002,PO0003772,2024-09-28,525.48,EUR,45,2024-11-12,Validated,0,0,0,45,0
INV0007697,FCT-662749,SUP00042,DPT001,PO0000184,2024-06-16,50000.0,DZD,30,2024-07-16,Validated,0,1,0,30,0
INV0007698,FCT-641149,SUP00123,DPT003,PO0000869,2024-03-24,3236.76,DZD,60,2024-05-23,Validated,0,0,0,60,0
INV0007699,FCT-980153,SUP00025,DPT001,PO0005199,2024-07-07,5736.17,EUR,30,2024-08-06,Validated,0,0,0,30,0
INV0007700,FCT-753125,SUP00154,DPT004,PO0002009,2024-03-30,2715.19,DZD,30,2024-04-29,Validated,0,0,0,30,0
INV0007701,FCT-772402,SUP00007,DPT001,,2024-08-03,12917.91,DZD,30,2024-09-02,Validated,1,0,0,30,0
INV0007702,FCT-966288,SUP00007,DPT005,PO0001402,2024-03-05,66195.91,DZD,45,2024-04-19,Validated,0,0,0,45,0
INV0007703,FCT-163522,SUP00018,DPT006,PO0004086,2024-03-09,19733.15,DZD,60,2024-05-08,Validated,0,0,0,60,0
INV0007704,FCT-322691,SUP00265,DPT009,PO0000379,2024-11-01,5933.74,DZD,15,2024-11-16,Validated,0,0,0,15,0
INV0007705,FCT-478310,SUP00072,DPT004,PO0000260,2024-04-10,36657.71,DZD,45,2024-05-25,Validated,0,0,0,45,0
INV0007706,FCT-108314,SUP00068,DPT012,PO0001129,2024-04-15,19002.9,DZD,30,2024-05-15,Validated,0,0,0,30,0
INV0007707,FCT-276896,SUP00242,DPT003,PO0002215,2024-10-02,14848.77,USD,45,2024-11-16,Validated,0,0,0,45,0
INV0007708,FCT-618771,SUP00024,DPT011,PO0004125,2024-05-27,3321.45,DZD,60,2024-07-26,Validated,0,0,0,60,0
INV0007709,FCT-240324,SUP00009,DPT011,PO0002620,2024-02-10,5429.15,DZD,15,2024-02-25,Validated,0,0,0,15,0
INV0007710,FCT-872370,SUP00014,DPT010,PO0004667,2024-10-07,12565.92,DZD,60,2024-12-06,Validated,0,0,0,60,0
INV0007711,FCT-713149,SUP00012,DPT001,PO0003532,2024-01-02,76595.12,DZD,30,2024-02-01,Validated,0,0,0,30,0
INV0007712,FCT-485522,SUP00027,DPT010,PO0005020,2024-06-11,33501.41,DZD,45,2024-07-26,Validated,0,0,0,45,0
INV0007713,FCT-766464,SUP00314,DPT002,PO0003262,2024-05-22,12673.44,DZD,45,2024-07-06,Validated,0,0,0,45,0
INV0007714,FCT-307327,SUP00055,DPT004,PO0000037,2024-08-29,7715.68,DZD,60,2024-10-28,Validated,0,0,0,60,0
INV0007715,FCT-537340,SUP00001,DPT003,PO0000619,2024-07-30,15418.12,DZD,30,2024-08-29,Validated,0,0,0,30,0
INV0007716,FCT-776089,SUP00016,DPT001,PO0000047,2024-07-31,11859.78,DZD,30,2024-08-30,Validated,0,0,0,30,0
INV0007717,FCT-505403,SUP00298,DPT010,PO0002675,2024-11-21,37360.39,USD,60,2025-01-20,Validated,0,0,0,60,0
INV0007718,FCT-606661,SUP00011,DPT001,PO0001497,2024-08-05,1822.3,DZD,30,2024-09-04,Validated,0,0,0,30,0
INV0007719,FCT-426633,SUP00259,DPT002,,2024-01-15,15000.0,DZD,45,2024-02-29,Validated,1,1,0,45,0
INV0007720,FCT-943102,SUP00025,DPT002,PO0004456,2024-01-22,15358.84,DZD,60,2024-03-22,Validated,0,0,0,60,0
INV0007721,FCT-953614,SUP00004,DPT007,PO0001267,2024-05-01,33066.9,EUR,30,2024-05-31,Validated,0,0,0,30,0
INV0007722,FCT-445988,SUP00010,DPT004,,2024-01-05,60673.01,DZD,15,2024-01-20,Validated,1,0,0,15,0
INV0007723,FCT-352312,SUP00047,DPT001,,2024-11-08,1202.26,DZD,30,2024-12-08,Validated,1,0,0,30,0
INV0007724,FCT-371528,SUP00271,DPT006,PO0003736,2024-10-06,2816.78,EUR,30,2024-11-05,Validated,0,0,0,30,0
INV0007725,FCT-293003,SUP00026,DPT006,PO0000070,2024-09-17,5940.81,DZD,30,2024-10-17,Validated,0,0,0,30,0
INV0007726,FCT-572970,SUP00293,DPT002,,2024-09-07,1547.49,EUR,30,2024-10-07,Validated,1,0,0,30,0
INV0007727,FCT-950286,SUP00010,DPT012,PO0001472,2024-08-19,43740.12,EUR,30,2024-09-18,Validated,0,0,0,30,0
INV0007728,FCT-983463,SUP00030,DPT005,PO0000677,2024-05-06,7428.29,DZD,30,2024-06-05,Pending Review,0,0,0,30,0
INV0007729,FCT-604023,SUP00016,DPT006,PO0001249,2024-01-04,24841.2,DZD,30,2024-02-03,Validated,0,0,0,30,0
INV0007730,FCT-633936,SUP00009,DPT009,PO0004332,2024-02-14,5257.49,EUR,30,2024-03-15,Validated,0,0,0,30,0
INV0007731,FCT-217581,SUP00008,DPT003,,2024-06-18,10000.0,DZD,30,2024-07-18,Validated,1,1,0,30,0
INV0007732,FCT-454010,SUP00152,DPT002,PO0003325,2024-04-01,1343.03,DZD,30,2024-05-01,Validated,0,0,0,30,0
INV0007733,FCT-818572,SUP00167,DPT001,PO0001297,2024-12-23,1906.99,DZD,30,2025-01-22,Validated,0,0,0,30,0
INV0007734,FCT-556538,SUP00110,DPT002,PO0002133,2024-10-26,1948.8,DZD,45,2024-12-10,Validated,0,0,0,45,0
INV0007735,FCT-655957,SUP00008,DPT001,PO0004120,2024-09-01,899.34,DZD,45,2024-10-16,Validated,0,0,0,45,0
INV0007736,FCT-669989,SUP00009,DPT003,PO0000878,2024-05-29,20977.91,DZD,60,2024-07-28,Validated,0,0,0,60,0
INV0007737,FCT-822851,SUP00020,DPT009,PO0001831,2024-10-24,6336.89,DZD,30,2024-11-23,Validated,0,0,0,30,0
INV0007738,FCT-555350,SUP00006,DPT006,PO0000023,2024-05-28,21739.91,DZD,45,2024-07-12,Validated,0,0,0,45,0
INV0007739,FCT-641538,SUP00009,DPT002,PO0001216,2024-07-06,5638.12,DZD,60,2024-09-04,Validated,0,0,0,60,0
INV0007740,FCT-178431,SUP00003,DPT002,PO0004629,2024-09-17,23530.77,DZD,45,2024-11-01,Validated,0,0,0,45,0
INV0007741,FCT-877280,SUP00124,DPT005,PO0003853,2024-05-11,19282.94,DZD,45,2024-06-25,Validated,0,0,0,45,0
INV0007742,FCT-571562,SUP00009,DPT008,PO0001554,2024-07-04,5597.96,DZD,45,2024-08-18,Validated,0,0,0,45,0
INV0007743,FCT-762301,SUP00008,DPT003,,2024-04-27,8091.82,DZD,30,2024-05-27,Validated,1,0,0,30,0
INV0007744,FCT-632723,SUP00028,DPT003,PO0000032,2024-03-02,9659.26,DZD,30,2024-04-01,Pending Review,0,0,0,30,0
INV0007745,FCT-714024,SUP00319,DPT006,PO0004548,2024-10-17,23231.99,DZD,45,2024-12-01,Validated,0,0,0,45,0
INV0007746,FCT-500909,SUP00306,DPT005,PO0002723,2024-12-23,6203.75,DZD,30,2025-01-22,Pending Review,0,0,0,30,0
INV0007747,FCT-870858,SUP00002,DPT009,PO0002647,2024-06-17,50000.0,DZD,90,2024-09-15,Validated,0,1,0,90,0
INV0007748,FCT-134217,SUP00119,DPT003,PO0003271,2024-01-16,1179.48,DZD,30,2024-02-15,Validated,0,0,0,30,0
INV0007749,FCT-351158,SUP00204,DPT007,PO0000992,2024-04-27,2336.59,DZD,15,2024-05-12,Validated,0,0,0,15,0
INV0007750,FCT-288550,SUP00020,DPT003,,2024-11-19,2767.74,DZD,30,2024-12-19,Disputed,1,0,0,30,0
INV0007751,FCT-170706,SUP00028,DPT004,PO0003755,2024-08-27,11659.79,DZD,45,2024-10-11,Validated,0,0,0,45,0
INV0007752,FCT-513869,SUP00076,DPT010,PO0002568,2024-04-06,2863.98,DZD,45,2024-05-21,Validated,0,0,0,45,0
INV0007753,FCT-139125,SUP00164,DPT011,PO0001048,2024-12-30,7333.41,DZD,60,2025-02-28,Validated,0,0,0,60,0
INV0007754,FCT-426838,SUP00007,DPT002,,2024-02-16,5326.39,DZD,30,2024-03-17,Validated,1,0,0,30,0
INV0007755,FCT-270615,SUP00024,DPT004,PO0004208,2024-06-06,6454.69,USD,15,2024-06-21,Validated,0,0,0,15,0
INV0007756,FCT-544557,SUP00292,DPT005,,2024-07-01,17447.56,EUR,30,2024-07-31,Validated,1,0,0,30,0
INV0007757,FCT-515603,SUP00155,DPT002,PO0000956,2024-02-29,7765.66,DZD,60,2024-04-29,Disputed,0,0,0,60,0
INV0007758,FCT-702414,SUP00019,DPT001,PO0003425,2024-03-09,4821.51,DZD,90,2024-06-07,Validated,0,0,0,90,0
INV0007759,FCT-106785,SUP00233,DPT002,PO0005122,2024-08-22,10219.73,EUR,30,2024-09-21,Validated,0,0,0,30,0
INV0007760,FCT-250619,SUP00003,DPT008,PO0005151,2024-01-18,41202.95,DZD,30,2024-02-17,Validated,0,0,0,30,0
INV0007761,FCT-701011,SUP00005,DPT008,,2024-05-26,6826.8,DZD,30,2024-06-25,Validated,1,0,0,30,0
INV0007762,FCT-233877,SUP00054,DPT005,PO0004109,2024-09-13,1469.45,DZD,30,2024-10-13,Pending Review,0,0,0,30,0
INV0007763,FCT-957278,SUP00096,DPT004,PO0001080,2024-08-03,1322.69,EUR,30,2024-09-02,Validated,0,0,0,30,0
INV0007764,FCT-922867,SUP00150,DPT002,PO0001677,2024-05-20,4348.47,DZD,90,2024-08-18,Validated,0,0,0,90,0
INV0007765,FCT-478340,SUP00232,DPT011,,2024-12-29,1617.31,DZD,15,2025-01-13,Validated,1,0,0,15,0
INV0007766,FCT-763102,SUP00125,DPT004,PO0003798,2024-06-27,383.35,DZD,90,2024-09-25,Validated,0,0,0,90,0
INV0007767,FCT-591510,SUP00013,DPT003,PO0003771,2024-06-16,4287.53,DZD,60,2024-08-15,Validated,0,0,0,60,0
INV0007768,FCT-588669,SUP00035,DPT002,PO0002397,2024-08-23,9299.68,DZD,30,2024-09-22,Validated,0,0,0,30,0
INV0007769,FCT-961825,SUP00030,DPT001,PO0001479,2024-04-20,29479.75,DZD,90,2024-07-19,Validated,0,0,0,90,0
INV0007770,FCT-922394,SUP00020,DPT002,,2024-05-20,5882.57,DZD,30,2024-06-19,Validated,1,0,0,30,0
INV0007771,FCT-208574,SUP00011,DPT007,PO0004031,2024-12-23,8572.12,DZD,45,2025-02-06,Validated,0,0,0,45,0
INV0007772,FCT-386210,SUP00009,DPT003,PO0003297,2024-03-22,10861.48,DZD,45,2024-05-06,Validated,0,0,0,45,0
INV0007773,FCT-457509,SUP00006,DPT010,PO0000821,2024-08-31,6602.75,DZD,15,2024-09-15,Disputed,0,0,0,15,0
INV0007774,FCT-423217,SUP00002,DPT003,PO0000096,2024-10-13,2786.1,DZD,30,2024-11-12,Validated,0,0,0,30,0
INV0007775,FCT-988366,SUP00007,DPT002,PO0002306,2024-04-21,72894.4,DZD,30,2024-05-21,Validated,0,0,0,30,0
INV0007776,FCT-815297,SUP00010,DPT002,PO0002105,2024-04-24,1926.55,DZD,30,2024-05-24,Validated,0,0,0,30,0
INV0007777,FCT-226318,SUP00063,DPT003,PO0001746,2024-04-25,9690.2,DZD,30,2024-05-25,Validated,0,0,0,30,0
INV0007778,FCT-649770,SUP00091,DPT008,PO0000797,2024-06-08,2448.13,DZD,45,2024-07-23,Validated,0,0,0,45,0
INV0007779,FCT-892962,SUP00006,DPT003,PO0002298,2024-08-08,6835.12,DZD,45,2024-09-22,Validated,0,0,0,45,0
INV0007780,FCT-315171,SUP00279,DPT007,,2024-10-01,9613.35,DZD,30,2024-10-31,Validated,1,0,0,30,0
INV0007781,FCT-466454,SUP00057,DPT004,,2024-05-12,4758.18,EUR,15,2024-05-27,Validated,1,0,0,15,0
INV0007782,FCT-656227,SUP00007,DPT004,PO0001591,2024-06-29,1486.92,DZD,45,2024-08-13,Validated,0,0,0,45,0
INV0007783,FCT-565295,SUP00005,DPT004,PO0004766,2024-10-09,4025.94,DZD,90,2025-01-07,Validated,0,0,0,90,0
INV0007784,FCT-775412,SUP00214,DPT005,PO0001116,2024-01-04,21866.15,DZD,45,2024-02-18,Pending Review,0,0,0,45,0
INV0007785,FCT-841899,SUP00161,DPT006,PO0002849,2024-03-11,1066.94,USD,30,2024-04-10,Validated,0,0,0,30,0
INV0007786,FCT-325915,SUP00093,DPT009,PO0001111,2024-02-11,39164.53,USD,45,2024-03-27,Validated,0,0,0,45,0
INV0007787,FCT-986495,SUP00008,DPT005,PO0002848,2024-03-10,6694.87,DZD,45,2024-04-24,Validated,0,0,0,45,0
INV0007788,FCT-442998,SUP00015,DPT007,PO0000819,2024-11-09,13656.52,DZD,60,2025-01-08,Validated,0,0,0,60,0
INV0007789,FCT-124004,SUP00265,DPT002,PO0000356,2024-03-25,1786.3,DZD,90,2024-06-23,Validated,0,0,0,90,0
INV0007790,FCT-183517,SUP00010,DPT003,,2024-12-16,100000.0,DZD,15,2024-12-31,Validated,1,1,1,15,0
INV0007791,FCT-413130,SUP00296,DPT003,PO0002456,2024-11-14,2790.83,DZD,30,2024-12-14,Validated,0,0,0,30,0
INV0007792,FCT-458412,SUP00007,DPT003,PO0002526,2024-05-17,8430.65,DZD,60,2024-07-16,Validated,0,0,0,60,0
INV0007793,FCT-362759,SUP00078,DPT010,PO0002621,2024-02-03,1710.18,DZD,30,2024-03-04,Disputed,0,0,0,30,0
INV0007794,FCT-473015,SUP00030,DPT007,PO0003521,2024-03-26,2940.66,DZD,90,2024-06-24,Validated,0,0,0,90,0
INV0007795,FCT-514326,SUP00131,DPT002,PO0001303,2024-08-07,64704.64,DZD,30,2024-09-06,Validated,0,0,0,30,0
INV0007796,FCT-296864,SUP00297,DPT002,PO0001607,2024-06-17,12631.32,DZD,90,2024-09-15,Validated,0,0,0,90,0
INV0007797,FCT-240049,SUP00054,DPT004,PO0001492,2024-11-11,9290.7,EUR,45,2024-12-26,Validated,0,0,0,45,0
INV0007798,FCT-137719,SUP00113,DPT001,PO0004913,2024-05-09,9119.92,DZD,45,2024-06-23,Validated,0,0,0,45,0
INV0007799,FCT-386635,SUP00037,DPT001,,2024-03-05,32126.55,DZD,45,2024-04-19,Validated,1,0,0,45,0
INV0007800,FCT-659318,SUP00127,DPT002,PO0001192,2024-09-02,5189.93,DZD,45,2024-10-17,Validated,0,0,0,45,0
INV0007801,FCT-656174,SUP00008,DPT004,PO0004263,2024-12-01,17622.52,DZD,45,2025-01-15,Validated,0,0,0,45,0
INV0007802,FCT-113666,SUP00114,DPT009,PO0001708,2024-07-22,397.79,DZD,30,2024-08-21,Pending Review,0,0,0,30,0
INV0007803,FCT-822435,SUP00015,DPT008,PO0001609,2024-09-16,5229.69,DZD,15,2024-10-01,Validated,0,0,0,15,0
INV0007804,FCT-815929,SUP00292,DPT006,PO0002192,2024-07-31,4207.49,EUR,45,2024-09-14,Validated,0,0,0,45,0
INV0007805,FCT-964960,SUP00010,DPT001,PO0001843,2024-03-24,3284.67,DZD,30,2024-04-23,Validated,0,0,0,30,0
INV0007806,FCT-456785,SUP00138,DPT001,PO0005070,2024-07-19,14048.59,DZD,30,2024-08-18,Validated,0,0,0,30,0
INV0007807,FCT-333749,SUP00174,DPT006,PO0002710,2024-12-23,5142.49,DZD,45,2025-02-06,Validated,0,0,0,45,0
INV0007808,FCT-506107,SUP00167,DPT011,PO0000469,2024-12-29,4989.53,DZD,30,2025-01-28,Validated,0,0,0,30,0
INV0007809,FCT-977084,SUP00084,DPT005,,2024-10-30,2436.31,DZD,45,2024-12-14,Validated,1,0,0,45,0
INV0007810,FCT-554431,SUP00028,DPT004,PO0004494,2024-07-05,50000.0,EUR,45,2024-08-19,Validated,0,1,0,45,0
INV0007811,FCT-372528,SUP00003,DPT003,PO0000846,2024-01-21,597.09,USD,60,2024-03-21,Validated,0,0,0,60,0
INV0007812,FCT-326135,SUP00152,DPT004,,2024-06-08,4176.24,DZD,30,2024-07-08,Validated,1,0,0,30,0
INV0007813,FCT-934254,SUP00003,DPT001,PO0002140,2024-10-28,25000.0,DZD,60,2024-12-27,Validated,0,1,0,60,0
INV0007814,FCT-396205,SUP00006,DPT002,PO0004646,2024-12-09,100000.0,DZD,60,2025-02-07,Pending Review,0,1,1,60,0
INV0007815,FCT-773023,SUP00030,DPT001,PO0001180,2024-07-29,13956.88,DZD,30,2024-08-28,Validated,0,0,0,30,0
INV0007816,FCT-532460,SUP00006,DPT005,PO0001314,2024-01-11,17153.11,DZD,45,2024-02-25,Validated,0,0,0,45,0
INV0007817,FCT-470846,SUP00150,DPT001,PO0001617,2024-11-20,1314.27,USD,30,2024-12-20,Validated,0,0,0,30,0
INV0007818,FCT-248866,SUP00012,DPT010,PO0002675,2024-11-01,15737.43,DZD,45,2024-12-16,Disputed,0,0,0,45,0
INV0007819,FCT-976300,SUP00005,DPT012,PO0003353,2024-08-03,2786.96,DZD,30,2024-09-02,Validated,0,0,0,30,0
INV0007820,FCT-376858,SUP00234,DPT002,PO0000596,2024-05-29,8252.88,DZD,60,2024-07-28,Validated,0,0,0,60,0
INV0007821,FCT-126317,SUP00314,DPT010,PO0000863,2024-10-17,4843.11,DZD,45,2024-12-01,Validated,0,0,0,45,0
INV0007822,FCT-722702,SUP00131,DPT002,,2024-04-19,1229.75,DZD,30,2024-05-19,Validated,1,0,0,30,0
INV0007823,FCT-806135,SUP00224,DPT008,PO0004122,2024-10-30,1820.42,DZD,30,2024-11-29,Validated,0,0,0,30,0
INV0007824,FCT-942303,SUP00026,DPT003,PO0001240,2024-05-01,12812.74,DZD,30,2024-05-31,Validated,0,0,0,30,0
INV0007825,FCT-706207,SUP00007,DPT010,PO0003942,2024-10-17,15000.0,DZD,45,2024-12-01,Validated,0,1,0,45,0
INV0007826,FCT-247005,SUP00267,DPT001,,2024-09-05,1238.62,DZD,30,2024-10-05,Validated,1,0,0,30,0
INV0007827,FCT-181403,SUP00006,DPT008,PO0003679,2024-01-22,22185.44,DZD,15,2024-02-06,Validated,0,0,0,15,0
INV0007828,FCT-166034,SUP00288,DPT002,PO0000235,2024-01-14,3870.44,DZD,45,2024-02-28,Validated,0,0,0,45,0
INV0007829,FCT-356239,SUP00006,DPT004,PO0000617,2024-08-30,1374.17,DZD,30,2024-09-29,Validated,0,0,0,30,0
INV0007830,FCT-725516,SUP00119,DPT012,PO0003937,2024-06-13,3192.17,DZD,30,2024-07-13,Validated,0,0,0,30,0
INV0007831,FCT-503566,SUP00023,DPT008,PO0000342,2024-11-23,1263.0,DZD,45,2025-01-07,Disputed,0,0,0,45,0
INV0007832,FCT-308735,SUP00135,DPT006,PO0004218,2024-10-11,2606.57,DZD,90,2025-01-09,Pending Review,0,0,0,90,0
INV0007833,FCT-317997,SUP00010,DPT001,PO0002344,2024-12-07,3463.38,DZD,30,2025-01-06,Validated,0,0,0,30,0
INV0007834,FCT-667379,SUP00011,DPT010,PO0001762,2024-03-12,10864.5,DZD,30,2024-04-11,Validated,0,0,0,30,0
INV0007835,FCT-940196,SUP00023,DPT006,PO0001826,2024-10-06,15284.39,DZD,30,2024-11-05,Pending Review,0,0,0,30,0
INV0007836,FCT-377767,SUP00143,DPT001,PO0005134,2024-06-09,20383.87,EUR,45,2024-07-24,Validated,0,0,0,45,0
INV0007837,FCT-239042,SUP00008,DPT009,,2024-04-23,14825.57,EUR,30,2024-05-23,Validated,1,0,0,30,1
INV0007838,FCT-276704,SUP00293,DPT007,PO0001605,2024-05-17,672.63,DZD,30,2024-06-16,Validated,0,0,0,30,0
INV0007839,FCT-603245,SUP00173,DPT003,,2024-11-09,1139.53,DZD,30,2024-12-09,Validated,1,0,0,30,0
INV0007840,FCT-849247,SUP00026,DPT005,PO0002985,2024-07-13,21217.14,DZD,15,2024-07-28,Validated,0,0,0,15,0
INV0007841,FCT-592680,SUP00004,DPT004,PO0000987,2024-01-10,3512.07,DZD,45,2024-02-24,Pending Review,0,0,0,45,0
INV0007842,FCT-971367,SUP00029,DPT002,PO0004467,2024-06-23,5118.53,DZD,30,2024-07-23,Validated,0,0,0,30,0
INV0007843,FCT-580786,SUP00111,DPT003,PO0003865,2024-10-08,12424.97,DZD,30,2024-11-07,Validated,0,0,0,30,0
INV0007844,FCT-390621,SUP00085,DPT001,,2024-09-30,26476.28,DZD,30,2024-10-30,Validated,1,0,0,30,0
INV0007845,FCT-224429,SUP00018,DPT008,PO0001644,2024-06-26,10306.73,DZD,90,2024-09-24,Validated,0,0,0,90,0
INV0007846,FCT-156125,SUP00013,DPT003,PO0004370,2024-10-16,2233.08,DZD,30,2024-11-15,Validated,0,0,0,30,0
INV0007847,FCT-541910,SUP00219,DPT009,PO0002559,2024-11-17,1475.29,DZD,30,2024-12-17,Validated,0,0,0,30,0
INV0007848,FCT-553826,SUP00015,DPT003,PO0004984,2024-07-02,1752.79,DZD,30,2024-08-01,Validated,0,0,0,30,0
INV0007849,FCT-928615,SUP00018,DPT006,PO0004500,2024-11-16,100000.0,DZD,90,2025-02-14,Pending Review,0,1,1,90,0
INV0007850,FCT-128327,SUP00282,DPT009,PO0002109,2024-06-03,16148.69,DZD,15,2024-06-18,Pending Review,0,0,0,15,0
INV0007851,FCT-288173,SUP00009,DPT005,PO0001119,2024-12-29,6329.13,DZD,30,2025-01-28,Validated,0,0,0,30,0
INV0007852,FCT-285751,SUP00037,DPT007,PO0000504,2024-11-04,1165.6,DZD,30,2024-12-04,Validated,0,0,0,30,0
INV0007853,FCT-166885,SUP00067,DPT005,PO0004024,2024-03-10,16742.67,DZD,90,2024-06-08,Validated,0,0,0,90,0
INV0007854,FCT-191002,SUP00317,DPT007,,2024-04-30,50000.0,DZD,15,2024-05-15,Pending Review,1,1,0,15,0
INV0007855,FCT-954102,SUP00269,DPT011,PO0003855,2024-05-22,2485.88,DZD,30,2024-06-21,Validated,0,0,0,30,0
INV0007856,FCT-123825,SUP00009,DPT004,PO0001624,2024-06-27,5640.08,DZD,60,2024-08-26,Validated,0,0,0,60,0
INV0007857,FCT-930174,SUP00086,DPT005,PO0005086,2024-09-09,10754.08,DZD,60,2024-11-08,Pending Review,0,0,0,60,0
INV0007858,FCT-744039,SUP00008,DPT006,PO0003486,2024-11-03,3596.14,DZD,60,2025-01-02,Validated,0,0,0,60,0
INV0007859,FCT-601520,SUP00080,DPT002,PO0001468,2024-07-23,1823.23,DZD,30,2024-08-22,Validated,0,0,0,30,0
INV0007860,FCT-227905,SUP00024,DPT005,PO0003510,2024-01-05,7459.05,DZD,30,2024-02-04,Pending Review,0,0,0,30,0
INV0007861,FCT-898117,SUP00280,DPT002,PO0001406,2024-11-07,8020.95,DZD,30,2024-12-07,Validated,0,0,0,30,0
INV0007862,FCT-834509,SUP00010,DPT003,PO0004849,2024-05-07,680.12,DZD,15,2024-05-22,Pending Review,0,0,0,15,0
INV0007863,FCT-976800,SUP00243,DPT004,PO0000841,2024-05-07,5525.81,DZD,45,2024-06-21,Validated,0,0,0,45,0
INV0007864,FCT-338662,SUP00006,DPT008,,2024-10-30,2278.15,DZD,60,2024-12-29,Validated,1,0,0,60,0
INV0007865,FCT-256117,SUP00315,DPT010,PO0003065,2024-10-24,10385.54,DZD,45,2024-12-08,Pending Review,0,0,0,45,0
INV0007866,FCT-541370,SUP00002,DPT006,PO0000173,2024-11-17,846.39,DZD,30,2024-12-17,Validated,0,0,0,30,0
INV0007867,FCT-296407,SUP00003,DPT007,PO0001901,2024-11-29,1387.39,DZD,45,2025-01-13,Validated,0,0,0,45,0
INV0007868,FCT-203117,SUP00007,DPT011,,2024-02-28,405.54,DZD,30,2024-03-29,Validated,1,0,0,30,0
INV0007869,FCT-580800,SUP00243,DPT004,PO0004423,2024-03-05,9673.77,EUR,30,2024-04-04,Validated,0,0,0,30,0
INV0007870,FCT-166920,SUP00207,DPT010,PO0000607,2024-06-11,1071.0,DZD,15,2024-06-26,Validated,0,0,0,15,0
INV0007871,FCT-733726,SUP00113,DPT009,PO0003139,2024-12-24,1306.14,USD,30,2025-01-23,Validated,0,0,0,30,0
INV0007872,FCT-246390,SUP00022,DPT001,PO0002355,2024-05-05,5405.48,DZD,30,2024-06-04,Validated,0,0,0,30,0
INV0007873,FCT-830346,SUP00009,DPT007,PO0000157,2024-05-04,4997.75,USD,15,2024-05-19,Validated,0,0,0,15,0
INV0007874,FCT-769509,SUP00272,DPT004,PO0004653,2024-12-22,12487.03,DZD,30,2025-01-21,Pending Review,0,0,0,30,0
INV0007875,FCT-543146,SUP00007,DPT008,,2024-12-19,14020.66,USD,30,2025-01-18,Validated,1,0,0,30,0
INV0007876,FCT-790218,SUP00177,DPT003,PO0000944,2024-07-24,22020.92,EUR,30,2024-08-23,Validated,0,0,0,30,0
INV0007877,FCT-121014,SUP00017,DPT012,,2024-08-06,38439.17,DZD,90,2024-11-04,Validated,1,0,0,90,0
INV0007878,FCT-990463,SUP00273,DPT004,PO0002689,2024-05-25,19911.67,USD,30,2024-06-24,Validated,0,0,0,30,0
INV0007879,FCT-164770,SUP00004,DPT006,PO0000539,2024-10-27,8799.55,DZD,30,2024-11-26,Validated,0,0,0,30,0
INV0007880,FCT-783790,SUP00020,DPT004,,2024-11-14,7707.66,DZD,30,2024-12-14,Validated,1,0,0,30,0
INV0007881,FCT-853330,SUP00007,DPT010,PO0001629,2024-04-06,12199.32,DZD,30,2024-05-06,Validated,0,0,0,30,0
INV0007882,FCT-626948,SUP00005,DPT012,PO0000880,2024-09-15,587.57,DZD,45,2024-10-30,Validated,0,0,0,45,0
INV0007883,FCT-606661,SUP00105,DPT001,PO0003374,2024-07-09,5024.72,DZD,30,2024-08-08,Validated,0,0,0,30,0
INV0007884,FCT-378541,SUP00005,DPT009,PO0000678,2024-09-17,734.01,DZD,90,2024-12-16,Validated,0,0,0,90,0
INV0007885,FCT-148235,SUP00003,DPT003,PO0000850,2024-06-04,2578.21,DZD,45,2024-07-19,Validated,0,0,0,45,0
INV0007886,FCT-668496,SUP00284,DPT006,,2024-08-11,1099.63,DZD,60,2024-10-10,Validated,1,0,0,60,0
INV0007887,FCT-725548,SUP00225,DPT002,,2024-08-20,9388.25,DZD,60,2024-10-19,Validated,1,0,0,60,0
INV0007888,FCT-484253,SUP00029,DPT009,,2024-06-01,11983.36,DZD,30,2024-07-01,Validated,1,0,0,30,0
INV0007889,FCT-667350,SUP00012,DPT009,PO0001806,2024-03-19,24306.85,DZD,30,2024-04-18,Validated,0,0,0,30,0
INV0007890,FCT-405363,SUP00044,DPT001,PO0004105,2024-02-05,1973.38,DZD,90,2024-05-05,Validated,0,0,0,90,0
INV0007891,FCT-483077,SUP00224,DPT002,PO0002286,2024-12-20,2817.4,DZD,30,2025-01-19,Validated,0,0,0,30,0
INV0007892,FCT-385282,SUP00011,DPT006,PO0001973,2024-08-19,20851.81,DZD,45,2024-10-03,Validated,0,0,0,45,0
INV0007893,FCT-873006,SUP00012,DPT005,PO0001367,2024-06-12,3331.48,DZD,30,2024-07-12,Pending Review,0,0,0,30,0
INV0007894,FCT-750093,SUP00038,DPT007,PO0002885,2024-05-31,2626.83,USD,30,2024-06-30,Validated,0,0,0,30,0
INV0007895,FCT-363632,SUP00013,DPT004,PO0001953,2024-05-29,13622.33,DZD,60,2024-07-28,Validated,0,0,0,60,0
INV0007896,FCT-616150,SUP00030,DPT007,PO0001180,2024-06-14,10898.74,DZD,45,2024-07-29,Validated,0,0,0,45,0
INV0007897,FCT-781075,SUP00007,DPT002,PO0000635,2024-06-11,18046.23,EUR,60,2024-08-10,Validated,0,0,0,60,0
INV0007898,FCT-181319,SUP00015,DPT002,PO0001795,2024-12-03,10453.36,DZD,30,2025-01-02,Pending Review,0,0,0,30,0
INV0007899,FCT-397137,SUP00132,DPT002,,2024-06-14,3815.13,DZD,60,2024-08-13,Validated,1,0,0,60,0
INV0007900,FCT-547156,SUP00232,DPT002,PO0000463,2024-09-20,29155.45,DZD,45,2024-11-04,Validated,0,0,0,45,0
INV0007901,FCT-601491,SUP00005,DPT002,PO0003667,2024-06-27,16576.37,DZD,60,2024-08-26,Validated,0,0,0,60,0
INV0007902,FCT-300548,SUP00313,DPT009,PO0002017,2024-10-12,5885.72,DZD,45,2024-11-26,Validated,0,0,0,45,0
INV0007903,FCT-996337,SUP00171,DPT006,PO0000018,2024-01-05,16633.58,DZD,90,2024-04-04,Validated,0,0,0,90,0
INV0007904,FCT-277630,SUP00019,DPT004,PO0002419,2024-10-04,5911.42,DZD,30,2024-11-03,Validated,0,0,0,30,0
INV0007905,FCT-651582,SUP00010,DPT007,PO0003210,2024-03-21,2066.41,DZD,30,2024-04-20,Validated,0,0,0,30,0
INV0007906,FCT-317747,SUP00057,DPT003,PO0003805,2024-06-06,6817.76,DZD,90,2024-09-04,Validated,0,0,0,90,0
INV0007907,FCT-606436,SUP00002,DPT012,PO0000892,2024-08-18,55009.44,DZD,60,2024-10-17,Validated,0,0,0,60,0
INV0007908,FCT-810517,SUP00003,DPT008,PO0000923,2024-07-23,19884.23,DZD,45,2024-09-06,Validated,0,0,0,45,0
INV0007909,FCT-613925,SUP00211,DPT003,,2024-01-20,9684.89,DZD,45,2024-03-05,Validated,1,0,0,45,0
INV0007910,FCT-454260,SUP00206,DPT007,PO0003357,2024-07-17,2140.68,DZD,60,2024-09-15,Validated,0,0,0,60,0
INV0007911,FCT-726123,SUP00084,DPT011,PO0001813,2024-02-17,1540.4,DZD,30,2024-03-18,Validated,0,0,0,30,0
INV0007912,FCT-668507,SUP00142,DPT003,PO0002294,2024-03-28,4532.09,DZD,90,2024-06-26,Validated,0,0,0,90,0
INV0007913,FCT-821921,SUP00305,DPT009,PO0000612,2024-06-18,2985.13,DZD,30,2024-07-18,Validated,0,0,0,30,0
INV0007914,FCT-619411,SUP00005,DPT007,PO0002316,2024-08-18,6126.6,DZD,15,2024-09-02,Validated,0,0,0,15,0
INV0007915,FCT-815326,SUP00057,DPT003,PO0003805,2024-07-10,7140.38,DZD,30,2024-08-09,Validated,0,0,0,30,0
INV0007916,FCT-622495,SUP00022,DPT002,PO0001880,2024-05-16,1169.18,DZD,30,2024-06-15,Validated,0,0,0,30,0
INV0007917,FCT-787541,SUP00220,DPT012,PO0003941,2024-02-02,2290.08,DZD,30,2024-03-03,Validated,0,0,0,30,0
INV0007918,FCT-189467,SUP00024,DPT005,,2024-01-20,3992.84,DZD,60,2024-03-20,Validated,1,0,0,60,0
INV0007919,FCT-404452,SUP00164,DPT011,PO0000483,2024-06-12,9914.07,DZD,30,2024-07-12,Validated,0,0,0,30,0
INV0007920,FCT-210526,SUP00040,DPT004,PO0004333,2024-12-20,10349.59,DZD,45,2025-02-03,Validated,0,0,0,45,0
INV0007921,FCT-317533,SUP00005,DPT004,PO0000903,2024-10-25,15000.0,DZD,45,2024-12-09,Validated,0,1,0,45,0
INV0007922,FCT-363337,SUP00014,DPT010,PO0004628,2024-05-31,1467.83,DZD,30,2024-06-30,Validated,0,0,0,30,0
INV0007923,FCT-462168,SUP00012,DPT009,PO0002623,2024-03-17,2021.25,DZD,90,2024-06-15,Disputed,0,0,0,90,0
INV0007924,FCT-434533,SUP00226,DPT001,,2024-05-07,15002.74,DZD,30,2024-06-06,Validated,1,0,0,30,0
INV0007925,FCT-567723,SUP00012,DPT001,PO0002886,2024-06-27,3481.22,EUR,60,2024-08-26,Validated,0,0,0,60,0
INV0007926,FCT-666272,SUP00126,DPT011,PO0004053,2024-08-16,6784.29,DZD,30,2024-09-15,Validated,0,0,0,30,0
INV0007927,FCT-831002,SUP00098,DPT011,PO0000306,2024-07-20,9697.56,EUR,45,2024-09-03,Validated,0,0,0,45,0
INV0007928,FCT-704946,SUP00007,DPT011,PO0001142,2024-06-14,100000.0,DZD,15,2024-06-29,Validated,0,1,1,15,0
INV0007929,FCT-571534,SUP00002,DPT001,PO0002858,2024-08-19,1474.96,DZD,30,2024-09-18,Validated,0,0,0,30,0
INV0007930,FCT-141502,SUP00097,DPT008,PO0000304,2024-12-22,24216.59,DZD,30,2025-01-21,Validated,0,0,0,30,0
INV0007931,FCT-430684,SUP00030,DPT005,,2024-05-31,11668.24,DZD,30,2024-06-30,Validated,1,0,0,30,0
INV0007932,FCT-560517,SUP00008,DPT003,PO0000429,2024-01-19,40854.86,USD,30,2024-02-18,Validated,0,0,0,30,0
INV0007933,FCT-583497,SUP00006,DPT002,PO0001572,2024-11-06,30211.37,DZD,15,2024-11-21,Validated,0,0,0,15,0
INV0007934,FCT-896621,SUP00249,DPT009,PO0003408,2024-10-25,6809.78,DZD,45,2024-12-09,Validated,0,0,0,45,0
INV0007935,FCT-166192,SUP00079,DPT006,PO0002798,2024-08-02,2538.76,DZD,45,2024-09-16,Validated,0,0,0,45,0
INV0007936,FCT-928770,SUP00179,DPT002,PO0001146,2024-01-08,12837.08,USD,45,2024-02-22,Validated,0,0,0,45,0
INV0007937,FCT-584326,SUP00250,DPT004,PO0004847,2024-11-21,1656.82,DZD,30,2024-12-21,Validated,0,0,0,30,0
INV0007938,FCT-459752,SUP00021,DPT004,PO0002337,2024-03-07,7697.67,USD,30,2024-04-06,Validated,0,0,0,30,0
INV0007939,FCT-565835,SUP00098,DPT002,,2024-12-18,2551.97,DZD,30,2025-01-17,Validated,1,0,0,30,0
INV0007940,FCT-784105,SUP00149,DPT002,,2024-03-04,4548.66,DZD,30,2024-04-03,Validated,1,0,0,30,0
INV0007941,FCT-631340,SUP00008,DPT003,PO0000782,2024-01-02,488.34,DZD,60,2024-03-02,Validated,0,0,0,60,0
INV0007942,FCT-508873,SUP00261,DPT007,,2024-05-04,5449.68,DZD,30,2024-06-03,Validated,1,0,0,30,0
INV0007943,FCT-878007,SUP00305,DPT009,PO0002956,2024-06-28,6891.85,DZD,30,2024-07-28,Validated,0,0,0,30,0
INV0007944,FCT-282260,SUP00003,DPT009,PO0004595,2024-11-15,50000.0,DZD,45,2024-12-30,Validated,0,1,0,45,0
INV0007945,FCT-611720,SUP00022,DPT004,PO0004659,2024-01-16,5448.17,DZD,30,2024-02-15,Validated,0,0,0,30,0
INV0007946,FCT-678954,SUP00204,DPT007,PO0003156,2024-03-30,1725.83,DZD,15,2024-04-14,Validated,0,0,0,15,0
INV0007947,FCT-606295,SUP00023,DPT009,PO0000114,2024-08-27,14712.9,DZD,60,2024-10-26,Validated,0,0,0,60,0
INV0007948,FCT-541089,SUP00003,DPT001,,2024-07-06,6177.32,DZD,45,2024-08-20,Validated,1,0,0,45,0
INV0007949,FCT-711998,SUP00004,DPT001,PO0004979,2024-11-07,78767.35,DZD,30,2024-12-07,Validated,0,0,0,30,0
INV0007950,FCT-729026,SUP00211,DPT011,PO0001357,2024-06-23,8400.91,EUR,30,2024-07-23,Validated,0,0,0,30,0
INV0007951,FCT-973536,SUP00027,DPT008,PO0004838,2024-08-15,9319.2,DZD,45,2024-09-29,Validated,0,0,0,45,0
INV0007952,FCT-874315,SUP00008,DPT002,PO0000598,2024-03-27,3499.1,DZD,30,2024-04-26,Validated,0,0,0,30,0
INV0007953,FCT-753232,SUP00174,DPT004,PO0004040,2024-05-23,23647.24,EUR,45,2024-07-07,Validated,0,0,0,45,0
INV0007954,FCT-118917,SUP00018,DPT006,PO0003686,2024-06-18,50000.0,DZD,30,2024-07-18,Pending Review,0,1,0,30,0
INV0007955,FCT-275848,SUP00006,DPT002,PO0004058,2024-08-08,43827.83,DZD,45,2024-09-22,Validated,0,0,0,45,0
INV0007956,FCT-973283,SUP00003,DPT006,PO0002695,2024-11-04,42392.52,DZD,45,2024-12-19,Validated,0,0,0,45,0
INV0007957,FCT-490258,SUP00049,DPT001,PO0004486,2024-04-30,3330.55,DZD,15,2024-05-15,Validated,0,0,0,15,0
INV0007958,FCT-121720,SUP00135,DPT003,PO0001890,2024-09-11,4365.6,USD,30,2024-10-11,Validated,0,0,0,30,0
INV0007959,FCT-221343,SUP00003,DPT005,PO0001820,2024-03-15,2606.08,DZD,90,2024-06-13,Validated,0,0,0,90,0
INV0007960,FCT-136392,SUP00142,DPT004,,2024-05-22,1290.38,DZD,90,2024-08-20,Validated,1,0,0,90,0
INV0007961,FCT-129727,SUP00253,DPT004,PO0000868,2024-01-31,8415.31,DZD,30,2024-03-01,Validated,0,0,0,30,0
INV0007962,FCT-920075,SUP00265,DPT002,PO0000356,2024-04-08,6034.27,DZD,60,2024-06-07,Validated,0,0,0,60,0
INV0007963,FCT-837300,SUP00222,DPT012,PO0004174,2024-10-16,12841.91,DZD,45,2024-11-30,Pending Review,0,0,0,45,0
INV0007964,FCT-173090,SUP00010,DPT008,PO0005054,2024-07-07,5666.51,DZD,15,2024-07-22,Validated,0,0,0,15,0
INV0007965,FCT-420104,SUP00017,DPT004,PO0003721,2024-11-27,16368.25,DZD,30,2024-12-27,Validated,0,0,0,30,0
INV0007966,FCT-944084,SUP00063,DPT003,PO0000696,2024-03-23,5681.66,DZD,30,2024-04-22,Validated,0,0,0,30,0
INV0007967,FCT-339828,SUP00315,DPT003,PO0000637,2024-06-06,4797.13,DZD,45,2024-07-21,Validated,0,0,0,45,0
INV0007968,FCT-817016,SUP00179,DPT003,PO0000321,2024-02-26,20000.0,DZD,45,2024-04-11,Validated,0,1,0,45,0
INV0007969,FCT-536417,SUP00190,DPT007,,2024-04-15,14383.65,DZD,45,2024-05-30,Validated,1,0,0,45,0
INV0007970,FCT-617715,SUP00293,DPT006,,2024-01-16,3924.32,DZD,30,2024-02-15,Validated,1,0,0,30,0
INV0007971,FCT-284481,SUP00144,DPT002,,2024-03-18,17060.66,DZD,30,2024-04-17,Validated,1,0,0,30,0
INV0007972,FCT-360080,SUP00289,DPT001,PO0002462,2024-01-04,2571.7,DZD,45,2024-02-18,Validated,0,0,0,45,0
INV0007973,FCT-142525,SUP00006,DPT011,PO0000946,2024-09-02,4182.97,DZD,60,2024-11-01,Validated,0,0,0,60,0
INV0007974,FCT-190554,SUP00006,DPT001,PO0004136,2024-12-21,702.71,DZD,30,2025-01-20,Validated,0,0,0,30,0
INV0007975,FCT-702056,SUP00003,DPT003,PO0000826,2024-01-17,4054.3,DZD,45,2024-03-02,Disputed,0,0,0,45,0
INV0007976,FCT-982323,SUP00108,DPT003,PO0000369,2024-05-11,1652.19,DZD,15,2024-05-26,Validated,0,0,0,15,0
INV0007977,FCT-297464,SUP00243,DPT006,PO0004176,2024-11-20,11354.11,DZD,45,2025-01-04,Validated,0,0,0,45,0
INV0007978,FCT-800595,SUP00188,DPT001,PO0003368,2024-01-14,10779.06,DZD,30,2024-02-13,Validated,0,0,0,30,0
INV0007979,FCT-123822,SUP00266,DPT001,PO0002609,2024-09-16,24324.22,DZD,90,2024-12-15,Validated,0,0,0,90,0
INV0007980,FCT-486868,SUP00023,DPT011,PO0003319,2024-07-31,40571.48,EUR,15,2024-08-15,Validated,0,0,0,15,0
INV0007981,FCT-764204,SUP00195,DPT004,PO0004247,2024-10-29,4977.79,USD,90,2025-01-27,Validated,0,0,0,90,0
INV0007982,FCT-409011,SUP00032,DPT012,PO0002415,2024-06-20,2569.47,DZD,30,2024-07-20,Validated,0,0,0,30,0
INV0007983,FCT-952674,SUP00008,DPT004,,2024-01-30,10296.01,USD,30,2024-02-29,Validated,1,0,0,30,0
INV0007984,FCT-163589,SUP00004,DPT006,PO0004993,2024-07-28,3842.0,DZD,45,2024-09-11,Disputed,0,0,0,45,0
INV0007985,FCT-204717,SUP00285,DPT008,PO0002813,2024-12-19,2994.27,DZD,90,2025-03-19,Validated,0,0,0,90,0
INV0007986,FCT-543265,SUP00195,DPT002,,2024-07-16,5885.96,DZD,60,2024-09-14,Validated,1,0,0,60,0
INV0007987,FCT-518759,SUP00256,DPT008,,2024-01-19,3050.69,DZD,30,2024-02-18,Pending Review,1,0,0,30,0
INV0007988,FCT-134326,SUP00017,DPT007,PO0000747,2024-02-06,64114.6,EUR,30,2024-03-07,Validated,0,0,0,30,0
INV0007989,FCT-287763,SUP00006,DPT011,PO0005040,2024-06-27,4432.37,EUR,15,2024-07-12,Validated,0,0,0,15,0
INV0007990,FCT-730341,SUP00109,DPT004,PO0001777,2024-09-30,5794.83,EUR,60,2024-11-29,Validated,0,0,0,60,0
INV0007991,FCT-138450,SUP00125,DPT002,PO0004742,2024-03-17,15227.62,DZD,30,2024-04-16,Validated,0,0,0,30,0
INV0007992,FCT-522557,SUP00023,DPT003,,2024-05-17,74494.13,DZD,30,2024-06-16,Pending Review,1,0,0,30,0
INV0007993,FCT-453324,SUP00129,DPT009,PO0001272,2024-12-18,4631.71,DZD,15,2025-01-02,Validated,0,0,0,15,0
INV0007994,FCT-135986,SUP00231,DPT007,PO0001832,2024-12-29,697.27,DZD,30,2025-01-28,Validated,0,0,0,30,0
INV0007995,FCT-821780,SUP00084,DPT005,PO0004718,2024-11-21,5496.99,DZD,60,2025-01-20,Validated,0,0,0,60,0
INV0007996,FCT-216903,SUP00253,DPT008,PO0002131,2024-08-03,844.02,DZD,30,2024-09-02,Validated,0,0,0,30,0
INV0007997,FCT-378570,SUP00005,DPT002,,2024-11-22,3315.32,DZD,30,2024-12-22,Validated,1,0,0,30,0
INV0007998,FCT-353834,SUP00030,DPT004,PO0001045,2024-06-27,33595.3,DZD,30,2024-07-27,Pending Review,0,0,0,30,0
INV0007999,FCT-186059,SUP00007,DPT011,PO0000201,2024-12-28,2388.39,DZD,60,2025-02-26,Validated,0,0,0,60,0
INV0008000,FCT-704489,SUP00243,DPT011,PO0003290,2024-05-11,1802.77,EUR,45,2024-06-25,Validated,0,0,0,45,0
INV0008001,FCT-642473,SUP00108,DPT005,PO0001478,2024-11-30,16105.11,DZD,30,2024-12-30,Validated,0,0,0,30,0
INV0008002,FCT-313508,SUP00238,DPT009,PO0002071,2024-07-15,4671.36,EUR,90,2024-10-13,Validated,0,0,0,90,0
INV0008003,FCT-856549,SUP00224,DPT005,PO0001295,2024-12-05,24134.42,DZD,30,2025-01-04,Validated,0,0,0,30,0
INV0008004,FCT-179191,SUP00003,DPT004,PO0001087,2024-06-21,4354.15,DZD,60,2024-08-20,Validated,0,0,0,60,0
INV0008005,FCT-410729,SUP00021,DPT006,PO0005121,2024-11-19,12606.74,DZD,45,2025-01-03,Validated,0,0,0,45,0
INV0008006,FCT-158443,SUP00185,DPT002,PO0000653,2024-07-10,1018.55,DZD,60,2024-09-08,Validated,0,0,0,60,0
INV0008007,FCT-503656,SUP00013,DPT012,PO0004337,2024-10-24,2048.61,DZD,30,2024-11-23,Validated,0,0,0,30,0
INV0008008,FCT-246237,SUP00235,DPT006,PO0004970,2024-12-20,4853.73,USD,30,2025-01-19,Validated,0,0,0,30,0
INV0008009,FCT-252140,SUP00262,DPT006,PO0001636,2024-01-30,3772.72,DZD,30,2024-02-29,Disputed,0,0,0,30,0
INV0008010,FCT-987220,SUP00015,DPT012,PO0004038,2024-05-27,106175.87,EUR,30,2024-06-26,Validated,0,0,1,30,0
INV0008011,FCT-992136,SUP00127,DPT005,PO0001676,2024-01-02,19308.44,DZD,45,2024-02-16,Validated,0,0,0,45,0
INV0008012,FCT-154926,SUP00001,DPT002,,2024-04-12,18728.29,DZD,45,2024-05-27,Validated,1,0,0,45,0
INV0008013,FCT-969396,SUP00098,DPT004,PO0004412,2024-01-19,4932.6,DZD,30,2024-02-18,Validated,0,0,0,30,0
INV0008014,FCT-405239,SUP00304,DPT010,,2024-06-04,1209.59,EUR,30,2024-07-04,Pending Review,1,0,0,30,0
INV0008015,FCT-821191,SUP00273,DPT001,,2024-05-05,41119.86,DZD,30,2024-06-04,Validated,1,0,0,30,0
INV0008016,FCT-191730,SUP00044,DPT005,PO0003449,2024-01-20,930.84,EUR,30,2024-02-19,Validated,0,0,0,30,0
INV0008017,FCT-165234,SUP00037,DPT002,PO0003379,2024-05-19,3188.34,DZD,15,2024-06-03,Validated,0,0,0,15,0
INV0008018,FCT-578183,SUP00015,DPT009,PO0002536,2024-06-15,11607.54,DZD,30,2024-07-15,Validated,0,0,0,30,0
INV0008019,FCT-370597,SUP00007,DPT011,PO0000786,2024-01-09,120534.69,DZD,30,2024-02-08,Validated,0,0,1,30,0
INV0008020,FCT-413279,SUP00005,DPT009,PO0005019,2024-12-02,44423.55,DZD,30,2025-01-01,Validated,0,0,0,30,0
INV0008021,FCT-277071,SUP00286,DPT004,,2024-04-23,12287.92,USD,45,2024-06-07,Validated,1,0,0,45,0
INV0008022,FCT-412439,SUP00021,DPT004,PO0003587,2024-03-14,71072.7,DZD,45,2024-04-28,Validated,0,0,0,45,0
INV0008023,FCT-205317,SUP00256,DPT003,PO0000085,2024-01-20,5000.0,DZD,30,2024-02-19,Validated,0,1,0,30,0
INV0008024,FCT-420767,SUP00030,DPT001,PO0003039,2024-02-02,10081.41,DZD,90,2024-05-02,Validated,0,0,0,90,0
INV0008025,FCT-478838,SUP00021,DPT006,,2024-09-09,32142.6,DZD,60,2024-11-08,Validated,1,0,0,60,0
INV0008026,FCT-243830,SUP00001,DPT009,PO0001804,2024-01-06,1196.46,DZD,30,2024-02-05,Validated,0,0,0,30,0
INV0008027,FCT-475706,SUP00008,DPT007,PO0002982,2024-02-04,9252.13,USD,45,2024-03-20,Validated,0,0,0,45,0
INV0008028,FCT-740029,SUP00258,DPT002,,2024-08-23,9983.51,DZD,45,2024-10-07,Validated,1,0,0,45,0
INV0008029,FCT-963179,SUP00006,DPT004,PO0003164,2024-05-05,9627.89,EUR,60,2024-07-04,Validated,0,0,0,60,0
INV0008030,FCT-252529,SUP00009,DPT007,PO0000621,2024-10-06,1808.2,DZD,45,2024-11-20,Validated,0,0,0,45,0
INV0008031,FCT-754276,SUP00130,DPT002,PO0003085,2024-09-12,9912.28,DZD,60,2024-11-11,Validated,0,0,0,60,0
INV0008032,FCT-661256,SUP00014,DPT012,PO0001460,2024-09-02,8422.53,DZD,30,2024-10-02,Validated,0,0,0,30,0
INV0008033,FCT-170946,SUP00049,DPT002,,2024-01-25,3190.56,DZD,90,2024-04-24,Validated,1,0,0,90,0
INV0008034,FCT-259705,SUP00256,DPT006,,2024-08-21,14722.32,DZD,30,2024-09-20,Validated,1,0,0,30,0
INV0008035,FCT-146312,SUP00301,DPT005,PO0004395,2024-11-24,28373.73,DZD,30,2024-12-24,Validated,0,0,0,30,0
INV0008036,FCT-340341,SUP00029,DPT008,PO0004945,2024-10-25,2674.03,DZD,30,2024-11-24,Validated,0,0,0,30,0
INV0008037,FCT-954845,SUP00015,DPT006,PO0004273,2024-12-08,10608.98,DZD,30,2025-01-07,Validated,0,0,0,30,0
INV0008038,FCT-434928,SUP00097,DPT007,,2024-11-07,29376.02,DZD,15,2024-11-22,Validated,1,0,0,15,0
INV0008039,FCT-823179,SUP00008,DPT001,PO0002169,2024-12-01,30007.31,DZD,30,2024-12-31,Validated,0,0,0,30,0
INV0008040,FCT-626538,SUP00257,DPT004,PO0001096,2024-05-02,5023.52,DZD,30,2024-06-01,Validated,0,0,0,30,0
INV0008041,FCT-135458,SUP00320,DPT001,PO0001273,2024-04-03,20598.11,DZD,15,2024-04-18,Validated,0,0,0,15,0
INV0008042,FCT-238280,SUP00008,DPT004,PO0004263,2024-07-30,4540.0,DZD,45,2024-09-13,Validated,0,0,0,45,0
INV0008043,FCT-872132,SUP00014,DPT007,,2024-03-10,15371.27,DZD,45,2024-04-24,Validated,1,0,0,45,0
INV0008044,FCT-577964,SUP00016,DPT010,PO0002121,2024-08-28,2565.96,DZD,45,2024-10-12,Validated,0,0,0,45,0
INV0008045,FCT-541869,SUP00030,DPT001,PO0002350,2024-12-27,1043.2,DZD,30,2025-01-26,Disputed,0,0,0,30,0
INV0008046,FCT-470882,SUP00004,DPT011,PO0001245,2024-05-04,11077.7,DZD,45,2024-06-18,Validated,0,0,0,45,0
INV0008047,FCT-769909,SUP00024,DPT001,PO0001176,2024-05-05,16508.46,DZD,30,2024-06-04,Validated,0,0,0,30,0
INV0008048,FCT-282392,SUP00003,DPT001,PO0004750,2024-08-20,13523.52,DZD,30,2024-09-19,Validated,0,0,0,30,0
INV0008049,FCT-625042,SUP00025,DPT004,PO0005065,2024-08-10,2345.13,DZD,30,2024-09-09,Validated,0,0,0,30,0
INV0008050,FCT-589617,SUP00319,DPT005,PO0001305,2024-08-28,349.32,DZD,30,2024-09-27,Validated,0,0,0,30,0
INV0008051,FCT-714382,SUP00306,DPT005,PO0002723,2024-05-26,16392.44,DZD,15,2024-06-10,Validated,0,0,0,15,0
INV0008052,FCT-994001,SUP00007,DPT008,PO0001672,2024-01-01,32128.77,EUR,45,2024-02-15,Validated,0,0,0,45,0
INV0008053,FCT-393590,SUP00005,DPT001,,2024-03-28,20000.0,DZD,30,2024-04-27,Validated,1,1,0,30,0
INV0008054,FCT-938059,SUP00007,DPT001,,2024-01-31,4224.82,DZD,30,2024-03-01,Validated,1,0,0,30,0
INV0008055,FCT-567664,SUP00029,DPT007,PO0001306,2024-03-01,2044.93,DZD,60,2024-04-30,Validated,0,0,0,60,0
INV0008056,FCT-300118,SUP00089,DPT007,PO0002448,2024-09-25,7966.82,EUR,30,2024-10-25,Validated,0,0,0,30,0
INV0008057,FCT-277609,SUP00004,DPT002,PO0001468,2024-02-08,15000.0,DZD,60,2024-04-08,Validated,0,1,0,60,0
INV0008058,FCT-828015,SUP00010,DPT001,PO0002990,2024-01-28,4592.08,DZD,30,2024-02-27,Validated,0,0,0,30,0
INV0008059,FCT-457009,SUP00030,DPT004,PO0003624,2024-03-14,3353.8,DZD,60,2024-05-13,Validated,0,0,0,60,0
INV0008060,FCT-652262,SUP00009,DPT007,PO0001531,2024-07-04,9410.99,DZD,45,2024-08-18,Disputed,0,0,0,45,0
INV0008061,FCT-184237,SUP00024,DPT001,PO0003136,2024-01-13,521.84,DZD,45,2024-02-27,Validated,0,0,0,45,0
INV0008062,FCT-821870,SUP00275,DPT006,PO0000142,2024-01-17,15731.8,DZD,30,2024-02-16,Validated,0,0,0,30,0
INV0008063,FCT-695347,SUP00096,DPT006,PO0001035,2024-11-23,20260.1,DZD,45,2025-01-07,Pending Review,0,0,0,45,0
INV0008064,FCT-274852,SUP00079,DPT002,,2024-10-29,6035.33,DZD,60,2024-12-28,Validated,1,0,0,60,0
INV0008065,FCT-153679,SUP00005,DPT001,PO0000512,2024-03-20,3620.09,EUR,15,2024-04-04,Validated,0,0,0,15,0
INV0008066,FCT-578183,SUP00006,DPT003,PO0004746,2024-07-21,4342.43,DZD,30,2024-08-20,Validated,0,0,0,30,0
INV0008067,FCT-366673,SUP00022,DPT008,,2024-10-05,4363.41,DZD,30,2024-11-04,Pending Review,1,0,0,30,0
INV0008068,FCT-623662,SUP00006,DPT009,PO0002239,2024-03-15,5618.85,DZD,30,2024-04-14,Validated,0,0,0,30,0
INV0008069,FCT-191252,SUP00001,DPT005,PO0001963,2024-07-16,997.72,EUR,45,2024-08-30,Validated,0,0,0,45,0
INV0008070,FCT-754250,SUP00009,DPT002,PO0003136,2024-11-10,9662.39,DZD,45,2024-12-25,Disputed,0,0,0,45,0
INV0008071,FCT-699096,SUP00007,DPT003,PO0002779,2024-01-21,3934.99,DZD,45,2024-03-06,Validated,0,0,0,45,0
INV0008072,FCT-964311,SUP00001,DPT001,PO0004915,2024-02-13,6146.95,DZD,15,2024-02-28,Pending Review,0,0,0,15,0
INV0008073,FCT-521576,SUP00064,DPT002,,2024-11-02,3088.02,DZD,15,2024-11-17,Validated,1,0,0,15,0
INV0008074,FCT-513870,SUP00143,DPT004,PO0002687,2024-11-27,9301.73,DZD,60,2025-01-26,Validated,0,0,0,60,0
INV0008075,FCT-428127,SUP00046,DPT002,PO0000755,2024-08-31,27688.55,USD,90,2024-11-29,Validated,0,0,0,90,0
INV0008076,FCT-654574,SUP00044,DPT001,PO0002435,2024-12-20,7630.92,DZD,45,2025-02-03,Validated,0,0,0,45,0
INV0008077,FCT-526899,SUP00002,DPT003,PO0000430,2024-09-28,913.86,DZD,60,2024-11-27,Pending Review,0,0,0,60,0
INV0008078,FCT-824437,SUP00008,DPT001,PO0001351,2024-08-28,6032.79,EUR,90,2024-11-26,Validated,0,0,0,90,0
INV0008079,FCT-245121,SUP00001,DPT001,PO0002884,2024-01-09,7640.8,DZD,15,2024-01-24,Validated,0,0,0,15,0
INV0008080,FCT-222987,SUP00009,DPT005,PO0001686,2024-11-01,5636.98,DZD,30,2024-12-01,Validated,0,0,0,30,0
INV0008081,FCT-902030,SUP00013,DPT002,PO0004861,2024-04-27,2487.72,DZD,45,2024-06-11,Validated,0,0,0,45,0
INV0008082,FCT-977169,SUP00009,DPT004,PO0000683,2024-10-27,5695.36,DZD,30,2024-11-26,Pending Review,0,0,0,30,0
INV0008083,FCT-411907,SUP00224,DPT005,PO0001295,2024-01-02,15800.84,DZD,45,2024-02-16,Disputed,0,0,0,45,0
INV0008084,FCT-685517,SUP00030,DPT005,PO0000567,2024-06-14,4271.45,USD,90,2024-09-12,Validated,0,0,0,90,0
INV0008085,FCT-703795,SUP00228,DPT003,PO0003303,2024-08-14,10000.0,DZD,30,2024-09-13,Pending Review,0,1,0,30,0
INV0008086,FCT-579022,SUP00010,DPT004,,2024-02-14,2841.68,DZD,15,2024-02-29,Validated,1,0,0,15,0
INV0008087,FCT-951106,SUP00031,DPT007,PO0003613,2024-05-14,1833.94,DZD,45,2024-06-28,Validated,0,0,0,45,0
INV0008088,FCT-916533,SUP00188,DPT007,PO0003354,2024-01-31,4598.42,DZD,45,2024-03-16,Validated,0,0,0,45,0
INV0008089,FCT-212122,SUP00005,DPT002,PO0004868,2024-06-19,579.48,DZD,60,2024-08-18,Validated,0,0,0,60,0
INV0008090,FCT-516600,SUP00001,DPT012,PO0004098,2024-02-07,5943.92,USD,15,2024-02-22,Disputed,0,0,0,15,0
INV0008091,FCT-709286,SUP00011,DPT009,,2024-03-30,4098.01,DZD,30,2024-04-29,Validated,1,0,0,30,0
INV0008092,FCT-859078,SUP00017,DPT007,PO0000747,2024-07-06,13228.44,DZD,30,2024-08-05,Validated,0,0,0,30,0
INV0008093,FCT-107026,SUP00233,DPT005,PO0002054,2024-06-14,840.78,DZD,90,2024-09-12,Validated,0,0,0,90,0
INV0008094,FCT-489462,SUP00004,DPT004,PO0000025,2024-01-13,14473.45,DZD,30,2024-02-12,Pending Review,0,0,0,30,0
INV0008095,FCT-953668,SUP00010,DPT004,PO0001515,2024-10-22,7169.2,DZD,15,2024-11-06,Pending Review,0,0,0,15,0
INV0008096,FCT-523398,SUP00005,DPT002,PO0001416,2024-06-24,37163.03,DZD,30,2024-07-24,Validated,0,0,0,30,0
INV0008097,FCT-404774,SUP00232,DPT002,PO0002996,2024-04-18,4937.27,EUR,30,2024-05-18,Validated,0,0,0,30,0
INV0008098,FCT-167932,SUP00025,DPT003,PO0001965,2024-04-14,8887.38,DZD,30,2024-05-14,Validated,0,0,0,30,0
INV0008099,FCT-361499,SUP00295,DPT005,PO0002763,2024-02-06,12452.45,EUR,45,2024-03-22,Validated,0,0,0,45,0
INV0008100,FCT-642645,SUP00029,DPT005,PO0004262,2024-11-14,578.91,EUR,15,2024-11-29,Validated,0,0,0,15,0
INV0008101,FCT-376280,SUP00016,DPT001,PO0004657,2024-10-04,21536.34,USD,45,2024-11-18,Validated,0,0,0,45,0
INV0008102,FCT-278081,SUP00013,DPT003,PO0003771,2024-02-03,5175.08,DZD,30,2024-03-04,Validated,0,0,0,30,0
INV0008103,FCT-990984,SUP00287,DPT005,PO0005011,2024-11-17,1391.74,DZD,90,2025-02-15,Validated,0,0,0,90,0
INV0008104,FCT-137269,SUP00012,DPT010,PO0002181,2024-09-05,5504.63,DZD,45,2024-10-20,Disputed,0,0,0,45,0
INV0008105,FCT-366667,SUP00004,DPT001,PO0004828,2024-09-08,23081.54,EUR,30,2024-10-08,Validated,0,0,0,30,0
INV0008106,FCT-609676,SUP00019,DPT005,PO0002668,2024-01-30,4049.04,DZD,45,2024-03-15,Validated,0,0,0,45,0
INV0008107,FCT-920347,SUP00143,DPT009,,2024-04-13,6766.28,DZD,45,2024-05-28,Validated,1,0,0,45,0
INV0008108,FCT-760937,SUP00119,DPT012,PO0003937,2024-07-11,601.01,DZD,45,2024-08-25,Disputed,0,0,0,45,0
INV0008109,FCT-908888,SUP00152,DPT003,PO0004967,2024-09-02,2244.19,DZD,45,2024-10-17,Validated,0,0,0,45,0
INV0008110,FCT-498089,SUP00003,DPT006,PO0003891,2024-05-01,13547.63,DZD,30,2024-05-31,Pending Review,0,0,0,30,0
INV0008111,FCT-869547,SUP00259,DPT002,,2024-10-19,20279.96,EUR,45,2024-12-03,Validated,1,0,0,45,0
INV0008112,FCT-385493,SUP00009,DPT007,PO0003138,2024-07-19,7651.12,DZD,30,2024-08-18,Validated,0,0,0,30,0
INV0008113,FCT-242704,SUP00012,DPT005,PO0001441,2024-11-02,11747.23,USD,45,2024-12-17,Validated,0,0,0,45,0
INV0008114,FCT-905553,SUP00030,DPT007,,2024-01-27,3787.74,DZD,30,2024-02-26,Validated,1,0,0,30,1
INV0008115,FCT-693774,SUP00249,DPT007,PO0001909,2024-04-15,6145.53,DZD,30,2024-05-15,Validated,0,0,0,30,0
INV0008116,FCT-159798,SUP00007,DPT007,PO0001543,2024-07-01,1772.72,DZD,60,2024-08-30,Validated,0,0,0,60,0
INV0008117,FCT-441904,SUP00005,DPT004,PO0002686,2024-10-13,3414.07,DZD,45,2024-11-27,Validated,0,0,0,45,0
INV0008118,FCT-269053,SUP00003,DPT008,PO0003025,2024-07-04,5810.51,DZD,30,2024-08-03,Validated,0,0,0,30,0
INV0008119,FCT-525532,SUP00001,DPT009,PO0004538,2024-04-16,994.33,DZD,45,2024-05-31,Validated,0,0,0,45,0
INV0008120,FCT-702488,SUP00161,DPT002,,2024-11-03,94227.79,EUR,45,2024-12-18,Validated,1,0,0,45,0
INV0008121,FCT-238721,SUP00088,DPT006,PO0000222,2024-01-13,2670.01,DZD,30,2024-02-12,Validated,0,0,0,30,0
INV0008122,FCT-922071,SUP00008,DPT007,PO0000986,2024-01-21,7644.89,EUR,15,2024-02-05,Validated,0,0,0,15,0
INV0008123,FCT-979499,SUP00003,DPT004,PO0004771,2024-05-10,1425.08,DZD,30,2024-06-09,Validated,0,0,0,30,0
INV0008124,FCT-696648,SUP00224,DPT005,PO0002286,2024-02-14,185.5,DZD,90,2024-05-14,Disputed,0,0,0,90,0
INV0008125,FCT-339030,SUP00231,DPT002,PO0004557,2024-04-22,43014.22,DZD,15,2024-05-07,Validated,0,0,0,15,0
INV0008126,FCT-301716,SUP00019,DPT009,PO0002358,2024-12-23,5000.0,USD,60,2025-02-21,Pending Review,0,1,0,60,0
INV0008127,FCT-872665,SUP00122,DPT009,PO0002532,2024-06-03,492.68,DZD,30,2024-07-03,Validated,0,0,0,30,0
INV0008128,FCT-491634,SUP00245,DPT004,,2024-06-26,1844.34,DZD,90,2024-09-24,Validated,1,0,0,90,0
INV0008129,FCT-154213,SUP00025,DPT010,PO0000557,2024-05-25,64782.47,DZD,30,2024-06-24,Validated,0,0,0,30,0
INV0008130,FCT-465376,SUP00008,DPT006,PO0003033,2024-09-16,10452.93,USD,30,2024-10-16,Validated,0,0,0,30,0
INV0008131,FCT-813087,SUP00002,DPT011,PO0004491,2024-05-21,308.75,DZD,30,2024-06-20,Validated,0,0,0,30,0
INV0008132,FCT-675006,SUP00028,DPT007,PO0003400,2024-04-16,3331.43,DZD,45,2024-05-31,Validated,0,0,0,45,0
INV0008133,FCT-817140,SUP00028,DPT002,,2024-01-06,4864.13,DZD,45,2024-02-20,Disputed,1,0,0,45,0
INV0008134,FCT-700186,SUP00003,DPT004,PO0002593,2024-08-17,10982.01,DZD,30,2024-09-16,Validated,0,0,0,30,0
INV0008135,FCT-334847,SUP00212,DPT007,PO0003559,2024-10-17,5940.56,DZD,15,2024-11-01,Pending Review,0,0,0,15,0
INV0008136,FCT-608147,SUP00029,DPT003,PO0001120,2024-06-03,816.82,DZD,60,2024-08-02,Validated,0,0,0,60,0
INV0008137,FCT-610703,SUP00108,DPT005,PO0001650,2024-04-24,2896.11,EUR,30,2024-05-24,Validated,0,0,0,30,0
INV0008138,FCT-984797,SUP00008,DPT002,PO0002599,2024-10-30,2114.83,DZD,30,2024-11-29,Validated,0,0,0,30,0
INV0008139,FCT-367905,SUP00010,DPT009,PO0000057,2024-12-12,14197.29,DZD,30,2025-01-11,Validated,0,0,0,30,0
INV0008140,FCT-393329,SUP00021,DPT009,PO0000387,2024-06-07,3214.91,DZD,45,2024-07-22,Validated,0,0,0,45,0
INV0008141,FCT-289557,SUP00006,DPT004,PO0004154,2024-03-15,3171.08,DZD,45,2024-04-29,Validated,0,0,0,45,0
INV0008142,FCT-444624,SUP00025,DPT006,,2024-09-03,4447.47,DZD,30,2024-10-03,Validated,1,0,0,30,0
INV0008143,FCT-656410,SUP00022,DPT009,PO0001156,2024-08-15,2227.49,EUR,30,2024-09-14,Validated,0,0,0,30,0
INV0008144,FCT-489574,SUP00093,DPT009,PO0003504,2024-05-01,34025.87,DZD,30,2024-05-31,Pending Review,0,0,0,30,0
INV0008145,FCT-752801,SUP00248,DPT007,PO0000183,2024-10-22,21827.29,DZD,45,2024-12-06,Validated,0,0,0,45,0
INV0008146,FCT-154900,SUP00314,DPT010,PO0001298,2024-03-15,23033.41,DZD,30,2024-04-14,Validated,0,0,0,30,0
INV0008147,FCT-741348,SUP00220,DPT002,PO0000319,2024-01-18,1453.19,DZD,45,2024-03-03,Validated,0,0,0,45,0
INV0008148,FCT-912066,SUP00028,DPT006,PO0002092,2024-03-20,8999.52,DZD,30,2024-04-19,Validated,0,0,0,30,0
INV0008149,FCT-854627,SUP00012,DPT002,PO0002498,2024-09-28,14860.43,USD,30,2024-10-28,Validated,0,0,0,30,0
INV0008150,FCT-512894,SUP00027,DPT011,PO0000562,2024-07-25,1844.39,DZD,30,2024-08-24,Validated,0,0,0,30,0
INV0008151,FCT-743716,SUP00224,DPT008,PO0004122,2024-09-07,25000.0,DZD,60,2024-11-06,Validated,0,1,0,60,0
INV0008152,FCT-798320,SUP00159,DPT001,PO0000930,2024-06-28,1918.21,DZD,15,2024-07-13,Validated,0,0,0,15,0
INV0008153,FCT-444202,SUP00219,DPT001,,2024-02-12,1117.6,EUR,45,2024-03-28,Pending Review,1,0,0,45,0
INV0008154,FCT-439708,SUP00025,DPT001,PO0001419,2024-09-13,20021.59,DZD,15,2024-09-28,Validated,0,0,0,15,0
INV0008155,FCT-981279,SUP00002,DPT001,PO0004509,2024-08-31,17987.77,DZD,45,2024-10-15,Validated,0,0,0,45,0
INV0008156,FCT-840485,SUP00013,DPT006,PO0003795,2024-11-05,4136.82,DZD,30,2024-12-05,Validated,0,0,0,30,0
INV0008157,FCT-960251,SUP00009,DPT010,PO0005140,2024-02-15,5578.1,DZD,30,2024-03-16,Validated,0,0,0,30,0
INV0008158,FCT-881016,SUP00027,DPT012,PO0001475,2024-01-14,2742.32,DZD,30,2024-02-13,Validated,0,0,0,30,0
INV0008159,FCT-506734,SUP00015,DPT007,PO0000259,2024-04-20,85939.75,DZD,45,2024-06-04,Validated,0,0,0,45,0
INV0008160,FCT-459417,SUP00123,DPT009,PO0003842,2024-10-18,3637.38,DZD,30,2024-11-17,Validated,0,0,0,30,0
INV0008161,FCT-974036,SUP00022,DPT002,PO0002771,2024-02-07,3267.0,EUR,30,2024-03-08,Validated,0,0,0,30,0
INV0008162,FCT-547014,SUP00016,DPT005,PO0004271,2024-11-09,5180.94,EUR,30,2024-12-09,Validated,0,0,0,30,0
INV0008163,FCT-984814,SUP00005,DPT007,PO0004898,2024-12-11,1323.38,DZD,30,2025-01-10,Validated,0,0,0,30,0
INV0008164,FCT-660410,SUP00304,DPT005,PO0000262,2024-09-16,8165.74,DZD,60,2024-11-15,Validated,0,0,0,60,0
INV0008165,FCT-769187,SUP00279,DPT002,PO0004065,2024-12-16,30943.65,DZD,30,2025-01-15,Pending Review,0,0,0,30,0
INV0008166,FCT-740137,SUP00016,DPT005,PO0004010,2024-09-05,4913.37,DZD,30,2024-10-05,Validated,0,0,0,30,0
INV0008167,FCT-826792,SUP00318,DPT007,PO0002677,2024-02-02,15083.12,DZD,45,2024-03-18,Validated,0,0,0,45,0
INV0008168,FCT-231239,SUP00003,DPT005,PO0004191,2024-12-08,629.89,DZD,60,2025-02-06,Validated,0,0,0,60,0
INV0008169,FCT-202720,SUP00175,DPT001,,2024-10-17,2006.92,DZD,60,2024-12-16,Validated,1,0,0,60,0
INV0008170,FCT-365198,SUP00266,DPT006,,2024-11-20,6709.84,DZD,60,2025-01-19,Validated,1,0,0,60,0
INV0008171,FCT-343252,SUP00025,DPT009,PO0004848,2024-02-13,716.77,DZD,60,2024-04-13,Validated,0,0,0,60,0
INV0008172,FCT-544586,SUP00214,DPT003,,2024-05-14,8755.65,DZD,30,2024-06-13,Validated,1,0,0,30,0
INV0008173,FCT-210186,SUP00007,DPT003,,2024-03-13,4212.11,DZD,30,2024-04-12,Validated,1,0,0,30,0
INV0008174,FCT-582962,SUP00007,DPT004,PO0004642,2024-08-22,20000.0,DZD,30,2024-09-21,Validated,0,1,0,30,0
INV0008175,FCT-237899,SUP00007,DPT008,PO0002895,2024-08-12,4594.23,DZD,30,2024-09-11,Validated,0,0,0,30,0
INV0008176,FCT-757413,SUP00003,DPT010,,2024-07-14,4970.0,USD,45,2024-08-28,Validated,1,0,0,45,0
INV0008177,FCT-799496,SUP00283,DPT004,PO0001012,2024-03-01,300.07,DZD,45,2024-04-15,Validated,0,0,0,45,0
INV0008178,FCT-973472,SUP00296,DPT012,,2024-02-08,1710.14,DZD,90,2024-05-08,Validated,1,0,0,90,0
INV0008179,FCT-284232,SUP00038,DPT002,PO0005159,2024-12-24,20000.0,DZD,60,2025-02-22,Validated,0,1,0,60,0
INV0008180,FCT-174047,SUP00036,DPT007,PO0004397,2024-03-24,1177.88,DZD,45,2024-05-08,Validated,0,0,0,45,0
INV0008181,FCT-440191,SUP00237,DPT010,PO0001082,2024-12-15,1941.93,DZD,45,2025-01-29,Validated,0,0,0,45,0
INV0008182,FCT-755574,SUP00058,DPT001,PO0001237,2024-07-03,3632.01,EUR,45,2024-08-17,Validated,0,0,0,45,0
INV0008183,FCT-492820,SUP00223,DPT006,PO0000099,2024-01-08,4037.87,DZD,30,2024-02-07,Validated,0,0,0,30,0
INV0008184,FCT-286743,SUP00001,DPT001,PO0003063,2024-06-14,13677.85,DZD,45,2024-07-29,Validated,0,0,0,45,0
INV0008185,FCT-161542,SUP00018,DPT004,PO0001355,2024-11-16,7816.26,DZD,45,2024-12-31,Validated,0,0,0,45,0
INV0008186,FCT-245985,SUP00019,DPT011,,2024-07-28,2806.09,DZD,30,2024-08-27,Disputed,1,0,0,30,0
INV0008187,FCT-875173,SUP00243,DPT004,PO0000841,2024-12-11,836.04,DZD,45,2025-01-25,Validated,0,0,0,45,0
INV0008188,FCT-838201,SUP00044,DPT001,PO0004105,2024-10-17,201922.6,USD,15,2024-11-01,Validated,0,0,1,15,0
INV0008189,FCT-861136,SUP00024,DPT012,,2024-11-19,15000.0,DZD,60,2025-01-18,Validated,1,1,0,60,0
INV0008190,FCT-561332,SUP00317,DPT003,,2024-10-20,17167.2,DZD,15,2024-11-04,Pending Review,1,0,0,15,0
INV0008191,FCT-117238,SUP00013,DPT006,PO0003808,2024-09-09,387.13,DZD,60,2024-11-08,Validated,0,0,0,60,0
INV0008192,FCT-707779,SUP00013,DPT006,PO0000389,2024-04-09,3915.56,DZD,15,2024-04-24,Validated,0,0,0,15,0
INV0008193,FCT-632958,SUP00003,DPT012,PO0001352,2024-08-15,3748.24,DZD,45,2024-09-29,Validated,0,0,0,45,0
INV0008194,FCT-670728,SUP00055,DPT009,PO0004046,2024-04-06,3518.81,DZD,30,2024-05-06,Validated,0,0,0,30,0
INV0008195,FCT-638663,SUP00085,DPT002,,2024-08-21,14691.05,DZD,30,2024-09-20,Validated,1,0,0,30,0
INV0008196,FCT-322221,SUP00007,DPT009,PO0000832,2024-08-12,4426.6,DZD,45,2024-09-26,Validated,0,0,0,45,0
INV0008197,FCT-662594,SUP00040,DPT007,PO0003203,2024-10-17,3663.26,DZD,30,2024-11-16,Validated,0,0,0,30,0
INV0008198,FCT-956878,SUP00022,DPT003,PO0002455,2024-05-18,5911.11,DZD,30,2024-06-17,Validated,0,0,0,30,0
INV0008199,FCT-332822,SUP00120,DPT006,PO0002423,2024-04-17,6180.09,USD,30,2024-05-17,Validated,0,0,0,30,0
INV0008200,FCT-325974,SUP00115,DPT012,,2024-12-16,1491.81,DZD,30,2025-01-15,Validated,1,0,0,30,0
INV0008201,FCT-252225,SUP00177,DPT009,PO0000934,2024-05-01,18741.93,DZD,30,2024-05-31,Validated,0,0,0,30,0
INV0008202,FCT-672991,SUP00258,DPT003,PO0003653,2024-08-19,3087.18,DZD,30,2024-09-18,Validated,0,0,0,30,0
INV0008203,FCT-177942,SUP00269,DPT004,PO0000105,2024-11-19,5331.14,DZD,60,2025-01-18,Validated,0,0,0,60,0
INV0008204,FCT-640706,SUP00054,DPT001,PO0001389,2024-04-04,33568.73,DZD,30,2024-05-04,Validated,0,0,0,30,0
INV0008205,FCT-749136,SUP00177,DPT011,,2024-05-19,169726.69,DZD,45,2024-07-03,Validated,1,0,1,45,0
INV0008206,FCT-368163,SUP00010,DPT004,PO0002666,2024-02-08,10283.82,DZD,15,2024-02-23,Validated,0,0,0,15,0
INV0008207,FCT-543106,SUP00155,DPT002,PO0004691,2024-03-05,810.11,DZD,30,2024-04-04,Validated,0,0,0,30,0
INV0008208,FCT-320941,SUP00021,DPT004,PO0003993,2024-09-21,4316.79,DZD,90,2024-12-20,Validated,0,0,0,90,0
INV0008209,FCT-651494,SUP00236,DPT001,PO0001997,2024-02-12,43171.24,DZD,60,2024-04-12,Validated,0,0,0,60,0
INV0008210,FCT-263613,SUP00014,DPT010,PO0003576,2024-04-27,4605.16,DZD,30,2024-05-27,Validated,0,0,0,30,0
INV0008211,FCT-601891,SUP00011,DPT003,PO0000086,2024-02-20,15644.4,DZD,30,2024-03-21,Validated,0,0,0,30,0
INV0008212,FCT-611607,SUP00001,DPT007,,2024-03-10,15387.31,EUR,45,2024-04-24,Validated,1,0,0,45,0
INV0008213,FCT-692112,SUP00128,DPT002,PO0001428,2024-10-19,2671.98,DZD,30,2024-11-18,Validated,0,0,0,30,0
INV0008214,FCT-912184,SUP00031,DPT001,,2024-04-02,52924.52,DZD,30,2024-05-02,Validated,1,0,0,30,0
INV0008215,FCT-734925,SUP00002,DPT001,PO0000404,2024-06-30,9831.3,EUR,30,2024-07-30,Validated,0,0,0,30,0
INV0008216,FCT-346983,SUP00001,DPT011,PO0000456,2024-09-10,5822.5,DZD,30,2024-10-10,Validated,0,0,0,30,0
INV0008217,FCT-290479,SUP00004,DPT001,PO0000269,2024-12-04,4973.1,DZD,45,2025-01-18,Validated,0,0,0,45,0
INV0008218,FCT-489268,SUP00003,DPT001,PO0003280,2024-08-28,1559.5,EUR,30,2024-09-27,Validated,0,0,0,30,0
INV0008219,FCT-719173,SUP00232,DPT002,PO0002996,2024-05-26,2421.44,DZD,30,2024-06-25,Pending Review,0,0,0,30,0
INV0008220,FCT-454089,SUP00309,DPT003,PO0004020,2024-02-06,1851.26,DZD,15,2024-02-21,Validated,0,0,0,15,0
INV0008221,FCT-348424,SUP00008,DPT010,PO0002114,2024-06-10,82049.76,DZD,45,2024-07-25,Validated,0,0,0,45,0
INV0008222,FCT-728661,SUP00273,DPT009,,2024-08-30,19782.68,DZD,30,2024-09-29,Validated,1,0,0,30,0
INV0008223,FCT-124924,SUP00030,DPT005,PO0004554,2024-01-05,1880.08,DZD,15,2024-01-20,Validated,0,0,0,15,0
INV0008224,FCT-853382,SUP00002,DPT005,PO0003722,2024-08-13,50000.64,DZD,90,2024-11-11,Validated,0,0,0,90,0
INV0008225,FCT-837014,SUP00304,DPT011,PO0001755,2024-01-05,28846.11,DZD,30,2024-02-04,Validated,0,0,0,30,0
INV0008226,FCT-180728,SUP00292,DPT002,PO0002103,2024-10-19,2866.7,EUR,30,2024-11-18,Validated,0,0,0,30,0
INV0008227,FCT-776456,SUP00003,DPT003,PO0001931,2024-12-16,11056.62,DZD,30,2025-01-15,Validated,0,0,0,30,0
INV0008228,FCT-594633,SUP00030,DPT008,PO0005072,2024-02-01,2741.09,DZD,60,2024-04-01,Validated,0,0,0,60,0
INV0008229,FCT-777277,SUP00002,DPT001,PO0000951,2024-12-06,19513.91,DZD,30,2025-01-05,Disputed,0,0,0,30,0
INV0008230,FCT-788403,SUP00167,DPT009,PO0000061,2024-04-09,10572.78,DZD,90,2024-07-08,Pending Review,0,0,0,90,0
INV0008231,FCT-438146,SUP00086,DPT002,PO0004671,2024-01-28,3688.39,DZD,90,2024-04-27,Pending Review,0,0,0,90,0
INV0008232,FCT-834422,SUP00185,DPT011,PO0000657,2024-10-20,1446.28,DZD,30,2024-11-19,Validated,0,0,0,30,0
INV0008233,FCT-796202,SUP00171,DPT007,PO0002709,2024-04-25,5571.99,DZD,30,2024-05-25,Validated,0,0,0,30,0
INV0008234,FCT-728771,SUP00258,DPT003,PO0003653,2024-06-09,10564.24,DZD,30,2024-07-09,Validated,0,0,0,30,0
INV0008235,FCT-360913,SUP00006,DPT005,PO0002630,2024-12-25,26779.64,EUR,30,2025-01-24,Validated,0,0,0,30,0
INV0008236,FCT-300116,SUP00109,DPT007,PO0001014,2024-11-27,12374.74,DZD,30,2024-12-27,Validated,0,0,0,30,0
INV0008237,FCT-368217,SUP00033,DPT010,PO0003124,2024-07-14,17419.12,EUR,60,2024-09-12,Validated,0,0,0,60,0
INV0008238,FCT-386310,SUP00017,DPT009,PO0004148,2024-09-09,2528.86,DZD,90,2024-12-08,Validated,0,0,0,90,0
INV0008239,FCT-429331,SUP00114,DPT012,PO0003765,2024-04-11,617.17,EUR,30,2024-05-11,Validated,0,0,0,30,0
INV0008240,FCT-790842,SUP00003,DPT003,PO0004810,2024-01-20,857.43,DZD,30,2024-02-19,Validated,0,0,0,30,0
INV0008241,FCT-751176,SUP00252,DPT007,PO0003989,2024-09-14,4292.65,DZD,60,2024-11-13,Validated,0,0,0,60,0
INV0008242,FCT-405037,SUP00005,DPT004,PO0002172,2024-06-13,2467.65,DZD,30,2024-07-13,Validated,0,0,0,30,0
INV0008243,FCT-323464,SUP00282,DPT001,,2024-12-04,5210.57,DZD,30,2025-01-03,Validated,1,0,0,30,0
INV0008244,FCT-757222,SUP00176,DPT004,PO0004481,2024-04-18,13959.64,DZD,30,2024-05-18,Validated,0,0,0,30,0
INV0008245,FCT-166905,SUP00079,DPT006,PO0002798,2024-03-21,12353.6,DZD,60,2024-05-20,Validated,0,0,0,60,0
INV0008246,FCT-609706,SUP00139,DPT003,PO0000492,2024-10-04,404.61,DZD,60,2024-12-03,Validated,0,0,0,60,0
INV0008247,FCT-333315,SUP00029,DPT008,PO0004945,2024-07-13,116638.29,DZD,60,2024-09-11,Validated,0,0,1,60,0
INV0008248,FCT-633318,SUP00179,DPT009,PO0004954,2024-02-24,9414.77,DZD,45,2024-04-09,Validated,0,0,0,45,0
INV0008249,FCT-513297,SUP00009,DPT002,PO0000104,2024-08-22,8373.69,DZD,45,2024-10-06,Validated,0,0,0,45,0
INV0008250,FCT-163317,SUP00177,DPT010,PO0000636,2024-11-18,5061.03,DZD,30,2024-12-18,Validated,0,0,0,30,0
INV0008251,FCT-387010,SUP00153,DPT002,PO0003675,2024-08-17,4351.13,DZD,60,2024-10-16,Validated,0,0,0,60,0
INV0008252,FCT-552745,SUP00146,DPT003,PO0001779,2024-09-23,21275.53,DZD,45,2024-11-07,Validated,0,0,0,45,0
INV0008253,FCT-747750,SUP00060,DPT004,,2024-03-01,1959.42,DZD,30,2024-03-31,Validated,1,0,0,30,0
INV0008254,FCT-929220,SUP00132,DPT002,PO0003382,2024-08-01,8541.72,DZD,30,2024-08-31,Validated,0,0,0,30,0
INV0008255,FCT-169658,SUP00009,DPT004,PO0001217,2024-09-09,34317.3,DZD,45,2024-10-24,Validated,0,0,0,45,0
INV0008256,FCT-729439,SUP00026,DPT005,PO0001337,2024-07-23,7467.96,DZD,45,2024-09-06,Validated,0,0,0,45,0
INV0008257,FCT-690349,SUP00007,DPT004,PO0001591,2024-12-08,10831.68,DZD,45,2025-01-22,Validated,0,0,0,45,0
INV0008258,FCT-105739,SUP00284,DPT004,PO0000991,2024-12-13,1193.48,DZD,15,2024-12-28,Validated,0,0,0,15,0
INV0008259,FCT-382425,SUP00022,DPT009,PO0000672,2024-07-16,15530.31,DZD,45,2024-08-30,Validated,0,0,0,45,0
INV0008260,FCT-225181,SUP00141,DPT003,PO0001870,2024-11-11,9179.81,DZD,45,2024-12-26,Validated,0,0,0,45,0
INV0008261,FCT-265455,SUP00269,DPT004,PO0000105,2024-01-29,5349.2,USD,90,2024-04-28,Validated,0,0,0,90,0
INV0008262,FCT-398111,SUP00285,DPT008,PO0002813,2024-12-02,13768.28,DZD,30,2025-01-01,Validated,0,0,0,30,0
INV0008263,FCT-309916,SUP00252,DPT011,PO0003094,2024-02-24,1611.66,DZD,45,2024-04-09,Validated,0,0,0,45,0
INV0008264,FCT-648356,SUP00030,DPT005,PO0000567,2024-10-27,47639.23,DZD,45,2024-12-11,Validated,0,0,0,45,0
INV0008265,FCT-278703,SUP00168,DPT002,PO0001230,2024-06-11,167071.59,DZD,30,2024-07-11,Validated,0,0,1,30,0
INV0008266,FCT-232269,SUP00182,DPT012,PO0001547,2024-05-08,3007.15,DZD,60,2024-07-07,Validated,0,0,0,60,0
INV0008267,FCT-874847,SUP00008,DPT007,PO0000318,2024-11-03,23205.63,DZD,30,2024-12-03,Pending Review,0,0,0,30,0
INV0008268,FCT-571696,SUP00032,DPT008,PO0002248,2024-03-02,15000.0,DZD,30,2024-04-01,Validated,0,1,0,30,0
INV0008269,FCT-365906,SUP00008,DPT011,PO0003500,2024-07-29,1458.13,DZD,45,2024-09-12,Validated,0,0,0,45,0
INV0008270,FCT-840358,SUP00004,DPT006,PO0003790,2024-04-18,26682.82,DZD,30,2024-05-18,Pending Review,0,0,0,30,0
INV0008271,FCT-831530,SUP00027,DPT011,PO0000562,2024-04-06,4330.87,DZD,30,2024-05-06,Pending Review,0,0,0,30,0
INV0008272,FCT-108228,SUP00218,DPT011,PO0003340,2024-12-16,12131.78,EUR,30,2025-01-15,Validated,0,0,0,30,0
INV0008273,FCT-361127,SUP00179,DPT006,PO0004515,2024-02-29,50000.0,DZD,30,2024-03-30,Validated,0,1,0,30,0
INV0008274,FCT-585854,SUP00029,DPT007,PO0003295,2024-12-17,11014.4,DZD,45,2025-01-31,Validated,0,0,0,45,0
INV0008275,FCT-103374,SUP00020,DPT009,PO0004833,2024-01-10,7632.17,DZD,30,2024-02-09,Validated,0,0,0,30,0
INV0008276,FCT-707945,SUP00001,DPT005,PO0002809,2024-03-15,1990.26,DZD,15,2024-03-30,Validated,0,0,0,15,0
INV0008277,FCT-106153,SUP00012,DPT009,PO0002623,2024-05-16,15000.0,EUR,30,2024-06-15,Validated,0,1,0,30,0
INV0008278,FCT-985839,SUP00004,DPT004,PO0004495,2024-03-23,5132.27,DZD,15,2024-04-07,Validated,0,0,0,15,0
INV0008279,FCT-430960,SUP00251,DPT011,PO0000278,2024-04-04,3882.11,EUR,30,2024-05-04,Validated,0,0,0,30,0
INV0008280,FCT-580752,SUP00026,DPT005,PO0004884,2024-08-28,13123.71,DZD,60,2024-10-27,Validated,0,0,0,60,0
INV0008281,FCT-868776,SUP00279,DPT001,,2024-01-23,1715.97,DZD,30,2024-02-22,Validated,1,0,0,30,0
INV0008282,FCT-597417,SUP00147,DPT003,,2024-07-21,2461.33,EUR,30,2024-08-20,Pending Review,1,0,0,30,0
INV0008283,FCT-632545,SUP00022,DPT004,,2024-05-28,5042.35,EUR,30,2024-06-27,Validated,1,0,0,30,0
INV0008284,FCT-961260,SUP00104,DPT005,PO0003491,2024-07-25,6706.15,DZD,30,2024-08-24,Disputed,0,0,0,30,0
INV0008285,FCT-711554,SUP00284,DPT004,PO0000090,2024-05-06,6419.83,DZD,30,2024-06-05,Validated,0,0,0,30,0
INV0008286,FCT-467064,SUP00018,DPT001,PO0004826,2024-11-27,4794.64,DZD,45,2025-01-11,Validated,0,0,0,45,0
INV0008287,FCT-473208,SUP00286,DPT002,PO0000348,2024-04-30,2435.45,DZD,60,2024-06-29,Validated,0,0,0,60,0
INV0008288,FCT-683431,SUP00267,DPT007,PO0000068,2024-07-22,11688.59,DZD,30,2024-08-21,Validated,0,0,0,30,0
INV0008289,FCT-347782,SUP00007,DPT012,PO0003892,2024-06-08,23389.28,DZD,60,2024-08-07,Validated,0,0,0,60,0
INV0008290,FCT-101565,SUP00190,DPT008,,2024-07-30,8576.7,EUR,45,2024-09-13,Validated,1,0,0,45,0
INV0008291,FCT-678642,SUP00023,DPT003,PO0002228,2024-05-24,3080.68,DZD,45,2024-07-08,Disputed,0,0,0,45,0
INV0008292,FCT-695339,SUP00114,DPT005,PO0004650,2024-08-29,663.17,DZD,30,2024-09-28,Validated,0,0,0,30,0
INV0008293,FCT-621506,SUP00163,DPT008,PO0000477,2024-03-15,40502.53,EUR,45,2024-04-29,Validated,0,0,0,45,0
INV0008294,FCT-379307,SUP00004,DPT001,,2024-07-05,4909.88,DZD,45,2024-08-19,Validated,1,0,0,45,0
INV0008295,FCT-131347,SUP00100,DPT001,PO0004518,2024-11-06,27455.1,DZD,15,2024-11-21,Validated,0,0,0,15,0
INV0008296,FCT-272133,SUP00281,DPT012,,2024-07-31,39662.99,DZD,30,2024-08-30,Validated,1,0,0,30,0
INV0008297,FCT-597785,SUP00019,DPT006,PO0003939,2024-03-14,15126.9,DZD,45,2024-04-28,Validated,0,0,0,45,0
INV0008298,FCT-129024,SUP00015,DPT007,,2024-09-29,17996.53,DZD,30,2024-10-29,Validated,1,0,0,30,0
INV0008299,FCT-667662,SUP00030,DPT003,PO0004820,2024-04-26,16423.06,DZD,90,2024-07-25,Validated,0,0,0,90,0
INV0008300,FCT-267269,SUP00320,DPT001,PO0005030,2024-11-30,4654.94,USD,45,2025-01-14,Validated,0,0,0,45,0
INV0008301,FCT-431578,SUP00022,DPT001,,2024-10-28,1602.62,USD,30,2024-11-27,Pending Review,1,0,0,30,0
INV0008302,FCT-988194,SUP00008,DPT007,PO0002982,2024-12-06,15028.66,DZD,30,2025-01-05,Disputed,0,0,0,30,0
INV0008303,FCT-407757,SUP00001,DPT003,PO0001544,2024-11-01,1033.71,USD,30,2024-12-01,Validated,0,0,0,30,0
INV0008304,FCT-462721,SUP00153,DPT012,PO0004089,2024-08-31,3821.23,USD,30,2024-09-30,Validated,0,0,0,30,0
INV0008305,FCT-808679,SUP00019,DPT005,PO0000129,2024-08-29,2876.9,DZD,60,2024-10-28,Validated,0,0,0,60,0
INV0008306,FCT-160329,SUP00157,DPT009,PO0000773,2024-04-08,11602.82,DZD,30,2024-05-08,Pending Review,0,0,0,30,0
INV0008307,FCT-433789,SUP00229,DPT011,PO0000644,2024-05-15,7845.72,DZD,45,2024-06-29,Disputed,0,0,0,45,0
INV0008308,FCT-535808,SUP00002,DPT002,PO0001923,2024-11-12,2870.13,DZD,45,2024-12-27,Validated,0,0,0,45,0
INV0008309,FCT-357802,SUP00128,DPT002,,2024-08-13,3697.02,DZD,45,2024-09-27,Validated,1,0,0,45,0
INV0008310,FCT-985031,SUP00107,DPT003,,2024-09-10,57069.15,DZD,30,2024-10-10,Validated,1,0,0,30,0
INV0008311,FCT-806234,SUP00008,DPT003,PO0001112,2024-03-19,2435.06,DZD,30,2024-04-18,Pending Review,0,0,0,30,0
INV0008312,FCT-151836,SUP00211,DPT005,,2024-05-14,4861.91,DZD,45,2024-06-28,Validated,1,0,0,45,0
INV0008313,FCT-986357,SUP00284,DPT002,PO0001961,2024-04-01,11682.57,DZD,60,2024-05-31,Validated,0,0,0,60,0
INV0008314,FCT-280300,SUP00197,DPT002,PO0002270,2024-08-17,6509.21,DZD,45,2024-10-01,Validated,0,0,0,45,0
INV0008315,FCT-266307,SUP00005,DPT001,PO0000883,2024-07-08,12093.31,EUR,30,2024-08-07,Validated,0,0,0,30,0
INV0008316,FCT-773678,SUP00007,DPT011,PO0001251,2024-06-03,21236.01,DZD,30,2024-07-03,Validated,0,0,0,30,0
INV0008317,FCT-440586,SUP00010,DPT001,PO0002990,2024-10-07,31419.25,DZD,30,2024-11-06,Validated,0,0,0,30,0
INV0008318,FCT-135128,SUP00027,DPT009,PO0001768,2024-10-31,6322.58,DZD,45,2024-12-15,Validated,0,0,0,45,0
INV0008319,FCT-102361,SUP00006,DPT008,PO0003679,2024-12-05,9566.98,DZD,45,2025-01-19,Validated,0,0,0,45,0
INV0008320,FCT-730343,SUP00013,DPT001,,2024-05-02,7643.87,DZD,30,2024-06-01,Validated,1,0,0,30,0
INV0008321,FCT-537159,SUP00014,DPT006,PO0001769,2024-06-25,2144.09,DZD,30,2024-07-25,Validated,0,0,0,30,0
INV0008322,FCT-523073,SUP00211,DPT001,PO0004904,2024-06-09,7512.13,DZD,15,2024-06-24,Validated,0,0,0,15,0
INV0008323,FCT-354550,SUP00019,DPT004,PO0004550,2024-12-06,902.82,DZD,15,2024-12-21,Validated,0,0,0,15,0
INV0008324,FCT-292906,SUP00125,DPT004,PO0003798,2024-10-16,9238.9,DZD,30,2024-11-15,Validated,0,0,0,30,0
INV0008325,FCT-843060,SUP00004,DPT005,PO0002835,2024-12-03,517.04,DZD,30,2025-01-02,Validated,0,0,0,30,0
INV0008326,FCT-490452,SUP00010,DPT004,PO0004955,2024-03-14,1924.02,DZD,30,2024-04-13,Validated,0,0,0,30,0
INV0008327,FCT-924193,SUP00117,DPT006,PO0001501,2024-07-17,16053.6,DZD,30,2024-08-16,Validated,0,0,0,30,0
INV0008328,FCT-624109,SUP00005,DPT004,PO0001030,2024-07-24,10249.2,DZD,45,2024-09-07,Disputed,0,0,0,45,0
INV0008329,FCT-204553,SUP00161,DPT005,PO0002221,2024-06-05,5885.52,EUR,30,2024-07-05,Validated,0,0,0,30,0
INV0008330,FCT-483822,SUP00209,DPT007,,2024-06-12,3575.76,DZD,45,2024-07-27,Validated,1,0,0,45,0
INV0008331,FCT-877421,SUP00009,DPT006,PO0004786,2024-11-04,2221.33,DZD,30,2024-12-04,Validated,0,0,0,30,0
INV0008332,FCT-166726,SUP00002,DPT006,PO0003177,2024-05-14,3112.23,DZD,45,2024-06-28,Validated,0,0,0,45,0
INV0008333,FCT-293486,SUP00008,DPT004,PO0000246,2024-06-11,13200.14,USD,45,2024-07-26,Validated,0,0,0,45,0
INV0008334,FCT-552801,SUP00192,DPT001,PO0001041,2024-02-10,4482.36,DZD,30,2024-03-11,Validated,0,0,0,30,0
INV0008335,FCT-377164,SUP00010,DPT001,PO0003594,2024-08-19,545.93,EUR,45,2024-10-03,Validated,0,0,0,45,0
INV0008336,FCT-650242,SUP00025,DPT003,PO0002257,2024-01-05,1456.49,USD,30,2024-02-04,Disputed,0,0,0,30,0
INV0008337,FCT-897167,SUP00028,DPT002,PO0000332,2024-09-29,2359.64,EUR,45,2024-11-13,Pending Review,0,0,0,45,0
INV0008338,FCT-735109,SUP00006,DPT002,PO0003565,2024-08-11,4429.47,DZD,30,2024-09-10,Validated,0,0,0,30,0
INV0008339,FCT-428720,SUP00104,DPT007,PO0000547,2024-12-16,4283.23,DZD,45,2025-01-30,Validated,0,0,0,45,0
INV0008340,FCT-836955,SUP00006,DPT007,PO0001420,2024-07-23,1782.42,DZD,15,2024-08-07,Validated,0,0,0,15,0
INV0008341,FCT-115178,SUP00004,DPT007,PO0002704,2024-09-20,12174.9,DZD,90,2024-12-19,Disputed,0,0,0,90,0
INV0008342,FCT-776317,SUP00012,DPT001,PO0003647,2024-12-07,615.96,DZD,90,2025-03-07,Validated,0,0,0,90,0
INV0008343,FCT-146625,SUP00185,DPT002,PO0000653,2024-03-24,2545.13,EUR,30,2024-04-23,Pending Review,0,0,0,30,0
INV0008344,FCT-263926,SUP00025,DPT006,PO0005184,2024-04-19,14799.29,DZD,30,2024-05-19,Validated,0,0,0,30,0
INV0008345,FCT-403906,SUP00228,DPT007,PO0003644,2024-07-09,11169.63,DZD,30,2024-08-08,Validated,0,0,0,30,0
INV0008346,FCT-221603,SUP00014,DPT006,PO0004673,2024-01-15,4400.63,DZD,15,2024-01-30,Pending Review,0,0,0,15,0
INV0008347,FCT-895976,SUP00304,DPT004,PO0004051,2024-03-28,17668.82,DZD,45,2024-05-12,Validated,0,0,0,45,0
INV0008348,FCT-675319,SUP00029,DPT010,,2024-06-18,8099.64,DZD,30,2024-07-18,Validated,1,0,0,30,0
INV0008349,FCT-179806,SUP00021,DPT003,PO0002005,2024-03-30,6510.34,EUR,45,2024-05-14,Disputed,0,0,0,45,0
INV0008350,FCT-741024,SUP00282,DPT007,PO0001293,2024-01-16,11978.69,DZD,30,2024-02-15,Pending Review,0,0,0,30,0
INV0008351,FCT-276016,SUP00297,DPT006,PO0004388,2024-09-29,9578.02,DZD,30,2024-10-29,Validated,0,0,0,30,0
INV0008352,FCT-769592,SUP00002,DPT006,PO0000664,2024-04-04,27762.36,DZD,45,2024-05-19,Validated,0,0,0,45,0
INV0008353,FCT-970604,SUP00034,DPT005,PO0004315,2024-01-07,4371.7,DZD,30,2024-02-06,Validated,0,0,0,30,0
INV0008354,FCT-156449,SUP00005,DPT006,PO0000273,2024-08-31,4540.12,DZD,30,2024-09-30,Validated,0,0,0,30,0
INV0008355,FCT-470324,SUP00029,DPT010,PO0001306,2024-03-23,7527.88,EUR,30,2024-04-22,Validated,0,0,0,30,0
INV0008356,FCT-670752,SUP00170,DPT010,PO0004267,2024-06-15,6151.95,DZD,30,2024-07-15,Validated,0,0,0,30,0
INV0008357,FCT-885380,SUP00008,DPT012,PO0003144,2024-10-04,50787.77,DZD,30,2024-11-03,Validated,0,0,0,30,0
INV0008358,FCT-690078,SUP00130,DPT003,PO0001863,2024-04-29,10971.63,DZD,90,2024-07-28,Validated,0,0,0,90,0
INV0008359,FCT-445044,SUP00018,DPT006,PO0001534,2024-08-01,2613.24,DZD,60,2024-09-30,Validated,0,0,0,60,0
INV0008360,FCT-144936,SUP00024,DPT003,PO0003397,2024-10-18,50000.0,DZD,45,2024-12-02,Validated,0,1,0,45,0
INV0008361,FCT-566475,SUP00017,DPT003,,2024-09-25,36559.75,DZD,90,2024-12-24,Validated,1,0,0,90,0
INV0008362,FCT-497600,SUP00028,DPT001,PO0002624,2024-05-02,3899.8,DZD,60,2024-07-01,Disputed,0,0,0,60,0
INV0008363,FCT-952242,SUP00010,DPT003,PO0003434,2024-05-25,8779.93,DZD,90,2024-08-23,Validated,0,0,0,90,0
INV0008364,FCT-552648,SUP00015,DPT010,PO0001280,2024-02-28,5876.07,DZD,30,2024-03-29,Validated,0,0,0,30,0
INV0008365,FCT-960740,SUP00029,DPT003,,2024-02-26,15175.98,DZD,30,2024-03-27,Disputed,1,0,0,30,0
INV0008366,FCT-606359,SUP00006,DPT003,PO0001929,2024-04-11,3178.09,DZD,30,2024-05-11,Disputed,0,0,0,30,0
INV0008367,FCT-248981,SUP00140,DPT009,PO0004469,2024-12-10,6882.19,USD,45,2025-01-24,Validated,0,0,0,45,0
INV0008368,FCT-174463,SUP00009,DPT012,PO0000910,2024-12-13,3205.4,DZD,30,2025-01-12,Validated,0,0,0,30,0
INV0008369,FCT-709079,SUP00005,DPT004,,2024-11-06,147091.34,DZD,30,2024-12-06,Validated,1,0,1,30,0
INV0008370,FCT-269386,SUP00026,DPT004,PO0004775,2024-04-01,2526.02,DZD,45,2024-05-16,Validated,0,0,0,45,0
INV0008371,FCT-481794,SUP00005,DPT001,PO0000838,2024-08-03,11432.13,DZD,30,2024-09-02,Validated,0,0,0,30,0
INV0008372,FCT-721752,SUP00009,DPT010,PO0005140,2024-05-12,158294.37,DZD,45,2024-06-26,Validated,0,0,1,45,0
INV0008373,FCT-234786,SUP00051,DPT007,PO0001470,2024-04-10,21235.0,EUR,45,2024-05-25,Validated,0,0,0,45,0
INV0008374,FCT-202933,SUP00012,DPT003,PO0003036,2024-03-04,5857.88,DZD,60,2024-05-03,Validated,0,0,0,60,0
INV0008375,FCT-123196,SUP00161,DPT001,PO0003910,2024-12-15,7273.56,EUR,45,2025-01-29,Pending Review,0,0,0,45,0
INV0008376,FCT-386996,SUP00019,DPT001,PO0004551,2024-08-24,2357.48,DZD,45,2024-10-08,Validated,0,0,0,45,0
INV0008377,FCT-557016,SUP00021,DPT010,,2024-09-13,41434.23,DZD,60,2024-11-12,Validated,1,0,0,60,0
INV0008378,FCT-461029,SUP00058,DPT001,PO0003792,2024-04-11,4630.07,USD,30,2024-05-11,Validated,0,0,0,30,0
INV0008379,FCT-184361,SUP00304,DPT012,PO0001215,2024-12-23,5516.38,DZD,60,2025-02-21,Validated,0,0,0,60,0
INV0008380,FCT-606380,SUP00008,DPT007,PO0002982,2024-03-17,2186.41,DZD,45,2024-05-01,Validated,0,0,0,45,0
INV0008381,FCT-944531,SUP00255,DPT001,PO0002045,2024-03-07,50000.0,DZD,15,2024-03-22,Validated,0,1,0,15,0
INV0008382,FCT-306154,SUP00225,DPT010,PO0001257,2024-08-02,6471.33,DZD,45,2024-09-16,Validated,0,0,0,45,0
INV0008383,FCT-324946,SUP00107,DPT002,,2024-12-06,21013.14,DZD,30,2025-01-05,Validated,1,0,0,30,0
INV0008384,FCT-142388,SUP00007,DPT002,PO0003789,2024-10-06,8153.47,DZD,45,2024-11-20,Validated,0,0,0,45,0
INV0008385,FCT-495837,SUP00078,DPT006,PO0003662,2024-12-13,21145.33,DZD,45,2025-01-27,Validated,0,0,0,45,0
INV0008386,FCT-241140,SUP00004,DPT002,PO0000714,2024-08-03,433.8,DZD,30,2024-09-02,Validated,0,0,0,30,0
INV0008387,FCT-753738,SUP00007,DPT003,PO0001993,2024-03-31,30055.12,DZD,45,2024-05-15,Validated,0,0,0,45,0
INV0008388,FCT-615909,SUP00007,DPT011,PO0002134,2024-06-30,1283.53,DZD,45,2024-08-14,Validated,0,0,0,45,0
INV0008389,FCT-556903,SUP00004,DPT009,PO0001163,2024-07-01,14538.49,USD,90,2024-09-29,Validated,0,0,0,90,0
INV0008390,FCT-179781,SUP00164,DPT006,PO0001651,2024-12-21,168.26,EUR,30,2025-01-20,Validated,0,0,0,30,0
INV0008391,FCT-439621,SUP00039,DPT005,PO0001000,2024-04-17,6473.99,DZD,30,2024-05-17,Validated,0,0,0,30,0
INV0008392,FCT-603811,SUP00022,DPT009,,2024-04-14,17850.24,DZD,30,2024-05-14,Validated,1,0,0,30,0
INV0008393,FCT-666641,SUP00293,DPT004,PO0004973,2024-05-30,2281.23,DZD,15,2024-06-14,Validated,0,0,0,15,0
INV0008394,FCT-974116,SUP00023,DPT004,PO0000113,2024-06-21,6255.83,DZD,15,2024-07-06,Validated,0,0,0,15,0
INV0008395,FCT-277917,SUP00188,DPT001,PO0003368,2024-08-02,17418.88,DZD,45,2024-09-16,Validated,0,0,0,45,0
INV0008396,FCT-907341,SUP00001,DPT008,PO0003955,2024-03-10,13967.02,DZD,45,2024-04-24,Validated,0,0,0,45,0
INV0008397,FCT-541674,SUP00008,DPT006,PO0001538,2024-10-22,998.69,DZD,90,2025-01-20,Validated,0,0,0,90,0
INV0008398,FCT-494364,SUP00028,DPT006,PO0001734,2024-07-02,18934.64,DZD,45,2024-08-16,Validated,0,0,0,45,0
INV0008399,FCT-966841,SUP00018,DPT006,,2024-06-19,42828.77,DZD,45,2024-08-03,Pending Review,1,0,0,45,0
INV0008400,FCT-352629,SUP00097,DPT004,PO0001375,2024-06-26,24277.91,DZD,30,2024-07-26,Validated,0,0,0,30,0
INV0008401,FCT-806280,SUP00219,DPT005,PO0002941,2024-12-01,1458.34,DZD,30,2024-12-31,Validated,0,0,0,30,0
INV0008402,FCT-601354,SUP00014,DPT006,,2024-10-08,15000.0,DZD,45,2024-11-22,Validated,1,1,0,45,0
INV0008403,FCT-401229,SUP00166,DPT004,PO0004966,2024-07-25,6551.93,DZD,15,2024-08-09,Validated,0,0,0,15,0
INV0008404,FCT-327326,SUP00100,DPT002,PO0004581,2024-06-15,11770.23,DZD,45,2024-07-30,Validated,0,0,0,45,0
INV0008405,FCT-921375,SUP00005,DPT012,PO0003353,2024-03-24,16343.04,DZD,45,2024-05-08,Validated,0,0,0,45,0
INV0008406,FCT-805262,SUP00020,DPT002,PO0001094,2024-02-22,2414.69,DZD,15,2024-03-08,Validated,0,0,0,15,0
INV0008407,FCT-887385,SUP00010,DPT008,PO0003191,2024-12-10,5510.76,USD,30,2025-01-09,Validated,0,0,0,30,0
INV0008408,FCT-789719,SUP00007,DPT002,PO0001771,2024-12-12,2342.68,USD,45,2025-01-26,Validated,0,0,0,45,0
INV0008409,FCT-344319,SUP00009,DPT001,PO0000829,2024-04-11,1886.08,DZD,30,2024-05-11,Validated,0,0,0,30,0
INV0008410,FCT-902970,SUP00215,DPT010,PO0001934,2024-04-07,9578.97,EUR,30,2024-05-07,Validated,0,0,0,30,0
INV0008411,FCT-940778,SUP00246,DPT007,PO0001316,2024-11-08,5516.86,EUR,30,2024-12-08,Pending Review,0,0,0,30,0
INV0008412,FCT-797077,SUP00002,DPT004,PO0002651,2024-03-30,10135.04,DZD,60,2024-05-29,Validated,0,0,0,60,0
INV0008413,FCT-536815,SUP00024,DPT001,PO0000410,2024-09-06,3110.53,USD,45,2024-10-21,Validated,0,0,0,45,0
INV0008414,FCT-565144,SUP00203,DPT011,PO0003450,2024-11-25,12966.5,USD,15,2024-12-10,Validated,0,0,0,15,0
INV0008415,FCT-939540,SUP00282,DPT001,,2024-12-04,1641.46,DZD,30,2025-01-03,Pending Review,1,0,0,30,0
INV0008416,FCT-403856,SUP00214,DPT005,PO0001116,2024-08-29,3555.54,DZD,60,2024-10-28,Validated,0,0,0,60,0
INV0008417,FCT-594704,SUP00002,DPT012,PO0004678,2024-02-12,1681.22,USD,30,2024-03-13,Validated,0,0,0,30,0
INV0008418,FCT-918502,SUP00247,DPT012,PO0000213,2024-11-19,8326.48,DZD,15,2024-12-04,Disputed,0,0,0,15,0
INV0008419,FCT-187065,SUP00005,DPT005,PO0003980,2024-03-13,48260.65,DZD,30,2024-04-12,Validated,0,0,0,30,0
INV0008420,FCT-613996,SUP00005,DPT009,PO0005167,2024-04-15,9172.47,EUR,30,2024-05-15,Validated,0,0,0,30,0
INV0008421,FCT-225253,SUP00010,DPT005,PO0002356,2024-03-05,5340.33,DZD,45,2024-04-19,Validated,0,0,0,45,0
INV0008422,FCT-865976,SUP00108,DPT006,PO0000255,2024-01-20,4783.45,DZD,15,2024-02-04,Validated,0,0,0,15,0
INV0008423,FCT-548070,SUP00236,DPT007,PO0003111,2024-03-11,100000.0,DZD,30,2024-04-10,Validated,0,1,1,30,0
INV0008424,FCT-602866,SUP00178,DPT003,PO0003596,2024-06-07,21395.76,USD,30,2024-07-07,Validated,0,0,0,30,0
INV0008425,FCT-122350,SUP00273,DPT001,PO0004760,2024-01-06,50000.0,DZD,30,2024-02-05,Validated,0,1,0,30,0
INV0008426,FCT-127577,SUP00018,DPT004,PO0002173,2024-03-30,876.07,DZD,30,2024-04-29,Validated,0,0,0,30,0
INV0008427,FCT-791565,SUP00094,DPT002,,2024-02-24,20984.52,DZD,60,2024-04-24,Validated,1,0,0,60,0
INV0008428,FCT-964394,SUP00010,DPT007,,2024-09-23,2205.83,DZD,15,2024-10-08,Validated,1,0,0,15,0
INV0008429,FCT-376907,SUP00051,DPT010,PO0001055,2024-09-06,2823.34,DZD,45,2024-10-21,Pending Review,0,0,0,45,0
INV0008430,FCT-642283,SUP00013,DPT009,PO0002960,2024-03-19,9534.13,USD,30,2024-04-18,Pending Review,0,0,0,30,0
INV0008431,FCT-128176,SUP00001,DPT004,PO0000634,2024-11-12,3017.01,DZD,15,2024-11-27,Validated,0,0,0,15,0
INV0008432,FCT-200930,SUP00004,DPT001,,2024-01-29,79161.8,DZD,45,2024-03-14,Validated,1,0,0,45,0
INV0008433,FCT-683787,SUP00074,DPT003,PO0000707,2024-02-27,4562.86,USD,30,2024-03-28,Validated,0,0,0,30,0
INV0008434,FCT-316583,SUP00308,DPT002,,2024-06-21,12433.25,DZD,30,2024-07-21,Validated,1,0,0,30,0
INV0008435,FCT-645097,SUP00085,DPT004,PO0000543,2024-11-27,1016.21,DZD,30,2024-12-27,Validated,0,0,0,30,0
INV0008436,FCT-747085,SUP00056,DPT012,PO0001977,2024-04-12,2955.06,DZD,45,2024-05-27,Validated,0,0,0,45,0
INV0008437,FCT-213919,SUP00017,DPT010,PO0004186,2024-12-17,5163.92,EUR,30,2025-01-16,Validated,0,0,0,30,0
INV0008438,FCT-711869,SUP00005,DPT011,PO0002846,2024-04-02,18889.13,EUR,30,2024-05-02,Validated,0,0,0,30,0
INV0008439,FCT-263137,SUP00003,DPT005,PO0003040,2024-08-18,1741.24,DZD,30,2024-09-17,Pending Review,0,0,0,30,0
INV0008440,FCT-489790,SUP00002,DPT003,PO0001491,2024-04-24,23845.29,DZD,90,2024-07-23,Disputed,0,0,0,90,0
INV0008441,FCT-769081,SUP00007,DPT009,PO0001502,2024-08-05,6949.49,DZD,30,2024-09-04,Validated,0,0,0,30,0
INV0008442,FCT-520025,SUP00013,DPT012,,2024-04-21,8747.85,DZD,30,2024-05-21,Validated,1,0,0,30,0
INV0008443,FCT-235989,SUP00089,DPT006,PO0004976,2024-03-30,25000.0,DZD,30,2024-04-29,Validated,0,1,0,30,0
INV0008444,FCT-768879,SUP00034,DPT007,,2024-06-10,1978.41,DZD,30,2024-07-10,Pending Review,1,0,0,30,0
INV0008445,FCT-105802,SUP00103,DPT001,PO0000933,2024-04-30,490.79,EUR,15,2024-05-15,Validated,0,0,0,15,0
INV0008446,FCT-986150,SUP00093,DPT011,PO0002927,2024-07-29,8472.98,DZD,90,2024-10-27,Validated,0,0,0,90,0
INV0008447,FCT-999740,SUP00004,DPT007,PO0002377,2024-06-27,12349.16,DZD,30,2024-07-27,Validated,0,0,0,30,0
INV0008448,FCT-878211,SUP00210,DPT012,PO0001333,2024-07-15,3959.32,USD,45,2024-08-29,Validated,0,0,0,45,0
INV0008449,FCT-361156,SUP00007,DPT001,PO0002664,2024-02-24,971.63,DZD,15,2024-03-10,Validated,0,0,0,15,0
INV0008450,FCT-136971,SUP00001,DPT012,PO0001967,2024-08-05,3166.76,DZD,30,2024-09-04,Validated,0,0,0,30,0
INV0008451,FCT-901945,SUP00018,DPT005,PO0004754,2024-09-22,9219.43,DZD,30,2024-10-22,Validated,0,0,0,30,0
INV0008452,FCT-733753,SUP00025,DPT001,PO0005199,2024-02-16,7417.79,DZD,45,2024-04-01,Validated,0,0,0,45,0
INV0008453,FCT-472668,SUP00267,DPT006,PO0002434,2024-03-14,13000.71,DZD,60,2024-05-13,Pending Review,0,0,0,60,0
INV0008454,FCT-308791,SUP00055,DPT009,PO0004046,2024-01-22,934.47,DZD,30,2024-02-21,Validated,0,0,0,30,0
INV0008455,FCT-966498,SUP00018,DPT009,PO0000990,2024-03-23,3767.8,DZD,45,2024-05-07,Validated,0,0,0,45,0
INV0008456,FCT-458977,SUP00126,DPT003,,2024-12-06,5349.78,EUR,15,2024-12-21,Validated,1,0,0,15,0
INV0008457,FCT-486894,SUP00113,DPT009,PO0001281,2024-02-04,12433.14,DZD,60,2024-04-04,Validated,0,0,0,60,0
INV0008458,FCT-815481,SUP00009,DPT007,PO0004971,2024-03-22,2999.25,DZD,45,2024-05-06,Disputed,0,0,0,45,0
INV0008459,FCT-774371,SUP00010,DPT012,,2024-02-20,11104.83,DZD,15,2024-03-06,Validated,1,0,0,15,0
INV0008460,FCT-459340,SUP00056,DPT004,,2024-10-30,2014.67,DZD,30,2024-11-29,Validated,1,0,0,30,0
INV0008461,FCT-969078,SUP00010,DPT011,PO0003844,2024-07-30,50000.0,DZD,30,2024-08-29,Validated,0,1,0,30,0
INV0008462,FCT-519125,SUP00134,DPT003,PO0003294,2024-01-25,4284.66,USD,30,2024-02-24,Validated,0,0,0,30,0
INV0008463,FCT-354082,SUP00021,DPT003,,2024-03-27,4006.9,DZD,60,2024-05-26,Pending Review,1,0,0,60,0
INV0008464,FCT-275707,SUP00001,DPT009,,2024-09-03,96289.18,DZD,45,2024-10-18,Validated,1,0,0,45,0
INV0008465,FCT-126730,SUP00032,DPT006,,2024-10-01,4093.59,DZD,30,2024-10-31,Validated,1,0,0,30,0
INV0008466,FCT-171426,SUP00004,DPT004,PO0002610,2024-08-08,3691.44,DZD,15,2024-08-23,Validated,0,0,0,15,0
INV0008467,FCT-503775,SUP00025,DPT004,PO0001378,2024-07-25,1166.39,DZD,60,2024-09-23,Validated,0,0,0,60,0
INV0008468,FCT-981519,SUP00020,DPT002,PO0001094,2024-06-17,18743.68,DZD,30,2024-07-17,Validated,0,0,0,30,0
INV0008469,FCT-785159,SUP00023,DPT004,PO0000113,2024-11-01,25000.0,DZD,30,2024-12-01,Validated,0,1,0,30,0
INV0008470,FCT-262682,SUP00288,DPT010,PO0000565,2024-05-16,5785.79,USD,30,2024-06-15,Pending Review,0,0,0,30,0
INV0008471,FCT-607602,SUP00005,DPT003,PO0002741,2024-12-18,2273.49,DZD,30,2025-01-17,Pending Review,0,0,0,30,0
INV0008472,FCT-458923,SUP00239,DPT001,,2024-11-11,9682.71,DZD,30,2024-12-11,Validated,1,0,0,30,0
INV0008473,FCT-851728,SUP00006,DPT007,PO0002310,2024-12-05,25000.0,DZD,45,2025-01-19,Validated,0,1,0,45,0
INV0008474,FCT-328934,SUP00021,DPT009,PO0003671,2024-09-13,27036.35,DZD,30,2024-10-13,Validated,0,0,0,30,0
INV0008475,FCT-340033,SUP00244,DPT002,PO0004570,2024-05-05,5249.58,DZD,45,2024-06-19,Validated,0,0,0,45,0
INV0008476,FCT-720322,SUP00053,DPT012,,2024-08-24,3033.7,DZD,90,2024-11-22,Validated,1,0,0,90,0
INV0008477,FCT-161141,SUP00009,DPT006,,2024-06-17,2814.81,DZD,30,2024-07-17,Validated,1,0,0,30,0
INV0008478,FCT-352833,SUP00029,DPT012,PO0000326,2024-12-04,6126.01,DZD,30,2025-01-03,Validated,0,0,0,30,0
INV0008479,FCT-298826,SUP00001,DPT008,PO0000453,2024-11-27,8035.98,EUR,15,2024-12-12,Validated,0,0,0,15,0
INV0008480,FCT-483652,SUP00035,DPT010,,2024-01-25,11225.34,DZD,45,2024-03-10,Validated,1,0,0,45,0
INV0008481,FCT-305868,SUP00118,DPT003,PO0001618,2024-10-02,2266.83,DZD,90,2024-12-31,Validated,0,0,0,90,0
INV0008482,FCT-848721,SUP00275,DPT002,PO0000998,2024-09-30,7006.31,DZD,30,2024-10-30,Validated,0,0,0,30,0
INV0008483,FCT-401734,SUP00005,DPT008,PO0003724,2024-08-11,1859.1,DZD,30,2024-09-10,Validated,0,0,0,30,0
INV0008484,FCT-421045,SUP00087,DPT002,PO0003386,2024-12-19,5172.33,DZD,45,2025-02-02,Pending Review,0,0,0,45,0
INV0008485,FCT-380604,SUP00001,DPT008,PO0003363,2024-01-29,29880.51,DZD,45,2024-03-14,Validated,0,0,0,45,0
INV0008486,FCT-482206,SUP00010,DPT004,PO0001819,2024-12-20,4618.27,DZD,30,2025-01-19,Validated,0,0,0,30,0
INV0008487,FCT-310797,SUP00222,DPT010,PO0004405,2024-01-02,2170.72,DZD,30,2024-02-01,Validated,0,0,0,30,0
INV0008488,FCT-759859,SUP00005,DPT007,PO0004898,2024-03-04,8982.96,DZD,30,2024-04-03,Validated,0,0,0,30,0
INV0008489,FCT-209646,SUP00048,DPT001,PO0002509,2024-08-23,16791.55,DZD,30,2024-09-22,Pending Review,0,0,0,30,0
INV0008490,FCT-177586,SUP00005,DPT001,PO0000838,2024-10-22,2479.67,DZD,45,2024-12-06,Validated,0,0,0,45,0
INV0008491,FCT-569648,SUP00108,DPT003,PO0004745,2024-11-26,1263.62,DZD,30,2024-12-26,Validated,0,0,0,30,0
INV0008492,FCT-537017,SUP00078,DPT007,PO0001432,2024-01-22,2359.54,DZD,60,2024-03-22,Validated,0,0,0,60,0
INV0008493,FCT-740258,SUP00004,DPT003,PO0000993,2024-10-27,3620.46,DZD,30,2024-11-26,Validated,0,0,0,30,0
INV0008494,FCT-185944,SUP00124,DPT001,PO0004452,2024-09-09,34401.67,DZD,45,2024-10-24,Validated,0,0,0,45,0
INV0008495,FCT-917493,SUP00243,DPT009,,2024-05-26,1194.35,EUR,90,2024-08-24,Validated,1,0,0,90,0
INV0008496,FCT-626168,SUP00017,DPT011,PO0000983,2024-08-22,855.51,DZD,30,2024-09-21,Validated,0,0,0,30,0
INV0008497,FCT-348191,SUP00100,DPT012,PO0003740,2024-05-24,8206.64,EUR,30,2024-06-23,Validated,0,0,0,30,0
INV0008498,FCT-787949,SUP00010,DPT009,PO0000188,2024-06-15,2647.68,DZD,45,2024-07-30,Disputed,0,0,0,45,0
INV0008499,FCT-694483,SUP00026,DPT003,PO0001240,2024-03-16,1919.58,EUR,45,2024-04-30,Validated,0,0,0,45,0
INV0008500,FCT-918504,SUP00300,DPT001,PO0001598,2024-05-05,12672.29,DZD,15,2024-05-20,Pending Review,0,0,0,15,0
INV0008501,FCT-109229,SUP00010,DPT009,,2024-08-01,20341.77,DZD,15,2024-08-16,Validated,1,0,0,15,1
INV0008502,FCT-192452,SUP00086,DPT004,,2024-05-21,7313.86,DZD,30,2024-06-20,Pending Review,1,0,0,30,1
INV0008503,FCT-885380,SUP00315,DPT003,PO0000367,2024-10-06,50787.77,DZD,30,2024-11-05,Pending Review,0,0,0,30,0
INV0008504,FCT-553826,SUP00109,DPT004,PO0001777,2024-07-03,1752.79,DZD,30,2024-08-02,Validated,0,0,0,30,0
INV0008505,FCT-253683,SUP00024,DPT003,PO0001548,2024-04-13,6099.92,DZD,45,2024-05-28,Validated,0,0,0,45,0
INV0008506,FCT-387478,SUP00001,DPT002,PO0001837,2024-01-16,6139.01,DZD,45,2024-03-01,Pending Review,0,0,0,45,0
INV0008507,FCT-951575,SUP00010,DPT006,PO0001449,2024-10-22,3824.87,DZD,60,2024-12-21,Validated,0,0,0,60,0
INV0008508,FCT-367425,SUP00006,DPT008,PO0003077,2024-09-11,8255.33,DZD,30,2024-10-11,Validated,0,0,0,30,0
INV0008509,FCT-928615,SUP00026,DPT006,PO0002492,2024-11-19,100000.0,DZD,90,2025-02-17,Validated,0,1,1,90,0
INV0008510,FCT-468387,SUP00249,DPT003,PO0001949,2024-07-29,7385.52,DZD,90,2024-10-27,Validated,0,0,0,90,0
INV0008511,FCT-247459,SUP00024,DPT001,PO0005081,2024-09-14,15394.95,DZD,30,2024-10-14,Validated,0,0,0,30,0
INV0008512,FCT-888956,SUP00022,DPT003,PO0002455,2024-07-08,17697.98,DZD,45,2024-08-22,Pending Review,0,0,0,45,0
INV0008513,FCT-637355,SUP00013,DPT005,PO0002727,2024-08-10,5543.76,DZD,45,2024-09-24,Pending Review,0,0,0,45,0
INV0008514,FCT-342740,SUP00012,DPT003,PO0004630,2024-07-23,1258.18,DZD,45,2024-09-06,Validated,0,0,0,45,0
INV0008515,FCT-125415,SUP00006,DPT007,PO0004330,2024-04-07,19421.79,DZD,15,2024-04-22,Validated,0,0,0,15,0
INV0008516,FCT-834422,SUP00277,DPT002,PO0002062,2024-10-20,1446.28,DZD,30,2024-11-19,Validated,0,0,0,30,0
INV0008517,FCT-361156,SUP00065,DPT001,PO0000843,2024-02-27,971.63,DZD,15,2024-03-13,Pending Review,0,0,0,15,0
INV0008518,FCT-171616,SUP00006,DPT004,,2024-09-30,31110.18,DZD,60,2024-11-29,Validated,1,0,0,60,1
INV0008519,FCT-323956,SUP00006,DPT002,PO0002728,2024-04-18,2771.24,DZD,45,2024-06-02,Validated,0,0,0,45,0
INV0008520,FCT-241758,SUP00087,DPT009,PO0002359,2024-09-01,39174.12,USD,30,2024-10-01,Validated,0,0,0,30,0
INV0008521,FCT-595167,SUP00009,DPT001,,2024-12-14,4954.16,DZD,30,2025-01-13,Validated,1,0,0,30,1
INV0008522,FCT-328967,SUP00030,DPT004,PO0001045,2024-11-14,11726.66,DZD,60,2025-01-13,Validated,0,0,0,60,0
INV0008523,FCT-692112,SUP00009,DPT001,PO0000871,2024-10-20,2671.98,DZD,30,2024-11-19,Pending Review,0,0,0,30,0
INV0008524,FCT-887568,SUP00150,DPT001,,2024-08-15,42634.4,DZD,15,2024-08-30,Validated,1,0,0,15,1
INV0008525,FCT-686318,SUP00005,DPT005,PO0001021,2024-06-07,7998.82,DZD,30,2024-07-07,Validated,0,0,0,30,0
INV0008526,FCT-415699,SUP00205,DPT004,,2024-06-28,10961.33,DZD,60,2024-08-27,Pending Review,1,0,0,60,1
INV0008527,FCT-774244,SUP00004,DPT004,,2024-07-06,12023.35,DZD,45,2024-08-20,Validated,1,0,0,45,1
INV0008528,FCT-899045,SUP00010,DPT003,PO0002783,2024-03-12,1487.88,DZD,90,2024-06-10,Validated,0,0,0,90,0
INV0008529,FCT-493456,SUP00271,DPT006,PO0003736,2024-02-17,1576.37,DZD,60,2024-04-17,Validated,0,0,0,60,0
INV0008530,FCT-511789,SUP00009,DPT011,,2024-11-03,1541.79,DZD,30,2024-12-03,Validated,1,0,0,30,1
INV0008531,FCT-146312,SUP00009,DPT006,PO0003227,2024-11-27,28373.73,DZD,30,2024-12-27,Validated,0,0,0,30,0
INV0008532,FCT-360118,SUP00214,DPT004,PO0002229,2024-06-24,1881.9,EUR,45,2024-08-08,Pending Review,0,0,0,45,0
INV0008533,FCT-722322,SUP00179,DPT004,PO0000177,2024-05-11,2540.51,DZD,45,2024-06-25,Validated,0,0,0,45,0
INV0008534,FCT-859209,SUP00126,DPT004,PO0004053,2024-07-13,1933.14,EUR,90,2024-10-11,Pending Review,0,0,0,90,0
INV0008535,FCT-300465,SUP00002,DPT009,PO0004434,2024-05-01,7176.38,DZD,45,2024-06-15,Validated,0,0,0,45,0
INV0008536,FCT-115386,SUP00010,DPT009,PO0000057,2024-05-18,1291.26,DZD,90,2024-08-16,Pending Review,0,0,0,90,0
INV0008537,FCT-176115,SUP00027,DPT006,PO0002662,2024-05-02,17957.45,DZD,90,2024-07-31,Pending Review,0,0,0,90,0
INV0008538,FCT-954202,SUP00009,DPT008,PO0001443,2024-02-26,16765.5,DZD,30,2024-03-27,Validated,0,0,0,30,0
INV0008539,FCT-693926,SUP00115,DPT007,PO0004118,2024-08-19,2216.97,DZD,45,2024-10-03,Validated,0,0,0,45,0
INV0008540,FCT-603733,SUP00001,DPT001,PO0002884,2024-11-16,4108.61,DZD,30,2024-12-16,Validated,0,0,0,30,0
INV0008541,FCT-141030,SUP00021,DPT006,,2024-09-06,13058.12,EUR,60,2024-11-05,Pending Review,1,0,0,60,1
INV0008542,FCT-332086,SUP00008,DPT002,PO0001446,2024-08-02,2501.95,DZD,60,2024-10-01,Validated,0,0,0,60,0
INV0008543,FCT-435747,SUP00024,DPT002,PO0004025,2024-01-27,3650.68,DZD,30,2024-02-26,Validated,0,0,0,30,0
INV0008544,FCT-595869,SUP00179,DPT003,PO0000321,2024-08-28,3206.74,DZD,60,2024-10-27,Validated,0,0,0,60,0
INV0008545,FCT-774763,SUP00007,DPT011,PO0000372,2024-07-30,51078.75,EUR,45,2024-09-13,Validated,0,0,0,45,0
INV0008546,FCT-262402,SUP00278,DPT006,PO0000638,2024-03-10,5081.83,DZD,30,2024-04-09,Validated,0,0,0,30,0
INV0008547,FCT-940348,SUP00008,DPT001,PO0005056,2024-11-05,4473.34,DZD,30,2024-12-05,Validated,0,0,0,30,0
INV0008548,FCT-436712,SUP00013,DPT003,PO0000913,2024-03-31,5046.54,DZD,60,2024-05-30,Pending Review,0,0,0,60,0
INV0008549,FCT-243615,SUP00004,DPT009,PO0000920,2024-04-24,7494.82,EUR,60,2024-06-23,Validated,0,0,0,60,0
INV0008550,FCT-280445,SUP00171,DPT010,,2024-10-19,7158.02,EUR,45,2024-12-03,Pending Review,1,0,0,45,1
INV0008551,FCT-529965,SUP00006,DPT005,PO0004382,2024-10-30,2011.66,DZD,45,2024-12-14,Validated,0,0,0,45,0
INV0008552,FCT-645660,SUP00274,DPT006,PO0003832,2024-12-31,2861.99,DZD,60,2025-03-01,Pending Review,0,0,0,60,0
INV0008553,FCT-235653,SUP00028,DPT001,PO0000560,2024-10-18,1867.07,DZD,45,2024-12-02,Pending Review,0,0,0,45,0
INV0008554,FCT-337921,SUP00245,DPT002,PO0003478,2024-12-17,41438.16,DZD,45,2025-01-31,Validated,0,0,0,45,0
INV0008555,FCT-610545,SUP00021,DPT001,PO0002380,2024-03-10,72925.29,EUR,45,2024-04-24,Validated,0,0,0,45,0
INV0008556,FCT-954845,SUP00188,DPT010,PO0002991,2024-12-08,10608.98,DZD,30,2025-01-07,Validated,0,0,0,30,0
INV0008557,FCT-707124,SUP00006,DPT010,PO0002161,2024-06-19,1683.32,EUR,90,2024-09-17,Pending Review,0,0,0,90,0
INV0008558,FCT-434244,SUP00030,DPT004,PO0001045,2024-07-15,3243.57,DZD,45,2024-08-29,Validated,0,0,0,45,0
INV0008559,FCT-127663,SUP00250,DPT004,PO0004847,2024-09-04,14470.7,DZD,45,2024-10-19,Validated,0,0,0,45,0
INV0008560,FCT-911062,SUP00149,DPT001,PO0001520,2024-03-14,3433.48,DZD,30,2024-04-13,Pending Review,0,0,0,30,0
INV0008561,FCT-240122,SUP00042,DPT001,PO0001930,2024-12-21,993.85,EUR,30,2025-01-20,Pending Review,0,0,0,30,0
INV0008562,FCT-345377,SUP00126,DPT003,PO0004335,2024-01-20,1072.87,DZD,45,2024-03-05,Pending Review,0,0,0,45,0
INV0008563,FCT-252792,SUP00043,DPT002,PO0000533,2024-05-03,2917.6,USD,60,2024-07-02,Validated,0,0,0,60,0
INV0008564,FCT-508813,SUP00059,DPT005,PO0004110,2024-02-18,2481.5,DZD,60,2024-04-18,Pending Review,0,0,0,60,0
INV0008565,FCT-767877,SUP00136,DPT003,,2024-01-30,1810.45,DZD,45,2024-03-15,Validated,1,0,0,45,1
INV0008566,FCT-882625,SUP00148,DPT010,,2024-10-05,2989.5,DZD,45,2024-11-19,Validated,1,0,0,45,1
INV0008567,FCT-193188,SUP00014,DPT001,,2024-06-27,388891.18,DZD,45,2024-08-11,Pending Review,1,0,1,45,1
INV0008568,FCT-911235,SUP00093,DPT002,PO0004094,2024-04-01,1508.42,DZD,30,2024-05-01,Pending Review,0,0,0,30,0
INV0008569,FCT-317533,SUP00061,DPT002,PO0003726,2024-10-26,15000.0,DZD,45,2024-12-10,Pending Review,0,1,0,45,0
INV0008570,FCT-970162,SUP00007,DPT010,,2024-03-04,4071.89,USD,30,2024-04-03,Validated,1,0,0,30,1
INV0008571,FCT-656493,SUP00239,DPT009,,2024-01-24,13814.64,DZD,30,2024-02-23,Validated,1,0,0,30,1
INV0008572,FCT-164164,SUP00197,DPT001,PO0000958,2024-01-25,66405.5,DZD,30,2024-02-24,Validated,0,0,0,30,0
INV0008573,FCT-210555,SUP00176,DPT008,,2024-08-21,11163.34,DZD,30,2024-09-20,Validated,1,0,0,30,1
INV0008574,FCT-871407,SUP00228,DPT009,PO0001641,2024-10-06,1358.62,DZD,45,2024-11-20,Validated,0,0,0,45,0
INV0008575,FCT-773678,SUP00008,DPT008,PO0001332,2024-06-05,21236.01,DZD,30,2024-07-05,Validated,0,0,0,30,0
INV0008576,FCT-859605,SUP00041,DPT001,PO0000368,2024-09-27,1848.94,DZD,30,2024-10-27,Validated,0,0,0,30,0
INV0008577,FCT-252384,SUP00003,DPT005,,2024-02-25,914.78,EUR,45,2024-04-10,Validated,1,0,0,45,1
INV0008578,FCT-437613,SUP00104,DPT008,,2024-12-16,25598.62,DZD,15,2024-12-31,Validated,1,0,0,15,1
INV0008579,FCT-239042,SUP00008,DPT009,,2024-04-25,14825.57,EUR,30,2024-05-25,Validated,1,0,0,30,1
INV0008580,FCT-691072,SUP00103,DPT003,PO0003443,2024-02-06,9229.0,DZD,45,2024-03-22,Validated,0,0,0,45,0
INV0008581,FCT-541910,SUP00004,DPT009,PO0003181,2024-11-20,1475.29,DZD,30,2024-12-20,Pending Review,0,0,0,30,0
INV0008582,FCT-704401,SUP00150,DPT004,PO0000610,2024-09-09,1450.08,DZD,45,2024-10-24,Validated,0,0,0,45,0
INV0008583,FCT-219104,SUP00215,DPT005,,2024-10-31,1545.8,DZD,30,2024-11-30,Validated,1,0,0,30,1
INV0008584,FCT-873882,SUP00008,DPT002,PO0003095,2024-04-03,24076.42,DZD,30,2024-05-03,Validated,0,0,0,30,0
INV0008585,FCT-291846,SUP00181,DPT007,PO0000822,2024-07-01,11637.28,DZD,60,2024-08-30,Validated,0,0,0,60,0
INV0008586,FCT-614296,SUP00039,DPT003,PO0001907,2024-08-19,20282.84,DZD,45,2024-10-03,Validated,0,0,0,45,0
INV0008587,FCT-390218,SUP00007,DPT005,PO0004169,2024-11-08,3121.16,DZD,45,2024-12-23,Validated,0,0,0,45,0
INV0008588,FCT-237790,SUP00001,DPT010,PO0001722,2024-08-12,1167.28,EUR,30,2024-09-11,Validated,0,0,0,30,0
INV0008589,FCT-470449,SUP00062,DPT004,PO0001940,2024-12-05,4788.84,DZD,30,2025-01-04,Validated,0,0,0,30,0
INV0008590,FCT-533287,SUP00123,DPT008,,2024-11-24,706.91,EUR,15,2024-12-09,Pending Review,1,0,0,15,1
INV0008591,FCT-721234,SUP00213,DPT004,,2024-01-31,15357.19,DZD,30,2024-03-01,Validated,1,0,0,30,1
INV0008592,FCT-928103,SUP00005,DPT001,PO0002111,2024-02-23,7349.49,EUR,30,2024-03-24,Validated,0,0,0,30,0
INV0008593,FCT-381735,SUP00074,DPT001,,2024-11-14,5119.67,DZD,30,2024-12-14,Validated,1,0,0,30,1
INV0008594,FCT-421199,SUP00005,DPT003,PO0000261,2024-08-08,21236.51,DZD,45,2024-09-22,Validated,0,0,0,45,0
INV0008595,FCT-951610,SUP00005,DPT003,PO0002932,2024-08-02,5449.48,DZD,30,2024-09-01,Validated,0,0,0,30,1
INV0008596,FCT-140997,SUP00004,DPT002,PO0004589,2024-08-28,4582.84,DZD,15,2024-09-12,Validated,0,0,0,15,0
INV0008597,FCT-824105,SUP00007,DPT011,PO0002113,2024-09-11,14627.01,DZD,45,2024-10-26,Validated,0,0,0,45,0
INV0008598,FCT-791829,SUP00022,DPT003,PO0004741,2024-05-16,2735.53,DZD,60,2024-07-15,Pending Review,0,0,0,60,0
INV0008599,FCT-122903,SUP00012,DPT002,PO0003998,2024-03-02,11960.64,DZD,45,2024-04-16,Validated,0,0,0,45,0
INV0008600,FCT-905553,SUP00030,DPT007,,2024-01-27,3787.74,DZD,30,2024-02-26,Validated,1,0,0,30,1
INV0008601,FCT-967336,SUP00090,DPT008,PO0003530,2024-07-07,960.89,DZD,45,2024-08-21,Pending Review,0,0,0,45,0
INV0008602,FCT-478585,SUP00169,DPT008,PO0000251,2024-04-17,1219.7,DZD,45,2024-06-01,Validated,0,0,0,45,0
INV0008603,FCT-421161,SUP00004,DPT010,PO0002992,2024-03-10,10571.3,USD,30,2024-04-09,Validated,0,0,0,30,0
INV0008604,FCT-153679,SUP00001,DPT001,PO0004778,2024-03-20,3620.09,EUR,15,2024-04-04,Validated,0,0,0,15,0
INV0008605,FCT-542324,SUP00058,DPT010,PO0000303,2024-04-02,15000.0,USD,90,2024-07-01,Validated,0,1,0,90,0
INV0008606,FCT-609475,SUP00009,DPT011,PO0002620,2024-02-03,4117.33,DZD,30,2024-03-04,Validated,0,0,0,30,0
INV0008607,FCT-319116,SUP00114,DPT009,PO0001708,2024-05-16,33780.84,USD,30,2024-06-15,Validated,0,0,0,30,0
INV0008608,FCT-701198,SUP00009,DPT009,PO0003757,2024-02-17,12808.69,DZD,30,2024-03-18,Validated,0,0,0,30,0
INV0008609,FCT-239112,SUP00004,DPT004,PO0001017,2024-02-13,8998.63,DZD,45,2024-03-29,Validated,0,0,0,45,0
INV0008610,FCT-570825,SUP00215,DPT003,PO0003754,2024-10-11,11772.92,DZD,30,2024-11-10,Pending Review,0,0,0,30,0
INV0008611,FCT-432355,SUP00019,DPT002,,2024-05-13,3118.03,DZD,30,2024-06-12,Validated,1,0,0,30,1
INV0008612,FCT-343876,SUP00277,DPT004,PO0000490,2024-02-17,11432.85,EUR,30,2024-03-18,Validated,0,0,0,30,0
INV0008613,FCT-618610,SUP00272,DPT004,PO0000169,2024-07-12,3104.28,DZD,45,2024-08-26,Validated,0,0,0,45,0
INV0008614,FCT-806135,SUP00021,DPT003,PO0003595,2024-10-31,1820.42,DZD,30,2024-11-30,Validated,0,0,0,30,0
INV0008615,FCT-331929,SUP00028,DPT011,PO0003432,2024-06-17,2776.98,DZD,90,2024-09-15,Validated,0,0,0,90,0
INV0008616,FCT-178085,SUP00023,DPT006,PO0005097,2024-10-14,20000.0,DZD,45,2024-11-28,Validated,0,1,0,45,0
INV0008617,FCT-275478,SUP00004,DPT005,PO0001522,2024-10-11,20000.0,DZD,30,2024-11-10,Pending Review,0,1,0,30,0
INV0008618,FCT-389819,SUP00010,DPT004,PO0001515,2024-06-20,9065.4,DZD,90,2024-09-18,Pending Review,0,0,0,90,0
INV0008619,FCT-646894,SUP00003,DPT006,,2024-04-04,2603.87,EUR,45,2024-05-19,Validated,1,0,0,45,1
INV0008620,FCT-649677,SUP00015,DPT012,PO0001288,2024-06-26,8107.13,DZD,30,2024-07-26,Validated,0,0,0,30,0
INV0008621,FCT-665336,SUP00237,DPT001,PO0001653,2024-01-20,3042.58,DZD,15,2024-02-04,Validated,0,0,0,15,0
INV0008622,FCT-109579,SUP00181,DPT009,PO0000544,2024-11-17,8005.25,EUR,45,2025-01-01,Validated,0,0,0,45,0
INV0008623,FCT-881042,SUP00158,DPT002,PO0001056,2024-08-06,4540.87,DZD,30,2024-09-05,Validated,0,0,0,30,0
INV0008624,FCT-988673,SUP00161,DPT001,PO0003097,2024-06-23,768.04,DZD,60,2024-08-22,Validated,0,0,0,60,0
INV0008625,FCT-153207,SUP00177,DPT008,PO0000806,2024-03-27,2309.76,USD,60,2024-05-26,Validated,0,0,0,60,0
INV0008626,FCT-408671,SUP00003,DPT009,PO0003850,2024-04-11,3292.15,EUR,90,2024-07-10,Validated,0,0,0,90,0
INV0008627,FCT-263917,SUP00013,DPT006,PO0003808,2024-12-06,7536.3,DZD,45,2025-01-20,Validated,0,0,0,45,0
INV0008628,FCT-931130,SUP00009,DPT004,PO0001217,2024-10-15,14063.9,DZD,90,2025-01-13,Validated,0,0,0,90,0
INV0008629,FCT-772939,SUP00004,DPT011,,2024-11-01,5351.0,DZD,45,2024-12-16,Validated,1,0,0,45,1
INV0008630,FCT-278268,SUP00020,DPT001,PO0003010,2024-08-09,10095.37,DZD,45,2024-09-23,Validated,0,0,0,45,0
