payment_id,invoice_id,supplier_id,department_id,payment_date,payment_amount,payment_method,payment_status,payment_weekday,weekend_payment_flag,cash_payment_flag,pending_or_failed_payment_flag
PAY0000001,INV0000001,SUP00077,DPT009,2024-06-11,1071.97,Bank Transfer,Completed,Tuesday,0,0,0
PAY0000002,INV0000002,SUP00010,DPT004,2024-07-31,17212.18,Card,Completed,Wednesday,0,0,0
PAY0000003,INV0000003,SUP00011,DPT002,2024-07-19,1372.62,Bank Transfer,Completed,Friday,0,0,0
PAY0000004,INV0000004,SUP00017,DPT006,2025-02-10,3979.98,Bank Transfer,Completed,Monday,0,0,0
PAY0000005,INV0000005,SUP00079,DPT008,2024-12-20,15345.5,Bank Transfer,Completed,Friday,0,0,0
PAY0000006,INV0000006,SUP00308,DPT006,2024-11-15,7653.9,Bank Transfer,Completed,Friday,0,0,0
PAY0000007,INV0000007,SUP00012,DPT003,2024-06-29,3533.0,Card,Completed,Saturday,1,0,0
PAY0000008,INV0000008,SUP00286,DPT003,2024-06-22,995.14,Bank Transfer,Completed,Saturday,1,0,0
PAY0000009,INV0000009,SUP00007,DPT005,2024-09-17,1496.4,Bank Transfer,Completed,Tuesday,0,0,0
PAY0000010,INV0000010,SUP00004,DPT002,2024-10-18,1782.42,Bank Transfer,Completed,Friday,0,0,0
PAY0000011,INV0000011,SUP00044,DPT009,2024-07-07,289.41,Card,Completed,Sunday,1,0,0
PAY0000012,INV0000012,SUP00307,DPT001,2024-12-30,50930.72,Bank Transfer,Failed,Monday,0,0,1
PAY0000013,INV0000013,SUP00028,DPT004,2024-08-15,10643.92,Check,Completed,Thursday,0,0,0
PAY0000014,INV0000014,SUP00202,DPT010,2025-02-05,1734.14,Bank Transfer,Completed,Wednesday,0,0,0
PAY0000015,INV0000015,SUP00027,DPT005,2024-04-28,27095.42,Bank Transfer,Completed,Sunday,1,0,0
PAY0000016,INV0000016,SUP00232,DPT008,2024-05-15,5260.93,Bank Transfer,Completed,Wednesday,0,0,0
PAY0000017,INV0000017,SUP00210,DPT002,2024-06-21,15664.84,Bank Transfer,Completed,Friday,0,0,0
PAY0000018,INV0000018,SUP00135,DPT004,2024-11-02,14519.77,Bank Transfer,Completed,Saturday,1,0,0
PAY0000019,INV0000019,SUP00094,DPT007,2024-06-23,5066.27,Bank Transfer,Completed,Sunday,1,0,0
PAY0000020,INV0000020,SUP00036,DPT010,2024-11-20,570.54,Bank Transfer,Completed,Wednesday,0,0,0
PAY0000021,INV0000021,SUP00295,DPT006,2024-11-06,7728.3,Bank Transfer,Completed,Wednesday,0,0,0
PAY0000022,INV0000022,SUP00059,DPT002,2024-04-01,10781.18,Bank Transfer,Completed,Monday,0,0,0
PAY0000023,INV0000023,SUP00014,DPT002,2025-03-03,2836.31,Bank Transfer,Pending,Monday,0,0,1
PAY0000024,INV0000025,SUP00120,DPT005,2024-08-12,5644.88,Check,Completed,Monday,0,0,0
PAY0000025,INV0000026,SUP00060,DPT002,2024-03-02,2053.06,Bank Transfer,Completed,Saturday,1,0,0
PAY0000026,INV0000027,SUP00133,DPT004,2024-08-10,5355.89,Bank Transfer,Completed,Saturday,1,0,0
PAY0000027,INV0000028,SUP00015,DPT001,2024-06-15,3417.7,Bank Transfer,Completed,Saturday,1,0,0
PAY0000028,INV0000029,SUP00022,DPT001,2024-07-09,9129.31,Bank Transfer,Completed,Tuesday,0,0,0
PAY0000029,INV0000030,SUP00007,DPT011,2024-02-24,3155.01,Bank Transfer,Completed,Saturday,1,0,0
PAY0000030,INV0000031,SUP00235,DPT005,2024-12-19,98239.89,Bank Transfer,Completed,Thursday,0,0,0
PAY0000031,INV0000032,SUP00123,DPT002,2024-03-16,920.5,Bank Transfer,Completed,Saturday,1,0,0
PAY0000032,INV0000033,SUP00217,DPT010,2024-08-02,73112.5,Bank Transfer,Completed,Friday,0,0,0
PAY0000033,INV0000034,SUP00012,DPT012,2024-02-24,3542.57,Bank Transfer,Completed,Saturday,1,0,0
PAY0000034,INV0000035,SUP00318,DPT010,2024-06-12,1634.12,Bank Transfer,Completed,Wednesday,0,0,0
PAY0000035,INV0000036,SUP00016,DPT008,2025-01-31,12016.66,Bank Transfer,Pending,Friday,0,0,1
PAY0000036,INV0000037,SUP00015,DPT012,2024-04-30,7388.21,Card,Completed,Tuesday,0,0,0
PAY0000037,INV0000038,SUP00297,DPT002,2024-03-21,11344.64,Bank Transfer,Completed,Thursday,0,0,0
PAY0000038,INV0000039,SUP00117,DPT010,2025-01-11,12635.97,Bank Transfer,Completed,Saturday,1,0,0
PAY0000039,INV0000040,SUP00281,DPT003,2024-02-16,21657.03,Check,Completed,Friday,0,0,0
PAY0000040,INV0000041,SUP00098,DPT001,2025-03-21,1776.92,Bank Transfer,Completed,Friday,0,0,0
PAY0000041,INV0000042,SUP00009,DPT001,2024-10-30,6962.76,Bank Transfer,Pending,Wednesday,0,0,1
PAY0000042,INV0000043,SUP00019,DPT002,2024-06-22,982.5,Bank Transfer,Completed,Saturday,1,0,0
PAY0000043,INV0000044,SUP00237,DPT009,2024-10-15,24978.39,Bank Transfer,Completed,Tuesday,0,0,0
PAY0000044,INV0000045,SUP00029,DPT010,2024-08-24,12529.33,Check,Completed,Saturday,1,0,0
PAY0000045,INV0000046,SUP00149,DPT001,2024-10-29,2193.07,Bank Transfer,Completed,Tuesday,0,0,0
PAY0000046,INV0000047,SUP00006,DPT009,2024-06-04,76890.15,Bank Transfer,Completed,Tuesday,0,0,0
PAY0000047,INV0000048,SUP00020,DPT008,2024-11-27,6138.93,Bank Transfer,Completed,Wednesday,0,0,0
PAY0000048,INV0000049,SUP00226,DPT001,2024-07-30,752.84,Bank Transfer,Completed,Tuesday,0,0,0
PAY0000049,INV0000050,SUP00286,DPT008,2024-09-29,13511.2,Bank Transfer,Completed,Sunday,1,0,0
PAY0000050,INV0000051,SUP00012,DPT001,2024-10-13,78033.41,Bank Transfer,Completed,Sunday,1,0,0
PAY0000051,INV0000052,SUP00006,DPT002,2024-10-09,464.55,Bank Transfer,Completed,Wednesday,0,0,0
PAY0000052,INV0000053,SUP00001,DPT005,2024-09-06,13690.25,Bank Transfer,Completed,Friday,0,0,0
PAY0000053,INV0000054,SUP00005,DPT011,2024-08-10,1896.58,Check,Completed,Saturday,1,0,0
PAY0000054,INV0000055,SUP00224,DPT001,2024-09-06,5649.78,Bank Transfer,Completed,Friday,0,0,0
PAY0000055,INV0000056,SUP00025,DPT003,2024-09-01,1355.48,Bank Transfer,Completed,Sunday,1,0,0
PAY0000056,INV0000057,SUP00010,DPT005,2024-10-21,15987.37,Bank Transfer,Completed,Monday,0,0,0
PAY0000057,INV0000058,SUP00188,DPT008,2024-10-31,4070.82,Bank Transfer,Completed,Thursday,0,0,0
PAY0000058,INV0000059,SUP00199,DPT011,2024-09-29,23188.68,Bank Transfer,Completed,Sunday,1,0,0
PAY0000059,INV0000060,SUP00016,DPT004,2024-05-17,1824.31,Bank Transfer,Completed,Friday,0,0,0
PAY0000060,INV0000061,SUP00262,DPT009,2024-09-01,4795.95,Bank Transfer,Completed,Sunday,1,0,0
PAY0000061,INV0000062,SUP00026,DPT006,2024-03-06,416.08,Bank Transfer,Failed,Wednesday,0,0,1
PAY0000062,INV0000063,SUP00009,DPT002,2024-06-06,119971.01,Check,Completed,Thursday,0,0,0
PAY0000063,INV0000064,SUP00261,DPT005,2024-07-06,54373.17,Bank Transfer,Completed,Saturday,1,0,0
PAY0000064,INV0000065,SUP00006,DPT003,2024-09-28,72894.58,Bank Transfer,Completed,Saturday,1,0,0
PAY0000065,INV0000066,SUP00318,DPT007,2024-06-22,35255.32,Bank Transfer,Completed,Saturday,1,0,0
PAY0000066,INV0000067,SUP00092,DPT003,2024-02-26,3006.36,Bank Transfer,Completed,Monday,0,0,0
PAY0000067,INV0000068,SUP00271,DPT002,2024-04-28,5556.69,Bank Transfer,Completed,Sunday,1,0,0
PAY0000068,INV0000069,SUP00006,DPT011,2024-05-13,8483.63,Check,Completed,Monday,0,0,0
PAY0000069,INV0000070,SUP00019,DPT011,2024-10-09,9153.23,Bank Transfer,Completed,Wednesday,0,0,0
PAY0000070,INV0000071,SUP00246,DPT004,2024-11-07,1710.26,Bank Transfer,Completed,Thursday,0,0,0
PAY0000071,INV0000072,SUP00224,DPT008,2024-12-02,1613.19,Bank Transfer,Pending,Monday,0,0,1
PAY0000072,INV0000073,SUP00245,DPT012,2024-10-05,1303.09,Bank Transfer,Completed,Saturday,1,0,0
PAY0000073,INV0000075,SUP00095,DPT006,2024-12-18,4210.98,Bank Transfer,Completed,Wednesday,0,0,0
PAY0000074,INV0000076,SUP00019,DPT002,2024-07-23,3592.79,Bank Transfer,Completed,Tuesday,0,0,0
PAY0000075,INV0000077,SUP00012,DPT009,2024-10-24,8088.06,Bank Transfer,Completed,Thursday,0,0,0
PAY0000076,INV0000078,SUP00037,DPT001,2024-06-06,1240.46,Bank Transfer,Completed,Thursday,0,0,0
PAY0000077,INV0000079,SUP00152,DPT009,2024-06-11,2229.01,Check,Completed,Tuesday,0,0,0
PAY0000078,INV0000080,SUP00036,DPT002,2024-09-05,2480.7,Bank Transfer,Completed,Thursday,0,0,0
PAY0000079,INV0000081,SUP00008,DPT004,2024-11-01,15532.51,Bank Transfer,Completed,Friday,0,0,0
PAY0000080,INV0000083,SUP00307,DPT001,2024-06-06,8630.12,Check,Completed,Thursday,0,0,0
PAY0000081,INV0000084,SUP00016,DPT011,2025-01-11,2011.72,Bank Transfer,Completed,Saturday,1,0,0
PAY0000082,INV0000085,SUP00232,DPT002,2024-09-04,6131.43,Bank Transfer,Completed,Wednesday,0,0,0
PAY0000083,INV0000086,SUP00240,DPT004,2024-04-05,2504.6,Bank Transfer,Completed,Friday,0,0,0
PAY0000084,INV0000087,SUP00009,DPT008,2024-09-18,2604.3,Bank Transfer,Completed,Wednesday,0,0,0
PAY0000085,INV0000089,SUP00284,DPT006,2025-01-31,2888.09,Bank Transfer,Completed,Friday,0,0,0
PAY0000086,INV0000090,SUP00167,DPT005,2024-06-22,5320.53,Bank Transfer,Completed,Saturday,1,0,0
PAY0000087,INV0000091,SUP00001,DPT005,2024-05-24,4371.26,Bank Transfer,Pending,Friday,0,0,1
PAY0000088,INV0000092,SUP00087,DPT007,2024-11-15,1550.29,Cash,Completed,Friday,0,1,0
PAY0000089,INV0000094,SUP00095,DPT003,2024-05-06,3165.17,Bank Transfer,Completed,Monday,0,0,0
PAY0000090,INV0000095,SUP00001,DPT002,2024-04-20,3910.52,Bank Transfer,Completed,Saturday,1,0,0
PAY0000091,INV0000096,SUP00004,DPT011,2024-12-06,742.33,Bank Transfer,Completed,Friday,0,0,0
PAY0000092,INV0000097,SUP00203,DPT004,2024-11-24,2622.74,Check,Completed,Sunday,1,0,0
PAY0000093,INV0000098,SUP00028,DPT003,2025-02-12,17407.98,Bank Transfer,Completed,Wednesday,0,0,0
PAY0000094,INV0000099,SUP00296,DPT001,2024-12-22,10048.17,Bank Transfer,Completed,Sunday,1,0,0
PAY0000095,INV0000100,SUP00021,DPT008,2025-01-11,3707.25,Bank Transfer,Completed,Saturday,1,0,0
PAY0000096,INV0000101,SUP00215,DPT005,2024-11-24,1562.97,Bank Transfer,Completed,Sunday,1,0,0
PAY0000097,INV0000102,SUP00002,DPT002,2025-04-11,6729.66,Bank Transfer,Completed,Friday,0,0,0
PAY0000098,INV0000103,SUP00227,DPT010,2024-10-25,18694.2,Bank Transfer,Completed,Friday,0,0,0
PAY0000099,INV0000104,SUP00237,DPT011,2024-07-11,34292.22,Bank Transfer,Completed,Thursday,0,0,0
PAY0000100,INV0000105,SUP00016,DPT010,2024-03-27,3340.26,Check,Completed,Wednesday,0,0,0
PAY0000101,INV0000106,SUP00011,DPT005,2024-09-15,1812.79,Bank Transfer,Completed,Sunday,1,0,0
PAY0000102,INV0000108,SUP00189,DPT002,2025-01-05,9182.7,Bank Transfer,Completed,Sunday,1,0,0
PAY0000103,INV0000109,SUP00083,DPT003,2024-07-09,6025.39,Bank Transfer,Completed,Tuesday,0,0,0
PAY0000104,INV0000111,SUP00269,DPT002,2024-07-04,1342.17,Bank Transfer,Completed,Thursday,0,0,0
PAY0000105,INV0000112,SUP00171,DPT004,2024-08-22,12882.56,Bank Transfer,Completed,Thursday,0,0,0
PAY0000106,INV0000113,SUP00021,DPT005,2024-10-29,16690.21,Bank Transfer,Completed,Tuesday,0,0,0
PAY0000107,INV0000114,SUP00029,DPT008,2024-06-18,4037.25,Bank Transfer,Completed,Tuesday,0,0,0
PAY0000108,INV0000115,SUP00004,DPT001,2024-10-17,42951.87,Bank Transfer,Completed,Thursday,0,0,0
PAY0000109,INV0000116,SUP00209,DPT010,2024-03-20,7860.21,Bank Transfer,Completed,Wednesday,0,0,0
PAY0000110,INV0000117,SUP00227,DPT004,2024-10-01,5123.91,Bank Transfer,Completed,Tuesday,0,0,0
PAY0000111,INV0000118,SUP00015,DPT005,2024-06-19,1572.66,Bank Transfer,Completed,Wednesday,0,0,0
PAY0000112,INV0000119,SUP00011,DPT011,2024-04-18,835.63,Bank Transfer,Completed,Thursday,0,0,0
PAY0000113,INV0000121,SUP00006,DPT010,2024-04-20,9188.6,Bank Transfer,Completed,Saturday,1,0,0
PAY0000114,INV0000122,SUP00290,DPT009,2024-12-31,87354.76,Bank Transfer,Completed,Tuesday,0,0,0
PAY0000115,INV0000123,SUP00178,DPT012,2025-02-25,6464.59,Bank Transfer,Completed,Tuesday,0,0,0
PAY0000116,INV0000124,SUP00023,DPT004,2024-03-25,12048.92,Bank Transfer,Completed,Monday,0,0,0
PAY0000117,INV0000126,SUP00005,DPT001,2024-05-23,7708.87,Bank Transfer,Completed,Thursday,0,0,0
PAY0000118,INV0000127,SUP00149,DPT009,2024-12-07,6410.18,Bank Transfer,Pending,Saturday,1,0,1
PAY0000119,INV0000128,SUP00007,DPT002,2024-02-12,2057.99,Bank Transfer,Completed,Monday,0,0,0
PAY0000120,INV0000129,SUP00015,DPT003,2024-03-11,27779.56,Card,Completed,Monday,0,0,0
PAY0000121,INV0000130,SUP00295,DPT012,2024-04-15,5179.26,Bank Transfer,Completed,Monday,0,0,0
PAY0000122,INV0000131,SUP00073,DPT004,2024-10-26,21622.16,Bank Transfer,Completed,Saturday,1,0,0
PAY0000123,INV0000132,SUP00207,DPT002,2024-11-17,6138.7,Bank Transfer,Failed,Sunday,1,0,1
PAY0000124,INV0000133,SUP00004,DPT008,2024-10-26,4066.02,Bank Transfer,Completed,Saturday,1,0,0
PAY0000125,INV0000135,SUP00259,DPT005,2024-07-25,4038.92,Check,Completed,Thursday,0,0,0
PAY0000126,INV0000136,SUP00209,DPT002,2025-02-26,32768.89,Bank Transfer,Completed,Wednesday,0,0,0
PAY0000127,INV0000137,SUP00157,DPT004,2024-12-17,2131.56,Bank Transfer,Completed,Tuesday,0,0,0
PAY0000128,INV0000138,SUP00077,DPT001,2024-02-25,24830.37,Bank Transfer,Completed,Sunday,1,0,0
PAY0000129,INV0000139,SUP00009,DPT009,2024-04-07,4134.05,Bank Transfer,Completed,Sunday,1,0,0
PAY0000130,INV0000140,SUP00076,DPT003,2024-11-03,12145.04,Bank Transfer,Completed,Sunday,1,0,0
PAY0000131,INV0000141,SUP00002,DPT003,2024-11-13,7478.84,Bank Transfer,Completed,Wednesday,0,0,0
PAY0000132,INV0000142,SUP00007,DPT012,2024-04-17,1277.65,Bank Transfer,Completed,Wednesday,0,0,0
PAY0000133,INV0000143,SUP00036,DPT009,2024-06-07,7288.91,Bank Transfer,Completed,Friday,0,0,0
PAY0000134,INV0000144,SUP00001,DPT005,2024-09-11,71371.99,Bank Transfer,Completed,Wednesday,0,0,0
PAY0000135,INV0000145,SUP00008,DPT011,2024-11-08,8780.71,Check,Completed,Friday,0,0,0
PAY0000136,INV0000146,SUP00005,DPT002,2025-02-28,17116.69,Bank Transfer,Completed,Friday,0,0,0
PAY0000137,INV0000147,SUP00014,DPT005,2024-03-05,8473.39,Bank Transfer,Completed,Tuesday,0,0,0
PAY0000138,INV0000148,SUP00237,DPT011,2024-03-24,15067.47,Bank Transfer,Completed,Sunday,1,0,0
PAY0000139,INV0000149,SUP00289,DPT005,2024-08-14,2581.58,Bank Transfer,Completed,Wednesday,0,0,0
PAY0000140,INV0000150,SUP00006,DPT003,2024-09-16,5158.13,Bank Transfer,Completed,Monday,0,0,0
PAY0000141,INV0000151,SUP00008,DPT009,2025-02-14,16546.78,Bank Transfer,Completed,Friday,0,0,0
PAY0000142,INV0000152,SUP00230,DPT002,2024-11-30,3973.88,Bank Transfer,Completed,Saturday,1,0,0
PAY0000143,INV0000153,SUP00006,DPT002,2024-06-07,20730.17,Bank Transfer,Completed,Friday,0,0,0
PAY0000144,INV0000154,SUP00168,DPT008,2024-04-06,1886.87,Check,Completed,Saturday,1,0,0
PAY0000145,INV0000155,SUP00003,DPT001,2024-03-12,6433.74,Bank Transfer,Completed,Tuesday,0,0,0
PAY0000146,INV0000156,SUP00113,DPT001,2024-10-26,4503.12,Bank Transfer,Completed,Saturday,1,0,0
PAY0000147,INV0000157,SUP00009,DPT003,2024-03-23,123115.39,Bank Transfer,Completed,Saturday,1,0,0
PAY0000148,INV0000158,SUP00173,DPT004,2024-08-22,3834.8,Check,Pending,Thursday,0,0,1
PAY0000149,INV0000159,SUP00037,DPT004,2024-11-02,9699.81,Bank Transfer,Completed,Saturday,1,0,0
PAY0000150,INV0000160,SUP00006,DPT008,2024-12-08,599.58,Bank Transfer,Completed,Sunday,1,0,0
PAY0000151,INV0000161,SUP00020,DPT005,2024-08-18,1586.26,Bank Transfer,Completed,Sunday,1,0,0
PAY0000152,INV0000162,SUP00034,DPT007,2024-08-30,8320.62,Bank Transfer,Completed,Friday,0,0,0
PAY0000153,INV0000163,SUP00318,DPT001,2024-12-01,4341.55,Bank Transfer,Completed,Sunday,1,0,0
PAY0000154,INV0000164,SUP00028,DPT003,2024-09-26,4577.27,Bank Transfer,Failed,Thursday,0,0,1
PAY0000155,INV0000165,SUP00005,DPT012,2024-10-11,4043.81,Bank Transfer,Completed,Friday,0,0,0
PAY0000156,INV0000167,SUP00008,DPT002,2025-01-29,860.2,Bank Transfer,Completed,Wednesday,0,0,0
PAY0000157,INV0000168,SUP00249,DPT012,2024-11-03,5313.35,Bank Transfer,Completed,Sunday,1,0,0
PAY0000158,INV0000169,SUP00223,DPT004,2024-03-06,4771.1,Check,Completed,Wednesday,0,0,0
PAY0000159,INV0000170,SUP00005,DPT004,2024-02-03,20744.51,Bank Transfer,Completed,Saturday,1,0,0
PAY0000160,INV0000171,SUP00078,DPT002,2024-09-24,15308.92,Bank Transfer,Completed,Tuesday,0,0,0
PAY0000161,INV0000172,SUP00141,DPT006,2024-02-24,232.17,Bank Transfer,Completed,Saturday,1,0,0
PAY0000162,INV0000173,SUP00009,DPT002,2025-03-02,2524.22,Bank Transfer,Failed,Sunday,1,0,1
PAY0000163,INV0000175,SUP00026,DPT008,2024-06-20,16803.71,Bank Transfer,Completed,Thursday,0,0,0
PAY0000164,INV0000176,SUP00028,DPT006,2024-06-19,10481.98,Bank Transfer,Completed,Wednesday,0,0,0
PAY0000165,INV0000177,SUP00056,DPT001,2024-10-29,3262.89,Bank Transfer,Completed,Tuesday,0,0,0
PAY0000166,INV0000178,SUP00067,DPT001,2024-06-18,9892.34,Bank Transfer,Completed,Tuesday,0,0,0
PAY0000167,INV0000179,SUP00149,DPT009,2024-04-09,1047.04,Bank Transfer,Completed,Tuesday,0,0,0
PAY0000168,INV0000180,SUP00025,DPT011,2024-06-15,3120.02,Bank Transfer,Completed,Saturday,1,0,0
PAY0000169,INV0000181,SUP00157,DPT002,2024-07-20,8734.45,Check,Completed,Saturday,1,0,0
PAY0000170,INV0000183,SUP00122,DPT006,2024-02-19,7642.22,Bank Transfer,Completed,Monday,0,0,0
PAY0000171,INV0000184,SUP00009,DPT009,2024-11-20,9464.1,Bank Transfer,Completed,Wednesday,0,0,0
PAY0000172,INV0000185,SUP00050,DPT011,2024-04-30,7328.79,Bank Transfer,Completed,Tuesday,0,0,0
PAY0000173,INV0000186,SUP00027,DPT007,2024-05-11,4334.28,Bank Transfer,Completed,Saturday,1,0,0
PAY0000174,INV0000187,SUP00010,DPT002,2024-06-18,28518.42,Bank Transfer,Completed,Tuesday,0,0,0
PAY0000175,INV0000188,SUP00003,DPT008,2024-10-15,49762.83,Bank Transfer,Completed,Tuesday,0,0,0
PAY0000176,INV0000189,SUP00032,DPT010,2024-09-13,5616.42,Bank Transfer,Completed,Friday,0,0,0
PAY0000177,INV0000191,SUP00019,DPT004,2024-12-07,4607.0,Bank Transfer,Completed,Saturday,1,0,0
PAY0000178,INV0000192,SUP00017,DPT002,2024-06-01,6759.5,Bank Transfer,Completed,Saturday,1,0,0
PAY0000179,INV0000193,SUP00104,DPT003,2024-09-22,485.08,Cash,Completed,Sunday,1,1,0
PAY0000180,INV0000194,SUP00313,DPT010,2024-03-06,27253.43,Bank Transfer,Completed,Wednesday,0,0,0
PAY0000181,INV0000195,SUP00237,DPT001,2024-10-18,20296.62,Bank Transfer,Completed,Friday,0,0,0
PAY0000182,INV0000196,SUP00306,DPT008,2025-01-01,2274.83,Bank Transfer,Completed,Wednesday,0,0,0
PAY0000183,INV0000198,SUP00003,DPT003,2024-11-11,3470.58,Bank Transfer,Completed,Monday,0,0,0
PAY0000184,INV0000199,SUP00010,DPT005,2024-02-17,6500.89,Bank Transfer,Completed,Saturday,1,0,0
PAY0000185,INV0000200,SUP00010,DPT001,2025-01-12,14698.64,Bank Transfer,Completed,Sunday,1,0,0
PAY0000186,INV0000201,SUP00003,DPT007,2024-10-08,25839.29,Bank Transfer,Completed,Tuesday,0,0,0
PAY0000187,INV0000202,SUP00230,DPT003,2024-11-14,15329.15,Bank Transfer,Completed,Thursday,0,0,0
PAY0000188,INV0000204,SUP00087,DPT012,2024-11-18,5423.6,Bank Transfer,Completed,Monday,0,0,0
PAY0000189,INV0000205,SUP00256,DPT004,2024-08-18,6817.36,Bank Transfer,Completed,Sunday,1,0,0
PAY0000190,INV0000206,SUP00152,DPT001,2024-11-04,8309.11,Bank Transfer,Completed,Monday,0,0,0
PAY0000191,INV0000207,SUP00024,DPT009,2025-02-13,10277.17,Bank Transfer,Completed,Thursday,0,0,0
PAY0000192,INV0000208,SUP00005,DPT003,2024-08-28,6577.33,Bank Transfer,Completed,Wednesday,0,0,0
PAY0000193,INV0000209,SUP00296,DPT002,2024-05-20,5472.95,Card,Completed,Monday,0,0,0
PAY0000194,INV0000210,SUP00139,DPT010,2024-06-19,17175.33,Bank Transfer,Completed,Wednesday,0,0,0
PAY0000195,INV0000211,SUP00015,DPT002,2024-06-24,5072.76,Bank Transfer,Completed,Monday,0,0,0
PAY0000196,INV0000212,SUP00005,DPT006,2024-01-30,18026.3,Bank Transfer,Completed,Tuesday,0,0,0
PAY0000197,INV0000213,SUP00202,DPT002,2024-09-05,20309.35,Bank Transfer,Completed,Thursday,0,0,0
PAY0000198,INV0000214,SUP00204,DPT007,2024-09-25,31830.99,Bank Transfer,Completed,Wednesday,0,0,0
PAY0000199,INV0000215,SUP00051,DPT006,2024-08-22,7605.39,Bank Transfer,Completed,Thursday,0,0,0
PAY0000200,INV0000216,SUP00320,DPT004,2024-05-14,31618.34,Bank Transfer,Completed,Tuesday,0,0,0
PAY0000201,INV0000217,SUP00018,DPT005,2024-06-24,4264.54,Bank Transfer,Completed,Monday,0,0,0
PAY0000202,INV0000218,SUP00286,DPT002,2025-02-13,8884.16,Bank Transfer,Completed,Thursday,0,0,0
PAY0000203,INV0000219,SUP00102,DPT001,2024-03-26,14535.28,Bank Transfer,Completed,Tuesday,0,0,0
PAY0000204,INV0000220,SUP00165,DPT009,2024-09-14,1872.43,Bank Transfer,Completed,Saturday,1,0,0
PAY0000205,INV0000221,SUP00272,DPT010,2024-11-12,3738.3,Bank Transfer,Completed,Tuesday,0,0,0
PAY0000206,INV0000222,SUP00221,DPT009,2025-03-13,2771.07,Bank Transfer,Completed,Thursday,0,0,0
PAY0000207,INV0000223,SUP00010,DPT007,2024-08-08,5702.94,Bank Transfer,Completed,Thursday,0,0,0
PAY0000208,INV0000224,SUP00242,DPT004,2024-08-21,3234.04,Bank Transfer,Completed,Wednesday,0,0,0
PAY0000209,INV0000225,SUP00049,DPT005,2024-11-15,6991.15,Bank Transfer,Completed,Friday,0,0,0
PAY0000210,INV0000226,SUP00002,DPT007,2024-09-23,5334.24,Bank Transfer,Completed,Monday,0,0,0
PAY0000211,INV0000228,SUP00030,DPT004,2024-04-07,7184.99,Check,Completed,Sunday,1,0,0
PAY0000212,INV0000229,SUP00047,DPT002,2024-05-01,2763.14,Card,Completed,Wednesday,0,0,0
PAY0000213,INV0000230,SUP00021,DPT003,2024-05-31,2190.14,Bank Transfer,Completed,Friday,0,0,0
PAY0000214,INV0000231,SUP00003,DPT008,2024-11-29,4996.16,Bank Transfer,Completed,Friday,0,0,0
PAY0000215,INV0000232,SUP00006,DPT003,2024-09-04,742.52,Bank Transfer,Completed,Wednesday,0,0,0
PAY0000216,INV0000233,SUP00177,DPT008,2024-10-22,2749.4,Bank Transfer,Completed,Tuesday,0,0,0
PAY0000217,INV0000234,SUP00008,DPT012,2024-02-11,11080.59,Bank Transfer,Completed,Sunday,1,0,0
PAY0000218,INV0000235,SUP00101,DPT011,2025-01-02,4807.51,Bank Transfer,Completed,Thursday,0,0,0
PAY0000219,INV0000236,SUP00050,DPT009,2024-11-19,6140.28,Bank Transfer,Completed,Tuesday,0,0,0
PAY0000220,INV0000237,SUP00008,DPT010,2024-04-15,3757.62,Bank Transfer,Completed,Monday,0,0,0
PAY0000221,INV0000238,SUP00010,DPT004,2024-02-12,54421.32,Cash,Completed,Monday,0,1,0
PAY0000222,INV0000239,SUP00018,DPT008,2024-09-29,7113.56,Check,Completed,Sunday,1,0,0
PAY0000223,INV0000240,SUP00250,DPT007,2024-12-30,3068.11,Bank Transfer,Completed,Monday,0,0,0
PAY0000224,INV0000241,SUP00286,DPT012,2024-12-23,1788.55,Check,Completed,Monday,0,0,0
PAY0000225,INV0000242,SUP00019,DPT005,2024-07-02,43233.2,Bank Transfer,Completed,Tuesday,0,0,0
PAY0000226,INV0000243,SUP00002,DPT004,2025-03-12,1156.84,Bank Transfer,Completed,Wednesday,0,0,0
PAY0000227,INV0000244,SUP00085,DPT009,2024-08-10,2472.37,Bank Transfer,Completed,Saturday,1,0,0
PAY0000228,INV0000245,SUP00022,DPT008,2024-08-26,2419.06,Check,Completed,Monday,0,0,0
PAY0000229,INV0000246,SUP00029,DPT001,2025-05-12,5725.03,Bank Transfer,Completed,Monday,0,0,0
PAY0000230,INV0000247,SUP00024,DPT006,2024-05-11,8927.81,Bank Transfer,Completed,Saturday,1,0,0
PAY0000231,INV0000248,SUP00117,DPT006,2024-12-18,6451.35,Bank Transfer,Completed,Wednesday,0,0,0
PAY0000232,INV0000249,SUP00010,DPT006,2024-06-11,4017.1,Bank Transfer,Completed,Tuesday,0,0,0
PAY0000233,INV0000250,SUP00257,DPT011,2024-05-08,1218.26,Bank Transfer,Completed,Wednesday,0,0,0
PAY0000234,INV0000251,SUP00022,DPT006,2024-05-20,50691.82,Bank Transfer,Completed,Monday,0,0,0
PAY0000235,INV0000252,SUP00014,DPT010,2024-06-11,8263.75,Cash,Completed,Tuesday,0,1,0
PAY0000236,INV0000253,SUP00275,DPT003,2024-08-19,11664.84,Bank Transfer,Completed,Monday,0,0,0
PAY0000237,INV0000254,SUP00016,DPT001,2024-03-25,2750.66,Bank Transfer,Pending,Monday,0,0,1
PAY0000238,INV0000255,SUP00003,DPT003,2024-08-31,25410.34,Bank Transfer,Completed,Saturday,1,0,0
PAY0000239,INV0000256,SUP00006,DPT005,2024-10-18,23571.29,Bank Transfer,Completed,Friday,0,0,0
PAY0000240,INV0000257,SUP00152,DPT009,2024-12-28,483.67,Bank Transfer,Completed,Saturday,1,0,0
PAY0000241,INV0000258,SUP00062,DPT006,2024-10-25,14564.1,Bank Transfer,Completed,Friday,0,0,0
PAY0000242,INV0000259,SUP00046,DPT004,2024-10-29,25194.52,Bank Transfer,Completed,Tuesday,0,0,0
PAY0000243,INV0000260,SUP00003,DPT004,2025-01-03,9559.01,Bank Transfer,Completed,Friday,0,0,0
PAY0000244,INV0000261,SUP00006,DPT012,2024-09-21,39540.32,Bank Transfer,Completed,Saturday,1,0,0
PAY0000245,INV0000262,SUP00019,DPT002,2024-05-27,3478.96,Bank Transfer,Completed,Monday,0,0,0
PAY0000246,INV0000263,SUP00025,DPT002,2024-11-01,267.51,Bank Transfer,Completed,Friday,0,0,0
PAY0000247,INV0000265,SUP00030,DPT007,2024-07-21,6057.11,Bank Transfer,Completed,Sunday,1,0,0
PAY0000248,INV0000266,SUP00163,DPT004,2024-05-11,39157.02,Card,Completed,Saturday,1,0,0
PAY0000249,INV0000267,SUP00106,DPT001,2024-12-16,3884.19,Bank Transfer,Completed,Monday,0,0,0
PAY0000250,INV0000268,SUP00091,DPT005,2024-12-21,35506.58,Check,Completed,Saturday,1,0,0
PAY0000251,INV0000269,SUP00060,DPT002,2024-05-25,407.92,Bank Transfer,Completed,Saturday,1,0,0
PAY0000252,INV0000270,SUP00007,DPT001,2025-03-04,3329.52,Check,Completed,Tuesday,0,0,0
PAY0000253,INV0000271,SUP00087,DPT003,2025-01-22,19480.07,Bank Transfer,Completed,Wednesday,0,0,0
PAY0000254,INV0000272,SUP00006,DPT002,2024-07-07,17687.85,Bank Transfer,Completed,Sunday,1,0,0
PAY0000255,INV0000273,SUP00151,DPT004,2024-05-01,19995.39,Bank Transfer,Completed,Wednesday,0,0,0
PAY0000256,INV0000274,SUP00025,DPT008,2024-08-05,2300.97,Check,Completed,Monday,0,0,0
PAY0000257,INV0000275,SUP00074,DPT001,2024-12-22,4979.11,Bank Transfer,Completed,Sunday,1,0,0
PAY0000258,INV0000276,SUP00240,DPT004,2024-12-13,2802.6,Bank Transfer,Completed,Friday,0,0,0
PAY0000259,INV0000277,SUP00017,DPT004,2025-01-12,22496.64,Bank Transfer,Completed,Sunday,1,0,0
PAY0000260,INV0000278,SUP00004,DPT001,2024-07-31,6053.27,Bank Transfer,Completed,Wednesday,0,0,0
PAY0000261,INV0000279,SUP00256,DPT008,2024-07-18,1147.31,Cash,Completed,Thursday,0,1,0
PAY0000262,INV0000280,SUP00016,DPT001,2024-12-22,10160.69,Bank Transfer,Completed,Sunday,1,0,0
PAY0000263,INV0000281,SUP00020,DPT011,2024-08-10,10501.63,Check,Completed,Saturday,1,0,0
PAY0000264,INV0000282,SUP00010,DPT006,2024-10-24,1589.51,Bank Transfer,Completed,Thursday,0,0,0
PAY0000265,INV0000283,SUP00022,DPT003,2024-12-07,2205.0,Card,Completed,Saturday,1,0,0
PAY0000266,INV0000284,SUP00038,DPT011,2024-11-06,2688.79,Bank Transfer,Failed,Wednesday,0,0,1
PAY0000267,INV0000285,SUP00228,DPT004,2024-12-14,29957.04,Check,Completed,Saturday,1,0,0
PAY0000268,INV0000286,SUP00155,DPT002,2024-09-10,5428.64,Bank Transfer,Completed,Tuesday,0,0,0
PAY0000269,INV0000287,SUP00033,DPT003,2024-07-23,467.9,Card,Completed,Tuesday,0,0,0
PAY0000270,INV0000288,SUP00181,DPT006,2024-05-11,1495.12,Bank Transfer,Pending,Saturday,1,0,1
PAY0000271,INV0000289,SUP00231,DPT008,2024-03-12,13706.41,Bank Transfer,Completed,Tuesday,0,0,0
PAY0000272,INV0000290,SUP00002,DPT007,2024-07-15,3736.76,Bank Transfer,Completed,Monday,0,0,0
PAY0000273,INV0000291,SUP00080,DPT011,2025-01-03,1478.75,Bank Transfer,Pending,Friday,0,0,1
PAY0000274,INV0000292,SUP00002,DPT011,2025-02-05,3916.05,Card,Completed,Wednesday,0,0,0
PAY0000275,INV0000293,SUP00011,DPT002,2024-07-30,18153.99,Bank Transfer,Completed,Tuesday,0,0,0
PAY0000276,INV0000294,SUP00180,DPT011,2024-05-03,74269.62,Bank Transfer,Completed,Friday,0,0,0
PAY0000277,INV0000295,SUP00197,DPT001,2024-03-09,5629.56,Bank Transfer,Completed,Saturday,1,0,0
PAY0000278,INV0000297,SUP00029,DPT002,2024-04-22,5476.41,Bank Transfer,Completed,Monday,0,0,0
PAY0000279,INV0000298,SUP00003,DPT002,2025-02-02,7838.8,Bank Transfer,Failed,Sunday,1,0,1
PAY0000280,INV0000299,SUP00005,DPT004,2024-10-18,2106.5,Bank Transfer,Completed,Friday,0,0,0
PAY0000281,INV0000300,SUP00009,DPT002,2024-04-10,31589.86,Bank Transfer,Completed,Wednesday,0,0,0
PAY0000282,INV0000301,SUP00017,DPT009,2024-04-24,3473.67,Bank Transfer,Completed,Wednesday,0,0,0
PAY0000283,INV0000302,SUP00041,DPT001,2024-10-26,1728.78,Bank Transfer,Completed,Saturday,1,0,0
PAY0000284,INV0000303,SUP00112,DPT004,2024-05-23,2506.67,Bank Transfer,Completed,Thursday,0,0,0
PAY0000285,INV0000304,SUP00006,DPT011,2024-10-14,13224.9,Bank Transfer,Completed,Monday,0,0,0
PAY0000286,INV0000305,SUP00007,DPT006,2024-07-14,19857.92,Bank Transfer,Completed,Sunday,1,0,0
PAY0000287,INV0000306,SUP00006,DPT006,2024-02-23,34525.93,Bank Transfer,Completed,Friday,0,0,0
PAY0000288,INV0000307,SUP00176,DPT012,2024-10-14,12536.36,Bank Transfer,Completed,Monday,0,0,0
PAY0000289,INV0000308,SUP00010,DPT001,2024-05-01,16013.13,Bank Transfer,Completed,Wednesday,0,0,0
PAY0000290,INV0000309,SUP00006,DPT003,2024-05-08,3617.61,Bank Transfer,Completed,Wednesday,0,0,0
PAY0000291,INV0000310,SUP00023,DPT001,2024-05-07,2923.29,Bank Transfer,Completed,Tuesday,0,0,0
PAY0000292,INV0000311,SUP00009,DPT002,2025-02-09,6161.15,Bank Transfer,Completed,Sunday,1,0,0
PAY0000293,INV0000312,SUP00017,DPT002,2024-07-07,1561.74,Bank Transfer,Pending,Sunday,1,0,1
PAY0000294,INV0000313,SUP00217,DPT006,2024-04-27,10391.33,Bank Transfer,Completed,Saturday,1,0,0
PAY0000295,INV0000315,SUP00006,DPT007,2025-02-24,2688.87,Check,Completed,Monday,0,0,0
PAY0000296,INV0000316,SUP00008,DPT008,2024-12-04,13508.98,Bank Transfer,Completed,Wednesday,0,0,0
PAY0000297,INV0000317,SUP00002,DPT004,2025-03-18,8154.97,Bank Transfer,Completed,Tuesday,0,0,0
PAY0000298,INV0000318,SUP00262,DPT005,2024-11-27,21727.29,Bank Transfer,Completed,Wednesday,0,0,0
PAY0000299,INV0000319,SUP00142,DPT002,2024-12-16,39749.07,Bank Transfer,Completed,Monday,0,0,0
PAY0000300,INV0000320,SUP00026,DPT008,2024-05-01,14543.77,Bank Transfer,Pending,Wednesday,0,0,1
PAY0000301,INV0000321,SUP00061,DPT004,2024-07-29,5646.5,Bank Transfer,Completed,Monday,0,0,0
PAY0000302,INV0000322,SUP00009,DPT009,2024-09-28,23973.04,Bank Transfer,Completed,Saturday,1,0,0
PAY0000303,INV0000323,SUP00020,DPT005,2024-12-20,6453.97,Bank Transfer,Completed,Friday,0,0,0
PAY0000304,INV0000325,SUP00217,DPT003,2024-02-07,2998.79,Bank Transfer,Completed,Wednesday,0,0,0
PAY0000305,INV0000326,SUP00169,DPT003,2024-06-27,19913.81,Bank Transfer,Completed,Thursday,0,0,0
PAY0000306,INV0000327,SUP00010,DPT004,2024-09-10,19451.88,Bank Transfer,Completed,Tuesday,0,0,0
PAY0000307,INV0000328,SUP00180,DPT006,2025-01-10,1818.35,Bank Transfer,Completed,Friday,0,0,0
PAY0000308,INV0000329,SUP00004,DPT004,2024-09-20,1433.51,Bank Transfer,Completed,Friday,0,0,0
PAY0000309,INV0000330,SUP00007,DPT009,2024-04-15,1478.62,Bank Transfer,Completed,Monday,0,0,0
PAY0000310,INV0000331,SUP00004,DPT001,2024-09-07,19638.5,Bank Transfer,Completed,Saturday,1,0,0
PAY0000311,INV0000332,SUP00008,DPT011,2025-01-25,9555.51,Bank Transfer,Completed,Saturday,1,0,0
PAY0000312,INV0000333,SUP00008,DPT011,2024-07-03,33634.93,Bank Transfer,Completed,Wednesday,0,0,0
PAY0000313,INV0000334,SUP00262,DPT002,2024-04-27,3336.4,Bank Transfer,Completed,Saturday,1,0,0
PAY0000314,INV0000335,SUP00013,DPT001,2024-02-02,1432.61,Bank Transfer,Completed,Friday,0,0,0
PAY0000315,INV0000336,SUP00015,DPT005,2024-08-15,36115.48,Bank Transfer,Completed,Thursday,0,0,0
PAY0000316,INV0000337,SUP00004,DPT001,2024-06-30,2581.99,Bank Transfer,Completed,Sunday,1,0,0
PAY0000317,INV0000338,SUP00003,DPT002,2025-01-21,12896.39,Bank Transfer,Completed,Tuesday,0,0,0
PAY0000318,INV0000339,SUP00008,DPT004,2024-06-28,1291.55,Bank Transfer,Completed,Friday,0,0,0
PAY0000319,INV0000340,SUP00005,DPT006,2024-10-17,7250.08,Bank Transfer,Completed,Thursday,0,0,0
PAY0000320,INV0000341,SUP00014,DPT002,2024-11-07,5000.09,Bank Transfer,Completed,Thursday,0,0,0
PAY0000321,INV0000342,SUP00007,DPT011,2024-11-15,1166.0,Bank Transfer,Completed,Friday,0,0,0
PAY0000322,INV0000343,SUP00006,DPT002,2024-07-10,52135.51,Bank Transfer,Completed,Wednesday,0,0,0
PAY0000323,INV0000344,SUP00113,DPT002,2024-03-16,2146.72,Bank Transfer,Completed,Saturday,1,0,0
PAY0000324,INV0000345,SUP00286,DPT002,2024-04-27,2085.85,Bank Transfer,Pending,Saturday,1,0,1
PAY0000325,INV0000346,SUP00001,DPT011,2024-09-20,2834.42,Bank Transfer,Completed,Friday,0,0,0
PAY0000326,INV0000347,SUP00147,DPT010,2024-05-06,487.83,Bank Transfer,Completed,Monday,0,0,0
PAY0000327,INV0000348,SUP00119,DPT001,2024-05-06,4078.45,Bank Transfer,Completed,Monday,0,0,0
PAY0000328,INV0000349,SUP00076,DPT008,2024-02-16,2856.2,Bank Transfer,Completed,Friday,0,0,0
PAY0000329,INV0000350,SUP00139,DPT001,2024-08-15,19031.88,Bank Transfer,Completed,Thursday,0,0,0
PAY0000330,INV0000352,SUP00277,DPT001,2024-09-07,1412.87,Card,Completed,Saturday,1,0,0
PAY0000331,INV0000353,SUP00006,DPT009,2024-11-27,2860.28,Bank Transfer,Completed,Wednesday,0,0,0
PAY0000332,INV0000354,SUP00027,DPT004,2024-09-01,72774.96,Bank Transfer,Pending,Sunday,1,0,1
PAY0000333,INV0000355,SUP00116,DPT005,2024-11-09,2093.84,Bank Transfer,Completed,Saturday,1,0,0
PAY0000334,INV0000356,SUP00267,DPT001,2024-12-08,15314.84,Bank Transfer,Completed,Sunday,1,0,0
PAY0000335,INV0000357,SUP00028,DPT011,2025-03-14,2761.87,Card,Completed,Friday,0,0,0
PAY0000336,INV0000358,SUP00307,DPT012,2024-04-27,1898.19,Bank Transfer,Completed,Saturday,1,0,0
PAY0000337,INV0000359,SUP00118,DPT002,2024-04-20,3208.67,Bank Transfer,Completed,Saturday,1,0,0
PAY0000338,INV0000361,SUP00213,DPT007,2024-10-24,1111.89,Bank Transfer,Completed,Thursday,0,0,0
PAY0000339,INV0000362,SUP00164,DPT012,2024-06-07,13160.68,Bank Transfer,Completed,Friday,0,0,0
PAY0000340,INV0000363,SUP00039,DPT004,2024-10-19,24538.94,Bank Transfer,Completed,Saturday,1,0,0
PAY0000341,INV0000364,SUP00186,DPT002,2024-10-19,3218.86,Bank Transfer,Completed,Saturday,1,0,0
PAY0000342,INV0000365,SUP00002,DPT003,2024-11-17,9788.56,Bank Transfer,Completed,Sunday,1,0,0
PAY0000343,INV0000366,SUP00281,DPT006,2024-12-25,16084.95,Bank Transfer,Pending,Wednesday,0,0,1
PAY0000344,INV0000367,SUP00216,DPT004,2024-04-16,2377.3,Bank Transfer,Completed,Tuesday,0,0,0
PAY0000345,INV0000368,SUP00107,DPT001,2024-09-08,2019.0,Bank Transfer,Completed,Sunday,1,0,0
PAY0000346,INV0000369,SUP00003,DPT009,2024-07-18,5012.73,Check,Completed,Thursday,0,0,0
PAY0000347,INV0000370,SUP00010,DPT010,2024-10-08,6678.5,Bank Transfer,Pending,Tuesday,0,0,1
PAY0000348,INV0000371,SUP00009,DPT004,2024-11-17,3833.52,Cash,Pending,Sunday,1,1,1
PAY0000349,INV0000372,SUP00009,DPT005,2024-11-16,11362.35,Bank Transfer,Completed,Saturday,1,0,0
PAY0000350,INV0000373,SUP00127,DPT004,2024-04-23,2595.99,Bank Transfer,Completed,Tuesday,0,0,0
PAY0000351,INV0000374,SUP00247,DPT005,2024-10-22,2152.79,Bank Transfer,Completed,Tuesday,0,0,0
PAY0000352,INV0000375,SUP00133,DPT001,2024-05-14,6045.15,Bank Transfer,Completed,Tuesday,0,0,0
PAY0000353,INV0000376,SUP00019,DPT004,2025-01-20,7854.53,Bank Transfer,Completed,Monday,0,0,0
PAY0000354,INV0000377,SUP00302,DPT004,2024-02-21,27756.66,Check,Completed,Wednesday,0,0,0
PAY0000355,INV0000378,SUP00239,DPT012,2024-02-06,10157.74,Bank Transfer,Completed,Tuesday,0,0,0
PAY0000356,INV0000379,SUP00135,DPT001,2024-12-03,4858.3,Bank Transfer,Completed,Tuesday,0,0,0
PAY0000357,INV0000380,SUP00020,DPT003,2024-07-31,4114.84,Bank Transfer,Completed,Wednesday,0,0,0
PAY0000358,INV0000382,SUP00021,DPT009,2024-11-09,2893.31,Bank Transfer,Completed,Saturday,1,0,0
PAY0000359,INV0000383,SUP00006,DPT004,2024-04-04,7433.46,Bank Transfer,Completed,Thursday,0,0,0
PAY0000360,INV0000384,SUP00096,DPT003,2024-07-26,7094.89,Bank Transfer,Completed,Friday,0,0,0
PAY0000361,INV0000386,SUP00015,DPT003,2024-06-12,4740.52,Bank Transfer,Completed,Wednesday,0,0,0
PAY0000362,INV0000387,SUP00279,DPT005,2024-03-06,5785.12,Bank Transfer,Failed,Wednesday,0,0,1
PAY0000363,INV0000388,SUP00235,DPT007,2024-06-09,20048.05,Bank Transfer,Completed,Sunday,1,0,0
PAY0000364,INV0000389,SUP00074,DPT005,2024-08-04,8258.96,Bank Transfer,Completed,Sunday,1,0,0
PAY0000365,INV0000390,SUP00002,DPT006,2025-01-03,19748.33,Bank Transfer,Completed,Friday,0,0,0
PAY0000366,INV0000391,SUP00001,DPT001,2024-05-12,10653.59,Bank Transfer,Failed,Sunday,1,0,1
PAY0000367,INV0000392,SUP00108,DPT006,2025-03-26,5011.12,Check,Completed,Wednesday,0,0,0
PAY0000368,INV0000393,SUP00211,DPT012,2024-04-10,11301.83,Bank Transfer,Completed,Wednesday,0,0,0
PAY0000369,INV0000394,SUP00030,DPT004,2024-09-19,6297.1,Check,Completed,Thursday,0,0,0
PAY0000370,INV0000395,SUP00001,DPT009,2024-06-17,1428.86,Bank Transfer,Completed,Monday,0,0,0
PAY0000371,INV0000396,SUP00005,DPT005,2025-01-11,3126.72,Bank Transfer,Completed,Saturday,1,0,0
PAY0000372,INV0000397,SUP00007,DPT007,2024-10-13,60200.51,Bank Transfer,Completed,Sunday,1,0,0
PAY0000373,INV0000398,SUP00101,DPT003,2024-09-03,23023.31,Bank Transfer,Completed,Tuesday,0,0,0
PAY0000374,INV0000399,SUP00028,DPT012,2024-03-02,4253.57,Bank Transfer,Completed,Saturday,1,0,0
PAY0000375,INV0000400,SUP00004,DPT002,2024-12-28,13046.3,Cash,Completed,Saturday,1,1,0
PAY0000376,INV0000401,SUP00030,DPT002,2025-04-26,7744.51,Bank Transfer,Completed,Saturday,1,0,0
PAY0000377,INV0000402,SUP00244,DPT001,2024-04-19,24521.12,Bank Transfer,Completed,Friday,0,0,0
PAY0000378,INV0000403,SUP00024,DPT005,2024-10-04,5223.62,Bank Transfer,Completed,Friday,0,0,0
PAY0000379,INV0000404,SUP00005,DPT006,2025-01-08,7912.17,Card,Completed,Wednesday,0,0,0
PAY0000380,INV0000407,SUP00004,DPT006,2024-11-26,254.58,Bank Transfer,Completed,Tuesday,0,0,0
PAY0000381,INV0000408,SUP00006,DPT002,2025-02-12,8034.01,Check,Completed,Wednesday,0,0,0
PAY0000382,INV0000409,SUP00065,DPT008,2024-05-27,18849.45,Bank Transfer,Completed,Monday,0,0,0
PAY0000383,INV0000410,SUP00014,DPT003,2025-01-08,41818.36,Bank Transfer,Completed,Wednesday,0,0,0
PAY0000384,INV0000411,SUP00259,DPT004,2024-04-18,10261.33,Bank Transfer,Completed,Thursday,0,0,0
PAY0000385,INV0000412,SUP00151,DPT003,2024-11-27,3918.3,Bank Transfer,Completed,Wednesday,0,0,0
PAY0000386,INV0000413,SUP00005,DPT003,2024-09-24,2370.67,Bank Transfer,Completed,Tuesday,0,0,0
PAY0000387,INV0000414,SUP00244,DPT008,2024-06-01,3420.38,Bank Transfer,Completed,Saturday,1,0,0
PAY0000388,INV0000415,SUP00109,DPT012,2024-11-23,952.43,Bank Transfer,Completed,Saturday,1,0,0
PAY0000389,INV0000416,SUP00029,DPT005,2025-04-04,4544.44,Bank Transfer,Completed,Friday,0,0,0
PAY0000390,INV0000418,SUP00114,DPT003,2024-06-07,3038.58,Bank Transfer,Pending,Friday,0,0,1
PAY0000391,INV0000419,SUP00261,DPT006,2025-01-03,4788.96,Bank Transfer,Completed,Friday,0,0,0
PAY0000392,INV0000420,SUP00002,DPT004,2025-02-06,8840.22,Bank Transfer,Completed,Thursday,0,0,0
PAY0000393,INV0000421,SUP00017,DPT009,2025-03-16,901.86,Check,Completed,Sunday,1,0,0
PAY0000394,INV0000422,SUP00283,DPT006,2024-08-22,3978.14,Bank Transfer,Completed,Thursday,0,0,0
PAY0000395,INV0000423,SUP00018,DPT004,2024-12-09,13233.12,Check,Completed,Monday,0,0,0
PAY0000396,INV0000424,SUP00002,DPT011,2024-07-30,29747.94,Bank Transfer,Completed,Tuesday,0,0,0
PAY0000397,INV0000426,SUP00138,DPT007,2024-06-02,76075.65,Bank Transfer,Completed,Sunday,1,0,0
PAY0000398,INV0000427,SUP00144,DPT004,2024-06-30,13303.78,Check,Completed,Sunday,1,0,0
PAY0000399,INV0000428,SUP00004,DPT001,2024-05-20,6543.21,Bank Transfer,Completed,Monday,0,0,0
PAY0000400,INV0000429,SUP00008,DPT001,2024-09-05,25046.54,Bank Transfer,Completed,Thursday,0,0,0
PAY0000401,INV0000430,SUP00063,DPT006,2024-10-29,3375.92,Bank Transfer,Completed,Tuesday,0,0,0
PAY0000402,INV0000432,SUP00006,DPT010,2024-11-09,17644.59,Bank Transfer,Completed,Saturday,1,0,0
PAY0000403,INV0000433,SUP00025,DPT003,2024-04-02,11282.45,Bank Transfer,Completed,Tuesday,0,0,0
PAY0000404,INV0000434,SUP00062,DPT003,2024-07-22,20223.51,Bank Transfer,Completed,Monday,0,0,0
PAY0000405,INV0000435,SUP00002,DPT007,2024-12-26,19901.65,Bank Transfer,Pending,Thursday,0,0,1
PAY0000406,INV0000436,SUP00008,DPT002,2024-08-04,61273.83,Bank Transfer,Failed,Sunday,1,0,1
PAY0000407,INV0000437,SUP00273,DPT001,2024-04-12,25188.41,Bank Transfer,Completed,Friday,0,0,0
PAY0000408,INV0000439,SUP00012,DPT005,2024-07-30,4374.46,Bank Transfer,Completed,Tuesday,0,0,0
PAY0000409,INV0000440,SUP00243,DPT004,2024-09-14,23031.66,Bank Transfer,Completed,Saturday,1,0,0
PAY0000410,INV0000442,SUP00310,DPT007,2024-12-08,23620.73,Bank Transfer,Completed,Sunday,1,0,0
PAY0000411,INV0000443,SUP00301,DPT009,2024-04-13,8349.17,Bank Transfer,Completed,Saturday,1,0,0
PAY0000412,INV0000444,SUP00094,DPT003,2024-09-13,5748.98,Bank Transfer,Completed,Friday,0,0,0
PAY0000413,INV0000445,SUP00027,DPT009,2024-10-30,13172.23,Bank Transfer,Completed,Wednesday,0,0,0
PAY0000414,INV0000447,SUP00043,DPT004,2025-01-24,9295.0,Bank Transfer,Completed,Friday,0,0,0
PAY0000415,INV0000448,SUP00020,DPT003,2024-11-09,12647.05,Bank Transfer,Completed,Saturday,1,0,0
PAY0000416,INV0000449,SUP00111,DPT004,2025-01-24,9886.87,Bank Transfer,Completed,Friday,0,0,0
PAY0000417,INV0000450,SUP00003,DPT001,2025-03-22,18754.16,Bank Transfer,Completed,Saturday,1,0,0
PAY0000418,INV0000451,SUP00223,DPT002,2024-05-25,6345.01,Bank Transfer,Completed,Saturday,1,0,0
PAY0000419,INV0000452,SUP00301,DPT003,2025-02-10,7472.04,Bank Transfer,Completed,Monday,0,0,0
PAY0000420,INV0000453,SUP00007,DPT003,2025-01-15,1904.0,Bank Transfer,Completed,Wednesday,0,0,0
PAY0000421,INV0000454,SUP00104,DPT003,2024-04-11,18556.35,Bank Transfer,Completed,Thursday,0,0,0
PAY0000422,INV0000455,SUP00204,DPT004,2024-11-02,43667.56,Bank Transfer,Completed,Saturday,1,0,0
PAY0000423,INV0000456,SUP00058,DPT002,2024-11-26,25147.41,Bank Transfer,Completed,Tuesday,0,0,0
PAY0000424,INV0000457,SUP00282,DPT006,2024-04-17,12296.0,Card,Completed,Wednesday,0,0,0
PAY0000425,INV0000458,SUP00033,DPT003,2024-02-22,4998.83,Bank Transfer,Completed,Thursday,0,0,0
PAY0000426,INV0000459,SUP00009,DPT001,2024-05-23,4989.27,Bank Transfer,Completed,Thursday,0,0,0
PAY0000427,INV0000460,SUP00027,DPT002,2024-04-06,12373.43,Card,Pending,Saturday,1,0,1
PAY0000428,INV0000461,SUP00028,DPT005,2024-05-17,5805.65,Bank Transfer,Completed,Friday,0,0,0
PAY0000429,INV0000462,SUP00009,DPT006,2024-05-27,9620.62,Bank Transfer,Completed,Monday,0,0,0
PAY0000430,INV0000463,SUP00195,DPT009,2024-06-27,3974.72,Bank Transfer,Completed,Thursday,0,0,0
PAY0000431,INV0000464,SUP00095,DPT002,2024-06-24,33748.14,Bank Transfer,Completed,Monday,0,0,0
PAY0000432,INV0000465,SUP00017,DPT005,2025-03-14,4599.82,Bank Transfer,Completed,Friday,0,0,0
PAY0000433,INV0000466,SUP00022,DPT004,2024-11-12,2492.01,Card,Completed,Tuesday,0,0,0
PAY0000434,INV0000467,SUP00017,DPT009,2024-05-15,8947.55,Bank Transfer,Completed,Wednesday,0,0,0
PAY0000435,INV0000468,SUP00025,DPT008,2025-02-13,2305.09,Bank Transfer,Completed,Thursday,0,0,0
PAY0000436,INV0000469,SUP00042,DPT002,2025-01-12,7925.83,Card,Completed,Sunday,1,0,0
PAY0000437,INV0000470,SUP00013,DPT011,2024-06-28,39825.01,Bank Transfer,Completed,Friday,0,0,0
PAY0000438,INV0000471,SUP00213,DPT003,2024-07-09,5705.5,Bank Transfer,Completed,Tuesday,0,0,0
PAY0000439,INV0000472,SUP00278,DPT011,2024-08-22,1267.13,Bank Transfer,Completed,Thursday,0,0,0
PAY0000440,INV0000476,SUP00007,DPT001,2025-01-17,13945.96,Bank Transfer,Completed,Friday,0,0,0
PAY0000441,INV0000477,SUP00007,DPT007,2024-12-05,2923.4,Bank Transfer,Completed,Thursday,0,0,0
PAY0000442,INV0000478,SUP00003,DPT001,2024-05-14,3597.35,Check,Completed,Tuesday,0,0,0
PAY0000443,INV0000479,SUP00024,DPT002,2024-12-27,12424.95,Bank Transfer,Completed,Friday,0,0,0
PAY0000444,INV0000480,SUP00013,DPT003,2024-04-20,37581.63,Bank Transfer,Completed,Saturday,1,0,0
PAY0000445,INV0000481,SUP00061,DPT012,2024-04-05,3829.97,Check,Completed,Friday,0,0,0
PAY0000446,INV0000482,SUP00025,DPT012,2025-02-09,6245.28,Cash,Completed,Sunday,1,1,0
PAY0000447,INV0000483,SUP00007,DPT004,2024-12-10,20777.43,Bank Transfer,Completed,Tuesday,0,0,0
PAY0000448,INV0000484,SUP00019,DPT005,2024-05-04,7175.0,Bank Transfer,Completed,Saturday,1,0,0
PAY0000449,INV0000485,SUP00001,DPT002,2024-11-18,12534.71,Bank Transfer,Completed,Monday,0,0,0
PAY0000450,INV0000486,SUP00048,DPT004,2024-04-13,5080.56,Bank Transfer,Completed,Saturday,1,0,0
PAY0000451,INV0000487,SUP00009,DPT012,2024-05-02,5969.84,Bank Transfer,Completed,Thursday,0,0,0
PAY0000452,INV0000488,SUP00004,DPT009,2025-03-14,2937.86,Bank Transfer,Completed,Friday,0,0,0
PAY0000453,INV0000489,SUP00003,DPT007,2024-10-08,873.83,Bank Transfer,Completed,Tuesday,0,0,0
PAY0000454,INV0000490,SUP00152,DPT003,2024-03-07,2132.21,Bank Transfer,Completed,Thursday,0,0,0
PAY0000455,INV0000491,SUP00009,DPT008,2025-01-20,10447.82,Bank Transfer,Completed,Monday,0,0,0
PAY0000456,INV0000492,SUP00119,DPT012,2024-02-07,11537.12,Bank Transfer,Completed,Wednesday,0,0,0
PAY0000457,INV0000493,SUP00212,DPT012,2025-01-22,14582.35,Bank Transfer,Completed,Wednesday,0,0,0
PAY0000458,INV0000494,SUP00030,DPT006,2024-07-31,10688.4,Bank Transfer,Completed,Wednesday,0,0,0
PAY0000459,INV0000495,SUP00005,DPT002,2024-04-20,4667.71,Bank Transfer,Completed,Saturday,1,0,0
PAY0000460,INV0000496,SUP00093,DPT012,2024-06-01,705.92,Cash,Completed,Saturday,1,1,0
PAY0000461,INV0000497,SUP00003,DPT005,2024-03-25,1620.34,Cash,Completed,Monday,0,1,0
PAY0000462,INV0000498,SUP00213,DPT001,2024-12-23,21873.09,Bank Transfer,Completed,Monday,0,0,0
PAY0000463,INV0000499,SUP00180,DPT001,2025-01-22,2230.91,Check,Completed,Wednesday,0,0,0
PAY0000464,INV0000500,SUP00020,DPT005,2024-11-02,5465.2,Bank Transfer,Completed,Saturday,1,0,0
PAY0000465,INV0000501,SUP00009,DPT009,2024-05-13,6368.76,Bank Transfer,Completed,Monday,0,0,0
PAY0000466,INV0000502,SUP00149,DPT011,2024-08-07,1242.07,Bank Transfer,Pending,Wednesday,0,0,1
PAY0000467,INV0000503,SUP00065,DPT011,2024-11-29,8868.24,Bank Transfer,Completed,Friday,0,0,0
PAY0000468,INV0000504,SUP00005,DPT005,2024-02-22,34493.64,Bank Transfer,Completed,Thursday,0,0,0
PAY0000469,INV0000505,SUP00178,DPT012,2024-09-16,5875.35,Bank Transfer,Pending,Monday,0,0,1
PAY0000470,INV0000506,SUP00013,DPT002,2024-05-07,4416.94,Bank Transfer,Completed,Tuesday,0,0,0
PAY0000471,INV0000507,SUP00258,DPT001,2024-11-16,1557.06,Bank Transfer,Completed,Saturday,1,0,0
PAY0000472,INV0000508,SUP00220,DPT001,2024-12-18,4312.03,Bank Transfer,Completed,Wednesday,0,0,0
PAY0000473,INV0000509,SUP00010,DPT009,2024-04-28,11109.17,Bank Transfer,Completed,Sunday,1,0,0
PAY0000474,INV0000510,SUP00009,DPT011,2024-04-17,5881.97,Bank Transfer,Completed,Wednesday,0,0,0
PAY0000475,INV0000511,SUP00020,DPT009,2024-06-13,3614.92,Bank Transfer,Completed,Thursday,0,0,0
PAY0000476,INV0000512,SUP00205,DPT011,2024-06-08,18863.38,Bank Transfer,Completed,Saturday,1,0,0
PAY0000477,INV0000514,SUP00012,DPT008,2024-03-23,3679.8,Bank Transfer,Completed,Saturday,1,0,0
PAY0000478,INV0000515,SUP00119,DPT003,2024-06-14,7056.07,Bank Transfer,Completed,Friday,0,0,0
PAY0000479,INV0000516,SUP00002,DPT008,2025-01-08,27247.82,Cash,Completed,Wednesday,0,1,0
PAY0000480,INV0000517,SUP00002,DPT008,2024-09-13,5047.69,Bank Transfer,Completed,Friday,0,0,0
PAY0000481,INV0000519,SUP00039,DPT001,2024-08-22,10926.26,Bank Transfer,Completed,Thursday,0,0,0
PAY0000482,INV0000521,SUP00009,DPT010,2024-07-11,11289.3,Bank Transfer,Completed,Thursday,0,0,0
PAY0000483,INV0000522,SUP00044,DPT005,2024-05-31,573.43,Bank Transfer,Completed,Friday,0,0,0
PAY0000484,INV0000523,SUP00052,DPT004,2024-09-20,6380.16,Bank Transfer,Completed,Friday,0,0,0
PAY0000485,INV0000524,SUP00021,DPT011,2024-12-09,4591.4,Card,Completed,Monday,0,0,0
PAY0000486,INV0000525,SUP00300,DPT003,2024-08-26,2030.52,Bank Transfer,Completed,Monday,0,0,0
PAY0000487,INV0000526,SUP00002,DPT003,2024-05-22,1491.01,Cash,Completed,Wednesday,0,1,0
PAY0000488,INV0000527,SUP00021,DPT009,2024-11-18,10171.67,Bank Transfer,Completed,Monday,0,0,0
PAY0000489,INV0000528,SUP00236,DPT003,2024-06-16,1804.86,Bank Transfer,Completed,Sunday,1,0,0
PAY0000490,INV0000530,SUP00282,DPT008,2024-06-21,1573.84,Bank Transfer,Completed,Friday,0,0,0
PAY0000491,INV0000531,SUP00022,DPT004,2024-09-04,15076.82,Bank Transfer,Completed,Wednesday,0,0,0
PAY0000492,INV0000532,SUP00006,DPT003,2024-08-01,6262.5,Bank Transfer,Completed,Thursday,0,0,0
PAY0000493,INV0000533,SUP00004,DPT001,2025-01-04,1486.52,Bank Transfer,Completed,Saturday,1,0,0
PAY0000494,INV0000534,SUP00013,DPT010,2024-05-30,24838.78,Bank Transfer,Completed,Thursday,0,0,0
PAY0000495,INV0000535,SUP00273,DPT005,2025-03-08,1928.24,Bank Transfer,Completed,Saturday,1,0,0
PAY0000496,INV0000536,SUP00285,DPT010,2025-01-11,49957.27,Card,Completed,Saturday,1,0,0
PAY0000497,INV0000537,SUP00063,DPT006,2024-01-26,9118.32,Bank Transfer,Completed,Friday,0,0,0
PAY0000498,INV0000539,SUP00025,DPT003,2024-06-09,6914.46,Check,Completed,Sunday,1,0,0
PAY0000499,INV0000540,SUP00022,DPT004,2024-04-20,11706.62,Bank Transfer,Completed,Saturday,1,0,0
PAY0000500,INV0000541,SUP00008,DPT008,2024-09-04,6373.28,Bank Transfer,Completed,Wednesday,0,0,0
PAY0000501,INV0000542,SUP00003,DPT005,2024-10-15,7044.37,Bank Transfer,Completed,Tuesday,0,0,0
PAY0000502,INV0000543,SUP00018,DPT006,2024-04-06,535.31,Bank Transfer,Completed,Saturday,1,0,0
PAY0000503,INV0000544,SUP00017,DPT008,2025-02-11,3233.92,Check,Completed,Tuesday,0,0,0
PAY0000504,INV0000545,SUP00146,DPT003,2024-03-28,5054.6,Bank Transfer,Completed,Thursday,0,0,0
PAY0000505,INV0000546,SUP00019,DPT010,2024-09-10,5004.42,Bank Transfer,Completed,Tuesday,0,0,0
PAY0000506,INV0000547,SUP00001,DPT004,2025-03-11,3861.11,Bank Transfer,Completed,Tuesday,0,0,0
PAY0000507,INV0000548,SUP00001,DPT007,2024-06-17,2731.02,Bank Transfer,Completed,Monday,0,0,0
PAY0000508,INV0000549,SUP00136,DPT002,2024-08-05,11897.09,Bank Transfer,Completed,Monday,0,0,0
PAY0000509,INV0000551,SUP00006,DPT008,2024-05-21,5438.52,Bank Transfer,Completed,Tuesday,0,0,0
PAY0000510,INV0000552,SUP00242,DPT003,2024-08-12,620.1,Bank Transfer,Failed,Monday,0,0,1
PAY0000511,INV0000553,SUP00121,DPT010,2024-03-21,2606.48,Bank Transfer,Completed,Thursday,0,0,0
PAY0000512,INV0000554,SUP00006,DPT007,2024-11-22,3448.64,Check,Completed,Friday,0,0,0
PAY0000513,INV0000555,SUP00010,DPT007,2025-01-01,32106.81,Bank Transfer,Completed,Wednesday,0,0,0
PAY0000514,INV0000556,SUP00305,DPT003,2024-07-30,5104.62,Bank Transfer,Completed,Tuesday,0,0,0
PAY0000515,INV0000557,SUP00021,DPT011,2025-01-09,2150.17,Bank Transfer,Completed,Thursday,0,0,0
PAY0000516,INV0000558,SUP00008,DPT011,2024-09-20,5075.75,Bank Transfer,Completed,Friday,0,0,0
PAY0000517,INV0000559,SUP00040,DPT002,2024-12-20,31273.86,Check,Completed,Friday,0,0,0
PAY0000518,INV0000560,SUP00007,DPT005,2025-01-02,569.94,Bank Transfer,Failed,Thursday,0,0,1
PAY0000519,INV0000561,SUP00198,DPT011,2024-09-18,14776.51,Bank Transfer,Completed,Wednesday,0,0,0
PAY0000520,INV0000563,SUP00203,DPT003,2024-11-08,5323.77,Bank Transfer,Completed,Friday,0,0,0
PAY0000521,INV0000564,SUP00095,DPT011,2024-11-22,4262.57,Bank Transfer,Completed,Friday,0,0,0
PAY0000522,INV0000565,SUP00140,DPT004,2024-06-12,30845.97,Bank Transfer,Completed,Wednesday,0,0,0
PAY0000523,INV0000566,SUP00012,DPT011,2024-10-07,13801.62,Bank Transfer,Completed,Monday,0,0,0
PAY0000524,INV0000567,SUP00249,DPT003,2025-01-21,1825.82,Bank Transfer,Completed,Tuesday,0,0,0
PAY0000525,INV0000568,SUP00005,DPT005,2024-06-13,6128.03,Bank Transfer,Completed,Thursday,0,0,0
PAY0000526,INV0000569,SUP00009,DPT004,2024-05-22,24459.09,Bank Transfer,Pending,Wednesday,0,0,1
PAY0000527,INV0000570,SUP00316,DPT004,2024-10-28,11075.23,Bank Transfer,Completed,Monday,0,0,0
PAY0000528,INV0000571,SUP00297,DPT011,2024-06-20,8331.62,Bank Transfer,Completed,Thursday,0,0,0
PAY0000529,INV0000572,SUP00030,DPT007,2024-10-27,1348.27,Bank Transfer,Completed,Sunday,1,0,0
PAY0000530,INV0000573,SUP00030,DPT011,2024-06-13,85603.15,Check,Completed,Thursday,0,0,0
PAY0000531,INV0000574,SUP00004,DPT003,2024-11-09,13581.33,Bank Transfer,Completed,Saturday,1,0,0
PAY0000532,INV0000575,SUP00120,DPT012,2024-04-26,47130.5,Bank Transfer,Completed,Friday,0,0,0
PAY0000533,INV0000576,SUP00002,DPT007,2024-08-24,8697.82,Bank Transfer,Completed,Saturday,1,0,0
PAY0000534,INV0000577,SUP00011,DPT002,2024-09-14,5931.53,Bank Transfer,Completed,Saturday,1,0,0
PAY0000535,INV0000578,SUP00022,DPT004,2024-09-15,2809.96,Bank Transfer,Completed,Sunday,1,0,0
PAY0000536,INV0000579,SUP00258,DPT002,2024-12-01,18160.92,Bank Transfer,Completed,Sunday,1,0,0
PAY0000537,INV0000580,SUP00302,DPT002,2024-07-06,33017.87,Bank Transfer,Completed,Saturday,1,0,0
PAY0000538,INV0000583,SUP00010,DPT001,2024-10-26,7200.81,Bank Transfer,Completed,Saturday,1,0,0
PAY0000539,INV0000584,SUP00002,DPT002,2024-08-01,2951.27,Bank Transfer,Completed,Thursday,0,0,0
PAY0000540,INV0000585,SUP00022,DPT003,2024-08-17,8157.35,Bank Transfer,Completed,Saturday,1,0,0
PAY0000541,INV0000586,SUP00010,DPT009,2024-12-14,15218.52,Bank Transfer,Completed,Saturday,1,0,0
PAY0000542,INV0000587,SUP00117,DPT006,2025-01-10,4466.26,Bank Transfer,Completed,Friday,0,0,0
PAY0000543,INV0000588,SUP00017,DPT005,2024-05-27,5647.14,Bank Transfer,Completed,Monday,0,0,0
PAY0000544,INV0000589,SUP00256,DPT006,2024-06-21,7561.76,Card,Completed,Friday,0,0,0
PAY0000545,INV0000591,SUP00018,DPT003,2024-03-03,6887.66,Bank Transfer,Pending,Sunday,1,0,1
PAY0000546,INV0000593,SUP00079,DPT006,2025-02-13,12469.62,Bank Transfer,Completed,Thursday,0,0,0
PAY0000547,INV0000594,SUP00009,DPT012,2024-11-29,14424.32,Bank Transfer,Completed,Friday,0,0,0
PAY0000548,INV0000595,SUP00130,DPT007,2024-07-19,3370.78,Check,Completed,Friday,0,0,0
PAY0000549,INV0000597,SUP00004,DPT010,2024-07-22,1821.85,Bank Transfer,Completed,Monday,0,0,0
PAY0000550,INV0000598,SUP00026,DPT002,2024-06-30,9948.56,Bank Transfer,Completed,Sunday,1,0,0
PAY0000551,INV0000599,SUP00273,DPT007,2024-10-11,2542.8,Bank Transfer,Completed,Friday,0,0,0
PAY0000552,INV0000600,SUP00007,DPT010,2024-03-16,8283.17,Bank Transfer,Completed,Saturday,1,0,0
PAY0000553,INV0000601,SUP00021,DPT001,2024-11-20,5734.82,Bank Transfer,Completed,Wednesday,0,0,0
PAY0000554,INV0000603,SUP00047,DPT003,2024-10-26,10808.23,Bank Transfer,Completed,Saturday,1,0,0
PAY0000555,INV0000604,SUP00306,DPT009,2024-07-29,23487.49,Bank Transfer,Completed,Monday,0,0,0
PAY0000556,INV0000605,SUP00011,DPT002,2025-01-04,5882.23,Bank Transfer,Completed,Saturday,1,0,0
PAY0000557,INV0000606,SUP00222,DPT003,2024-12-05,50830.38,Bank Transfer,Completed,Thursday,0,0,0
PAY0000558,INV0000607,SUP00225,DPT007,2025-03-01,8380.89,Bank Transfer,Completed,Saturday,1,0,0
PAY0000559,INV0000608,SUP00009,DPT005,2024-12-21,13584.75,Bank Transfer,Completed,Saturday,1,0,0
PAY0000560,INV0000609,SUP00186,DPT001,2024-10-27,452.44,Bank Transfer,Completed,Sunday,1,0,0
PAY0000561,INV0000610,SUP00313,DPT002,2024-05-22,2605.06,Bank Transfer,Completed,Wednesday,0,0,0
PAY0000562,INV0000611,SUP00293,DPT010,2024-02-10,6310.3,Bank Transfer,Completed,Saturday,1,0,0
PAY0000563,INV0000612,SUP00088,DPT012,2024-11-27,3460.49,Cash,Completed,Wednesday,0,1,0
PAY0000564,INV0000613,SUP00005,DPT007,2024-09-26,6878.59,Bank Transfer,Completed,Thursday,0,0,0
PAY0000565,INV0000615,SUP00009,DPT008,2024-02-24,17529.6,Bank Transfer,Completed,Saturday,1,0,0
PAY0000566,INV0000616,SUP00085,DPT006,2024-12-21,49326.24,Bank Transfer,Completed,Saturday,1,0,0
PAY0000567,INV0000617,SUP00018,DPT004,2024-09-30,769.61,Bank Transfer,Completed,Monday,0,0,0
PAY0000568,INV0000618,SUP00143,DPT002,2024-06-04,14088.6,Bank Transfer,Pending,Tuesday,0,0,1
PAY0000569,INV0000619,SUP00195,DPT002,2025-02-26,15144.53,Cash,Completed,Wednesday,0,1,0
PAY0000570,INV0000620,SUP00006,DPT001,2024-12-25,5815.3,Bank Transfer,Completed,Wednesday,0,0,0
PAY0000571,INV0000621,SUP00265,DPT006,2024-07-02,733.77,Bank Transfer,Completed,Tuesday,0,0,0
PAY0000572,INV0000622,SUP00002,DPT003,2024-06-05,17527.3,Bank Transfer,Completed,Wednesday,0,0,0
PAY0000573,INV0000623,SUP00009,DPT005,2024-04-29,1846.28,Bank Transfer,Completed,Monday,0,0,0
PAY0000574,INV0000625,SUP00007,DPT006,2024-05-01,50012.9,Bank Transfer,Completed,Wednesday,0,0,0
PAY0000575,INV0000626,SUP00008,DPT006,2024-08-04,1146.84,Bank Transfer,Completed,Sunday,1,0,0
PAY0000576,INV0000627,SUP00306,DPT005,2024-02-23,6070.97,Check,Completed,Friday,0,0,0
PAY0000577,INV0000628,SUP00269,DPT002,2024-09-08,7616.89,Bank Transfer,Completed,Sunday,1,0,0
PAY0000578,INV0000629,SUP00210,DPT001,2024-06-13,6998.64,Bank Transfer,Failed,Thursday,0,0,1
PAY0000579,INV0000630,SUP00006,DPT005,2025-03-04,4827.62,Bank Transfer,Completed,Tuesday,0,0,0
PAY0000580,INV0000631,SUP00009,DPT004,2024-10-07,2558.12,Bank Transfer,Completed,Monday,0,0,0
PAY0000581,INV0000632,SUP00008,DPT004,2024-09-27,32952.38,Bank Transfer,Completed,Friday,0,0,0
PAY0000582,INV0000633,SUP00007,DPT004,2024-07-18,7263.93,Bank Transfer,Completed,Thursday,0,0,0
PAY0000583,INV0000634,SUP00303,DPT001,2024-05-16,2065.96,Bank Transfer,Completed,Thursday,0,0,0
PAY0000584,INV0000635,SUP00006,DPT002,2024-12-19,10249.35,Bank Transfer,Completed,Thursday,0,0,0
PAY0000585,INV0000636,SUP00171,DPT007,2024-06-29,8704.57,Bank Transfer,Completed,Saturday,1,0,0
PAY0000586,INV0000637,SUP00002,DPT005,2024-05-07,12336.51,Bank Transfer,Completed,Tuesday,0,0,0
PAY0000587,INV0000638,SUP00051,DPT006,2024-02-29,5870.67,Bank Transfer,Completed,Thursday,0,0,0
PAY0000588,INV0000639,SUP00003,DPT001,2024-11-12,2929.95,Bank Transfer,Completed,Tuesday,0,0,0
PAY0000589,INV0000640,SUP00003,DPT009,2024-05-24,1257.43,Bank Transfer,Completed,Friday,0,0,0
PAY0000590,INV0000641,SUP00008,DPT003,2024-02-18,3245.31,Bank Transfer,Completed,Sunday,1,0,0
PAY0000591,INV0000642,SUP00277,DPT006,2024-06-21,20550.17,Card,Completed,Friday,0,0,0
PAY0000592,INV0000643,SUP00107,DPT004,2025-01-28,15238.57,Bank Transfer,Completed,Tuesday,0,0,0
PAY0000593,INV0000644,SUP00115,DPT004,2024-10-05,952.72,Bank Transfer,Completed,Saturday,1,0,0
PAY0000594,INV0000645,SUP00010,DPT009,2024-02-25,3912.9,Bank Transfer,Completed,Sunday,1,0,0
PAY0000595,INV0000646,SUP00157,DPT001,2024-11-30,13748.95,Bank Transfer,Failed,Saturday,1,0,1
PAY0000596,INV0000647,SUP00133,DPT001,2025-04-22,4397.33,Bank Transfer,Completed,Tuesday,0,0,0
PAY0000597,INV0000648,SUP00026,DPT001,2024-05-31,5610.78,Bank Transfer,Completed,Friday,0,0,0
PAY0000598,INV0000649,SUP00133,DPT012,2024-08-25,10054.08,Bank Transfer,Completed,Sunday,1,0,0
PAY0000599,INV0000650,SUP00242,DPT011,2025-01-20,10797.01,Bank Transfer,Completed,Monday,0,0,0
PAY0000600,INV0000651,SUP00297,DPT007,2024-08-19,19730.4,Bank Transfer,Completed,Monday,0,0,0
PAY0000601,INV0000652,SUP00318,DPT004,2024-12-04,11415.05,Card,Completed,Wednesday,0,0,0
PAY0000602,INV0000653,SUP00029,DPT001,2024-08-02,98790.24,Bank Transfer,Completed,Friday,0,0,0
PAY0000603,INV0000654,SUP00002,DPT009,2025-01-17,627.05,Check,Completed,Friday,0,0,0
PAY0000604,INV0000655,SUP00008,DPT002,2024-11-25,7963.86,Bank Transfer,Completed,Monday,0,0,0
PAY0000605,INV0000656,SUP00007,DPT003,2024-11-08,39429.72,Bank Transfer,Completed,Friday,0,0,0
PAY0000606,INV0000657,SUP00010,DPT009,2024-02-10,102356.14,Bank Transfer,Completed,Saturday,1,0,0
PAY0000607,INV0000658,SUP00016,DPT002,2024-11-30,18214.21,Bank Transfer,Completed,Saturday,1,0,0
PAY0000608,INV0000659,SUP00125,DPT009,2024-01-21,2738.53,Bank Transfer,Completed,Sunday,1,0,0
PAY0000609,INV0000660,SUP00041,DPT009,2024-06-21,5623.58,Bank Transfer,Completed,Friday,0,0,0
PAY0000610,INV0000661,SUP00114,DPT009,2024-03-14,11696.34,Bank Transfer,Completed,Thursday,0,0,0
PAY0000611,INV0000662,SUP00304,DPT007,2025-01-15,10266.45,Bank Transfer,Completed,Wednesday,0,0,0
PAY0000612,INV0000663,SUP00002,DPT003,2024-11-20,15211.97,Check,Completed,Wednesday,0,0,0
PAY0000613,INV0000664,SUP00001,DPT006,2024-07-16,1597.52,Bank Transfer,Completed,Tuesday,0,0,0
PAY0000614,INV0000665,SUP00123,DPT009,2024-12-06,2427.82,Bank Transfer,Completed,Friday,0,0,0
PAY0000615,INV0000666,SUP00053,DPT008,2024-05-19,1376.15,Bank Transfer,Completed,Sunday,1,0,0
PAY0000616,INV0000667,SUP00028,DPT010,2024-05-24,8189.95,Bank Transfer,Completed,Friday,0,0,0
PAY0000617,INV0000668,SUP00234,DPT012,2024-12-17,4735.31,Bank Transfer,Completed,Tuesday,0,0,0
PAY0000618,INV0000669,SUP00006,DPT007,2025-01-21,98938.61,Bank Transfer,Completed,Tuesday,0,0,0
PAY0000619,INV0000670,SUP00069,DPT011,2024-06-29,2718.26,Bank Transfer,Completed,Saturday,1,0,0
PAY0000620,INV0000671,SUP00280,DPT003,2024-10-04,2304.26,Bank Transfer,Completed,Friday,0,0,0
PAY0000621,INV0000672,SUP00024,DPT012,2024-01-09,5977.08,Bank Transfer,Completed,Tuesday,0,0,0
PAY0000622,INV0000673,SUP00073,DPT011,2024-04-12,21651.81,Bank Transfer,Completed,Friday,0,0,0
PAY0000623,INV0000674,SUP00003,DPT001,2024-03-29,36339.86,Card,Completed,Friday,0,0,0
PAY0000624,INV0000675,SUP00015,DPT006,2024-08-02,37021.2,Bank Transfer,Completed,Friday,0,0,0
PAY0000625,INV0000676,SUP00002,DPT004,2024-07-20,3519.6,Bank Transfer,Completed,Saturday,1,0,0
PAY0000626,INV0000677,SUP00068,DPT009,2024-06-07,1550.15,Bank Transfer,Completed,Friday,0,0,0
PAY0000627,INV0000678,SUP00079,DPT001,2024-05-14,16140.85,Bank Transfer,Completed,Tuesday,0,0,0
PAY0000628,INV0000679,SUP00291,DPT005,2024-02-27,25690.4,Bank Transfer,Completed,Tuesday,0,0,0
PAY0000629,INV0000681,SUP00001,DPT004,2024-09-13,5916.52,Bank Transfer,Completed,Friday,0,0,0
PAY0000630,INV0000682,SUP00222,DPT012,2024-04-10,2910.6,Bank Transfer,Completed,Wednesday,0,0,0
PAY0000631,INV0000683,SUP00013,DPT005,2024-01-16,11869.43,Bank Transfer,Completed,Tuesday,0,0,0
PAY0000632,INV0000684,SUP00152,DPT004,2024-09-10,11400.74,Check,Completed,Tuesday,0,0,0
PAY0000633,INV0000685,SUP00009,DPT010,2024-11-02,8103.54,Bank Transfer,Completed,Saturday,1,0,0
PAY0000634,INV0000686,SUP00179,DPT002,2024-06-18,1694.91,Card,Completed,Tuesday,0,0,0
PAY0000635,INV0000687,SUP00278,DPT003,2024-08-29,1974.49,Bank Transfer,Completed,Thursday,0,0,0
PAY0000636,INV0000689,SUP00052,DPT011,2024-02-23,19401.29,Bank Transfer,Completed,Friday,0,0,0
PAY0000637,INV0000690,SUP00049,DPT010,2025-02-28,17210.63,Bank Transfer,Completed,Friday,0,0,0
PAY0000638,INV0000691,SUP00010,DPT006,2024-07-11,4982.45,Bank Transfer,Completed,Thursday,0,0,0
PAY0000639,INV0000692,SUP00014,DPT003,2024-09-14,733.59,Bank Transfer,Completed,Saturday,1,0,0
PAY0000640,INV0000693,SUP00129,DPT004,2024-11-18,27997.85,Bank Transfer,Completed,Monday,0,0,0
PAY0000641,INV0000695,SUP00002,DPT005,2024-06-23,6770.83,Bank Transfer,Completed,Sunday,1,0,0
PAY0000642,INV0000696,SUP00184,DPT002,2024-12-24,3669.17,Card,Completed,Tuesday,0,0,0
PAY0000643,INV0000697,SUP00099,DPT002,2024-12-27,4332.08,Bank Transfer,Completed,Friday,0,0,0
PAY0000644,INV0000698,SUP00009,DPT011,2024-02-28,15079.26,Bank Transfer,Completed,Wednesday,0,0,0
PAY0000645,INV0000699,SUP00298,DPT006,2024-10-10,11163.75,Cash,Completed,Thursday,0,1,0
PAY0000646,INV0000700,SUP00261,DPT002,2025-02-14,3681.33,Check,Completed,Friday,0,0,0
PAY0000647,INV0000701,SUP00299,DPT012,2024-09-05,75393.82,Bank Transfer,Completed,Thursday,0,0,0
PAY0000648,INV0000702,SUP00033,DPT004,2024-03-06,1046.83,Bank Transfer,Completed,Wednesday,0,0,0
PAY0000649,INV0000703,SUP00008,DPT008,2024-05-09,3062.32,Bank Transfer,Completed,Thursday,0,0,0
PAY0000650,INV0000704,SUP00006,DPT002,2024-05-29,99699.67,Bank Transfer,Failed,Wednesday,0,0,1
PAY0000651,INV0000705,SUP00290,DPT011,2024-08-24,6642.81,Bank Transfer,Completed,Saturday,1,0,0
PAY0000652,INV0000707,SUP00168,DPT011,2024-11-01,15813.33,Card,Completed,Friday,0,0,0
PAY0000653,INV0000708,SUP00032,DPT008,2025-01-15,6940.43,Bank Transfer,Completed,Wednesday,0,0,0
PAY0000654,INV0000709,SUP00018,DPT002,2024-06-25,1301.89,Bank Transfer,Completed,Tuesday,0,0,0
PAY0000655,INV0000710,SUP00146,DPT002,2024-03-31,18283.26,Bank Transfer,Pending,Sunday,1,0,1
PAY0000656,INV0000711,SUP00001,DPT009,2024-10-22,1623.95,Bank Transfer,Completed,Tuesday,0,0,0
PAY0000657,INV0000712,SUP00040,DPT001,2024-02-29,3849.58,Bank Transfer,Completed,Thursday,0,0,0
PAY0000658,INV0000713,SUP00131,DPT001,2024-06-19,5616.09,Check,Completed,Wednesday,0,0,0
PAY0000659,INV0000715,SUP00025,DPT001,2024-10-06,2360.78,Check,Completed,Sunday,1,0,0
PAY0000660,INV0000717,SUP00004,DPT005,2024-07-18,32214.34,Bank Transfer,Completed,Thursday,0,0,0
PAY0000661,INV0000718,SUP00008,DPT001,2024-07-10,5521.48,Cash,Completed,Wednesday,0,1,0
PAY0000662,INV0000719,SUP00005,DPT003,2024-08-22,772.18,Bank Transfer,Completed,Thursday,0,0,0
PAY0000663,INV0000720,SUP00014,DPT001,2025-02-05,8170.53,Bank Transfer,Completed,Wednesday,0,0,0
PAY0000664,INV0000721,SUP00014,DPT012,2024-09-30,2751.74,Bank Transfer,Completed,Monday,0,0,0
PAY0000665,INV0000722,SUP00017,DPT002,2025-04-07,9106.79,Bank Transfer,Completed,Monday,0,0,0
PAY0000666,INV0000723,SUP00026,DPT007,2024-07-11,8373.53,Bank Transfer,Completed,Thursday,0,0,0
PAY0000667,INV0000724,SUP00023,DPT007,2024-11-19,696.41,Bank Transfer,Completed,Tuesday,0,0,0
PAY0000668,INV0000725,SUP00029,DPT009,2025-01-19,3919.32,Bank Transfer,Completed,Sunday,1,0,0
PAY0000669,INV0000727,SUP00005,DPT002,2024-07-09,5411.81,Bank Transfer,Completed,Tuesday,0,0,0
PAY0000670,INV0000728,SUP00015,DPT005,2025-01-13,1729.23,Check,Completed,Monday,0,0,0
PAY0000671,INV0000729,SUP00001,DPT007,2024-07-01,12999.88,Bank Transfer,Failed,Monday,0,0,1
PAY0000672,INV0000730,SUP00001,DPT008,2024-08-14,886.52,Bank Transfer,Completed,Wednesday,0,0,0
PAY0000673,INV0000731,SUP00088,DPT001,2024-08-06,7832.19,Bank Transfer,Completed,Tuesday,0,0,0
PAY0000674,INV0000732,SUP00247,DPT008,2024-06-16,3278.37,Bank Transfer,Completed,Sunday,1,0,0
PAY0000675,INV0000733,SUP00011,DPT001,2024-07-26,9940.89,Bank Transfer,Completed,Friday,0,0,0
PAY0000676,INV0000734,SUP00020,DPT005,2024-10-17,4640.24,Bank Transfer,Completed,Thursday,0,0,0
PAY0000677,INV0000735,SUP00007,DPT005,2024-04-23,10497.86,Bank Transfer,Completed,Tuesday,0,0,0
PAY0000678,INV0000736,SUP00005,DPT001,2024-10-12,28851.06,Bank Transfer,Completed,Saturday,1,0,0
PAY0000679,INV0000737,SUP00252,DPT012,2025-03-15,13255.28,Bank Transfer,Completed,Saturday,1,0,0
PAY0000680,INV0000738,SUP00068,DPT006,2025-01-18,12980.5,Bank Transfer,Completed,Saturday,1,0,0
PAY0000681,INV0000739,SUP00146,DPT002,2024-12-18,20671.54,Bank Transfer,Completed,Wednesday,0,0,0
PAY0000682,INV0000740,SUP00251,DPT001,2025-02-05,833.36,Check,Completed,Wednesday,0,0,0
PAY0000683,INV0000741,SUP00078,DPT009,2024-09-01,6664.04,Bank Transfer,Completed,Sunday,1,0,0
PAY0000684,INV0000742,SUP00006,DPT009,2024-07-30,8152.72,Cash,Completed,Tuesday,0,1,0
PAY0000685,INV0000743,SUP00151,DPT001,2024-11-30,11576.1,Bank Transfer,Completed,Saturday,1,0,0
PAY0000686,INV0000744,SUP00172,DPT002,2024-03-13,5480.31,Bank Transfer,Completed,Wednesday,0,0,0
PAY0000687,INV0000745,SUP00021,DPT006,2024-08-31,13648.24,Bank Transfer,Failed,Saturday,1,0,1
PAY0000688,INV0000747,SUP00028,DPT003,2024-02-18,57749.89,Bank Transfer,Pending,Sunday,1,0,1
PAY0000689,INV0000748,SUP00013,DPT004,2024-03-17,11310.99,Bank Transfer,Completed,Sunday,1,0,0
PAY0000690,INV0000749,SUP00127,DPT004,2024-10-25,2109.32,Bank Transfer,Completed,Friday,0,0,0
PAY0000691,INV0000750,SUP00009,DPT002,2024-09-03,27613.94,Bank Transfer,Completed,Tuesday,0,0,0
PAY0000692,INV0000751,SUP00013,DPT003,2024-11-08,1642.53,Bank Transfer,Completed,Friday,0,0,0
PAY0000693,INV0000752,SUP00020,DPT001,2024-03-30,5780.74,Bank Transfer,Completed,Saturday,1,0,0
PAY0000694,INV0000753,SUP00093,DPT001,2024-08-04,6625.88,Bank Transfer,Completed,Sunday,1,0,0
PAY0000695,INV0000754,SUP00233,DPT012,2024-06-08,3762.81,Bank Transfer,Completed,Saturday,1,0,0
PAY0000696,INV0000755,SUP00093,DPT001,2025-01-10,5118.28,Bank Transfer,Pending,Friday,0,0,1
PAY0000697,INV0000756,SUP00159,DPT001,2024-08-04,6487.74,Bank Transfer,Completed,Sunday,1,0,0
PAY0000698,INV0000757,SUP00010,DPT010,2024-04-07,1776.35,Bank Transfer,Completed,Sunday,1,0,0
PAY0000699,INV0000758,SUP00077,DPT012,2025-02-06,8187.15,Bank Transfer,Completed,Thursday,0,0,0
PAY0000700,INV0000759,SUP00004,DPT009,2024-10-06,6022.24,Bank Transfer,Completed,Sunday,1,0,0
PAY0000701,INV0000760,SUP00026,DPT002,2025-02-15,55609.38,Card,Completed,Saturday,1,0,0
PAY0000702,INV0000761,SUP00138,DPT006,2024-06-08,33218.51,Bank Transfer,Completed,Saturday,1,0,0
PAY0000703,INV0000762,SUP00006,DPT007,2025-01-30,2583.8,Bank Transfer,Completed,Thursday,0,0,0
PAY0000704,INV0000763,SUP00263,DPT009,2024-08-17,5009.34,Bank Transfer,Completed,Saturday,1,0,0
PAY0000705,INV0000764,SUP00022,DPT001,2024-08-01,2684.96,Bank Transfer,Completed,Thursday,0,0,0
PAY0000706,INV0000765,SUP00126,DPT004,2024-05-25,4566.9,Bank Transfer,Completed,Saturday,1,0,0
PAY0000707,INV0000766,SUP00027,DPT003,2024-06-22,16454.08,Bank Transfer,Completed,Saturday,1,0,0
PAY0000708,INV0000767,SUP00163,DPT006,2024-09-14,5345.74,Bank Transfer,Completed,Saturday,1,0,0
PAY0000709,INV0000768,SUP00075,DPT003,2024-09-23,3243.3,Bank Transfer,Completed,Monday,0,0,0
PAY0000710,INV0000769,SUP00005,DPT004,2024-12-18,12205.59,Bank Transfer,Completed,Wednesday,0,0,0
PAY0000711,INV0000770,SUP00276,DPT006,2024-07-07,634.57,Bank Transfer,Completed,Sunday,1,0,0
PAY0000712,INV0000771,SUP00120,DPT010,2024-09-14,3816.76,Bank Transfer,Completed,Saturday,1,0,0
PAY0000713,INV0000772,SUP00027,DPT011,2024-09-04,29035.16,Bank Transfer,Completed,Wednesday,0,0,0
PAY0000714,INV0000773,SUP00130,DPT007,2025-01-06,31343.72,Bank Transfer,Completed,Monday,0,0,0
PAY0000715,INV0000774,SUP00009,DPT002,2024-12-19,26833.92,Bank Transfer,Completed,Thursday,0,0,0
PAY0000716,INV0000775,SUP00184,DPT010,2024-06-03,1470.72,Bank Transfer,Completed,Monday,0,0,0
PAY0000717,INV0000776,SUP00021,DPT002,2024-09-09,1407.38,Bank Transfer,Completed,Monday,0,0,0
PAY0000718,INV0000777,SUP00205,DPT001,2024-08-03,3414.91,Bank Transfer,Completed,Saturday,1,0,0
PAY0000719,INV0000778,SUP00009,DPT004,2024-03-05,6183.5,Bank Transfer,Failed,Tuesday,0,0,1
PAY0000720,INV0000779,SUP00197,DPT007,2025-02-23,2568.63,Card,Completed,Sunday,1,0,0
PAY0000721,INV0000780,SUP00265,DPT002,2025-01-27,867.07,Bank Transfer,Completed,Monday,0,0,0
PAY0000722,INV0000781,SUP00309,DPT003,2025-01-03,17832.33,Bank Transfer,Completed,Friday,0,0,0
PAY0000723,INV0000782,SUP00189,DPT001,2024-05-19,14328.1,Bank Transfer,Completed,Sunday,1,0,0
PAY0000724,INV0000783,SUP00146,DPT006,2024-07-26,3063.41,Bank Transfer,Completed,Friday,0,0,0
PAY0000725,INV0000784,SUP00037,DPT007,2024-06-14,13450.21,Bank Transfer,Completed,Friday,0,0,0
PAY0000726,INV0000785,SUP00004,DPT005,2024-06-13,9990.06,Bank Transfer,Completed,Thursday,0,0,0
PAY0000727,INV0000786,SUP00061,DPT004,2024-10-07,382.67,Bank Transfer,Completed,Monday,0,0,0
PAY0000728,INV0000787,SUP00063,DPT009,2024-12-24,12288.56,Bank Transfer,Completed,Tuesday,0,0,0
PAY0000729,INV0000788,SUP00003,DPT004,2024-04-10,5557.06,Bank Transfer,Completed,Wednesday,0,0,0
PAY0000730,INV0000789,SUP00138,DPT004,2024-02-19,339.5,Card,Completed,Monday,0,0,0
PAY0000731,INV0000790,SUP00005,DPT005,2024-10-09,19435.58,Bank Transfer,Completed,Wednesday,0,0,0
PAY0000732,INV0000791,SUP00083,DPT007,2024-03-14,6652.7,Check,Completed,Thursday,0,0,0
PAY0000733,INV0000792,SUP00027,DPT009,2025-01-04,941.46,Bank Transfer,Completed,Saturday,1,0,0
PAY0000734,INV0000793,SUP00247,DPT001,2024-02-24,10318.33,Bank Transfer,Completed,Saturday,1,0,0
PAY0000735,INV0000794,SUP00008,DPT010,2024-04-14,7498.79,Bank Transfer,Completed,Sunday,1,0,0
PAY0000736,INV0000795,SUP00006,DPT004,2024-07-07,11016.43,Bank Transfer,Completed,Sunday,1,0,0
PAY0000737,INV0000796,SUP00056,DPT011,2024-06-25,644.69,Bank Transfer,Completed,Tuesday,0,0,0
PAY0000738,INV0000797,SUP00026,DPT005,2024-12-06,4151.31,Bank Transfer,Completed,Friday,0,0,0
PAY0000739,INV0000798,SUP00006,DPT004,2024-09-17,1895.21,Bank Transfer,Completed,Tuesday,0,0,0
PAY0000740,INV0000799,SUP00093,DPT002,2024-05-21,5006.68,Bank Transfer,Completed,Tuesday,0,0,0
PAY0000741,INV0000800,SUP00265,DPT004,2024-10-16,822.77,Bank Transfer,Pending,Wednesday,0,0,1
PAY0000742,INV0000801,SUP00167,DPT004,2024-10-16,1664.33,Bank Transfer,Completed,Wednesday,0,0,0
PAY0000743,INV0000802,SUP00007,DPT010,2025-01-09,34868.59,Bank Transfer,Completed,Thursday,0,0,0
PAY0000744,INV0000803,SUP00008,DPT010,2025-02-14,25202.42,Bank Transfer,Completed,Friday,0,0,0
PAY0000745,INV0000804,SUP00059,DPT004,2024-12-28,18381.13,Bank Transfer,Completed,Saturday,1,0,0
PAY0000746,INV0000805,SUP00130,DPT010,2024-04-05,31879.3,Check,Completed,Friday,0,0,0
PAY0000747,INV0000806,SUP00308,DPT010,2024-04-19,696.55,Check,Completed,Friday,0,0,0
PAY0000748,INV0000807,SUP00004,DPT011,2024-04-27,5635.4,Card,Completed,Saturday,1,0,0
PAY0000749,INV0000808,SUP00053,DPT003,2024-10-06,7954.92,Bank Transfer,Completed,Sunday,1,0,0
PAY0000750,INV0000809,SUP00313,DPT002,2024-12-14,3838.89,Bank Transfer,Failed,Saturday,1,0,1
PAY0000751,INV0000810,SUP00004,DPT011,2024-04-10,719.28,Bank Transfer,Completed,Wednesday,0,0,0
PAY0000752,INV0000811,SUP00304,DPT005,2025-01-09,16856.11,Bank Transfer,Completed,Thursday,0,0,0
PAY0000753,INV0000812,SUP00026,DPT004,2024-03-23,12008.29,Bank Transfer,Completed,Saturday,1,0,0
PAY0000754,INV0000813,SUP00154,DPT004,2024-09-18,2878.08,Bank Transfer,Completed,Wednesday,0,0,0
PAY0000755,INV0000814,SUP00022,DPT001,2024-07-02,15563.01,Check,Completed,Tuesday,0,0,0
PAY0000756,INV0000815,SUP00227,DPT002,2025-01-17,6903.21,Bank Transfer,Completed,Friday,0,0,0
PAY0000757,INV0000816,SUP00267,DPT003,2024-05-19,12480.11,Bank Transfer,Completed,Sunday,1,0,0
PAY0000758,INV0000817,SUP00006,DPT005,2024-05-10,2153.96,Bank Transfer,Completed,Friday,0,0,0
PAY0000759,INV0000818,SUP00171,DPT005,2024-08-06,7791.07,Cash,Completed,Tuesday,0,1,0
PAY0000760,INV0000819,SUP00001,DPT005,2024-03-12,7994.42,Bank Transfer,Completed,Tuesday,0,0,0
PAY0000761,INV0000820,SUP00010,DPT001,2024-09-15,4582.76,Bank Transfer,Completed,Sunday,1,0,0
PAY0000762,INV0000821,SUP00056,DPT001,2024-03-25,279.17,Bank Transfer,Completed,Monday,0,0,0
PAY0000763,INV0000822,SUP00086,DPT004,2024-06-07,7305.91,Bank Transfer,Completed,Friday,0,0,0
PAY0000764,INV0000823,SUP00016,DPT002,2024-09-24,7806.62,Bank Transfer,Completed,Tuesday,0,0,0
PAY0000765,INV0000824,SUP00009,DPT010,2024-11-25,2027.42,Bank Transfer,Completed,Monday,0,0,0
PAY0000766,INV0000825,SUP00006,DPT004,2024-12-10,11889.86,Bank Transfer,Completed,Tuesday,0,0,0
PAY0000767,INV0000826,SUP00008,DPT003,2024-11-11,7945.28,Bank Transfer,Completed,Monday,0,0,0
PAY0000768,INV0000827,SUP00005,DPT005,2024-11-21,9852.99,Bank Transfer,Completed,Thursday,0,0,0
PAY0000769,INV0000828,SUP00009,DPT006,2024-09-14,3882.54,Bank Transfer,Pending,Saturday,1,0,1
PAY0000770,INV0000829,SUP00215,DPT001,2024-05-22,856.24,Card,Failed,Wednesday,0,0,1
PAY0000771,INV0000830,SUP00010,DPT008,2024-06-01,855.43,Check,Completed,Saturday,1,0,0
PAY0000772,INV0000831,SUP00266,DPT002,2025-03-26,13331.15,Bank Transfer,Completed,Wednesday,0,0,0
PAY0000773,INV0000833,SUP00029,DPT003,2024-12-12,2438.53,Bank Transfer,Completed,Thursday,0,0,0
PAY0000774,INV0000834,SUP00006,DPT005,2024-04-08,15962.98,Bank Transfer,Completed,Monday,0,0,0
PAY0000775,INV0000835,SUP00001,DPT007,2025-03-27,528.19,Check,Completed,Thursday,0,0,0
PAY0000776,INV0000836,SUP00100,DPT009,2024-05-05,986.06,Bank Transfer,Completed,Sunday,1,0,0
PAY0000777,INV0000837,SUP00014,DPT005,2024-12-31,14542.33,Bank Transfer,Completed,Tuesday,0,0,0
PAY0000778,INV0000838,SUP00014,DPT002,2025-03-04,6499.37,Bank Transfer,Completed,Tuesday,0,0,0
PAY0000779,INV0000839,SUP00021,DPT007,2025-01-23,593.24,Bank Transfer,Completed,Thursday,0,0,0
PAY0000780,INV0000841,SUP00020,DPT005,2024-03-20,7562.16,Bank Transfer,Completed,Wednesday,0,0,0
PAY0000781,INV0000842,SUP00003,DPT004,2024-09-27,1675.05,Bank Transfer,Pending,Friday,0,0,1
PAY0000782,INV0000843,SUP00010,DPT004,2024-08-03,14921.8,Card,Completed,Saturday,1,0,0
PAY0000783,INV0000844,SUP00070,DPT007,2024-08-04,867.75,Bank Transfer,Completed,Sunday,1,0,0
PAY0000784,INV0000845,SUP00317,DPT005,2024-10-24,15877.66,Bank Transfer,Completed,Thursday,0,0,0
PAY0000785,INV0000846,SUP00005,DPT010,2024-08-14,20032.9,Bank Transfer,Completed,Wednesday,0,0,0
PAY0000786,INV0000847,SUP00012,DPT008,2024-01-12,14169.99,Bank Transfer,Completed,Friday,0,0,0
PAY0000787,INV0000848,SUP00028,DPT004,2025-01-16,25300.27,Bank Transfer,Completed,Thursday,0,0,0
PAY0000788,INV0000849,SUP00288,DPT002,2024-05-05,25741.71,Bank Transfer,Completed,Sunday,1,0,0
PAY0000789,INV0000850,SUP00004,DPT001,2024-03-19,1048.37,Bank Transfer,Completed,Tuesday,0,0,0
PAY0000790,INV0000851,SUP00199,DPT002,2024-04-06,19062.06,Bank Transfer,Completed,Saturday,1,0,0
PAY0000791,INV0000852,SUP00157,DPT003,2024-11-29,6897.24,Bank Transfer,Completed,Friday,0,0,0
PAY0000792,INV0000853,SUP00011,DPT001,2024-12-16,53649.46,Bank Transfer,Completed,Monday,0,0,0
PAY0000793,INV0000854,SUP00187,DPT007,2024-09-12,293339.83,Bank Transfer,Completed,Thursday,0,0,0
PAY0000794,INV0000855,SUP00070,DPT003,2024-08-16,4742.68,Bank Transfer,Completed,Friday,0,0,0
PAY0000795,INV0000856,SUP00006,DPT001,2024-06-11,4337.59,Bank Transfer,Completed,Tuesday,0,0,0
PAY0000796,INV0000857,SUP00010,DPT004,2025-02-05,3785.54,Bank Transfer,Completed,Wednesday,0,0,0
PAY0000797,INV0000858,SUP00013,DPT009,2024-07-24,6602.14,Bank Transfer,Completed,Wednesday,0,0,0
PAY0000798,INV0000859,SUP00012,DPT003,2024-03-15,7692.32,Check,Completed,Friday,0,0,0
PAY0000799,INV0000860,SUP00171,DPT011,2024-10-03,125573.38,Bank Transfer,Completed,Thursday,0,0,0
PAY0000800,INV0000863,SUP00032,DPT007,2024-05-07,6180.8,Bank Transfer,Completed,Tuesday,0,0,0
PAY0000801,INV0000864,SUP00015,DPT009,2024-02-11,2277.57,Bank Transfer,Pending,Sunday,1,0,1
PAY0000802,INV0000865,SUP00003,DPT003,2024-12-12,880.24,Bank Transfer,Completed,Thursday,0,0,0
PAY0000803,INV0000867,SUP00003,DPT002,2024-08-09,87001.6,Bank Transfer,Pending,Friday,0,0,1
PAY0000804,INV0000868,SUP00010,DPT002,2024-09-26,16093.8,Bank Transfer,Completed,Thursday,0,0,0
PAY0000805,INV0000869,SUP00125,DPT011,2024-09-09,3499.21,Bank Transfer,Completed,Monday,0,0,0
PAY0000806,INV0000870,SUP00181,DPT005,2024-09-14,8843.86,Check,Completed,Saturday,1,0,0
PAY0000807,INV0000871,SUP00003,DPT001,2024-09-08,107044.84,Bank Transfer,Completed,Sunday,1,0,0
PAY0000808,INV0000873,SUP00005,DPT004,2024-01-20,2108.78,Bank Transfer,Completed,Saturday,1,0,0
PAY0000809,INV0000874,SUP00177,DPT009,2024-09-29,6424.91,Bank Transfer,Completed,Sunday,1,0,0
PAY0000810,INV0000875,SUP00161,DPT010,2024-11-27,15316.14,Bank Transfer,Completed,Wednesday,0,0,0
PAY0000811,INV0000876,SUP00172,DPT001,2024-12-05,20532.24,Bank Transfer,Completed,Thursday,0,0,0
PAY0000812,INV0000877,SUP00003,DPT001,2024-05-08,31503.37,Bank Transfer,Completed,Wednesday,0,0,0
PAY0000813,INV0000878,SUP00061,DPT001,2024-12-13,6713.47,Bank Transfer,Completed,Friday,0,0,0
PAY0000814,INV0000879,SUP00008,DPT007,2024-01-21,407.22,Check,Completed,Sunday,1,0,0
PAY0000815,INV0000880,SUP00029,DPT005,2024-04-22,98397.96,Bank Transfer,Completed,Monday,0,0,0
PAY0000816,INV0000881,SUP00314,DPT008,2025-01-02,9640.07,Bank Transfer,Completed,Thursday,0,0,0
PAY0000817,INV0000882,SUP00003,DPT006,2024-03-20,9049.6,Bank Transfer,Completed,Wednesday,0,0,0
PAY0000818,INV0000883,SUP00081,DPT001,2024-07-24,2220.39,Bank Transfer,Completed,Wednesday,0,0,0
PAY0000819,INV0000884,SUP00006,DPT002,2024-11-09,60618.7,Bank Transfer,Completed,Saturday,1,0,0
PAY0000820,INV0000885,SUP00031,DPT003,2024-02-09,1687.52,Bank Transfer,Completed,Friday,0,0,0
PAY0000821,INV0000886,SUP00038,DPT007,2024-03-19,1933.37,Bank Transfer,Completed,Tuesday,0,0,0
PAY0000822,INV0000887,SUP00025,DPT006,2024-07-07,4786.53,Bank Transfer,Completed,Sunday,1,0,0
PAY0000823,INV0000888,SUP00108,DPT011,2024-12-08,28363.03,Bank Transfer,Completed,Sunday,1,0,0
PAY0000824,INV0000889,SUP00305,DPT002,2024-10-23,28407.09,Bank Transfer,Completed,Wednesday,0,0,0
PAY0000825,INV0000890,SUP00206,DPT011,2024-05-24,12690.82,Bank Transfer,Completed,Friday,0,0,0
PAY0000826,INV0000891,SUP00296,DPT002,2024-09-03,16434.02,Bank Transfer,Completed,Tuesday,0,0,0
PAY0000827,INV0000892,SUP00007,DPT003,2024-02-27,1352.59,Bank Transfer,Completed,Tuesday,0,0,0
PAY0000828,INV0000893,SUP00317,DPT001,2024-05-19,844.82,Bank Transfer,Completed,Sunday,1,0,0
PAY0000829,INV0000894,SUP00011,DPT003,2024-11-16,3949.35,Card,Completed,Saturday,1,0,0
PAY0000830,INV0000895,SUP00002,DPT002,2024-06-22,16702.91,Bank Transfer,Completed,Saturday,1,0,0
PAY0000831,INV0000896,SUP00023,DPT002,2024-06-03,17188.96,Bank Transfer,Completed,Monday,0,0,0
PAY0000832,INV0000897,SUP00009,DPT005,2024-06-18,2202.92,Bank Transfer,Completed,Tuesday,0,0,0
PAY0000833,INV0000898,SUP00180,DPT009,2023-12-31,2016.85,Card,Completed,Sunday,1,0,0
PAY0000834,INV0000899,SUP00003,DPT008,2024-12-31,99264.08,Bank Transfer,Completed,Tuesday,0,0,0
PAY0000835,INV0000900,SUP00054,DPT009,2024-11-07,7396.32,Bank Transfer,Completed,Thursday,0,0,0
PAY0000836,INV0000901,SUP00010,DPT008,2024-04-27,567.24,Bank Transfer,Completed,Saturday,1,0,0
PAY0000837,INV0000902,SUP00007,DPT012,2024-03-23,1622.06,Bank Transfer,Completed,Saturday,1,0,0
PAY0000838,INV0000903,SUP00247,DPT001,2024-09-05,10646.77,Check,Completed,Thursday,0,0,0
PAY0000839,INV0000904,SUP00035,DPT012,2024-07-17,1526.88,Bank Transfer,Completed,Wednesday,0,0,0
PAY0000840,INV0000905,SUP00013,DPT004,2024-03-18,1910.48,Bank Transfer,Completed,Monday,0,0,0
PAY0000841,INV0000906,SUP00171,DPT004,2024-06-29,2052.47,Bank Transfer,Completed,Saturday,1,0,0
PAY0000842,INV0000907,SUP00234,DPT005,2025-03-01,16493.72,Bank Transfer,Completed,Saturday,1,0,0
PAY0000843,INV0000908,SUP00024,DPT001,2024-04-11,5943.73,Bank Transfer,Completed,Thursday,0,0,0
PAY0000844,INV0000909,SUP00006,DPT002,2024-12-25,41382.89,Bank Transfer,Completed,Wednesday,0,0,0
PAY0000845,INV0000910,SUP00317,DPT004,2024-02-05,3703.39,Bank Transfer,Completed,Monday,0,0,0
PAY0000846,INV0000911,SUP00016,DPT008,2024-07-03,4607.61,Bank Transfer,Completed,Wednesday,0,0,0
PAY0000847,INV0000912,SUP00007,DPT010,2024-02-26,8963.87,Bank Transfer,Completed,Monday,0,0,0
PAY0000848,INV0000913,SUP00004,DPT002,2024-10-30,2851.08,Bank Transfer,Completed,Wednesday,0,0,0
PAY0000849,INV0000914,SUP00005,DPT002,2024-06-03,939.36,Bank Transfer,Completed,Monday,0,0,0
PAY0000850,INV0000917,SUP00030,DPT003,2024-11-23,5246.96,Bank Transfer,Completed,Saturday,1,0,0
PAY0000851,INV0000918,SUP00139,DPT003,2024-12-27,3063.63,Check,Completed,Friday,0,0,0
PAY0000852,INV0000919,SUP00222,DPT007,2024-05-21,14879.28,Bank Transfer,Completed,Tuesday,0,0,0
PAY0000853,INV0000920,SUP00059,DPT002,2024-10-23,4055.64,Bank Transfer,Completed,Wednesday,0,0,0
PAY0000854,INV0000921,SUP00124,DPT001,2024-07-23,49751.74,Bank Transfer,Completed,Tuesday,0,0,0
PAY0000855,INV0000922,SUP00301,DPT001,2024-09-26,2861.27,Bank Transfer,Pending,Thursday,0,0,1
PAY0000856,INV0000923,SUP00006,DPT005,2024-10-15,1491.9,Bank Transfer,Completed,Tuesday,0,0,0
PAY0000857,INV0000924,SUP00005,DPT002,2024-10-27,53569.19,Bank Transfer,Completed,Sunday,1,0,0
PAY0000858,INV0000925,SUP00175,DPT005,2024-12-27,4999.22,Bank Transfer,Completed,Friday,0,0,0
PAY0000859,INV0000927,SUP00007,DPT003,2024-04-22,5398.25,Bank Transfer,Completed,Monday,0,0,0
PAY0000860,INV0000928,SUP00010,DPT002,2025-01-31,49778.42,Bank Transfer,Completed,Friday,0,0,0
PAY0000861,INV0000930,SUP00029,DPT012,2024-09-13,2366.94,Bank Transfer,Completed,Friday,0,0,0
PAY0000862,INV0000931,SUP00258,DPT005,2024-04-19,21725.97,Bank Transfer,Completed,Friday,0,0,0
PAY0000863,INV0000932,SUP00224,DPT009,2024-09-24,3337.82,Bank Transfer,Completed,Tuesday,0,0,0
PAY0000864,INV0000933,SUP00028,DPT010,2024-07-21,2589.9,Bank Transfer,Completed,Sunday,1,0,0
PAY0000865,INV0000934,SUP00124,DPT012,2024-01-16,3120.69,Bank Transfer,Completed,Tuesday,0,0,0
PAY0000866,INV0000935,SUP00110,DPT010,2025-02-03,54469.57,Bank Transfer,Completed,Monday,0,0,0
PAY0000867,INV0000937,SUP00022,DPT005,2024-06-02,9499.46,Bank Transfer,Completed,Sunday,1,0,0
PAY0000868,INV0000939,SUP00260,DPT006,2024-07-31,14821.22,Bank Transfer,Pending,Wednesday,0,0,1
PAY0000869,INV0000940,SUP00253,DPT008,2024-11-01,9422.26,Card,Completed,Friday,0,0,0
PAY0000870,INV0000941,SUP00002,DPT011,2024-12-22,7326.92,Bank Transfer,Completed,Sunday,1,0,0
PAY0000871,INV0000942,SUP00229,DPT006,2024-11-13,3544.44,Bank Transfer,Completed,Wednesday,0,0,0
PAY0000872,INV0000943,SUP00091,DPT007,2024-03-23,2983.56,Card,Completed,Saturday,1,0,0
PAY0000873,INV0000944,SUP00001,DPT005,2024-03-25,10706.14,Bank Transfer,Completed,Monday,0,0,0
PAY0000874,INV0000945,SUP00018,DPT003,2024-04-11,7015.05,Bank Transfer,Completed,Thursday,0,0,0
PAY0000875,INV0000946,SUP00254,DPT002,2024-07-03,33629.26,Bank Transfer,Completed,Wednesday,0,0,0
PAY0000876,INV0000947,SUP00016,DPT006,2024-03-09,97993.59,Bank Transfer,Completed,Saturday,1,0,0
PAY0000877,INV0000948,SUP00130,DPT012,2024-12-28,2054.95,Bank Transfer,Completed,Saturday,1,0,0
PAY0000878,INV0000949,SUP00064,DPT011,2024-09-08,1101.45,Bank Transfer,Completed,Sunday,1,0,0
PAY0000879,INV0000950,SUP00079,DPT002,2024-04-16,2452.88,Cash,Completed,Tuesday,0,1,0
PAY0000880,INV0000951,SUP00028,DPT009,2025-01-05,1144.25,Bank Transfer,Completed,Sunday,1,0,0
PAY0000881,INV0000952,SUP00028,DPT001,2024-12-13,22571.38,Bank Transfer,Completed,Friday,0,0,0
PAY0000882,INV0000953,SUP00263,DPT005,2024-06-05,3682.88,Check,Completed,Wednesday,0,0,0
PAY0000883,INV0000954,SUP00021,DPT011,2024-06-03,2586.97,Bank Transfer,Completed,Monday,0,0,0
PAY0000884,INV0000955,SUP00007,DPT011,2024-09-14,10167.81,Bank Transfer,Completed,Saturday,1,0,0
PAY0000885,INV0000956,SUP00022,DPT006,2024-07-25,56160.72,Bank Transfer,Completed,Thursday,0,0,0
PAY0000886,INV0000957,SUP00163,DPT006,2025-01-29,3709.36,Bank Transfer,Completed,Wednesday,0,0,0
PAY0000887,INV0000958,SUP00027,DPT003,2025-02-04,1560.64,Bank Transfer,Completed,Tuesday,0,0,0
PAY0000888,INV0000959,SUP00162,DPT008,2024-12-10,3849.88,Check,Completed,Tuesday,0,0,0
PAY0000889,INV0000960,SUP00008,DPT002,2024-09-19,722.86,Bank Transfer,Completed,Thursday,0,0,0
PAY0000890,INV0000961,SUP00074,DPT001,2024-12-08,10794.36,Bank Transfer,Completed,Sunday,1,0,0
PAY0000891,INV0000962,SUP00240,DPT009,2024-11-17,11533.48,Check,Completed,Sunday,1,0,0
PAY0000892,INV0000963,SUP00043,DPT001,2024-11-13,3594.19,Bank Transfer,Completed,Wednesday,0,0,0
PAY0000893,INV0000964,SUP00106,DPT007,2024-11-03,1663.19,Bank Transfer,Completed,Sunday,1,0,0
PAY0000894,INV0000965,SUP00131,DPT004,2024-08-07,95079.88,Bank Transfer,Completed,Wednesday,0,0,0
PAY0000895,INV0000966,SUP00167,DPT001,2024-07-17,1473.14,Bank Transfer,Completed,Wednesday,0,0,0
PAY0000896,INV0000967,SUP00015,DPT002,2025-02-02,2501.29,Bank Transfer,Completed,Sunday,1,0,0
PAY0000897,INV0000968,SUP00100,DPT001,2024-02-13,6328.36,Bank Transfer,Completed,Tuesday,0,0,0
PAY0000898,INV0000970,SUP00019,DPT006,2024-09-26,5038.24,Bank Transfer,Completed,Thursday,0,0,0
PAY0000899,INV0000971,SUP00027,DPT005,2024-07-10,6490.25,Bank Transfer,Completed,Wednesday,0,0,0
PAY0000900,INV0000972,SUP00021,DPT004,2024-12-30,11950.7,Bank Transfer,Completed,Monday,0,0,0
PAY0000901,INV0000973,SUP00001,DPT009,2024-03-20,244628.21,Bank Transfer,Completed,Wednesday,0,0,0
PAY0000902,INV0000975,SUP00075,DPT007,2024-04-19,3303.73,Bank Transfer,Completed,Friday,0,0,0
PAY0000903,INV0000976,SUP00005,DPT006,2024-08-17,5203.34,Bank Transfer,Completed,Saturday,1,0,0
PAY0000904,INV0000977,SUP00009,DPT007,2024-07-24,13102.06,Bank Transfer,Completed,Wednesday,0,0,0
PAY0000905,INV0000978,SUP00091,DPT002,2024-03-04,107588.99,Bank Transfer,Completed,Monday,0,0,0
PAY0000906,INV0000979,SUP00036,DPT002,2024-07-16,5313.64,Bank Transfer,Failed,Tuesday,0,0,1
PAY0000907,INV0000980,SUP00157,DPT003,2024-04-06,11528.53,Bank Transfer,Completed,Saturday,1,0,0
PAY0000908,INV0000981,SUP00029,DPT008,2025-01-04,497.59,Bank Transfer,Completed,Saturday,1,0,0
PAY0000909,INV0000982,SUP00229,DPT004,2024-05-24,6385.13,Bank Transfer,Completed,Friday,0,0,0
PAY0000910,INV0000983,SUP00003,DPT011,2024-03-24,20292.78,Check,Completed,Sunday,1,0,0
PAY0000911,INV0000984,SUP00092,DPT001,2024-12-31,19081.5,Bank Transfer,Pending,Tuesday,0,0,1
PAY0000912,INV0000985,SUP00017,DPT003,2024-11-01,3233.99,Bank Transfer,Completed,Friday,0,0,0
PAY0000913,INV0000986,SUP00011,DPT002,2024-07-20,1491.48,Bank Transfer,Completed,Saturday,1,0,0
PAY0000914,INV0000987,SUP00287,DPT009,2024-08-21,7839.69,Bank Transfer,Completed,Wednesday,0,0,0
PAY0000915,INV0000988,SUP00240,DPT004,2024-11-27,998.56,Bank Transfer,Completed,Wednesday,0,0,0
PAY0000916,INV0000991,SUP00242,DPT001,2024-10-12,376.03,Bank Transfer,Completed,Saturday,1,0,0
PAY0000917,INV0000992,SUP00006,DPT009,2024-09-10,4517.78,Bank Transfer,Failed,Tuesday,0,0,1
PAY0000918,INV0000993,SUP00278,DPT009,2024-04-11,37377.27,Bank Transfer,Completed,Thursday,0,0,0
PAY0000919,INV0000994,SUP00010,DPT006,2024-04-01,913.81,Bank Transfer,Completed,Monday,0,0,0
PAY0000920,INV0000995,SUP00021,DPT003,2024-07-19,2854.42,Bank Transfer,Completed,Friday,0,0,0
PAY0000921,INV0000996,SUP00002,DPT008,2025-03-11,11563.48,Bank Transfer,Completed,Tuesday,0,0,0
PAY0000922,INV0000997,SUP00048,DPT007,2024-12-12,15179.19,Bank Transfer,Completed,Thursday,0,0,0
PAY0000923,INV0000998,SUP00007,DPT011,2024-07-06,6370.45,Bank Transfer,Completed,Saturday,1,0,0
PAY0000924,INV0001000,SUP00273,DPT011,2024-06-14,38982.17,Cash,Completed,Friday,0,1,0
PAY0000925,INV0001002,SUP00105,DPT003,2024-05-11,1752.8,Bank Transfer,Completed,Saturday,1,0,0
PAY0000926,INV0001003,SUP00007,DPT007,2024-08-15,6829.2,Bank Transfer,Completed,Thursday,0,0,0
PAY0000927,INV0001004,SUP00090,DPT002,2024-02-10,4971.02,Bank Transfer,Completed,Saturday,1,0,0
PAY0000928,INV0001005,SUP00010,DPT002,2024-08-08,3581.09,Bank Transfer,Completed,Thursday,0,0,0
PAY0000929,INV0001006,SUP00133,DPT006,2024-04-18,20344.94,Bank Transfer,Completed,Thursday,0,0,0
PAY0000930,INV0001007,SUP00185,DPT001,2024-09-24,5982.67,Bank Transfer,Completed,Tuesday,0,0,0
PAY0000931,INV0001008,SUP00250,DPT001,2025-01-04,11892.35,Bank Transfer,Completed,Saturday,1,0,0
PAY0000932,INV0001009,SUP00272,DPT007,2025-01-26,14157.53,Bank Transfer,Completed,Sunday,1,0,0
PAY0000933,INV0001011,SUP00005,DPT001,2024-07-27,6316.45,Bank Transfer,Completed,Saturday,1,0,0
PAY0000934,INV0001012,SUP00002,DPT001,2024-10-25,3162.05,Bank Transfer,Completed,Friday,0,0,0
PAY0000935,INV0001013,SUP00156,DPT001,2024-09-21,18479.93,Bank Transfer,Completed,Saturday,1,0,0
PAY0000936,INV0001014,SUP00007,DPT001,2024-12-16,1505.13,Bank Transfer,Completed,Monday,0,0,0
PAY0000937,INV0001015,SUP00203,DPT011,2024-05-11,3355.5,Bank Transfer,Completed,Saturday,1,0,0
PAY0000938,INV0001016,SUP00300,DPT004,2024-07-07,2382.8,Bank Transfer,Completed,Sunday,1,0,0
PAY0000939,INV0001017,SUP00005,DPT007,2024-06-09,5282.04,Bank Transfer,Completed,Sunday,1,0,0
PAY0000940,INV0001019,SUP00040,DPT012,2024-07-20,1563.51,Bank Transfer,Completed,Saturday,1,0,0
PAY0000941,INV0001020,SUP00023,DPT004,2024-04-12,8241.01,Bank Transfer,Completed,Friday,0,0,0
PAY0000942,INV0001021,SUP00022,DPT011,2024-07-27,8444.57,Bank Transfer,Completed,Saturday,1,0,0
PAY0000943,INV0001022,SUP00008,DPT006,2024-06-19,2020.16,Bank Transfer,Completed,Wednesday,0,0,0
PAY0000944,INV0001023,SUP00255,DPT011,2024-11-02,4782.12,Bank Transfer,Completed,Saturday,1,0,0
PAY0000945,INV0001025,SUP00006,DPT010,2024-06-18,6719.33,Bank Transfer,Completed,Tuesday,0,0,0
PAY0000946,INV0001026,SUP00001,DPT003,2025-04-21,5120.92,Bank Transfer,Completed,Monday,0,0,0
PAY0000947,INV0001028,SUP00001,DPT006,2024-06-19,2455.32,Bank Transfer,Completed,Wednesday,0,0,0
PAY0000948,INV0001029,SUP00250,DPT004,2024-12-15,5000.22,Check,Completed,Sunday,1,0,0
PAY0000949,INV0001030,SUP00043,DPT004,2024-08-02,3920.57,Bank Transfer,Completed,Friday,0,0,0
PAY0000950,INV0001031,SUP00279,DPT002,2024-12-31,28106.31,Bank Transfer,Completed,Tuesday,0,0,0
PAY0000951,INV0001032,SUP00186,DPT011,2024-06-03,3377.52,Bank Transfer,Completed,Monday,0,0,0
PAY0000952,INV0001033,SUP00258,DPT004,2024-10-13,2123.84,Bank Transfer,Completed,Sunday,1,0,0
PAY0000953,INV0001034,SUP00169,DPT002,2024-06-30,2472.55,Bank Transfer,Completed,Sunday,1,0,0
PAY0000954,INV0001035,SUP00071,DPT007,2024-05-17,2429.79,Bank Transfer,Failed,Friday,0,0,1
PAY0000955,INV0001036,SUP00006,DPT008,2024-09-07,3048.51,Bank Transfer,Completed,Saturday,1,0,0
PAY0000956,INV0001037,SUP00160,DPT001,2024-08-02,2207.97,Bank Transfer,Completed,Friday,0,0,0
PAY0000957,INV0001038,SUP00080,DPT003,2024-09-24,5957.04,Bank Transfer,Completed,Tuesday,0,0,0
PAY0000958,INV0001039,SUP00025,DPT005,2024-12-19,1377.51,Bank Transfer,Completed,Thursday,0,0,0
PAY0000959,INV0001040,SUP00060,DPT009,2024-11-28,11601.54,Bank Transfer,Completed,Thursday,0,0,0
PAY0000960,INV0001041,SUP00008,DPT003,2024-05-21,6346.27,Bank Transfer,Completed,Tuesday,0,0,0
PAY0000961,INV0001042,SUP00020,DPT003,2024-09-12,38138.12,Bank Transfer,Completed,Thursday,0,0,0
PAY0000962,INV0001043,SUP00005,DPT008,2024-07-18,10212.69,Bank Transfer,Completed,Thursday,0,0,0
PAY0000963,INV0001044,SUP00021,DPT002,2024-09-15,8984.53,Card,Completed,Sunday,1,0,0
PAY0000964,INV0001045,SUP00026,DPT010,2024-04-14,61115.36,Bank Transfer,Completed,Sunday,1,0,0
PAY0000965,INV0001046,SUP00237,DPT009,2024-08-12,10007.54,Bank Transfer,Completed,Monday,0,0,0
PAY0000966,INV0001047,SUP00042,DPT010,2024-08-27,4745.79,Bank Transfer,Completed,Tuesday,0,0,0
PAY0000967,INV0001048,SUP00267,DPT003,2025-02-06,2182.56,Bank Transfer,Completed,Thursday,0,0,0
PAY0000968,INV0001049,SUP00302,DPT002,2024-06-30,31963.21,Bank Transfer,Pending,Sunday,1,0,1
PAY0000969,INV0001050,SUP00002,DPT005,2024-09-29,1848.08,Card,Completed,Sunday,1,0,0
PAY0000970,INV0001051,SUP00083,DPT002,2024-05-23,1621.91,Bank Transfer,Completed,Thursday,0,0,0
PAY0000971,INV0001052,SUP00010,DPT002,2024-05-29,1646.1,Bank Transfer,Completed,Wednesday,0,0,0
PAY0000972,INV0001053,SUP00233,DPT004,2025-01-28,2511.77,Bank Transfer,Completed,Tuesday,0,0,0
PAY0000973,INV0001054,SUP00029,DPT004,2024-10-05,6295.55,Check,Completed,Saturday,1,0,0
PAY0000974,INV0001055,SUP00003,DPT003,2024-11-26,24640.43,Bank Transfer,Completed,Tuesday,0,0,0
PAY0000975,INV0001056,SUP00008,DPT003,2024-11-23,10846.17,Bank Transfer,Completed,Saturday,1,0,0
PAY0000976,INV0001057,SUP00128,DPT002,2024-10-29,1692.7,Bank Transfer,Completed,Tuesday,0,0,0
PAY0000977,INV0001058,SUP00003,DPT007,2025-02-08,2178.95,Check,Completed,Saturday,1,0,0
PAY0000978,INV0001059,SUP00018,DPT003,2024-06-25,7265.09,Bank Transfer,Completed,Tuesday,0,0,0
PAY0000979,INV0001060,SUP00245,DPT007,2024-08-17,1959.32,Cash,Completed,Saturday,1,1,0
PAY0000980,INV0001061,SUP00001,DPT008,2024-11-28,1252.82,Bank Transfer,Completed,Thursday,0,0,0
PAY0000981,INV0001062,SUP00141,DPT007,2024-08-11,1046.05,Check,Completed,Sunday,1,0,0
PAY0000982,INV0001063,SUP00129,DPT011,2024-07-16,5703.01,Bank Transfer,Completed,Tuesday,0,0,0
PAY0000983,INV0001064,SUP00012,DPT011,2024-09-02,5760.6,Card,Completed,Monday,0,0,0
PAY0000984,INV0001065,SUP00004,DPT002,2024-11-09,5306.81,Bank Transfer,Completed,Saturday,1,0,0
PAY0000985,INV0001066,SUP00004,DPT003,2024-12-13,24213.82,Bank Transfer,Completed,Friday,0,0,0
PAY0000986,INV0001067,SUP00302,DPT009,2024-05-30,8315.11,Bank Transfer,Pending,Thursday,0,0,1
PAY0000987,INV0001068,SUP00130,DPT009,2024-03-17,6112.13,Bank Transfer,Completed,Sunday,1,0,0
PAY0000988,INV0001069,SUP00017,DPT001,2025-01-30,28095.48,Bank Transfer,Completed,Thursday,0,0,0
PAY0000989,INV0001070,SUP00222,DPT012,2025-03-09,18201.88,Bank Transfer,Completed,Sunday,1,0,0
PAY0000990,INV0001071,SUP00004,DPT010,2024-12-28,2556.72,Bank Transfer,Completed,Saturday,1,0,0
PAY0000991,INV0001073,SUP00007,DPT002,2025-01-03,45334.55,Bank Transfer,Completed,Friday,0,0,0
PAY0000992,INV0001074,SUP00181,DPT004,2024-05-04,19929.36,Bank Transfer,Completed,Saturday,1,0,0
PAY0000993,INV0001075,SUP00021,DPT004,2024-12-26,18312.51,Bank Transfer,Completed,Thursday,0,0,0
PAY0000994,INV0001076,SUP00110,DPT003,2024-11-13,9405.12,Bank Transfer,Completed,Wednesday,0,0,0
PAY0000995,INV0001077,SUP00008,DPT002,2024-09-04,8659.06,Bank Transfer,Completed,Wednesday,0,0,0
PAY0000996,INV0001079,SUP00203,DPT010,2024-07-13,1290.23,Bank Transfer,Completed,Saturday,1,0,0
PAY0000997,INV0001080,SUP00021,DPT005,2024-06-04,26464.89,Bank Transfer,Completed,Tuesday,0,0,0
PAY0000998,INV0001081,SUP00007,DPT006,2024-10-25,6940.24,Bank Transfer,Completed,Friday,0,0,0
PAY0000999,INV0001082,SUP00102,DPT002,2025-02-08,2070.29,Bank Transfer,Completed,Saturday,1,0,0
PAY0001000,INV0001083,SUP00009,DPT011,2024-12-05,1488.21,Bank Transfer,Completed,Thursday,0,0,0
PAY0001001,INV0001085,SUP00094,DPT007,2025-03-12,11698.64,Bank Transfer,Completed,Wednesday,0,0,0
PAY0001002,INV0001086,SUP00033,DPT003,2025-02-25,54053.92,Bank Transfer,Completed,Tuesday,0,0,0
PAY0001003,INV0001087,SUP00193,DPT002,2025-02-07,3420.29,Bank Transfer,Completed,Friday,0,0,0
PAY0001004,INV0001088,SUP00010,DPT006,2024-04-07,2164.87,Check,Completed,Sunday,1,0,0
PAY0001005,INV0001089,SUP00008,DPT009,2025-01-25,23843.65,Bank Transfer,Completed,Saturday,1,0,0
PAY0001006,INV0001090,SUP00108,DPT012,2024-03-17,100176.08,Check,Completed,Sunday,1,0,0
PAY0001007,INV0001091,SUP00144,DPT001,2024-06-24,25316.13,Bank Transfer,Completed,Monday,0,0,0
PAY0001008,INV0001092,SUP00021,DPT003,2024-05-30,1929.36,Bank Transfer,Completed,Thursday,0,0,0
PAY0001009,INV0001093,SUP00024,DPT004,2025-02-16,12749.9,Bank Transfer,Completed,Sunday,1,0,0
PAY0001010,INV0001094,SUP00005,DPT003,2024-03-29,48943.96,Bank Transfer,Completed,Friday,0,0,0
PAY0001011,INV0001095,SUP00027,DPT007,2025-01-24,1755.41,Card,Completed,Friday,0,0,0
PAY0001012,INV0001098,SUP00066,DPT002,2024-12-19,14317.08,Bank Transfer,Completed,Thursday,0,0,0
PAY0001013,INV0001099,SUP00001,DPT004,2024-03-12,25994.13,Bank Transfer,Completed,Tuesday,0,0,0
PAY0001014,INV0001100,SUP00012,DPT005,2024-06-13,2780.57,Bank Transfer,Completed,Thursday,0,0,0
PAY0001015,INV0001102,SUP00065,DPT009,2025-02-24,6407.22,Card,Completed,Monday,0,0,0
PAY0001016,INV0001103,SUP00003,DPT010,2024-05-24,3110.47,Bank Transfer,Completed,Friday,0,0,0
PAY0001017,INV0001104,SUP00025,DPT005,2024-09-30,25235.92,Bank Transfer,Completed,Monday,0,0,0
PAY0001018,INV0001106,SUP00017,DPT008,2024-04-25,19946.98,Bank Transfer,Completed,Thursday,0,0,0
PAY0001019,INV0001107,SUP00184,DPT011,2024-03-13,3277.11,Card,Completed,Wednesday,0,0,0
PAY0001020,INV0001108,SUP00009,DPT003,2024-05-10,69679.94,Bank Transfer,Completed,Friday,0,0,0
PAY0001021,INV0001109,SUP00025,DPT002,2024-11-20,1880.27,Bank Transfer,Completed,Wednesday,0,0,0
PAY0001022,INV0001110,SUP00030,DPT001,2024-08-23,22021.66,Bank Transfer,Completed,Friday,0,0,0
PAY0001023,INV0001111,SUP00234,DPT007,2024-11-28,2357.21,Cash,Completed,Thursday,0,1,0
PAY0001024,INV0001112,SUP00004,DPT005,2024-03-20,2844.73,Bank Transfer,Completed,Wednesday,0,0,0
PAY0001025,INV0001113,SUP00055,DPT002,2024-05-24,5495.17,Bank Transfer,Completed,Friday,0,0,0
PAY0001026,INV0001114,SUP00002,DPT002,2024-06-12,10230.3,Cash,Completed,Wednesday,0,1,0
PAY0001027,INV0001115,SUP00004,DPT007,2024-06-13,916.78,Bank Transfer,Completed,Thursday,0,0,0
PAY0001028,INV0001116,SUP00008,DPT004,2025-01-26,50671.49,Bank Transfer,Completed,Sunday,1,0,0
PAY0001029,INV0001117,SUP00155,DPT002,2024-07-04,19653.42,Bank Transfer,Completed,Thursday,0,0,0
PAY0001030,INV0001118,SUP00002,DPT006,2024-08-25,19774.28,Bank Transfer,Completed,Sunday,1,0,0
PAY0001031,INV0001119,SUP00288,DPT001,2024-05-07,4218.34,Check,Completed,Tuesday,0,0,0
PAY0001032,INV0001120,SUP00023,DPT001,2024-06-29,1552.17,Check,Failed,Saturday,1,0,1
PAY0001033,INV0001121,SUP00225,DPT002,2025-03-24,7826.22,Bank Transfer,Completed,Monday,0,0,0
PAY0001034,INV0001122,SUP00008,DPT003,2024-11-06,15852.25,Bank Transfer,Completed,Wednesday,0,0,0
PAY0001035,INV0001124,SUP00159,DPT001,2024-06-08,30139.72,Bank Transfer,Completed,Saturday,1,0,0
PAY0001036,INV0001125,SUP00018,DPT002,2024-07-20,4430.15,Bank Transfer,Completed,Saturday,1,0,0
PAY0001037,INV0001126,SUP00030,DPT008,2024-09-18,1302.61,Bank Transfer,Completed,Wednesday,0,0,0
PAY0001038,INV0001127,SUP00208,DPT009,2024-12-21,3099.0,Bank Transfer,Completed,Saturday,1,0,0
PAY0001039,INV0001128,SUP00115,DPT002,2024-05-16,6098.09,Cash,Completed,Thursday,0,1,0
PAY0001040,INV0001129,SUP00224,DPT006,2024-08-30,2678.19,Bank Transfer,Completed,Friday,0,0,0
PAY0001041,INV0001130,SUP00003,DPT002,2024-11-22,3321.65,Bank Transfer,Completed,Friday,0,0,0
PAY0001042,INV0001131,SUP00089,DPT010,2024-02-29,25177.28,Bank Transfer,Completed,Thursday,0,0,0
PAY0001043,INV0001132,SUP00085,DPT002,2024-08-25,2380.48,Bank Transfer,Completed,Sunday,1,0,0
PAY0001044,INV0001133,SUP00089,DPT001,2024-09-16,1290.5,Bank Transfer,Completed,Monday,0,0,0
PAY0001045,INV0001134,SUP00078,DPT004,2025-03-01,15391.78,Bank Transfer,Completed,Saturday,1,0,0
PAY0001046,INV0001136,SUP00228,DPT002,2025-01-27,1875.09,Bank Transfer,Completed,Monday,0,0,0
PAY0001047,INV0001137,SUP00008,DPT003,2024-03-07,13720.56,Bank Transfer,Completed,Thursday,0,0,0
PAY0001048,INV0001138,SUP00004,DPT007,2024-09-07,1627.5,Bank Transfer,Completed,Saturday,1,0,0
PAY0001049,INV0001139,SUP00003,DPT001,2024-05-26,2598.84,Bank Transfer,Completed,Sunday,1,0,0
PAY0001050,INV0001140,SUP00006,DPT003,2024-10-21,1691.47,Check,Completed,Monday,0,0,0
PAY0001051,INV0001141,SUP00118,DPT010,2024-09-15,3623.91,Bank Transfer,Completed,Sunday,1,0,0
PAY0001052,INV0001142,SUP00021,DPT003,2024-07-02,11561.32,Bank Transfer,Completed,Tuesday,0,0,0
PAY0001053,INV0001143,SUP00015,DPT002,2024-12-11,7967.49,Bank Transfer,Completed,Wednesday,0,0,0
PAY0001054,INV0001144,SUP00267,DPT005,2024-07-04,2319.25,Bank Transfer,Pending,Thursday,0,0,1
PAY0001055,INV0001145,SUP00262,DPT001,2024-04-07,7352.03,Bank Transfer,Completed,Sunday,1,0,0
PAY0001056,INV0001146,SUP00048,DPT009,2024-11-05,9404.7,Bank Transfer,Completed,Tuesday,0,0,0
PAY0001057,INV0001147,SUP00026,DPT002,2024-10-24,17672.3,Bank Transfer,Completed,Thursday,0,0,0
PAY0001058,INV0001148,SUP00009,DPT002,2024-08-24,9220.57,Bank Transfer,Completed,Saturday,1,0,0
PAY0001059,INV0001149,SUP00026,DPT009,2024-03-22,14378.54,Bank Transfer,Completed,Friday,0,0,0
PAY0001060,INV0001150,SUP00021,DPT009,2025-02-13,6552.11,Bank Transfer,Completed,Thursday,0,0,0
PAY0001061,INV0001151,SUP00001,DPT008,2024-06-02,2279.71,Bank Transfer,Completed,Sunday,1,0,0
PAY0001062,INV0001152,SUP00178,DPT002,2024-10-01,4936.8,Bank Transfer,Completed,Tuesday,0,0,0
PAY0001063,INV0001153,SUP00024,DPT005,2024-04-06,24198.42,Bank Transfer,Completed,Saturday,1,0,0
PAY0001064,INV0001154,SUP00008,DPT012,2024-03-03,25588.68,Bank Transfer,Completed,Sunday,1,0,0
PAY0001065,INV0001155,SUP00124,DPT004,2024-09-25,304.13,Bank Transfer,Completed,Wednesday,0,0,0
PAY0001066,INV0001156,SUP00025,DPT011,2024-03-27,12224.25,Bank Transfer,Completed,Wednesday,0,0,0
PAY0001067,INV0001157,SUP00011,DPT007,2024-10-09,10013.63,Bank Transfer,Completed,Wednesday,0,0,0
PAY0001068,INV0001158,SUP00008,DPT009,2024-02-14,9441.59,Bank Transfer,Completed,Wednesday,0,0,0
PAY0001069,INV0001160,SUP00030,DPT011,2025-01-06,3643.08,Bank Transfer,Completed,Monday,0,0,0
PAY0001070,INV0001161,SUP00017,DPT010,2024-10-12,959.0,Check,Completed,Saturday,1,0,0
PAY0001071,INV0001162,SUP00002,DPT009,2024-06-30,3525.45,Bank Transfer,Completed,Sunday,1,0,0
PAY0001072,INV0001163,SUP00210,DPT011,2024-03-14,11780.7,Bank Transfer,Completed,Thursday,0,0,0
PAY0001073,INV0001164,SUP00207,DPT009,2025-01-25,9941.32,Bank Transfer,Completed,Saturday,1,0,0
PAY0001074,INV0001165,SUP00029,DPT005,2024-12-15,24845.73,Bank Transfer,Completed,Sunday,1,0,0
PAY0001075,INV0001166,SUP00225,DPT006,2024-11-04,3289.36,Bank Transfer,Completed,Monday,0,0,0
PAY0001076,INV0001167,SUP00028,DPT009,2025-01-20,2186.69,Bank Transfer,Completed,Monday,0,0,0
PAY0001077,INV0001168,SUP00006,DPT008,2025-02-04,29382.74,Bank Transfer,Completed,Tuesday,0,0,0
PAY0001078,INV0001169,SUP00036,DPT006,2024-12-26,852.96,Bank Transfer,Completed,Thursday,0,0,0
PAY0001079,INV0001171,SUP00025,DPT010,2024-10-29,10537.71,Bank Transfer,Completed,Tuesday,0,0,0
PAY0001080,INV0001172,SUP00303,DPT001,2024-12-13,421.88,Bank Transfer,Completed,Friday,0,0,0
PAY0001081,INV0001173,SUP00015,DPT007,2024-05-01,1706.5,Check,Completed,Wednesday,0,0,0
PAY0001082,INV0001174,SUP00008,DPT005,2024-10-25,24977.24,Bank Transfer,Completed,Friday,0,0,0
PAY0001083,INV0001175,SUP00005,DPT009,2024-07-28,15571.9,Bank Transfer,Completed,Sunday,1,0,0
PAY0001084,INV0001176,SUP00252,DPT002,2024-06-09,2905.18,Cash,Completed,Sunday,1,1,0
PAY0001085,INV0001177,SUP00001,DPT005,2024-05-28,4474.43,Bank Transfer,Completed,Tuesday,0,0,0
PAY0001086,INV0001178,SUP00266,DPT001,2025-01-13,922.75,Bank Transfer,Completed,Monday,0,0,0
PAY0001087,INV0001179,SUP00003,DPT006,2024-05-13,2408.65,Bank Transfer,Completed,Monday,0,0,0
PAY0001088,INV0001180,SUP00175,DPT008,2024-06-03,2437.91,Bank Transfer,Completed,Monday,0,0,0
PAY0001089,INV0001181,SUP00010,DPT006,2024-05-25,4646.25,Bank Transfer,Completed,Saturday,1,0,0
PAY0001090,INV0001182,SUP00009,DPT005,2024-03-29,4271.43,Bank Transfer,Completed,Friday,0,0,0
PAY0001091,INV0001183,SUP00006,DPT003,2024-06-10,32247.67,Bank Transfer,Completed,Monday,0,0,0
PAY0001092,INV0001184,SUP00005,DPT006,2024-06-07,13336.06,Bank Transfer,Completed,Friday,0,0,0
PAY0001093,INV0001186,SUP00006,DPT008,2024-05-21,19020.33,Bank Transfer,Completed,Tuesday,0,0,0
PAY0001094,INV0001187,SUP00078,DPT001,2024-10-21,16707.79,Bank Transfer,Completed,Monday,0,0,0
PAY0001095,INV0001188,SUP00067,DPT004,2024-06-30,6528.42,Bank Transfer,Completed,Sunday,1,0,0
PAY0001096,INV0001189,SUP00010,DPT008,2024-06-09,18649.2,Bank Transfer,Completed,Sunday,1,0,0
PAY0001097,INV0001190,SUP00132,DPT004,2024-10-14,24121.9,Bank Transfer,Completed,Monday,0,0,0
PAY0001098,INV0001191,SUP00185,DPT006,2024-04-27,3353.87,Bank Transfer,Completed,Saturday,1,0,0
PAY0001099,INV0001193,SUP00024,DPT010,2024-02-10,11634.25,Check,Completed,Saturday,1,0,0
PAY0001100,INV0001194,SUP00017,DPT001,2024-10-10,2322.95,Bank Transfer,Completed,Thursday,0,0,0
PAY0001101,INV0001195,SUP00305,DPT005,2024-12-03,8342.69,Bank Transfer,Completed,Tuesday,0,0,0
PAY0001102,INV0001196,SUP00286,DPT006,2024-11-15,1818.14,Bank Transfer,Completed,Friday,0,0,0
PAY0001103,INV0001197,SUP00277,DPT010,2024-08-30,18046.39,Bank Transfer,Completed,Friday,0,0,0
PAY0001104,INV0001198,SUP00090,DPT002,2024-08-25,2591.15,Bank Transfer,Pending,Sunday,1,0,1
PAY0001105,INV0001199,SUP00095,DPT002,2024-11-12,4758.11,Bank Transfer,Completed,Tuesday,0,0,0
PAY0001106,INV0001200,SUP00278,DPT006,2024-08-14,4306.47,Bank Transfer,Completed,Wednesday,0,0,0
PAY0001107,INV0001201,SUP00028,DPT004,2024-03-19,1182.29,Bank Transfer,Completed,Tuesday,0,0,0
PAY0001108,INV0001202,SUP00007,DPT002,2024-06-05,21089.8,Bank Transfer,Completed,Wednesday,0,0,0
PAY0001109,INV0001203,SUP00312,DPT011,2024-03-10,25093.98,Bank Transfer,Completed,Sunday,1,0,0
PAY0001110,INV0001204,SUP00227,DPT003,2025-01-11,5103.0,Bank Transfer,Completed,Saturday,1,0,0
PAY0001111,INV0001205,SUP00002,DPT001,2024-08-30,2506.48,Bank Transfer,Completed,Friday,0,0,0
PAY0001112,INV0001206,SUP00004,DPT001,2024-08-01,4589.7,Bank Transfer,Completed,Thursday,0,0,0
PAY0001113,INV0001207,SUP00251,DPT002,2024-09-25,3274.46,Bank Transfer,Completed,Wednesday,0,0,0
PAY0001114,INV0001208,SUP00010,DPT001,2024-04-15,5824.76,Bank Transfer,Completed,Monday,0,0,0
PAY0001115,INV0001209,SUP00141,DPT004,2024-10-09,4099.26,Bank Transfer,Completed,Wednesday,0,0,0
PAY0001116,INV0001210,SUP00004,DPT001,2024-11-23,2126.19,Check,Completed,Saturday,1,0,0
PAY0001117,INV0001211,SUP00006,DPT005,2024-09-22,21861.42,Bank Transfer,Completed,Sunday,1,0,0
PAY0001118,INV0001212,SUP00171,DPT004,2024-05-30,4705.6,Bank Transfer,Completed,Thursday,0,0,0
PAY0001119,INV0001213,SUP00308,DPT006,2024-05-02,55346.92,Bank Transfer,Completed,Thursday,0,0,0
PAY0001120,INV0001214,SUP00030,DPT012,2024-04-21,5015.28,Bank Transfer,Completed,Sunday,1,0,0
PAY0001121,INV0001216,SUP00008,DPT004,2024-05-15,4307.94,Bank Transfer,Failed,Wednesday,0,0,1
PAY0001122,INV0001217,SUP00007,DPT003,2024-06-27,3934.83,Bank Transfer,Completed,Thursday,0,0,0
PAY0001123,INV0001218,SUP00282,DPT007,2024-02-15,5326.87,Bank Transfer,Completed,Thursday,0,0,0
PAY0001124,INV0001219,SUP00022,DPT003,2024-10-22,7925.37,Bank Transfer,Completed,Tuesday,0,0,0
PAY0001125,INV0001220,SUP00290,DPT009,2024-06-01,1658.89,Bank Transfer,Completed,Saturday,1,0,0
PAY0001126,INV0001221,SUP00238,DPT006,2024-08-03,1874.46,Card,Completed,Saturday,1,0,0
PAY0001127,INV0001222,SUP00025,DPT002,2024-05-11,14885.06,Bank Transfer,Completed,Saturday,1,0,0
PAY0001128,INV0001223,SUP00001,DPT004,2024-12-24,10820.8,Bank Transfer,Completed,Tuesday,0,0,0
PAY0001129,INV0001224,SUP00305,DPT010,2025-02-04,990.24,Bank Transfer,Completed,Tuesday,0,0,0
PAY0001130,INV0001225,SUP00001,DPT005,2024-10-15,11024.51,Bank Transfer,Completed,Tuesday,0,0,0
PAY0001131,INV0001226,SUP00236,DPT007,2024-10-30,15376.48,Bank Transfer,Completed,Wednesday,0,0,0
PAY0001132,INV0001227,SUP00021,DPT007,2024-08-14,8098.95,Bank Transfer,Completed,Wednesday,0,0,0
PAY0001133,INV0001228,SUP00010,DPT004,2024-02-20,909.94,Bank Transfer,Pending,Tuesday,0,0,1
PAY0001134,INV0001229,SUP00021,DPT003,2024-07-12,1298.21,Bank Transfer,Completed,Friday,0,0,0
PAY0001135,INV0001230,SUP00016,DPT006,2024-02-14,5600.27,Bank Transfer,Completed,Wednesday,0,0,0
PAY0001136,INV0001233,SUP00009,DPT001,2024-07-30,11891.32,Bank Transfer,Completed,Tuesday,0,0,0
PAY0001137,INV0001234,SUP00042,DPT011,2024-11-20,2828.29,Bank Transfer,Completed,Wednesday,0,0,0
PAY0001138,INV0001235,SUP00020,DPT008,2024-06-30,42604.51,Bank Transfer,Failed,Sunday,1,0,1
PAY0001139,INV0001236,SUP00274,DPT002,2024-09-24,6373.37,Bank Transfer,Completed,Tuesday,0,0,0
PAY0001140,INV0001237,SUP00257,DPT009,2024-06-01,1442.59,Bank Transfer,Completed,Saturday,1,0,0
PAY0001141,INV0001238,SUP00095,DPT008,2024-09-20,2335.01,Bank Transfer,Pending,Friday,0,0,1
PAY0001142,INV0001239,SUP00300,DPT008,2024-07-28,4998.53,Bank Transfer,Completed,Sunday,1,0,0
PAY0001143,INV0001241,SUP00003,DPT005,2024-09-01,2703.26,Bank Transfer,Completed,Sunday,1,0,0
PAY0001144,INV0001242,SUP00002,DPT005,2024-06-25,3352.81,Bank Transfer,Completed,Tuesday,0,0,0
PAY0001145,INV0001243,SUP00222,DPT003,2024-08-09,56251.17,Bank Transfer,Failed,Friday,0,0,1
PAY0001146,INV0001244,SUP00018,DPT005,2024-08-23,3063.51,Cash,Completed,Friday,0,1,0
PAY0001147,INV0001245,SUP00238,DPT002,2024-06-28,7341.15,Bank Transfer,Completed,Friday,0,0,0
PAY0001148,INV0001246,SUP00026,DPT010,2024-07-21,4404.38,Bank Transfer,Completed,Sunday,1,0,0
PAY0001149,INV0001247,SUP00001,DPT012,2024-05-17,99753.85,Bank Transfer,Completed,Friday,0,0,0
PAY0001150,INV0001248,SUP00042,DPT003,2025-03-14,12972.4,Bank Transfer,Completed,Friday,0,0,0
PAY0001151,INV0001249,SUP00081,DPT003,2024-09-22,473.77,Bank Transfer,Completed,Sunday,1,0,0
PAY0001152,INV0001250,SUP00025,DPT002,2024-03-23,7129.91,Bank Transfer,Completed,Saturday,1,0,0
PAY0001153,INV0001252,SUP00110,DPT002,2024-03-02,7290.32,Bank Transfer,Completed,Saturday,1,0,0
PAY0001154,INV0001253,SUP00016,DPT009,2024-05-08,4756.47,Bank Transfer,Completed,Wednesday,0,0,0
PAY0001155,INV0001254,SUP00155,DPT009,2024-12-01,4799.48,Bank Transfer,Completed,Sunday,1,0,0
PAY0001156,INV0001255,SUP00012,DPT003,2024-10-11,8363.83,Bank Transfer,Pending,Friday,0,0,1
PAY0001157,INV0001256,SUP00225,DPT009,2025-03-14,3171.0,Check,Completed,Friday,0,0,0
PAY0001158,INV0001257,SUP00010,DPT004,2024-06-20,57411.55,Bank Transfer,Completed,Thursday,0,0,0
PAY0001159,INV0001259,SUP00021,DPT010,2024-08-09,31267.56,Bank Transfer,Completed,Friday,0,0,0
PAY0001160,INV0001260,SUP00004,DPT004,2024-06-19,1397.51,Bank Transfer,Completed,Wednesday,0,0,0
PAY0001161,INV0001261,SUP00102,DPT001,2025-01-01,4517.51,Cash,Completed,Wednesday,0,1,0
PAY0001162,INV0001262,SUP00018,DPT006,2024-10-24,8545.79,Bank Transfer,Completed,Thursday,0,0,0
PAY0001163,INV0001263,SUP00105,DPT006,2025-01-06,2070.5,Bank Transfer,Completed,Monday,0,0,0
PAY0001164,INV0001264,SUP00049,DPT006,2024-07-09,1847.68,Bank Transfer,Completed,Tuesday,0,0,0
PAY0001165,INV0001265,SUP00002,DPT003,2025-04-03,4356.44,Check,Failed,Thursday,0,0,1
PAY0001166,INV0001266,SUP00007,DPT007,2024-12-06,16765.17,Bank Transfer,Completed,Friday,0,0,0
PAY0001167,INV0001267,SUP00144,DPT003,2024-09-08,6436.98,Bank Transfer,Completed,Sunday,1,0,0
PAY0001168,INV0001268,SUP00026,DPT004,2024-05-30,54275.99,Bank Transfer,Completed,Thursday,0,0,0
PAY0001169,INV0001270,SUP00001,DPT006,2024-03-17,25502.94,Bank Transfer,Completed,Sunday,1,0,0
PAY0001170,INV0001272,SUP00125,DPT001,2024-09-04,1014.84,Bank Transfer,Completed,Wednesday,0,0,0
PAY0001171,INV0001273,SUP00254,DPT001,2025-03-29,4479.13,Bank Transfer,Completed,Saturday,1,0,0
PAY0001172,INV0001274,SUP00069,DPT008,2024-09-30,25158.6,Bank Transfer,Completed,Monday,0,0,0
PAY0001173,INV0001275,SUP00049,DPT003,2024-06-19,4781.21,Card,Completed,Wednesday,0,0,0
PAY0001174,INV0001276,SUP00027,DPT003,2025-02-10,7555.56,Bank Transfer,Completed,Monday,0,0,0
PAY0001175,INV0001277,SUP00131,DPT005,2024-10-04,4218.88,Bank Transfer,Completed,Friday,0,0,0
PAY0001176,INV0001278,SUP00201,DPT004,2024-09-01,4357.4,Bank Transfer,Completed,Sunday,1,0,0
PAY0001177,INV0001279,SUP00008,DPT001,2024-11-25,58787.98,Bank Transfer,Completed,Monday,0,0,0
PAY0001178,INV0001280,SUP00152,DPT008,2024-03-06,6385.61,Bank Transfer,Completed,Wednesday,0,0,0
PAY0001179,INV0001281,SUP00008,DPT002,2024-04-25,5097.39,Bank Transfer,Completed,Thursday,0,0,0
PAY0001180,INV0001282,SUP00002,DPT009,2024-12-01,1914.99,Bank Transfer,Completed,Sunday,1,0,0
PAY0001181,INV0001284,SUP00002,DPT002,2024-05-23,3487.01,Bank Transfer,Completed,Thursday,0,0,0
PAY0001182,INV0001285,SUP00010,DPT008,2024-04-02,47512.5,Cash,Completed,Tuesday,0,1,0
PAY0001183,INV0001286,SUP00005,DPT007,2024-04-08,11480.95,Bank Transfer,Completed,Monday,0,0,0
PAY0001184,INV0001287,SUP00003,DPT012,2024-12-09,31887.03,Card,Completed,Monday,0,0,0
PAY0001185,INV0001288,SUP00005,DPT007,2024-05-09,7571.53,Bank Transfer,Completed,Thursday,0,0,0
PAY0001186,INV0001289,SUP00002,DPT004,2025-03-07,26059.28,Bank Transfer,Completed,Friday,0,0,0
PAY0001187,INV0001291,SUP00216,DPT007,2024-06-29,7950.02,Bank Transfer,Completed,Saturday,1,0,0
PAY0001188,INV0001292,SUP00057,DPT008,2024-05-03,2211.81,Bank Transfer,Completed,Friday,0,0,0
PAY0001189,INV0001293,SUP00003,DPT004,2024-04-23,3663.84,Bank Transfer,Completed,Tuesday,0,0,0
PAY0001190,INV0001294,SUP00017,DPT009,2024-12-22,6262.21,Bank Transfer,Completed,Sunday,1,0,0
PAY0001191,INV0001295,SUP00023,DPT003,2024-10-27,1956.54,Card,Completed,Sunday,1,0,0
PAY0001192,INV0001296,SUP00006,DPT012,2024-06-26,1121.62,Bank Transfer,Pending,Wednesday,0,0,1
PAY0001193,INV0001297,SUP00017,DPT003,2024-11-22,18252.05,Bank Transfer,Completed,Friday,0,0,0
PAY0001194,INV0001298,SUP00014,DPT001,2024-09-16,24111.8,Bank Transfer,Completed,Monday,0,0,0
PAY0001195,INV0001299,SUP00029,DPT002,2024-01-24,42192.26,Bank Transfer,Pending,Wednesday,0,0,1
PAY0001196,INV0001300,SUP00142,DPT011,2024-06-04,2310.83,Bank Transfer,Completed,Tuesday,0,0,0
PAY0001197,INV0001301,SUP00028,DPT009,2024-08-06,11667.9,Check,Completed,Tuesday,0,0,0
PAY0001198,INV0001302,SUP00003,DPT004,2024-10-22,12362.73,Bank Transfer,Completed,Tuesday,0,0,0
PAY0001199,INV0001303,SUP00002,DPT011,2024-09-28,1701.4,Bank Transfer,Completed,Saturday,1,0,0
PAY0001200,INV0001304,SUP00254,DPT002,2024-08-04,10392.47,Bank Transfer,Completed,Sunday,1,0,0
PAY0001201,INV0001305,SUP00140,DPT002,2024-10-11,7391.14,Bank Transfer,Completed,Friday,0,0,0
PAY0001202,INV0001306,SUP00118,DPT001,2024-04-16,12604.4,Bank Transfer,Completed,Tuesday,0,0,0
PAY0001203,INV0001307,SUP00269,DPT004,2024-02-08,23890.71,Bank Transfer,Completed,Thursday,0,0,0
PAY0001204,INV0001308,SUP00050,DPT005,2024-12-27,15556.29,Bank Transfer,Completed,Friday,0,0,0
PAY0001205,INV0001309,SUP00003,DPT002,2024-04-27,2229.21,Bank Transfer,Completed,Saturday,1,0,0
PAY0001206,INV0001310,SUP00152,DPT001,2024-08-17,5170.96,Bank Transfer,Completed,Saturday,1,0,0
PAY0001207,INV0001311,SUP00006,DPT004,2024-03-30,2362.89,Bank Transfer,Completed,Saturday,1,0,0
PAY0001208,INV0001312,SUP00124,DPT002,2025-02-03,3145.62,Bank Transfer,Completed,Monday,0,0,0
PAY0001209,INV0001313,SUP00020,DPT005,2024-10-10,10570.47,Cash,Completed,Thursday,0,1,0
PAY0001210,INV0001314,SUP00001,DPT005,2025-01-21,11704.57,Bank Transfer,Completed,Tuesday,0,0,0
PAY0001211,INV0001315,SUP00002,DPT002,2025-02-28,11965.36,Bank Transfer,Completed,Friday,0,0,0
PAY0001212,INV0001316,SUP00019,DPT001,2024-05-06,8295.58,Bank Transfer,Completed,Monday,0,0,0
PAY0001213,INV0001317,SUP00081,DPT006,2024-06-30,10014.54,Bank Transfer,Completed,Sunday,1,0,0
PAY0001214,INV0001319,SUP00004,DPT004,2024-10-19,28678.68,Bank Transfer,Completed,Saturday,1,0,0
PAY0001215,INV0001320,SUP00017,DPT005,2024-12-13,12533.62,Bank Transfer,Completed,Friday,0,0,0
PAY0001216,INV0001321,SUP00205,DPT012,2024-08-22,5829.9,Bank Transfer,Completed,Thursday,0,0,0
PAY0001217,INV0001322,SUP00193,DPT008,2024-08-08,20052.57,Bank Transfer,Completed,Thursday,0,0,0
PAY0001218,INV0001323,SUP00134,DPT003,2024-07-03,3469.28,Check,Completed,Wednesday,0,0,0
PAY0001219,INV0001324,SUP00022,DPT010,2025-01-15,6981.84,Bank Transfer,Completed,Wednesday,0,0,0
PAY0001220,INV0001325,SUP00024,DPT005,2024-09-04,16571.05,Bank Transfer,Completed,Wednesday,0,0,0
PAY0001221,INV0001326,SUP00008,DPT005,2024-07-08,1505.75,Bank Transfer,Completed,Monday,0,0,0
PAY0001222,INV0001327,SUP00005,DPT007,2024-08-16,79060.14,Check,Completed,Friday,0,0,0
PAY0001223,INV0001328,SUP00001,DPT004,2024-07-27,3038.78,Bank Transfer,Completed,Saturday,1,0,0
PAY0001224,INV0001329,SUP00238,DPT010,2024-05-26,3570.83,Bank Transfer,Completed,Sunday,1,0,0
PAY0001225,INV0001330,SUP00029,DPT002,2024-09-16,6191.45,Bank Transfer,Completed,Monday,0,0,0
PAY0001226,INV0001331,SUP00001,DPT004,2024-10-03,14170.6,Card,Completed,Thursday,0,0,0
PAY0001227,INV0001332,SUP00043,DPT001,2025-01-11,15686.04,Bank Transfer,Completed,Saturday,1,0,0
PAY0001228,INV0001333,SUP00009,DPT007,2024-07-22,33116.71,Bank Transfer,Completed,Monday,0,0,0
PAY0001229,INV0001335,SUP00127,DPT004,2025-02-06,8556.88,Bank Transfer,Completed,Thursday,0,0,0
PAY0001230,INV0001336,SUP00208,DPT010,2024-04-26,1008.91,Bank Transfer,Completed,Friday,0,0,0
PAY0001231,INV0001338,SUP00259,DPT001,2024-09-24,5360.23,Bank Transfer,Completed,Tuesday,0,0,0
PAY0001232,INV0001339,SUP00008,DPT005,2024-04-25,9040.67,Bank Transfer,Completed,Thursday,0,0,0
PAY0001233,INV0001340,SUP00121,DPT004,2024-01-31,5753.4,Bank Transfer,Completed,Wednesday,0,0,0
PAY0001234,INV0001341,SUP00256,DPT001,2024-12-04,10827.79,Bank Transfer,Pending,Wednesday,0,0,1
PAY0001235,INV0001342,SUP00011,DPT003,2025-01-11,5548.02,Bank Transfer,Completed,Saturday,1,0,0
PAY0001236,INV0001343,SUP00202,DPT002,2024-06-08,4620.45,Bank Transfer,Completed,Saturday,1,0,0
PAY0001237,INV0001344,SUP00285,DPT002,2024-08-15,93751.74,Bank Transfer,Completed,Thursday,0,0,0
PAY0001238,INV0001345,SUP00110,DPT009,2024-11-09,4391.12,Bank Transfer,Completed,Saturday,1,0,0
PAY0001239,INV0001346,SUP00006,DPT003,2024-03-07,19193.13,Bank Transfer,Completed,Thursday,0,0,0
PAY0001240,INV0001347,SUP00009,DPT004,2024-01-25,1332.73,Check,Completed,Thursday,0,0,0
PAY0001241,INV0001348,SUP00132,DPT002,2024-12-04,6798.67,Bank Transfer,Completed,Wednesday,0,0,0
PAY0001242,INV0001349,SUP00242,DPT011,2024-05-15,2792.81,Bank Transfer,Completed,Wednesday,0,0,0
PAY0001243,INV0001350,SUP00001,DPT009,2024-10-20,59495.78,Bank Transfer,Completed,Sunday,1,0,0
PAY0001244,INV0001351,SUP00013,DPT004,2024-06-20,3140.27,Bank Transfer,Completed,Thursday,0,0,0
PAY0001245,INV0001352,SUP00008,DPT008,2024-06-15,5983.87,Bank Transfer,Completed,Saturday,1,0,0
PAY0001246,INV0001353,SUP00022,DPT003,2024-12-19,2303.07,Bank Transfer,Pending,Thursday,0,0,1
PAY0001247,INV0001354,SUP00184,DPT001,2024-09-05,2173.25,Bank Transfer,Completed,Thursday,0,0,0
PAY0001248,INV0001355,SUP00030,DPT004,2024-05-17,5392.19,Check,Completed,Friday,0,0,0
PAY0001249,INV0001356,SUP00036,DPT005,2024-10-27,9042.91,Bank Transfer,Completed,Sunday,1,0,0
PAY0001250,INV0001357,SUP00090,DPT003,2024-06-12,20814.66,Bank Transfer,Completed,Wednesday,0,0,0
PAY0001251,INV0001358,SUP00035,DPT004,2024-04-01,3100.39,Bank Transfer,Completed,Monday,0,0,0
PAY0001252,INV0001359,SUP00137,DPT007,2024-06-04,3027.8,Bank Transfer,Completed,Tuesday,0,0,0
PAY0001253,INV0001360,SUP00004,DPT010,2024-06-26,25985.34,Bank Transfer,Completed,Wednesday,0,0,0
PAY0001254,INV0001361,SUP00001,DPT010,2025-03-04,36745.85,Bank Transfer,Completed,Tuesday,0,0,0
PAY0001255,INV0001362,SUP00218,DPT005,2024-08-08,5550.32,Check,Completed,Thursday,0,0,0
PAY0001256,INV0001363,SUP00028,DPT006,2024-06-24,10316.49,Bank Transfer,Completed,Monday,0,0,0
PAY0001257,INV0001364,SUP00010,DPT005,2024-09-22,40441.12,Bank Transfer,Completed,Sunday,1,0,0
PAY0001258,INV0001365,SUP00025,DPT003,2024-07-28,124558.0,Bank Transfer,Completed,Sunday,1,0,0
PAY0001259,INV0001366,SUP00114,DPT008,2024-12-19,9797.37,Cash,Completed,Thursday,0,1,0
PAY0001260,INV0001367,SUP00004,DPT001,2024-07-13,14491.9,Bank Transfer,Completed,Saturday,1,0,0
PAY0001261,INV0001369,SUP00004,DPT003,2025-01-23,1070.5,Bank Transfer,Completed,Thursday,0,0,0
PAY0001262,INV0001370,SUP00238,DPT002,2024-09-16,8935.12,Bank Transfer,Completed,Monday,0,0,0
PAY0001263,INV0001371,SUP00062,DPT003,2024-01-31,29155.99,Bank Transfer,Completed,Wednesday,0,0,0
PAY0001264,INV0001372,SUP00209,DPT009,2024-01-24,25040.53,Check,Completed,Wednesday,0,0,0
PAY0001265,INV0001373,SUP00156,DPT002,2024-08-01,710.08,Bank Transfer,Completed,Thursday,0,0,0
PAY0001266,INV0001375,SUP00014,DPT003,2024-08-21,779.15,Bank Transfer,Completed,Wednesday,0,0,0
PAY0001267,INV0001376,SUP00005,DPT006,2024-09-08,985.5,Bank Transfer,Completed,Sunday,1,0,0
PAY0001268,INV0001377,SUP00257,DPT006,2025-01-25,927.01,Bank Transfer,Completed,Saturday,1,0,0
PAY0001269,INV0001378,SUP00252,DPT012,2024-06-09,587.11,Card,Completed,Sunday,1,0,0
PAY0001270,INV0001379,SUP00252,DPT003,2024-09-24,20301.44,Bank Transfer,Completed,Tuesday,0,0,0
PAY0001271,INV0001381,SUP00082,DPT002,2024-04-01,64312.28,Bank Transfer,Completed,Monday,0,0,0
PAY0001272,INV0001382,SUP00033,DPT004,2025-02-22,13739.63,Check,Completed,Saturday,1,0,0
PAY0001273,INV0001383,SUP00201,DPT009,2025-01-05,63661.73,Bank Transfer,Completed,Sunday,1,0,0
PAY0001274,INV0001384,SUP00004,DPT002,2024-07-09,2825.39,Bank Transfer,Pending,Tuesday,0,0,1
PAY0001275,INV0001385,SUP00192,DPT012,2024-12-17,9112.11,Bank Transfer,Completed,Tuesday,0,0,0
PAY0001276,INV0001386,SUP00210,DPT001,2024-04-24,1363.81,Bank Transfer,Completed,Wednesday,0,0,0
PAY0001277,INV0001387,SUP00071,DPT009,2024-02-20,4252.84,Check,Completed,Tuesday,0,0,0
PAY0001278,INV0001388,SUP00019,DPT007,2024-05-05,31453.86,Bank Transfer,Completed,Sunday,1,0,0
PAY0001279,INV0001389,SUP00118,DPT011,2024-04-19,5820.09,Bank Transfer,Completed,Friday,0,0,0
PAY0001280,INV0001390,SUP00270,DPT005,2024-07-15,4561.2,Bank Transfer,Completed,Monday,0,0,0
PAY0001281,INV0001391,SUP00006,DPT007,2024-06-06,5679.8,Bank Transfer,Completed,Thursday,0,0,0
PAY0001282,INV0001392,SUP00011,DPT001,2025-01-23,6955.62,Card,Completed,Thursday,0,0,0
PAY0001283,INV0001393,SUP00127,DPT004,2024-08-05,7036.27,Bank Transfer,Completed,Monday,0,0,0
PAY0001284,INV0001394,SUP00222,DPT009,2024-04-25,27881.61,Bank Transfer,Completed,Thursday,0,0,0
PAY0001285,INV0001395,SUP00115,DPT001,2024-05-08,2588.87,Bank Transfer,Completed,Wednesday,0,0,0
PAY0001286,INV0001396,SUP00079,DPT009,2024-08-10,4748.74,Card,Completed,Saturday,1,0,0
PAY0001287,INV0001397,SUP00003,DPT003,2024-04-04,6629.84,Bank Transfer,Completed,Thursday,0,0,0
PAY0001288,INV0001398,SUP00023,DPT003,2024-09-03,2160.76,Bank Transfer,Completed,Tuesday,0,0,0
PAY0001289,INV0001399,SUP00256,DPT006,2024-02-17,3508.7,Cash,Completed,Saturday,1,1,0
PAY0001290,INV0001400,SUP00016,DPT001,2024-09-06,14441.07,Bank Transfer,Completed,Friday,0,0,0
PAY0001291,INV0001401,SUP00018,DPT006,2024-11-05,2306.05,Bank Transfer,Completed,Tuesday,0,0,0
PAY0001292,INV0001402,SUP00016,DPT011,2024-11-05,146128.59,Check,Completed,Tuesday,0,0,0
PAY0001293,INV0001403,SUP00016,DPT001,2024-02-22,38618.09,Bank Transfer,Completed,Thursday,0,0,0
PAY0001294,INV0001404,SUP00020,DPT002,2024-11-30,7369.77,Check,Completed,Saturday,1,0,0
PAY0001295,INV0001405,SUP00187,DPT001,2024-08-20,11539.91,Bank Transfer,Completed,Tuesday,0,0,0
PAY0001296,INV0001406,SUP00025,DPT005,2024-11-17,14603.23,Bank Transfer,Completed,Sunday,1,0,0
PAY0001297,INV0001407,SUP00089,DPT008,2024-07-06,11330.13,Bank Transfer,Completed,Saturday,1,0,0
PAY0001298,INV0001408,SUP00024,DPT011,2024-09-26,6810.77,Bank Transfer,Completed,Thursday,0,0,0
PAY0001299,INV0001409,SUP00246,DPT003,2024-05-22,142085.93,Bank Transfer,Completed,Wednesday,0,0,0
PAY0001300,INV0001410,SUP00006,DPT002,2024-04-10,2613.67,Bank Transfer,Completed,Wednesday,0,0,0
PAY0001301,INV0001411,SUP00005,DPT001,2024-07-21,3828.35,Bank Transfer,Completed,Sunday,1,0,0
PAY0001302,INV0001412,SUP00021,DPT003,2024-11-26,6497.96,Bank Transfer,Completed,Tuesday,0,0,0
PAY0001303,INV0001414,SUP00143,DPT011,2024-09-13,61252.94,Bank Transfer,Completed,Friday,0,0,0
PAY0001304,INV0001415,SUP00094,DPT002,2024-06-19,5995.72,Bank Transfer,Completed,Wednesday,0,0,0
PAY0001305,INV0001416,SUP00019,DPT009,2024-07-08,11626.17,Bank Transfer,Completed,Monday,0,0,0
PAY0001306,INV0001417,SUP00010,DPT004,2024-11-08,9454.59,Bank Transfer,Completed,Friday,0,0,0
PAY0001307,INV0001418,SUP00295,DPT010,2024-12-29,5629.08,Check,Completed,Sunday,1,0,0
PAY0001308,INV0001419,SUP00022,DPT010,2024-05-11,24779.36,Check,Completed,Saturday,1,0,0
PAY0001309,INV0001420,SUP00150,DPT010,2024-11-06,9859.03,Bank Transfer,Completed,Wednesday,0,0,0
PAY0001310,INV0001421,SUP00209,DPT004,2025-01-04,18485.3,Bank Transfer,Completed,Saturday,1,0,0
PAY0001311,INV0001422,SUP00118,DPT003,2024-08-13,4317.96,Bank Transfer,Completed,Tuesday,0,0,0
PAY0001312,INV0001423,SUP00008,DPT002,2024-08-25,3286.02,Bank Transfer,Completed,Sunday,1,0,0
PAY0001313,INV0001424,SUP00010,DPT002,2025-02-01,3961.28,Check,Completed,Saturday,1,0,0
PAY0001314,INV0001425,SUP00001,DPT006,2024-10-13,8507.56,Bank Transfer,Completed,Sunday,1,0,0
PAY0001315,INV0001426,SUP00302,DPT012,2024-09-06,21161.49,Bank Transfer,Completed,Friday,0,0,0
PAY0001316,INV0001427,SUP00223,DPT006,2025-01-10,66327.19,Bank Transfer,Completed,Friday,0,0,0
PAY0001317,INV0001428,SUP00020,DPT004,2025-01-19,7330.49,Bank Transfer,Completed,Sunday,1,0,0
PAY0001318,INV0001429,SUP00257,DPT002,2024-12-11,51627.93,Bank Transfer,Completed,Wednesday,0,0,0
PAY0001319,INV0001430,SUP00006,DPT006,2024-11-24,12134.68,Bank Transfer,Completed,Sunday,1,0,0
PAY0001320,INV0001431,SUP00002,DPT002,2024-06-04,2731.9,Bank Transfer,Completed,Tuesday,0,0,0
PAY0001321,INV0001432,SUP00005,DPT001,2024-10-24,6805.06,Check,Completed,Thursday,0,0,0
PAY0001322,INV0001433,SUP00252,DPT001,2024-07-10,14576.47,Bank Transfer,Completed,Wednesday,0,0,0
PAY0001323,INV0001435,SUP00003,DPT003,2025-02-17,3380.98,Bank Transfer,Completed,Monday,0,0,0
PAY0001324,INV0001436,SUP00007,DPT011,2024-07-13,4129.29,Card,Completed,Saturday,1,0,0
PAY0001325,INV0001437,SUP00021,DPT004,2024-10-15,4039.28,Bank Transfer,Completed,Tuesday,0,0,0
PAY0001326,INV0001438,SUP00029,DPT007,2024-09-08,4718.76,Card,Completed,Sunday,1,0,0
PAY0001327,INV0001439,SUP00008,DPT009,2024-09-17,8357.61,Bank Transfer,Completed,Tuesday,0,0,0
PAY0001328,INV0001440,SUP00206,DPT010,2024-12-08,53036.97,Bank Transfer,Completed,Sunday,1,0,0
PAY0001329,INV0001441,SUP00297,DPT002,2024-11-22,3668.03,Bank Transfer,Completed,Friday,0,0,0
PAY0001330,INV0001442,SUP00010,DPT002,2024-12-27,918.5,Bank Transfer,Completed,Friday,0,0,0
PAY0001331,INV0001443,SUP00280,DPT002,2025-01-09,850.24,Bank Transfer,Completed,Thursday,0,0,0
PAY0001332,INV0001445,SUP00253,DPT002,2024-07-18,3297.88,Bank Transfer,Completed,Thursday,0,0,0
PAY0001333,INV0001446,SUP00002,DPT006,2024-12-12,8038.36,Bank Transfer,Completed,Thursday,0,0,0
PAY0001334,INV0001447,SUP00223,DPT003,2025-01-09,2657.96,Bank Transfer,Completed,Thursday,0,0,0
PAY0001335,INV0001448,SUP00076,DPT012,2024-05-20,5042.44,Bank Transfer,Completed,Monday,0,0,0
PAY0001336,INV0001449,SUP00002,DPT009,2025-01-26,4002.6,Bank Transfer,Completed,Sunday,1,0,0
PAY0001337,INV0001450,SUP00175,DPT008,2024-11-20,2742.82,Bank Transfer,Completed,Wednesday,0,0,0
PAY0001338,INV0001451,SUP00008,DPT007,2024-08-02,49768.76,Check,Completed,Friday,0,0,0
PAY0001339,INV0001452,SUP00201,DPT001,2024-06-13,101084.11,Bank Transfer,Completed,Thursday,0,0,0
PAY0001340,INV0001453,SUP00100,DPT001,2024-08-30,12557.79,Check,Pending,Friday,0,0,1
PAY0001341,INV0001454,SUP00029,DPT004,2024-10-04,62895.48,Bank Transfer,Completed,Friday,0,0,0
PAY0001342,INV0001455,SUP00001,DPT011,2024-06-17,1348.26,Check,Completed,Monday,0,0,0
PAY0001343,INV0001456,SUP00255,DPT001,2024-09-03,4657.19,Bank Transfer,Completed,Tuesday,0,0,0
PAY0001344,INV0001457,SUP00005,DPT004,2024-08-25,4066.27,Bank Transfer,Completed,Sunday,1,0,0
PAY0001345,INV0001458,SUP00220,DPT009,2024-12-04,13641.3,Bank Transfer,Completed,Wednesday,0,0,0
PAY0001346,INV0001459,SUP00137,DPT003,2024-07-10,1442.6,Bank Transfer,Completed,Wednesday,0,0,0
PAY0001347,INV0001460,SUP00003,DPT011,2024-10-21,12885.74,Bank Transfer,Completed,Monday,0,0,0
PAY0001348,INV0001461,SUP00050,DPT011,2024-02-25,1180.51,Card,Completed,Sunday,1,0,0
PAY0001349,INV0001462,SUP00298,DPT001,2024-05-31,14088.45,Bank Transfer,Completed,Friday,0,0,0
PAY0001350,INV0001463,SUP00275,DPT006,2024-12-16,22798.88,Bank Transfer,Completed,Monday,0,0,0
PAY0001351,INV0001464,SUP00005,DPT002,2024-08-21,1618.05,Bank Transfer,Completed,Wednesday,0,0,0
PAY0001352,INV0001465,SUP00006,DPT004,2024-06-08,3984.31,Bank Transfer,Completed,Saturday,1,0,0
PAY0001353,INV0001466,SUP00006,DPT010,2024-08-12,23402.96,Bank Transfer,Completed,Monday,0,0,0
PAY0001354,INV0001467,SUP00177,DPT001,2025-01-10,30938.1,Bank Transfer,Completed,Friday,0,0,0
PAY0001355,INV0001468,SUP00006,DPT011,2024-08-20,1165.61,Bank Transfer,Completed,Tuesday,0,0,0
PAY0001356,INV0001469,SUP00003,DPT012,2024-12-12,9244.04,Bank Transfer,Completed,Thursday,0,0,0
PAY0001357,INV0001471,SUP00301,DPT003,2024-05-04,5856.25,Bank Transfer,Completed,Saturday,1,0,0
PAY0001358,INV0001472,SUP00011,DPT002,2024-12-27,30357.67,Bank Transfer,Completed,Friday,0,0,0
PAY0001359,INV0001473,SUP00158,DPT004,2024-04-04,3215.89,Bank Transfer,Completed,Thursday,0,0,0
PAY0001360,INV0001474,SUP00005,DPT002,2024-03-11,3664.77,Bank Transfer,Completed,Monday,0,0,0
PAY0001361,INV0001475,SUP00097,DPT001,2024-05-25,2843.26,Bank Transfer,Completed,Saturday,1,0,0
PAY0001362,INV0001476,SUP00073,DPT001,2024-03-15,7640.64,Bank Transfer,Completed,Friday,0,0,0
PAY0001363,INV0001477,SUP00264,DPT007,2024-11-14,4336.07,Bank Transfer,Completed,Thursday,0,0,0
PAY0001364,INV0001478,SUP00153,DPT001,2024-09-08,16386.26,Card,Failed,Sunday,1,0,1
PAY0001365,INV0001479,SUP00004,DPT003,2024-04-05,4109.31,Bank Transfer,Pending,Friday,0,0,1
PAY0001366,INV0001480,SUP00020,DPT007,2024-06-03,4954.56,Bank Transfer,Completed,Monday,0,0,0
PAY0001367,INV0001481,SUP00001,DPT002,2024-11-24,8048.49,Card,Completed,Sunday,1,0,0
PAY0001368,INV0001482,SUP00008,DPT003,2024-08-08,2413.38,Bank Transfer,Completed,Thursday,0,0,0
PAY0001369,INV0001483,SUP00304,DPT001,2024-10-29,20529.93,Bank Transfer,Completed,Tuesday,0,0,0
PAY0001370,INV0001484,SUP00025,DPT001,2024-05-29,13952.53,Bank Transfer,Completed,Wednesday,0,0,0
PAY0001371,INV0001485,SUP00242,DPT002,2025-02-12,13856.42,Bank Transfer,Completed,Wednesday,0,0,0
PAY0001372,INV0001486,SUP00001,DPT001,2024-07-06,1913.31,Bank Transfer,Completed,Saturday,1,0,0
PAY0001373,INV0001487,SUP00250,DPT004,2024-12-30,38172.63,Bank Transfer,Completed,Monday,0,0,0
PAY0001374,INV0001488,SUP00255,DPT001,2024-06-25,751.04,Bank Transfer,Completed,Tuesday,0,0,0
PAY0001375,INV0001489,SUP00116,DPT003,2024-12-04,14916.67,Check,Completed,Wednesday,0,0,0
PAY0001376,INV0001490,SUP00004,DPT008,2024-09-14,7480.88,Cash,Completed,Saturday,1,1,0
PAY0001377,INV0001491,SUP00247,DPT006,2024-09-24,13664.58,Bank Transfer,Completed,Tuesday,0,0,0
PAY0001378,INV0001492,SUP00261,DPT003,2024-02-19,4909.47,Bank Transfer,Completed,Monday,0,0,0
PAY0001379,INV0001493,SUP00007,DPT011,2024-12-02,6883.98,Bank Transfer,Completed,Monday,0,0,0
PAY0001380,INV0001494,SUP00285,DPT009,2024-07-14,14836.81,Bank Transfer,Pending,Sunday,1,0,1
PAY0001381,INV0001495,SUP00250,DPT006,2024-05-06,6376.44,Cash,Completed,Monday,0,1,0
PAY0001382,INV0001497,SUP00019,DPT001,2024-11-04,8379.55,Bank Transfer,Completed,Monday,0,0,0
PAY0001383,INV0001498,SUP00014,DPT004,2025-01-05,80673.64,Check,Completed,Sunday,1,0,0
PAY0001384,INV0001499,SUP00029,DPT005,2024-12-19,1032.94,Bank Transfer,Completed,Thursday,0,0,0
PAY0001385,INV0001500,SUP00255,DPT012,2024-05-25,28446.11,Bank Transfer,Completed,Saturday,1,0,0
PAY0001386,INV0001501,SUP00246,DPT011,2024-05-24,10611.88,Bank Transfer,Completed,Friday,0,0,0
PAY0001387,INV0001502,SUP00006,DPT001,2024-09-24,9474.95,Bank Transfer,Completed,Tuesday,0,0,0
PAY0001388,INV0001503,SUP00056,DPT012,2024-08-17,1464.64,Bank Transfer,Completed,Saturday,1,0,0
PAY0001389,INV0001504,SUP00046,DPT008,2024-07-02,23773.27,Bank Transfer,Completed,Tuesday,0,0,0
PAY0001390,INV0001505,SUP00025,DPT007,2024-09-28,1710.69,Bank Transfer,Completed,Saturday,1,0,0
PAY0001391,INV0001506,SUP00152,DPT011,2024-02-17,34248.88,Check,Completed,Saturday,1,0,0
PAY0001392,INV0001507,SUP00112,DPT003,2024-06-27,3463.32,Bank Transfer,Completed,Thursday,0,0,0
PAY0001393,INV0001508,SUP00010,DPT004,2024-05-27,34540.26,Bank Transfer,Completed,Monday,0,0,0
PAY0001394,INV0001509,SUP00015,DPT010,2024-01-31,2934.38,Bank Transfer,Failed,Wednesday,0,0,1
PAY0001395,INV0001510,SUP00255,DPT001,2025-01-09,2195.87,Bank Transfer,Completed,Thursday,0,0,0
PAY0001396,INV0001512,SUP00024,DPT009,2025-05-30,2725.6,Bank Transfer,Completed,Friday,0,0,0
PAY0001397,INV0001513,SUP00305,DPT010,2024-12-25,4883.78,Bank Transfer,Completed,Wednesday,0,0,0
PAY0001398,INV0001514,SUP00236,DPT002,2024-03-07,44009.51,Bank Transfer,Completed,Thursday,0,0,0
PAY0001399,INV0001515,SUP00143,DPT007,2024-05-24,3420.37,Card,Completed,Friday,0,0,0
PAY0001400,INV0001516,SUP00010,DPT001,2024-06-27,7697.35,Bank Transfer,Completed,Thursday,0,0,0
PAY0001401,INV0001517,SUP00101,DPT010,2024-09-21,39515.6,Bank Transfer,Completed,Saturday,1,0,0
PAY0001402,INV0001518,SUP00109,DPT004,2025-02-02,8505.01,Bank Transfer,Completed,Sunday,1,0,0
PAY0001403,INV0001520,SUP00002,DPT010,2024-09-09,12347.56,Card,Completed,Monday,0,0,0
PAY0001404,INV0001522,SUP00030,DPT004,2025-01-04,6089.77,Bank Transfer,Completed,Saturday,1,0,0
PAY0001405,INV0001523,SUP00291,DPT004,2024-10-20,12373.0,Bank Transfer,Completed,Sunday,1,0,0
PAY0001406,INV0001524,SUP00160,DPT006,2024-10-24,51446.36,Bank Transfer,Completed,Thursday,0,0,0
PAY0001407,INV0001525,SUP00004,DPT007,2025-03-19,4241.46,Bank Transfer,Completed,Wednesday,0,0,0
PAY0001408,INV0001526,SUP00010,DPT009,2025-03-21,10562.72,Cash,Completed,Friday,0,1,0
PAY0001409,INV0001528,SUP00025,DPT003,2024-11-16,20957.21,Check,Completed,Saturday,1,0,0
PAY0001410,INV0001529,SUP00001,DPT004,2024-07-06,943.73,Card,Completed,Saturday,1,0,0
PAY0001411,INV0001530,SUP00282,DPT001,2024-04-16,4577.16,Cash,Completed,Tuesday,0,1,0
PAY0001412,INV0001531,SUP00264,DPT008,2024-11-27,20417.6,Bank Transfer,Completed,Wednesday,0,0,0
PAY0001413,INV0001532,SUP00276,DPT005,2024-11-04,5296.0,Bank Transfer,Completed,Monday,0,0,0
PAY0001414,INV0001533,SUP00023,DPT001,2024-10-06,803.38,Bank Transfer,Completed,Sunday,1,0,0
PAY0001415,INV0001534,SUP00222,DPT006,2024-03-22,2661.65,Bank Transfer,Completed,Friday,0,0,0
PAY0001416,INV0001536,SUP00032,DPT008,2024-11-20,38585.55,Bank Transfer,Completed,Wednesday,0,0,0
PAY0001417,INV0001537,SUP00003,DPT002,2024-10-31,15629.22,Bank Transfer,Completed,Thursday,0,0,0
PAY0001418,INV0001538,SUP00006,DPT001,2024-07-09,17733.64,Bank Transfer,Completed,Tuesday,0,0,0
PAY0001419,INV0001539,SUP00008,DPT001,2024-03-06,1540.15,Bank Transfer,Completed,Wednesday,0,0,0
PAY0001420,INV0001540,SUP00259,DPT004,2024-11-26,6345.27,Bank Transfer,Completed,Tuesday,0,0,0
PAY0001421,INV0001541,SUP00123,DPT008,2024-06-04,37962.98,Bank Transfer,Failed,Tuesday,0,0,1
PAY0001422,INV0001542,SUP00310,DPT006,2024-05-03,17877.97,Check,Completed,Friday,0,0,0
PAY0001423,INV0001543,SUP00065,DPT001,2024-03-31,3489.01,Check,Completed,Sunday,1,0,0
PAY0001424,INV0001544,SUP00003,DPT006,2024-03-06,15407.99,Bank Transfer,Pending,Wednesday,0,0,1
PAY0001425,INV0001545,SUP00027,DPT004,2024-04-21,1462.79,Bank Transfer,Completed,Sunday,1,0,0
PAY0001426,INV0001546,SUP00004,DPT009,2024-03-26,2384.53,Bank Transfer,Completed,Tuesday,0,0,0
PAY0001427,INV0001547,SUP00262,DPT002,2024-02-24,9948.92,Bank Transfer,Completed,Saturday,1,0,0
PAY0001428,INV0001549,SUP00007,DPT006,2024-03-11,13047.69,Bank Transfer,Completed,Monday,0,0,0
PAY0001429,INV0001550,SUP00032,DPT006,2024-04-22,2121.5,Bank Transfer,Completed,Monday,0,0,0
PAY0001430,INV0001551,SUP00207,DPT004,2024-07-19,5612.84,Bank Transfer,Completed,Friday,0,0,0
PAY0001431,INV0001553,SUP00002,DPT002,2024-06-19,3162.17,Bank Transfer,Completed,Wednesday,0,0,0
PAY0001432,INV0001554,SUP00169,DPT009,2025-01-10,1884.33,Bank Transfer,Pending,Friday,0,0,1
PAY0001433,INV0001555,SUP00002,DPT006,2024-08-31,25491.66,Bank Transfer,Completed,Saturday,1,0,0
PAY0001434,INV0001556,SUP00087,DPT005,2024-12-12,10297.57,Check,Completed,Thursday,0,0,0
PAY0001435,INV0001557,SUP00094,DPT005,2024-09-25,4673.17,Bank Transfer,Completed,Wednesday,0,0,0
PAY0001436,INV0001558,SUP00007,DPT001,2024-08-07,15229.61,Bank Transfer,Completed,Wednesday,0,0,0
PAY0001437,INV0001559,SUP00024,DPT003,2024-05-23,9162.04,Bank Transfer,Completed,Thursday,0,0,0
PAY0001438,INV0001560,SUP00001,DPT006,2024-10-07,111944.68,Bank Transfer,Completed,Monday,0,0,0
PAY0001439,INV0001561,SUP00010,DPT001,2024-03-31,160304.68,Bank Transfer,Completed,Sunday,1,0,0
PAY0001440,INV0001562,SUP00096,DPT011,2024-06-04,4970.8,Bank Transfer,Completed,Tuesday,0,0,0
PAY0001441,INV0001563,SUP00010,DPT001,2024-04-15,10261.06,Bank Transfer,Completed,Monday,0,0,0
PAY0001442,INV0001565,SUP00128,DPT003,2024-10-21,27556.41,Bank Transfer,Completed,Monday,0,0,0
PAY0001443,INV0001566,SUP00169,DPT010,2024-08-19,12795.07,Cash,Completed,Monday,0,1,0
PAY0001444,INV0001567,SUP00240,DPT009,2024-07-01,23146.51,Bank Transfer,Completed,Monday,0,0,0
PAY0001445,INV0001568,SUP00247,DPT003,2024-03-04,10246.19,Bank Transfer,Completed,Monday,0,0,0
PAY0001446,INV0001569,SUP00029,DPT004,2024-11-22,3083.54,Bank Transfer,Failed,Friday,0,0,1
PAY0001447,INV0001570,SUP00021,DPT011,2024-11-06,22466.86,Bank Transfer,Completed,Wednesday,0,0,0
PAY0001448,INV0001571,SUP00076,DPT006,2024-08-26,7510.46,Bank Transfer,Completed,Monday,0,0,0
PAY0001449,INV0001572,SUP00198,DPT001,2025-01-18,9292.25,Bank Transfer,Completed,Saturday,1,0,0
PAY0001450,INV0001573,SUP00027,DPT009,2024-07-07,1322.41,Bank Transfer,Completed,Sunday,1,0,0
PAY0001451,INV0001574,SUP00318,DPT003,2024-05-12,2635.41,Check,Completed,Sunday,1,0,0
PAY0001452,INV0001575,SUP00107,DPT003,2025-03-29,4141.5,Bank Transfer,Completed,Saturday,1,0,0
PAY0001453,INV0001576,SUP00011,DPT009,2024-01-28,11673.64,Bank Transfer,Completed,Sunday,1,0,0
PAY0001454,INV0001577,SUP00199,DPT012,2024-05-10,50660.81,Card,Completed,Friday,0,0,0
PAY0001455,INV0001578,SUP00005,DPT001,2024-11-08,15792.24,Bank Transfer,Completed,Friday,0,0,0
PAY0001456,INV0001579,SUP00283,DPT004,2024-08-14,5221.02,Cash,Completed,Wednesday,0,1,0
PAY0001457,INV0001580,SUP00014,DPT003,2024-06-06,2064.44,Bank Transfer,Completed,Thursday,0,0,0
PAY0001458,INV0001581,SUP00135,DPT010,2024-06-28,27015.45,Bank Transfer,Completed,Friday,0,0,0
PAY0001459,INV0001582,SUP00099,DPT010,2024-10-17,9238.93,Bank Transfer,Completed,Thursday,0,0,0
PAY0001460,INV0001583,SUP00004,DPT011,2024-05-20,155.57,Bank Transfer,Completed,Monday,0,0,0
PAY0001461,INV0001584,SUP00156,DPT001,2024-04-12,20907.6,Bank Transfer,Pending,Friday,0,0,1
PAY0001462,INV0001585,SUP00011,DPT001,2024-08-04,9756.52,Card,Completed,Sunday,1,0,0
PAY0001463,INV0001586,SUP00018,DPT005,2024-05-29,544.71,Bank Transfer,Completed,Wednesday,0,0,0
PAY0001464,INV0001587,SUP00004,DPT002,2024-12-11,12938.1,Bank Transfer,Completed,Wednesday,0,0,0
PAY0001465,INV0001588,SUP00208,DPT001,2024-10-19,7126.18,Bank Transfer,Completed,Saturday,1,0,0
PAY0001466,INV0001589,SUP00238,DPT002,2025-04-05,1432.88,Bank Transfer,Completed,Saturday,1,0,0
PAY0001467,INV0001591,SUP00210,DPT007,2025-01-09,10895.7,Bank Transfer,Completed,Thursday,0,0,0
PAY0001468,INV0001592,SUP00260,DPT009,2024-08-15,3681.95,Bank Transfer,Completed,Thursday,0,0,0
PAY0001469,INV0001593,SUP00004,DPT001,2024-04-11,2559.55,Bank Transfer,Completed,Thursday,0,0,0
PAY0001470,INV0001594,SUP00319,DPT008,2024-12-28,5133.97,Bank Transfer,Completed,Saturday,1,0,0
PAY0001471,INV0001595,SUP00001,DPT004,2025-01-27,5365.12,Bank Transfer,Completed,Monday,0,0,0
PAY0001472,INV0001596,SUP00228,DPT003,2024-05-02,12058.66,Bank Transfer,Completed,Thursday,0,0,0
PAY0001473,INV0001597,SUP00060,DPT006,2024-05-16,4914.02,Bank Transfer,Completed,Thursday,0,0,0
PAY0001474,INV0001598,SUP00295,DPT009,2024-05-29,3920.6,Bank Transfer,Completed,Wednesday,0,0,0
PAY0001475,INV0001599,SUP00014,DPT001,2024-06-04,7646.93,Bank Transfer,Completed,Tuesday,0,0,0
PAY0001476,INV0001600,SUP00016,DPT009,2024-06-28,3786.8,Bank Transfer,Completed,Friday,0,0,0
PAY0001477,INV0001601,SUP00226,DPT005,2024-11-25,5649.21,Bank Transfer,Completed,Monday,0,0,0
PAY0001478,INV0001602,SUP00150,DPT006,2024-07-27,30249.37,Bank Transfer,Completed,Saturday,1,0,0
PAY0001479,INV0001603,SUP00085,DPT010,2024-03-17,3637.97,Bank Transfer,Completed,Sunday,1,0,0
PAY0001480,INV0001604,SUP00111,DPT007,2024-10-21,5152.38,Bank Transfer,Completed,Monday,0,0,0
PAY0001481,INV0001605,SUP00133,DPT005,2024-11-04,2523.97,Bank Transfer,Completed,Monday,0,0,0
PAY0001482,INV0001606,SUP00002,DPT003,2025-03-25,21259.73,Bank Transfer,Completed,Tuesday,0,0,0
PAY0001483,INV0001607,SUP00004,DPT005,2024-11-29,876.15,Bank Transfer,Completed,Friday,0,0,0
PAY0001484,INV0001608,SUP00006,DPT009,2024-05-20,2299.73,Bank Transfer,Completed,Monday,0,0,0
PAY0001485,INV0001609,SUP00006,DPT012,2025-02-09,13765.85,Bank Transfer,Completed,Sunday,1,0,0
PAY0001486,INV0001610,SUP00228,DPT008,2025-01-22,5102.56,Bank Transfer,Completed,Wednesday,0,0,0
PAY0001487,INV0001611,SUP00019,DPT009,2025-01-07,16664.23,Bank Transfer,Completed,Tuesday,0,0,0
PAY0001488,INV0001612,SUP00029,DPT007,2024-08-20,4846.28,Bank Transfer,Completed,Tuesday,0,0,0
PAY0001489,INV0001613,SUP00003,DPT008,2024-06-05,2705.21,Bank Transfer,Completed,Wednesday,0,0,0
PAY0001490,INV0001614,SUP00244,DPT002,2024-05-14,5170.28,Bank Transfer,Completed,Tuesday,0,0,0
PAY0001491,INV0001615,SUP00001,DPT004,2024-08-05,1348.94,Bank Transfer,Completed,Monday,0,0,0
PAY0001492,INV0001616,SUP00003,DPT005,2024-08-11,2345.56,Bank Transfer,Completed,Sunday,1,0,0
PAY0001493,INV0001617,SUP00210,DPT005,2025-01-14,17447.24,Bank Transfer,Completed,Tuesday,0,0,0
PAY0001494,INV0001618,SUP00005,DPT006,2024-07-12,4476.46,Check,Completed,Friday,0,0,0
PAY0001495,INV0001619,SUP00199,DPT012,2024-11-02,5771.41,Check,Completed,Saturday,1,0,0
PAY0001496,INV0001620,SUP00015,DPT010,2024-11-19,6930.37,Bank Transfer,Completed,Tuesday,0,0,0
PAY0001497,INV0001622,SUP00002,DPT009,2025-03-23,1004.26,Bank Transfer,Pending,Sunday,1,0,1
PAY0001498,INV0001623,SUP00014,DPT009,2024-12-18,9298.14,Bank Transfer,Completed,Wednesday,0,0,0
PAY0001499,INV0001624,SUP00028,DPT007,2024-10-18,3707.26,Bank Transfer,Completed,Friday,0,0,0
PAY0001500,INV0001625,SUP00100,DPT002,2024-10-23,4579.34,Bank Transfer,Completed,Wednesday,0,0,0
PAY0001501,INV0001626,SUP00224,DPT010,2025-01-25,14772.98,Cash,Completed,Saturday,1,1,0
PAY0001502,INV0001627,SUP00009,DPT003,2025-01-30,2013.79,Bank Transfer,Completed,Thursday,0,0,0
PAY0001503,INV0001628,SUP00119,DPT008,2024-10-05,3136.23,Bank Transfer,Completed,Saturday,1,0,0
PAY0001504,INV0001629,SUP00005,DPT001,2024-03-28,3963.63,Bank Transfer,Completed,Thursday,0,0,0
PAY0001505,INV0001630,SUP00200,DPT005,2024-04-23,8924.16,Bank Transfer,Completed,Tuesday,0,0,0
PAY0001506,INV0001632,SUP00002,DPT007,2025-02-05,2802.68,Bank Transfer,Completed,Wednesday,0,0,0
PAY0001507,INV0001633,SUP00003,DPT010,2024-02-19,41581.18,Bank Transfer,Completed,Monday,0,0,0
PAY0001508,INV0001634,SUP00195,DPT001,2024-06-05,6268.4,Cash,Completed,Wednesday,0,1,0
PAY0001509,INV0001635,SUP00250,DPT001,2025-01-22,12778.43,Bank Transfer,Completed,Wednesday,0,0,0
PAY0001510,INV0001636,SUP00113,DPT011,2024-11-03,750.27,Bank Transfer,Completed,Sunday,1,0,0
PAY0001511,INV0001638,SUP00184,DPT008,2024-11-29,11945.46,Check,Completed,Friday,0,0,0
PAY0001512,INV0001639,SUP00010,DPT009,2024-01-24,4651.62,Bank Transfer,Completed,Wednesday,0,0,0
PAY0001513,INV0001640,SUP00316,DPT008,2024-02-05,3876.06,Bank Transfer,Completed,Monday,0,0,0
PAY0001514,INV0001641,SUP00231,DPT001,2024-12-15,2015.96,Bank Transfer,Completed,Sunday,1,0,0
PAY0001515,INV0001642,SUP00254,DPT008,2024-07-04,18553.81,Bank Transfer,Completed,Thursday,0,0,0
PAY0001516,INV0001643,SUP00235,DPT012,2024-08-28,12721.41,Bank Transfer,Completed,Wednesday,0,0,0
PAY0001517,INV0001644,SUP00281,DPT003,2024-02-02,5669.42,Bank Transfer,Completed,Friday,0,0,0
PAY0001518,INV0001645,SUP00003,DPT007,2024-03-28,7959.03,Check,Completed,Thursday,0,0,0
PAY0001519,INV0001646,SUP00267,DPT003,2024-04-18,4215.06,Bank Transfer,Completed,Thursday,0,0,0
PAY0001520,INV0001647,SUP00009,DPT012,2024-06-02,2754.45,Bank Transfer,Completed,Sunday,1,0,0
PAY0001521,INV0001648,SUP00016,DPT002,2024-09-09,3272.55,Check,Completed,Monday,0,0,0
PAY0001522,INV0001649,SUP00017,DPT003,2024-08-13,14792.55,Bank Transfer,Completed,Tuesday,0,0,0
PAY0001523,INV0001650,SUP00008,DPT002,2025-02-05,3726.99,Bank Transfer,Completed,Wednesday,0,0,0
PAY0001524,INV0001651,SUP00024,DPT011,2024-06-05,6313.16,Bank Transfer,Completed,Wednesday,0,0,0
PAY0001525,INV0001652,SUP00030,DPT005,2024-05-24,3723.27,Bank Transfer,Completed,Friday,0,0,0
PAY0001526,INV0001653,SUP00005,DPT002,2024-02-06,18120.57,Check,Completed,Tuesday,0,0,0
PAY0001527,INV0001654,SUP00016,DPT002,2024-12-15,2927.0,Bank Transfer,Completed,Sunday,1,0,0
PAY0001528,INV0001655,SUP00015,DPT010,2024-10-16,34477.65,Bank Transfer,Completed,Wednesday,0,0,0
PAY0001529,INV0001656,SUP00129,DPT001,2024-09-29,3100.41,Check,Completed,Sunday,1,0,0
PAY0001530,INV0001657,SUP00073,DPT006,2024-11-12,3123.47,Bank Transfer,Completed,Tuesday,0,0,0
PAY0001531,INV0001658,SUP00153,DPT006,2024-11-29,60516.68,Bank Transfer,Completed,Friday,0,0,0
PAY0001532,INV0001659,SUP00193,DPT009,2024-06-27,1789.09,Bank Transfer,Completed,Thursday,0,0,0
PAY0001533,INV0001660,SUP00124,DPT007,2024-11-16,5789.43,Bank Transfer,Completed,Saturday,1,0,0
PAY0001534,INV0001661,SUP00008,DPT009,2024-05-23,19962.48,Bank Transfer,Completed,Thursday,0,0,0
PAY0001535,INV0001662,SUP00030,DPT001,2024-10-03,1034.61,Bank Transfer,Completed,Thursday,0,0,0
PAY0001536,INV0001663,SUP00026,DPT004,2024-08-24,8225.82,Bank Transfer,Completed,Saturday,1,0,0
PAY0001537,INV0001664,SUP00003,DPT001,2024-09-13,1009.32,Bank Transfer,Completed,Friday,0,0,0
PAY0001538,INV0001665,SUP00258,DPT004,2024-09-09,6347.47,Bank Transfer,Pending,Monday,0,0,1
PAY0001539,INV0001666,SUP00003,DPT005,2024-09-13,63486.02,Bank Transfer,Completed,Friday,0,0,0
PAY0001540,INV0001667,SUP00307,DPT006,2025-01-30,407.67,Bank Transfer,Completed,Thursday,0,0,0
PAY0001541,INV0001668,SUP00002,DPT011,2024-11-14,5365.19,Bank Transfer,Completed,Thursday,0,0,0
PAY0001542,INV0001669,SUP00161,DPT011,2024-09-28,24722.3,Check,Completed,Saturday,1,0,0
PAY0001543,INV0001670,SUP00010,DPT003,2024-11-22,1864.25,Bank Transfer,Completed,Friday,0,0,0
PAY0001544,INV0001671,SUP00264,DPT007,2025-04-12,19956.87,Bank Transfer,Completed,Saturday,1,0,0
PAY0001545,INV0001672,SUP00217,DPT007,2024-09-09,21158.56,Bank Transfer,Completed,Monday,0,0,0
PAY0001546,INV0001673,SUP00001,DPT011,2024-05-10,7889.56,Bank Transfer,Completed,Friday,0,0,0
PAY0001547,INV0001674,SUP00001,DPT001,2025-02-10,703.04,Cash,Completed,Monday,0,1,0
PAY0001548,INV0001675,SUP00086,DPT006,2024-09-23,2035.6,Bank Transfer,Completed,Monday,0,0,0
PAY0001549,INV0001677,SUP00001,DPT003,2024-08-08,995.28,Bank Transfer,Completed,Thursday,0,0,0
PAY0001550,INV0001678,SUP00301,DPT006,2024-11-23,6654.73,Bank Transfer,Completed,Saturday,1,0,0
PAY0001551,INV0001679,SUP00104,DPT003,2024-09-18,8287.99,Bank Transfer,Completed,Wednesday,0,0,0
PAY0001552,INV0001680,SUP00001,DPT001,2024-10-01,7985.34,Bank Transfer,Completed,Tuesday,0,0,0
PAY0001553,INV0001681,SUP00029,DPT009,2024-12-05,61127.87,Bank Transfer,Completed,Thursday,0,0,0
PAY0001554,INV0001682,SUP00006,DPT001,2024-06-21,2027.18,Bank Transfer,Completed,Friday,0,0,0
PAY0001555,INV0001683,SUP00206,DPT003,2024-06-17,3537.46,Bank Transfer,Completed,Monday,0,0,0
PAY0001556,INV0001684,SUP00001,DPT006,2024-08-08,3342.06,Bank Transfer,Completed,Thursday,0,0,0
PAY0001557,INV0001685,SUP00017,DPT006,2024-06-14,16196.27,Bank Transfer,Pending,Friday,0,0,1
PAY0001558,INV0001686,SUP00008,DPT007,2024-11-15,14045.64,Bank Transfer,Completed,Friday,0,0,0
PAY0001559,INV0001687,SUP00309,DPT012,2024-08-27,1622.76,Check,Completed,Tuesday,0,0,0
PAY0001560,INV0001688,SUP00003,DPT004,2024-11-09,31951.36,Bank Transfer,Completed,Saturday,1,0,0
PAY0001561,INV0001689,SUP00155,DPT002,2024-07-23,2166.17,Bank Transfer,Completed,Tuesday,0,0,0
PAY0001562,INV0001690,SUP00028,DPT002,2024-09-22,50630.59,Check,Completed,Sunday,1,0,0
PAY0001563,INV0001691,SUP00212,DPT005,2024-03-06,14890.36,Check,Pending,Wednesday,0,0,1
PAY0001564,INV0001692,SUP00008,DPT003,2024-12-01,9472.14,Bank Transfer,Completed,Sunday,1,0,0
PAY0001565,INV0001693,SUP00235,DPT011,2024-05-23,3990.24,Bank Transfer,Completed,Thursday,0,0,0
PAY0001566,INV0001695,SUP00007,DPT004,2025-01-16,10628.98,Bank Transfer,Completed,Thursday,0,0,0
PAY0001567,INV0001697,SUP00299,DPT009,2024-02-13,13350.24,Bank Transfer,Completed,Tuesday,0,0,0
PAY0001568,INV0001698,SUP00023,DPT007,2024-05-10,13823.11,Check,Completed,Friday,0,0,0
PAY0001569,INV0001699,SUP00223,DPT005,2024-05-12,8922.77,Bank Transfer,Completed,Sunday,1,0,0
PAY0001570,INV0001700,SUP00228,DPT002,2025-02-21,31473.8,Bank Transfer,Completed,Friday,0,0,0
PAY0001571,INV0001701,SUP00011,DPT005,2024-03-17,3060.9,Bank Transfer,Completed,Sunday,1,0,0
PAY0001572,INV0001702,SUP00006,DPT001,2024-05-09,6343.68,Bank Transfer,Completed,Thursday,0,0,0
PAY0001573,INV0001703,SUP00017,DPT005,2024-06-20,3162.98,Bank Transfer,Completed,Thursday,0,0,0
PAY0001574,INV0001704,SUP00080,DPT010,2024-12-04,98886.85,Bank Transfer,Completed,Wednesday,0,0,0
PAY0001575,INV0001705,SUP00029,DPT005,2024-10-19,14486.74,Bank Transfer,Completed,Saturday,1,0,0
PAY0001576,INV0001706,SUP00165,DPT001,2024-08-28,19235.82,Bank Transfer,Completed,Wednesday,0,0,0
PAY0001577,INV0001707,SUP00054,DPT001,2024-12-06,9816.6,Bank Transfer,Completed,Friday,0,0,0
PAY0001578,INV0001708,SUP00206,DPT010,2024-07-24,5738.83,Bank Transfer,Completed,Wednesday,0,0,0
PAY0001579,INV0001709,SUP00004,DPT002,2024-05-18,129062.09,Bank Transfer,Completed,Saturday,1,0,0
PAY0001580,INV0001710,SUP00024,DPT005,2024-11-15,24907.24,Bank Transfer,Completed,Friday,0,0,0
PAY0001581,INV0001711,SUP00001,DPT009,2024-12-28,4042.24,Bank Transfer,Completed,Saturday,1,0,0
PAY0001582,INV0001712,SUP00004,DPT002,2024-11-01,4366.18,Bank Transfer,Completed,Friday,0,0,0
PAY0001583,INV0001714,SUP00262,DPT001,2024-05-25,3261.07,Bank Transfer,Completed,Saturday,1,0,0
PAY0001584,INV0001715,SUP00018,DPT008,2025-03-11,3981.49,Bank Transfer,Completed,Tuesday,0,0,0
PAY0001585,INV0001716,SUP00009,DPT001,2024-01-29,1030.68,Bank Transfer,Completed,Monday,0,0,0
PAY0001586,INV0001717,SUP00126,DPT003,2024-07-20,380.72,Bank Transfer,Completed,Saturday,1,0,0
PAY0001587,INV0001718,SUP00146,DPT002,2025-01-03,58443.09,Bank Transfer,Completed,Friday,0,0,0
PAY0001588,INV0001719,SUP00028,DPT010,2025-01-06,3406.24,Bank Transfer,Completed,Monday,0,0,0
PAY0001589,INV0001720,SUP00010,DPT005,2024-09-28,4314.17,Bank Transfer,Completed,Saturday,1,0,0
PAY0001590,INV0001721,SUP00010,DPT009,2024-11-28,6494.67,Bank Transfer,Completed,Thursday,0,0,0
PAY0001591,INV0001722,SUP00007,DPT005,2024-03-30,13107.97,Bank Transfer,Completed,Saturday,1,0,0
PAY0001592,INV0001723,SUP00016,DPT009,2024-05-16,14531.38,Bank Transfer,Completed,Thursday,0,0,0
PAY0001593,INV0001724,SUP00006,DPT005,2024-03-30,19907.04,Check,Completed,Saturday,1,0,0
PAY0001594,INV0001725,SUP00110,DPT004,2024-11-15,11434.82,Card,Completed,Friday,0,0,0
PAY0001595,INV0001726,SUP00258,DPT006,2024-10-26,4455.19,Bank Transfer,Completed,Saturday,1,0,0
PAY0001596,INV0001727,SUP00009,DPT003,2025-01-19,26611.35,Card,Completed,Sunday,1,0,0
PAY0001597,INV0001728,SUP00008,DPT011,2024-09-20,4959.29,Bank Transfer,Completed,Friday,0,0,0
PAY0001598,INV0001729,SUP00260,DPT011,2024-09-05,19771.92,Check,Completed,Thursday,0,0,0
PAY0001599,INV0001731,SUP00161,DPT011,2024-07-04,27359.98,Bank Transfer,Completed,Thursday,0,0,0
PAY0001600,INV0001732,SUP00255,DPT002,2024-12-20,2167.4,Card,Completed,Friday,0,0,0
PAY0001601,INV0001733,SUP00123,DPT007,2025-02-11,1126.58,Bank Transfer,Completed,Tuesday,0,0,0
PAY0001602,INV0001734,SUP00169,DPT009,2024-10-18,1352.05,Bank Transfer,Completed,Friday,0,0,0
PAY0001603,INV0001735,SUP00019,DPT002,2024-07-20,7459.43,Check,Completed,Saturday,1,0,0
PAY0001604,INV0001736,SUP00284,DPT001,2024-12-12,81589.42,Bank Transfer,Completed,Thursday,0,0,0
PAY0001605,INV0001738,SUP00003,DPT004,2024-08-26,5265.58,Bank Transfer,Completed,Monday,0,0,0
PAY0001606,INV0001739,SUP00082,DPT004,2024-11-19,14373.73,Bank Transfer,Completed,Tuesday,0,0,0
PAY0001607,INV0001741,SUP00039,DPT002,2024-07-15,5000.03,Check,Completed,Monday,0,0,0
PAY0001608,INV0001742,SUP00003,DPT001,2025-01-30,3957.14,Bank Transfer,Completed,Thursday,0,0,0
PAY0001609,INV0001743,SUP00101,DPT011,2024-07-08,57428.02,Bank Transfer,Completed,Monday,0,0,0
PAY0001610,INV0001744,SUP00025,DPT007,2024-02-26,6478.35,Bank Transfer,Completed,Monday,0,0,0
PAY0001611,INV0001745,SUP00057,DPT006,2024-11-05,14205.94,Bank Transfer,Completed,Tuesday,0,0,0
PAY0001612,INV0001746,SUP00113,DPT003,2024-08-30,2620.0,Bank Transfer,Completed,Friday,0,0,0
PAY0001613,INV0001747,SUP00009,DPT012,2024-02-17,1603.04,Bank Transfer,Completed,Saturday,1,0,0
PAY0001614,INV0001748,SUP00012,DPT002,2024-04-13,12841.32,Bank Transfer,Completed,Saturday,1,0,0
PAY0001615,INV0001749,SUP00028,DPT002,2024-11-22,7830.09,Check,Pending,Friday,0,0,1
PAY0001616,INV0001750,SUP00065,DPT003,2024-10-21,19366.02,Bank Transfer,Completed,Monday,0,0,0
PAY0001617,INV0001751,SUP00275,DPT008,2024-07-22,2205.24,Bank Transfer,Completed,Monday,0,0,0
PAY0001618,INV0001752,SUP00015,DPT002,2024-10-25,5452.7,Check,Completed,Friday,0,0,0
PAY0001619,INV0001753,SUP00080,DPT003,2025-02-07,1364.64,Bank Transfer,Completed,Friday,0,0,0
PAY0001620,INV0001754,SUP00275,DPT005,2024-05-11,3322.55,Bank Transfer,Completed,Saturday,1,0,0
PAY0001621,INV0001755,SUP00154,DPT006,2024-05-09,1121.06,Card,Completed,Thursday,0,0,0
PAY0001622,INV0001756,SUP00013,DPT002,2024-10-29,4312.04,Bank Transfer,Completed,Tuesday,0,0,0
PAY0001623,INV0001757,SUP00021,DPT006,2024-07-27,27169.22,Bank Transfer,Completed,Saturday,1,0,0
PAY0001624,INV0001758,SUP00249,DPT003,2024-10-03,2216.54,Check,Completed,Thursday,0,0,0
PAY0001625,INV0001759,SUP00024,DPT003,2024-08-27,2223.96,Check,Pending,Tuesday,0,0,1
PAY0001626,INV0001760,SUP00009,DPT001,2025-01-27,4942.2,Bank Transfer,Completed,Monday,0,0,0
PAY0001627,INV0001761,SUP00039,DPT012,2024-02-09,4920.82,Bank Transfer,Completed,Friday,0,0,0
PAY0001628,INV0001762,SUP00007,DPT007,2024-11-09,14645.77,Bank Transfer,Completed,Saturday,1,0,0
PAY0001629,INV0001763,SUP00074,DPT001,2025-02-01,1365.54,Bank Transfer,Completed,Saturday,1,0,0
PAY0001630,INV0001764,SUP00315,DPT003,2024-11-21,337.24,Bank Transfer,Completed,Thursday,0,0,0
PAY0001631,INV0001765,SUP00302,DPT001,2025-02-23,6407.02,Bank Transfer,Completed,Sunday,1,0,0
PAY0001632,INV0001767,SUP00253,DPT007,2024-12-31,4864.53,Bank Transfer,Completed,Tuesday,0,0,0
PAY0001633,INV0001770,SUP00246,DPT003,2024-10-20,14182.19,Bank Transfer,Completed,Sunday,1,0,0
PAY0001634,INV0001771,SUP00261,DPT002,2024-07-28,4291.13,Card,Completed,Sunday,1,0,0
PAY0001635,INV0001772,SUP00008,DPT001,2024-11-14,5554.43,Bank Transfer,Completed,Thursday,0,0,0
PAY0001636,INV0001773,SUP00006,DPT002,2024-04-05,40181.72,Bank Transfer,Completed,Friday,0,0,0
PAY0001637,INV0001774,SUP00002,DPT009,2025-03-26,22516.68,Bank Transfer,Completed,Wednesday,0,0,0
PAY0001638,INV0001775,SUP00119,DPT004,2024-04-06,2752.37,Check,Failed,Saturday,1,0,1
PAY0001639,INV0001777,SUP00317,DPT002,2024-05-01,2919.86,Bank Transfer,Completed,Wednesday,0,0,0
PAY0001640,INV0001778,SUP00233,DPT003,2024-11-16,1661.11,Bank Transfer,Completed,Saturday,1,0,0
PAY0001641,INV0001779,SUP00221,DPT004,2024-07-14,3248.46,Bank Transfer,Completed,Sunday,1,0,0
PAY0001642,INV0001780,SUP00037,DPT004,2024-02-21,5303.21,Bank Transfer,Completed,Wednesday,0,0,0
PAY0001643,INV0001781,SUP00025,DPT001,2024-02-06,2430.0,Bank Transfer,Completed,Tuesday,0,0,0
PAY0001644,INV0001782,SUP00108,DPT001,2024-08-16,10702.88,Bank Transfer,Completed,Friday,0,0,0
PAY0001645,INV0001783,SUP00001,DPT012,2024-12-07,898.88,Bank Transfer,Completed,Saturday,1,0,0
PAY0001646,INV0001784,SUP00199,DPT007,2024-04-10,1601.4,Bank Transfer,Completed,Wednesday,0,0,0
PAY0001647,INV0001785,SUP00118,DPT001,2024-04-28,12904.64,Check,Completed,Sunday,1,0,0
PAY0001648,INV0001786,SUP00006,DPT009,2024-06-29,56261.2,Bank Transfer,Completed,Saturday,1,0,0
PAY0001649,INV0001787,SUP00106,DPT003,2024-03-15,8004.69,Bank Transfer,Completed,Friday,0,0,0
PAY0001650,INV0001788,SUP00084,DPT009,2024-05-14,2343.36,Bank Transfer,Completed,Tuesday,0,0,0
PAY0001651,INV0001789,SUP00195,DPT011,2024-08-22,1646.72,Bank Transfer,Pending,Thursday,0,0,1
PAY0001652,INV0001790,SUP00225,DPT001,2024-10-22,3927.79,Bank Transfer,Completed,Tuesday,0,0,0
PAY0001653,INV0001791,SUP00009,DPT012,2024-08-02,25288.64,Bank Transfer,Completed,Friday,0,0,0
PAY0001654,INV0001792,SUP00211,DPT002,2024-12-03,10948.68,Bank Transfer,Completed,Tuesday,0,0,0
PAY0001655,INV0001793,SUP00006,DPT003,2024-07-24,1434.18,Bank Transfer,Completed,Wednesday,0,0,0
PAY0001656,INV0001794,SUP00019,DPT006,2024-12-18,8977.93,Bank Transfer,Completed,Wednesday,0,0,0
PAY0001657,INV0001795,SUP00029,DPT007,2025-02-01,31959.6,Bank Transfer,Completed,Saturday,1,0,0
PAY0001658,INV0001797,SUP00262,DPT002,2024-10-23,5043.78,Bank Transfer,Completed,Wednesday,0,0,0
PAY0001659,INV0001798,SUP00001,DPT003,2024-03-16,14891.33,Bank Transfer,Completed,Saturday,1,0,0
PAY0001660,INV0001799,SUP00165,DPT003,2024-05-11,1360.48,Bank Transfer,Completed,Saturday,1,0,0
PAY0001661,INV0001801,SUP00294,DPT002,2024-06-05,43368.55,Bank Transfer,Completed,Wednesday,0,0,0
PAY0001662,INV0001803,SUP00006,DPT009,2024-06-21,671.49,Bank Transfer,Completed,Friday,0,0,0
PAY0001663,INV0001804,SUP00030,DPT012,2024-11-26,11933.84,Bank Transfer,Completed,Tuesday,0,0,0
PAY0001664,INV0001805,SUP00262,DPT001,2024-05-25,20483.13,Bank Transfer,Completed,Saturday,1,0,0
PAY0001665,INV0001806,SUP00012,DPT001,2024-02-19,5489.5,Bank Transfer,Completed,Monday,0,0,0
PAY0001666,INV0001807,SUP00030,DPT005,2024-07-01,11135.34,Bank Transfer,Completed,Monday,0,0,0
PAY0001667,INV0001808,SUP00318,DPT006,2025-01-05,2281.46,Bank Transfer,Completed,Sunday,1,0,0
PAY0001668,INV0001809,SUP00025,DPT006,2024-07-27,3614.81,Bank Transfer,Completed,Saturday,1,0,0
PAY0001669,INV0001810,SUP00101,DPT001,2024-07-17,759.65,Bank Transfer,Completed,Wednesday,0,0,0
PAY0001670,INV0001811,SUP00318,DPT009,2024-08-27,1770.97,Bank Transfer,Pending,Tuesday,0,0,1
PAY0001671,INV0001812,SUP00017,DPT004,2024-10-22,31310.62,Bank Transfer,Completed,Tuesday,0,0,0
PAY0001672,INV0001813,SUP00009,DPT003,2024-11-05,130.35,Bank Transfer,Completed,Tuesday,0,0,0
PAY0001673,INV0001814,SUP00010,DPT004,2024-07-12,3867.24,Cash,Completed,Friday,0,1,0
PAY0001674,INV0001815,SUP00095,DPT001,2024-02-24,3219.42,Bank Transfer,Failed,Saturday,1,0,1
PAY0001675,INV0001816,SUP00006,DPT002,2024-12-29,12378.15,Check,Completed,Sunday,1,0,0
PAY0001676,INV0001817,SUP00006,DPT012,2024-06-27,510.38,Cash,Completed,Thursday,0,1,0
PAY0001677,INV0001818,SUP00009,DPT005,2024-12-20,2547.86,Card,Completed,Friday,0,0,0
PAY0001678,INV0001819,SUP00050,DPT001,2024-09-23,3038.81,Check,Completed,Monday,0,0,0
PAY0001679,INV0001820,SUP00229,DPT003,2025-01-24,9566.16,Bank Transfer,Completed,Friday,0,0,0
PAY0001680,INV0001821,SUP00043,DPT002,2024-12-10,6065.01,Bank Transfer,Completed,Tuesday,0,0,0
PAY0001681,INV0001822,SUP00192,DPT011,2024-05-14,879.14,Bank Transfer,Completed,Tuesday,0,0,0
PAY0001682,INV0001823,SUP00295,DPT009,2024-04-16,4142.47,Bank Transfer,Completed,Tuesday,0,0,0
PAY0001683,INV0001824,SUP00167,DPT005,2024-07-17,2438.29,Bank Transfer,Completed,Wednesday,0,0,0
PAY0001684,INV0001825,SUP00110,DPT011,2024-04-25,10333.25,Bank Transfer,Pending,Thursday,0,0,1
PAY0001685,INV0001826,SUP00001,DPT003,2025-01-01,4588.62,Bank Transfer,Completed,Wednesday,0,0,0
PAY0001686,INV0001827,SUP00025,DPT010,2024-02-07,45377.51,Check,Completed,Wednesday,0,0,0
PAY0001687,INV0001828,SUP00009,DPT004,2024-12-31,2745.72,Bank Transfer,Completed,Tuesday,0,0,0
PAY0001688,INV0001829,SUP00033,DPT009,2024-07-29,3102.2,Check,Completed,Monday,0,0,0
PAY0001689,INV0001830,SUP00292,DPT011,2024-12-21,3263.73,Bank Transfer,Completed,Saturday,1,0,0
PAY0001690,INV0001831,SUP00012,DPT004,2025-02-04,4736.59,Bank Transfer,Pending,Tuesday,0,0,1
PAY0001691,INV0001832,SUP00006,DPT002,2024-12-17,15897.59,Bank Transfer,Completed,Tuesday,0,0,0
PAY0001692,INV0001833,SUP00218,DPT002,2024-06-12,3667.05,Bank Transfer,Completed,Wednesday,0,0,0
PAY0001693,INV0001834,SUP00315,DPT003,2024-04-20,3781.03,Bank Transfer,Completed,Saturday,1,0,0
PAY0001694,INV0001835,SUP00191,DPT002,2024-08-10,9175.4,Bank Transfer,Completed,Saturday,1,0,0
PAY0001695,INV0001836,SUP00005,DPT003,2024-08-06,2021.91,Bank Transfer,Completed,Tuesday,0,0,0
PAY0001696,INV0001837,SUP00055,DPT004,2024-04-04,100403.67,Bank Transfer,Completed,Thursday,0,0,0
PAY0001697,INV0001838,SUP00020,DPT001,2024-04-02,3926.72,Bank Transfer,Completed,Tuesday,0,0,0
PAY0001698,INV0001839,SUP00104,DPT011,2024-07-24,2163.5,Bank Transfer,Completed,Wednesday,0,0,0
PAY0001699,INV0001840,SUP00125,DPT001,2024-07-06,713.46,Bank Transfer,Completed,Saturday,1,0,0
PAY0001700,INV0001841,SUP00207,DPT002,2024-03-10,1713.87,Bank Transfer,Completed,Sunday,1,0,0
PAY0001701,INV0001842,SUP00008,DPT001,2024-03-30,4797.0,Bank Transfer,Completed,Saturday,1,0,0
PAY0001702,INV0001843,SUP00300,DPT012,2024-08-17,5411.28,Bank Transfer,Completed,Saturday,1,0,0
PAY0001703,INV0001844,SUP00008,DPT004,2024-11-19,4262.1,Bank Transfer,Completed,Tuesday,0,0,0
PAY0001704,INV0001845,SUP00005,DPT002,2024-08-16,1103.3,Bank Transfer,Completed,Friday,0,0,0
PAY0001705,INV0001846,SUP00220,DPT001,2024-09-12,4736.22,Bank Transfer,Completed,Thursday,0,0,0
PAY0001706,INV0001847,SUP00026,DPT003,2024-09-27,1003.39,Bank Transfer,Completed,Friday,0,0,0
PAY0001707,INV0001848,SUP00029,DPT012,2025-02-13,20232.67,Check,Completed,Thursday,0,0,0
PAY0001708,INV0001849,SUP00012,DPT005,2024-12-30,20699.51,Bank Transfer,Completed,Monday,0,0,0
PAY0001709,INV0001850,SUP00002,DPT003,2024-06-30,5188.51,Bank Transfer,Completed,Sunday,1,0,0
PAY0001710,INV0001851,SUP00007,DPT003,2024-07-13,9761.68,Bank Transfer,Completed,Saturday,1,0,0
PAY0001711,INV0001852,SUP00180,DPT001,2024-12-19,30399.96,Bank Transfer,Completed,Thursday,0,0,0
PAY0001712,INV0001854,SUP00316,DPT004,2024-03-28,17121.82,Bank Transfer,Completed,Thursday,0,0,0
PAY0001713,INV0001855,SUP00194,DPT008,2024-05-30,8657.04,Bank Transfer,Completed,Thursday,0,0,0
PAY0001714,INV0001856,SUP00231,DPT002,2024-12-18,2480.18,Card,Completed,Wednesday,0,0,0
PAY0001715,INV0001857,SUP00246,DPT002,2024-03-02,4903.37,Bank Transfer,Completed,Saturday,1,0,0
PAY0001716,INV0001858,SUP00155,DPT005,2024-07-14,2510.49,Bank Transfer,Pending,Sunday,1,0,1
PAY0001717,INV0001859,SUP00026,DPT008,2024-12-24,11742.69,Bank Transfer,Completed,Tuesday,0,0,0
PAY0001718,INV0001860,SUP00272,DPT004,2024-02-27,18600.81,Bank Transfer,Completed,Tuesday,0,0,0
PAY0001719,INV0001861,SUP00022,DPT009,2024-12-24,1213.99,Bank Transfer,Completed,Tuesday,0,0,0
PAY0001720,INV0001862,SUP00004,DPT009,2025-01-13,2038.46,Bank Transfer,Completed,Monday,0,0,0
PAY0001721,INV0001863,SUP00082,DPT011,2024-12-18,3835.99,Bank Transfer,Completed,Wednesday,0,0,0
PAY0001722,INV0001864,SUP00004,DPT003,2024-03-14,2241.18,Bank Transfer,Completed,Thursday,0,0,0
PAY0001723,INV0001865,SUP00117,DPT011,2024-04-11,4353.02,Check,Completed,Thursday,0,0,0
PAY0001724,INV0001866,SUP00319,DPT007,2024-08-23,8777.17,Bank Transfer,Completed,Friday,0,0,0
PAY0001725,INV0001868,SUP00007,DPT005,2025-02-28,3248.64,Bank Transfer,Completed,Friday,0,0,0
PAY0001726,INV0001869,SUP00005,DPT001,2023-12-31,2981.36,Bank Transfer,Completed,Sunday,1,0,0
PAY0001727,INV0001870,SUP00016,DPT005,2024-07-02,8747.72,Bank Transfer,Completed,Tuesday,0,0,0
PAY0001728,INV0001871,SUP00005,DPT009,2024-04-13,5393.88,Bank Transfer,Completed,Saturday,1,0,0
PAY0001729,INV0001872,SUP00067,DPT012,2024-10-25,4989.69,Bank Transfer,Completed,Friday,0,0,0
PAY0001730,INV0001873,SUP00193,DPT004,2024-10-19,2164.11,Bank Transfer,Completed,Saturday,1,0,0
PAY0001731,INV0001874,SUP00119,DPT012,2024-10-30,3814.05,Bank Transfer,Completed,Wednesday,0,0,0
PAY0001732,INV0001875,SUP00095,DPT002,2024-08-23,14185.65,Bank Transfer,Completed,Friday,0,0,0
PAY0001733,INV0001876,SUP00023,DPT011,2024-03-01,21260.45,Bank Transfer,Completed,Friday,0,0,0
PAY0001734,INV0001877,SUP00006,DPT005,2024-05-11,1698.68,Bank Transfer,Completed,Saturday,1,0,0
PAY0001735,INV0001878,SUP00107,DPT007,2024-09-26,2383.72,Bank Transfer,Completed,Thursday,0,0,0
PAY0001736,INV0001879,SUP00022,DPT005,2024-05-25,15443.8,Bank Transfer,Completed,Saturday,1,0,0
PAY0001737,INV0001880,SUP00011,DPT012,2025-02-20,3339.02,Bank Transfer,Completed,Thursday,0,0,0
PAY0001738,INV0001881,SUP00119,DPT001,2024-04-13,8589.71,Bank Transfer,Completed,Saturday,1,0,0
PAY0001739,INV0001882,SUP00018,DPT004,2024-06-15,4660.41,Bank Transfer,Completed,Saturday,1,0,0
PAY0001740,INV0001883,SUP00006,DPT010,2024-06-24,5851.52,Check,Completed,Monday,0,0,0
PAY0001741,INV0001884,SUP00028,DPT002,2024-03-04,3524.9,Bank Transfer,Pending,Monday,0,0,1
PAY0001742,INV0001885,SUP00010,DPT005,2025-01-16,20513.35,Bank Transfer,Completed,Thursday,0,0,0
PAY0001743,INV0001886,SUP00163,DPT005,2024-06-27,969.29,Bank Transfer,Completed,Thursday,0,0,0
PAY0001744,INV0001887,SUP00002,DPT009,2025-02-19,3614.73,Bank Transfer,Completed,Wednesday,0,0,0
PAY0001745,INV0001888,SUP00234,DPT011,2024-11-10,18501.05,Bank Transfer,Pending,Sunday,1,0,1
PAY0001746,INV0001889,SUP00026,DPT002,2024-09-04,4460.8,Bank Transfer,Completed,Wednesday,0,0,0
PAY0001747,INV0001890,SUP00001,DPT007,2025-02-06,5027.15,Cash,Completed,Thursday,0,1,0
PAY0001748,INV0001891,SUP00005,DPT005,2024-02-15,17459.76,Bank Transfer,Completed,Thursday,0,0,0
PAY0001749,INV0001892,SUP00288,DPT007,2024-10-12,9873.87,Check,Completed,Saturday,1,0,0
PAY0001750,INV0001893,SUP00047,DPT002,2024-11-23,14727.11,Check,Completed,Saturday,1,0,0
PAY0001751,INV0001894,SUP00184,DPT003,2024-11-08,22478.92,Bank Transfer,Failed,Friday,0,0,1
PAY0001752,INV0001895,SUP00251,DPT005,2024-10-08,1089.7,Check,Completed,Tuesday,0,0,0
PAY0001753,INV0001896,SUP00012,DPT001,2024-05-20,3436.28,Bank Transfer,Completed,Monday,0,0,0
PAY0001754,INV0001897,SUP00053,DPT007,2024-07-27,2154.59,Bank Transfer,Completed,Saturday,1,0,0
PAY0001755,INV0001899,SUP00227,DPT011,2024-10-10,18671.08,Bank Transfer,Completed,Thursday,0,0,0
PAY0001756,INV0001900,SUP00022,DPT010,2024-07-15,321.78,Bank Transfer,Completed,Monday,0,0,0
PAY0001757,INV0001901,SUP00292,DPT006,2025-01-26,902.45,Bank Transfer,Completed,Sunday,1,0,0
PAY0001758,INV0001902,SUP00089,DPT010,2024-02-29,24804.89,Bank Transfer,Completed,Thursday,0,0,0
PAY0001759,INV0001903,SUP00246,DPT012,2024-04-22,2060.56,Bank Transfer,Completed,Monday,0,0,0
PAY0001760,INV0001905,SUP00026,DPT006,2025-02-15,35449.78,Bank Transfer,Completed,Saturday,1,0,0
PAY0001761,INV0001906,SUP00006,DPT004,2024-09-10,1208.1,Card,Completed,Tuesday,0,0,0
PAY0001762,INV0001907,SUP00269,DPT009,2024-07-13,86002.77,Bank Transfer,Completed,Saturday,1,0,0
PAY0001763,INV0001908,SUP00008,DPT007,2025-01-03,9836.64,Bank Transfer,Completed,Friday,0,0,0
PAY0001764,INV0001909,SUP00151,DPT004,2024-12-21,10539.7,Bank Transfer,Completed,Saturday,1,0,0
PAY0001765,INV0001910,SUP00003,DPT004,2024-12-15,12417.54,Check,Completed,Sunday,1,0,0
PAY0001766,INV0001911,SUP00007,DPT002,2024-10-15,1036.46,Card,Completed,Tuesday,0,0,0
PAY0001767,INV0001912,SUP00012,DPT009,2024-06-15,2764.73,Bank Transfer,Completed,Saturday,1,0,0
PAY0001768,INV0001913,SUP00192,DPT010,2024-09-16,1628.39,Bank Transfer,Completed,Monday,0,0,0
PAY0001769,INV0001914,SUP00009,DPT001,2024-07-30,11218.82,Bank Transfer,Completed,Tuesday,0,0,0
PAY0001770,INV0001915,SUP00212,DPT001,2024-10-21,1893.9,Check,Completed,Monday,0,0,0
PAY0001771,INV0001916,SUP00196,DPT012,2024-12-05,4160.02,Bank Transfer,Completed,Thursday,0,0,0
PAY0001772,INV0001917,SUP00316,DPT002,2024-09-09,2515.73,Bank Transfer,Completed,Monday,0,0,0
PAY0001773,INV0001918,SUP00130,DPT008,2024-06-10,28512.33,Bank Transfer,Completed,Monday,0,0,0
PAY0001774,INV0001919,SUP00107,DPT004,2024-09-09,2573.73,Check,Completed,Monday,0,0,0
PAY0001775,INV0001921,SUP00004,DPT001,2024-11-30,9215.94,Bank Transfer,Completed,Saturday,1,0,0
PAY0001776,INV0001922,SUP00033,DPT002,2025-02-01,4987.25,Bank Transfer,Completed,Saturday,1,0,0
PAY0001777,INV0001923,SUP00233,DPT005,2024-09-11,26793.53,Bank Transfer,Completed,Wednesday,0,0,0
PAY0001778,INV0001924,SUP00001,DPT003,2025-02-13,7392.34,Bank Transfer,Completed,Thursday,0,0,0
PAY0001779,INV0001925,SUP00005,DPT009,2024-03-24,7460.1,Cash,Completed,Sunday,1,1,0
PAY0001780,INV0001926,SUP00085,DPT012,2024-12-21,14719.35,Bank Transfer,Completed,Saturday,1,0,0
PAY0001781,INV0001927,SUP00230,DPT009,2024-10-19,9183.47,Bank Transfer,Pending,Saturday,1,0,1
PAY0001782,INV0001928,SUP00011,DPT004,2024-12-14,13415.74,Bank Transfer,Completed,Saturday,1,0,0
PAY0001783,INV0001929,SUP00245,DPT004,2024-12-31,12028.58,Bank Transfer,Completed,Tuesday,0,0,0
PAY0001784,INV0001930,SUP00014,DPT002,2024-12-03,3599.16,Bank Transfer,Completed,Tuesday,0,0,0
PAY0001785,INV0001931,SUP00026,DPT007,2024-04-17,1346.63,Check,Completed,Wednesday,0,0,0
PAY0001786,INV0001932,SUP00293,DPT004,2024-05-11,4277.74,Check,Completed,Saturday,1,0,0
PAY0001787,INV0001933,SUP00022,DPT010,2024-06-01,541.14,Bank Transfer,Completed,Saturday,1,0,0
PAY0001788,INV0001934,SUP00084,DPT006,2024-09-04,2333.7,Bank Transfer,Completed,Wednesday,0,0,0
PAY0001789,INV0001935,SUP00282,DPT002,2024-07-06,3419.93,Bank Transfer,Completed,Saturday,1,0,0
PAY0001790,INV0001936,SUP00009,DPT004,2024-07-12,23751.14,Bank Transfer,Completed,Friday,0,0,0
PAY0001791,INV0001937,SUP00004,DPT007,2024-09-17,4569.33,Bank Transfer,Pending,Tuesday,0,0,1
PAY0001792,INV0001938,SUP00296,DPT010,2024-08-22,41004.92,Bank Transfer,Completed,Thursday,0,0,0
PAY0001793,INV0001939,SUP00061,DPT003,2024-09-06,9293.76,Bank Transfer,Completed,Friday,0,0,0
PAY0001794,INV0001940,SUP00300,DPT007,2024-11-05,838.3,Bank Transfer,Completed,Tuesday,0,0,0
PAY0001795,INV0001941,SUP00242,DPT002,2024-10-08,20450.45,Bank Transfer,Completed,Tuesday,0,0,0
PAY0001796,INV0001942,SUP00081,DPT011,2024-07-11,18195.86,Bank Transfer,Completed,Thursday,0,0,0
PAY0001797,INV0001943,SUP00027,DPT005,2025-02-11,794.29,Bank Transfer,Completed,Tuesday,0,0,0
PAY0001798,INV0001944,SUP00028,DPT008,2024-04-10,11870.77,Bank Transfer,Completed,Wednesday,0,0,0
PAY0001799,INV0001946,SUP00025,DPT011,2024-06-11,459.59,Bank Transfer,Completed,Tuesday,0,0,0
PAY0001800,INV0001947,SUP00215,DPT008,2024-12-06,1557.83,Bank Transfer,Completed,Friday,0,0,0
PAY0001801,INV0001948,SUP00314,DPT002,2024-11-21,25307.39,Bank Transfer,Completed,Thursday,0,0,0
PAY0001802,INV0001949,SUP00297,DPT005,2024-08-16,4285.13,Bank Transfer,Completed,Friday,0,0,0
PAY0001803,INV0001950,SUP00298,DPT003,2024-08-09,29080.62,Cash,Completed,Friday,0,1,0
PAY0001804,INV0001951,SUP00001,DPT009,2024-06-06,16530.05,Bank Transfer,Completed,Thursday,0,0,0
PAY0001805,INV0001952,SUP00035,DPT009,2024-01-27,14282.06,Bank Transfer,Completed,Saturday,1,0,0
PAY0001806,INV0001953,SUP00007,DPT004,2024-05-18,20985.53,Bank Transfer,Completed,Saturday,1,0,0
PAY0001807,INV0001954,SUP00094,DPT003,2024-09-20,2109.56,Bank Transfer,Completed,Friday,0,0,0
PAY0001808,INV0001955,SUP00289,DPT010,2024-12-21,19696.16,Bank Transfer,Completed,Saturday,1,0,0
PAY0001809,INV0001956,SUP00248,DPT010,2024-05-13,50601.6,Bank Transfer,Completed,Monday,0,0,0
PAY0001810,INV0001957,SUP00242,DPT004,2024-06-14,3608.27,Bank Transfer,Completed,Friday,0,0,0
PAY0001811,INV0001958,SUP00016,DPT007,2024-03-12,19405.91,Bank Transfer,Completed,Tuesday,0,0,0
PAY0001812,INV0001959,SUP00030,DPT003,2024-11-09,4367.25,Bank Transfer,Completed,Saturday,1,0,0
PAY0001813,INV0001960,SUP00010,DPT003,2024-04-21,2230.92,Bank Transfer,Completed,Sunday,1,0,0
PAY0001814,INV0001961,SUP00057,DPT011,2024-12-12,1778.3,Bank Transfer,Completed,Thursday,0,0,0
PAY0001815,INV0001963,SUP00208,DPT001,2025-02-06,23424.87,Bank Transfer,Completed,Thursday,0,0,0
PAY0001816,INV0001964,SUP00026,DPT004,2024-03-04,9179.1,Bank Transfer,Completed,Monday,0,0,0
PAY0001817,INV0001965,SUP00144,DPT004,2025-03-08,7399.82,Bank Transfer,Completed,Saturday,1,0,0
PAY0001818,INV0001966,SUP00245,DPT002,2024-07-09,1495.53,Bank Transfer,Completed,Tuesday,0,0,0
PAY0001819,INV0001968,SUP00098,DPT002,2024-04-08,6442.43,Bank Transfer,Completed,Monday,0,0,0
PAY0001820,INV0001969,SUP00230,DPT003,2024-09-11,1971.38,Bank Transfer,Completed,Wednesday,0,0,0
PAY0001821,INV0001970,SUP00291,DPT009,2024-11-09,9243.3,Bank Transfer,Failed,Saturday,1,0,1
PAY0001822,INV0001971,SUP00006,DPT002,2024-08-29,2414.76,Bank Transfer,Completed,Thursday,0,0,0
PAY0001823,INV0001972,SUP00133,DPT003,2024-05-28,3529.12,Bank Transfer,Completed,Tuesday,0,0,0
PAY0001824,INV0001973,SUP00023,DPT006,2024-08-10,13238.56,Bank Transfer,Completed,Saturday,1,0,0
PAY0001825,INV0001974,SUP00010,DPT003,2024-11-16,34892.78,Bank Transfer,Completed,Saturday,1,0,0
PAY0001826,INV0001975,SUP00006,DPT004,2024-11-30,31678.76,Bank Transfer,Completed,Saturday,1,0,0
PAY0001827,INV0001976,SUP00076,DPT005,2024-03-09,4676.51,Bank Transfer,Completed,Saturday,1,0,0
PAY0001828,INV0001977,SUP00013,DPT011,2024-02-26,10160.62,Bank Transfer,Completed,Monday,0,0,0
PAY0001829,INV0001978,SUP00125,DPT010,2024-11-19,11202.77,Check,Completed,Tuesday,0,0,0
PAY0001830,INV0001979,SUP00010,DPT001,2024-02-23,11209.78,Bank Transfer,Completed,Friday,0,0,0
PAY0001831,INV0001980,SUP00001,DPT005,2024-05-03,6192.66,Check,Completed,Friday,0,0,0
PAY0001832,INV0001981,SUP00183,DPT006,2025-01-20,24648.19,Bank Transfer,Completed,Monday,0,0,0
PAY0001833,INV0001982,SUP00006,DPT003,2024-07-25,2636.52,Bank Transfer,Completed,Thursday,0,0,0
PAY0001834,INV0001984,SUP00008,DPT006,2024-08-27,8444.02,Bank Transfer,Completed,Tuesday,0,0,0
PAY0001835,INV0001985,SUP00014,DPT004,2024-12-21,49399.29,Bank Transfer,Completed,Saturday,1,0,0
PAY0001836,INV0001986,SUP00028,DPT011,2024-10-12,9961.81,Bank Transfer,Completed,Saturday,1,0,0
PAY0001837,INV0001987,SUP00210,DPT002,2024-11-17,3193.04,Bank Transfer,Completed,Sunday,1,0,0
PAY0001838,INV0001988,SUP00114,DPT001,2024-07-05,18530.35,Card,Completed,Friday,0,0,0
PAY0001839,INV0001989,SUP00005,DPT010,2024-11-19,9563.15,Bank Transfer,Completed,Tuesday,0,0,0
PAY0001840,INV0001991,SUP00230,DPT004,2024-04-02,11069.57,Bank Transfer,Completed,Tuesday,0,0,0
PAY0001841,INV0001992,SUP00009,DPT008,2024-08-17,2582.36,Bank Transfer,Completed,Saturday,1,0,0
PAY0001842,INV0001993,SUP00008,DPT009,2024-12-28,88236.16,Bank Transfer,Completed,Saturday,1,0,0
PAY0001843,INV0001994,SUP00001,DPT002,2025-03-05,2248.37,Card,Pending,Wednesday,0,0,1
PAY0001844,INV0001995,SUP00187,DPT006,2024-09-10,1908.95,Bank Transfer,Completed,Tuesday,0,0,0
PAY0001845,INV0001997,SUP00015,DPT003,2024-06-02,2292.46,Card,Completed,Sunday,1,0,0
PAY0001846,INV0001999,SUP00194,DPT012,2024-03-16,1690.98,Bank Transfer,Completed,Saturday,1,0,0
PAY0001847,INV0002000,SUP00004,DPT004,2024-11-11,10003.59,Bank Transfer,Completed,Monday,0,0,0
PAY0001848,INV0002001,SUP00026,DPT001,2024-02-14,7507.02,Bank Transfer,Completed,Wednesday,0,0,0
PAY0001849,INV0002002,SUP00226,DPT011,2024-09-03,1772.12,Cash,Completed,Tuesday,0,1,0
PAY0001850,INV0002003,SUP00009,DPT005,2024-07-06,4593.97,Bank Transfer,Completed,Saturday,1,0,0
PAY0001851,INV0002004,SUP00018,DPT002,2024-12-01,1847.45,Bank Transfer,Completed,Sunday,1,0,0
PAY0001852,INV0002005,SUP00120,DPT008,2024-10-04,14657.57,Bank Transfer,Completed,Friday,0,0,0
PAY0001853,INV0002006,SUP00128,DPT007,2024-06-18,680.88,Check,Completed,Tuesday,0,0,0
PAY0001854,INV0002007,SUP00026,DPT002,2025-02-06,12886.65,Cash,Completed,Thursday,0,1,0
PAY0001855,INV0002008,SUP00023,DPT003,2024-03-13,2382.21,Bank Transfer,Completed,Wednesday,0,0,0
PAY0001856,INV0002009,SUP00022,DPT010,2024-01-25,6125.01,Check,Completed,Thursday,0,0,0
PAY0001857,INV0002010,SUP00028,DPT012,2024-03-16,9331.96,Bank Transfer,Completed,Saturday,1,0,0
PAY0001858,INV0002011,SUP00015,DPT004,2024-09-07,6517.51,Bank Transfer,Completed,Saturday,1,0,0
PAY0001859,INV0002012,SUP00009,DPT002,2025-04-28,60124.89,Bank Transfer,Completed,Monday,0,0,0
PAY0001860,INV0002013,SUP00012,DPT003,2024-03-21,3373.43,Bank Transfer,Pending,Thursday,0,0,1
PAY0001861,INV0002014,SUP00027,DPT004,2024-11-27,1140.85,Bank Transfer,Completed,Wednesday,0,0,0
PAY0001862,INV0002015,SUP00018,DPT003,2024-06-08,66786.15,Bank Transfer,Completed,Saturday,1,0,0
PAY0001863,INV0002016,SUP00076,DPT006,2024-03-30,8312.89,Bank Transfer,Completed,Saturday,1,0,0
PAY0001864,INV0002017,SUP00103,DPT001,2025-01-07,6664.01,Cash,Completed,Tuesday,0,1,0
PAY0001865,INV0002018,SUP00318,DPT009,2024-11-30,73167.54,Bank Transfer,Completed,Saturday,1,0,0
PAY0001866,INV0002020,SUP00164,DPT009,2024-11-29,5234.33,Bank Transfer,Completed,Friday,0,0,0
PAY0001867,INV0002022,SUP00179,DPT006,2024-08-11,4815.44,Bank Transfer,Pending,Sunday,1,0,1
PAY0001868,INV0002023,SUP00031,DPT003,2024-01-23,1069.92,Bank Transfer,Completed,Tuesday,0,0,0
PAY0001869,INV0002024,SUP00242,DPT003,2024-10-17,6186.0,Bank Transfer,Completed,Thursday,0,0,0
PAY0001870,INV0002026,SUP00008,DPT009,2024-04-29,5300.18,Bank Transfer,Completed,Monday,0,0,0
PAY0001871,INV0002027,SUP00278,DPT009,2024-06-24,418.36,Bank Transfer,Completed,Monday,0,0,0
PAY0001872,INV0002028,SUP00127,DPT002,2024-08-26,13447.88,Bank Transfer,Completed,Monday,0,0,0
PAY0001873,INV0002029,SUP00167,DPT006,2024-07-27,4249.24,Bank Transfer,Completed,Saturday,1,0,0
PAY0001874,INV0002030,SUP00027,DPT002,2024-12-28,116624.51,Bank Transfer,Completed,Saturday,1,0,0
PAY0001875,INV0002031,SUP00015,DPT006,2024-08-28,3217.55,Bank Transfer,Completed,Wednesday,0,0,0
PAY0001876,INV0002032,SUP00203,DPT003,2024-08-02,2713.4,Bank Transfer,Completed,Friday,0,0,0
PAY0001877,INV0002034,SUP00049,DPT011,2025-03-01,1343.2,Bank Transfer,Completed,Saturday,1,0,0
PAY0001878,INV0002035,SUP00003,DPT003,2024-12-05,99475.04,Bank Transfer,Completed,Thursday,0,0,0
PAY0001879,INV0002037,SUP00158,DPT008,2024-06-15,2178.98,Bank Transfer,Completed,Saturday,1,0,0
PAY0001880,INV0002039,SUP00255,DPT005,2024-10-24,10089.53,Bank Transfer,Pending,Thursday,0,0,1
PAY0001881,INV0002040,SUP00153,DPT003,2024-03-23,7493.6,Bank Transfer,Completed,Saturday,1,0,0
PAY0001882,INV0002041,SUP00129,DPT002,2024-07-26,19831.6,Bank Transfer,Completed,Friday,0,0,0
PAY0001883,INV0002042,SUP00288,DPT001,2024-09-16,100573.25,Bank Transfer,Completed,Monday,0,0,0
PAY0001884,INV0002043,SUP00048,DPT007,2024-08-06,1808.65,Bank Transfer,Completed,Tuesday,0,0,0
PAY0001885,INV0002044,SUP00116,DPT002,2024-11-03,838.92,Bank Transfer,Completed,Sunday,1,0,0
PAY0001886,INV0002045,SUP00243,DPT004,2024-05-11,9576.0,Bank Transfer,Completed,Saturday,1,0,0
PAY0001887,INV0002048,SUP00047,DPT002,2024-05-11,12972.36,Bank Transfer,Completed,Saturday,1,0,0
PAY0001888,INV0002049,SUP00042,DPT008,2024-09-11,4188.89,Bank Transfer,Completed,Wednesday,0,0,0
PAY0001889,INV0002053,SUP00007,DPT002,2024-03-29,7234.27,Cash,Pending,Friday,0,1,1
PAY0001890,INV0002054,SUP00009,DPT011,2024-12-26,4880.19,Bank Transfer,Completed,Thursday,0,0,0
PAY0001891,INV0002055,SUP00029,DPT003,2024-10-26,97027.18,Bank Transfer,Completed,Saturday,1,0,0
PAY0001892,INV0002057,SUP00022,DPT002,2024-09-25,1517.99,Cash,Completed,Wednesday,0,1,0
PAY0001893,INV0002058,SUP00005,DPT003,2025-01-20,1229.66,Bank Transfer,Completed,Monday,0,0,0
PAY0001894,INV0002059,SUP00005,DPT009,2024-12-02,27369.78,Bank Transfer,Completed,Monday,0,0,0
PAY0001895,INV0002060,SUP00228,DPT002,2024-03-23,14934.88,Card,Completed,Saturday,1,0,0
PAY0001896,INV0002061,SUP00050,DPT001,2024-08-15,32765.07,Bank Transfer,Completed,Thursday,0,0,0
PAY0001897,INV0002062,SUP00191,DPT010,2024-06-25,3558.72,Bank Transfer,Completed,Tuesday,0,0,0
PAY0001898,INV0002063,SUP00001,DPT003,2024-06-15,5078.34,Bank Transfer,Completed,Saturday,1,0,0
PAY0001899,INV0002064,SUP00010,DPT001,2024-05-11,787.15,Cash,Completed,Saturday,1,1,0
PAY0001900,INV0002065,SUP00001,DPT001,2025-01-17,6949.68,Bank Transfer,Completed,Friday,0,0,0
PAY0001901,INV0002066,SUP00001,DPT010,2025-01-03,2968.12,Bank Transfer,Completed,Friday,0,0,0
PAY0001902,INV0002067,SUP00002,DPT005,2024-09-08,2476.19,Bank Transfer,Completed,Sunday,1,0,0
PAY0001903,INV0002068,SUP00038,DPT006,2025-03-02,17222.59,Bank Transfer,Completed,Sunday,1,0,0
PAY0001904,INV0002069,SUP00003,DPT006,2024-05-31,5000.45,Bank Transfer,Completed,Friday,0,0,0
PAY0001905,INV0002070,SUP00202,DPT005,2024-12-12,15463.3,Bank Transfer,Completed,Thursday,0,0,0
PAY0001906,INV0002071,SUP00035,DPT008,2024-03-09,5209.41,Bank Transfer,Completed,Saturday,1,0,0
PAY0001907,INV0002073,SUP00225,DPT006,2024-04-27,1292.1,Bank Transfer,Completed,Saturday,1,0,0
PAY0001908,INV0002074,SUP00031,DPT009,2024-10-01,1911.6,Bank Transfer,Failed,Tuesday,0,0,1
PAY0001909,INV0002075,SUP00015,DPT001,2024-10-02,10251.92,Bank Transfer,Completed,Wednesday,0,0,0
PAY0001910,INV0002076,SUP00066,DPT004,2024-01-15,41007.94,Bank Transfer,Completed,Monday,0,0,0
PAY0001911,INV0002077,SUP00127,DPT006,2024-06-02,10238.49,Bank Transfer,Completed,Sunday,1,0,0
PAY0001912,INV0002078,SUP00060,DPT002,2024-12-20,6076.99,Bank Transfer,Completed,Friday,0,0,0
PAY0001913,INV0002079,SUP00281,DPT002,2024-06-01,33519.97,Bank Transfer,Completed,Saturday,1,0,0
PAY0001914,INV0002080,SUP00015,DPT002,2024-10-23,4646.32,Bank Transfer,Completed,Wednesday,0,0,0
PAY0001915,INV0002081,SUP00021,DPT003,2024-03-12,2426.96,Check,Completed,Tuesday,0,0,0
PAY0001916,INV0002082,SUP00237,DPT009,2024-07-19,5969.94,Bank Transfer,Completed,Friday,0,0,0
PAY0001917,INV0002083,SUP00107,DPT001,2024-06-19,9157.29,Bank Transfer,Completed,Wednesday,0,0,0
PAY0001918,INV0002084,SUP00301,DPT006,2024-09-26,1409.13,Bank Transfer,Completed,Thursday,0,0,0
PAY0001919,INV0002085,SUP00198,DPT001,2024-09-10,6871.63,Check,Completed,Tuesday,0,0,0
PAY0001920,INV0002086,SUP00033,DPT006,2024-04-16,15164.35,Check,Completed,Tuesday,0,0,0
PAY0001921,INV0002087,SUP00105,DPT002,2024-05-15,4329.53,Bank Transfer,Completed,Wednesday,0,0,0
PAY0001922,INV0002088,SUP00020,DPT002,2024-09-07,4970.47,Bank Transfer,Completed,Saturday,1,0,0
PAY0001923,INV0002089,SUP00005,DPT004,2024-02-23,5883.54,Check,Completed,Friday,0,0,0
PAY0001924,INV0002090,SUP00021,DPT002,2024-05-07,624.24,Bank Transfer,Pending,Tuesday,0,0,1
PAY0001925,INV0002091,SUP00010,DPT003,2024-11-01,6579.43,Bank Transfer,Pending,Friday,0,0,1
PAY0001926,INV0002093,SUP00125,DPT011,2024-10-08,31066.72,Bank Transfer,Completed,Tuesday,0,0,0
PAY0001927,INV0002094,SUP00284,DPT006,2024-09-22,31932.08,Bank Transfer,Completed,Sunday,1,0,0
PAY0001928,INV0002095,SUP00003,DPT004,2025-01-14,6199.48,Bank Transfer,Completed,Tuesday,0,0,0
PAY0001929,INV0002096,SUP00026,DPT005,2024-09-07,102872.47,Bank Transfer,Completed,Saturday,1,0,0
PAY0001930,INV0002097,SUP00020,DPT004,2024-03-30,2468.68,Bank Transfer,Completed,Saturday,1,0,0
PAY0001931,INV0002098,SUP00042,DPT005,2024-09-08,2596.88,Check,Completed,Sunday,1,0,0
PAY0001932,INV0002099,SUP00004,DPT005,2024-09-22,6323.75,Bank Transfer,Completed,Sunday,1,0,0
PAY0001933,INV0002100,SUP00029,DPT004,2024-05-31,15447.95,Bank Transfer,Completed,Friday,0,0,0
PAY0001934,INV0002101,SUP00118,DPT009,2024-04-24,12778.48,Bank Transfer,Completed,Wednesday,0,0,0
PAY0001935,INV0002102,SUP00011,DPT004,2024-08-18,406.45,Check,Completed,Sunday,1,0,0
PAY0001936,INV0002103,SUP00114,DPT001,2024-09-17,19956.38,Check,Completed,Tuesday,0,0,0
PAY0001937,INV0002106,SUP00266,DPT009,2024-12-22,5182.93,Bank Transfer,Completed,Sunday,1,0,0
PAY0001938,INV0002107,SUP00001,DPT002,2024-03-26,9030.54,Bank Transfer,Completed,Tuesday,0,0,0
PAY0001939,INV0002108,SUP00009,DPT006,2024-10-31,10380.62,Bank Transfer,Completed,Thursday,0,0,0
PAY0001940,INV0002109,SUP00283,DPT012,2024-07-19,4959.49,Bank Transfer,Completed,Friday,0,0,0
PAY0001941,INV0002110,SUP00005,DPT001,2024-04-01,24964.72,Bank Transfer,Completed,Monday,0,0,0
PAY0001942,INV0002111,SUP00020,DPT005,2024-05-08,99308.59,Bank Transfer,Completed,Wednesday,0,0,0
PAY0001943,INV0002112,SUP00025,DPT003,2025-01-21,1446.68,Bank Transfer,Completed,Tuesday,0,0,0
PAY0001944,INV0002113,SUP00116,DPT009,2024-04-26,11795.59,Bank Transfer,Completed,Friday,0,0,0
PAY0001945,INV0002114,SUP00091,DPT003,2024-02-15,21594.34,Bank Transfer,Completed,Thursday,0,0,0
PAY0001946,INV0002115,SUP00100,DPT008,2024-10-29,10181.14,Bank Transfer,Completed,Tuesday,0,0,0
PAY0001947,INV0002116,SUP00285,DPT002,2024-08-16,26564.86,Bank Transfer,Completed,Friday,0,0,0
PAY0001948,INV0002117,SUP00019,DPT001,2024-04-18,7838.44,Bank Transfer,Completed,Thursday,0,0,0
PAY0001949,INV0002118,SUP00029,DPT001,2024-12-04,5234.96,Check,Completed,Wednesday,0,0,0
PAY0001950,INV0002119,SUP00299,DPT002,2024-07-15,2266.94,Bank Transfer,Failed,Monday,0,0,1
PAY0001951,INV0002120,SUP00005,DPT009,2024-05-16,61504.9,Bank Transfer,Completed,Thursday,0,0,0
PAY0001952,INV0002121,SUP00290,DPT002,2024-09-01,1816.23,Bank Transfer,Completed,Sunday,1,0,0
PAY0001953,INV0002122,SUP00290,DPT001,2025-03-13,5884.34,Cash,Completed,Thursday,0,1,0
PAY0001954,INV0002123,SUP00293,DPT010,2024-10-14,3963.49,Bank Transfer,Completed,Monday,0,0,0
PAY0001955,INV0002124,SUP00003,DPT003,2024-12-10,1290.7,Bank Transfer,Pending,Tuesday,0,0,1
PAY0001956,INV0002125,SUP00071,DPT005,2024-03-21,16602.15,Bank Transfer,Completed,Thursday,0,0,0
PAY0001957,INV0002126,SUP00225,DPT001,2024-04-05,10913.02,Bank Transfer,Completed,Friday,0,0,0
PAY0001958,INV0002127,SUP00011,DPT011,2024-01-30,8064.23,Bank Transfer,Completed,Tuesday,0,0,0
PAY0001959,INV0002128,SUP00079,DPT004,2024-07-03,2866.51,Bank Transfer,Completed,Wednesday,0,0,0
PAY0001960,INV0002129,SUP00009,DPT001,2024-08-01,11311.54,Bank Transfer,Completed,Thursday,0,0,0
PAY0001961,INV0002131,SUP00233,DPT003,2025-02-16,10475.61,Bank Transfer,Completed,Sunday,1,0,0
PAY0001962,INV0002132,SUP00309,DPT003,2024-10-25,31981.9,Bank Transfer,Completed,Friday,0,0,0
PAY0001963,INV0002133,SUP00003,DPT004,2025-01-20,359.51,Card,Completed,Monday,0,0,0
PAY0001964,INV0002134,SUP00004,DPT004,2025-02-05,18624.81,Bank Transfer,Completed,Wednesday,0,0,0
PAY0001965,INV0002136,SUP00003,DPT002,2024-05-19,43592.73,Bank Transfer,Completed,Sunday,1,0,0
PAY0001966,INV0002137,SUP00103,DPT008,2024-08-09,14532.1,Bank Transfer,Completed,Friday,0,0,0
PAY0001967,INV0002138,SUP00155,DPT001,2024-02-20,25256.34,Bank Transfer,Completed,Tuesday,0,0,0
PAY0001968,INV0002139,SUP00021,DPT007,2024-10-28,2231.72,Check,Completed,Monday,0,0,0
PAY0001969,INV0002140,SUP00177,DPT002,2024-12-24,7794.5,Bank Transfer,Completed,Tuesday,0,0,0
PAY0001970,INV0002141,SUP00004,DPT004,2025-01-06,5017.83,Bank Transfer,Completed,Monday,0,0,0
PAY0001971,INV0002142,SUP00010,DPT005,2024-04-16,3455.78,Bank Transfer,Completed,Tuesday,0,0,0
PAY0001972,INV0002143,SUP00207,DPT006,2024-08-31,18808.52,Check,Completed,Saturday,1,0,0
PAY0001973,INV0002145,SUP00010,DPT005,2024-10-22,708.89,Bank Transfer,Completed,Tuesday,0,0,0
PAY0001974,INV0002146,SUP00097,DPT010,2024-01-18,50754.97,Bank Transfer,Completed,Thursday,0,0,0
PAY0001975,INV0002147,SUP00009,DPT011,2024-01-19,6038.49,Bank Transfer,Completed,Friday,0,0,0
PAY0001976,INV0002148,SUP00028,DPT012,2024-12-30,13263.28,Bank Transfer,Completed,Monday,0,0,0
PAY0001977,INV0002149,SUP00224,DPT003,2024-12-31,3671.96,Bank Transfer,Completed,Tuesday,0,0,0
PAY0001978,INV0002150,SUP00009,DPT001,2024-11-24,821.85,Bank Transfer,Completed,Sunday,1,0,0
PAY0001979,INV0002151,SUP00023,DPT007,2024-08-07,1935.38,Bank Transfer,Completed,Wednesday,0,0,0
PAY0001980,INV0002152,SUP00001,DPT002,2025-02-01,2116.59,Bank Transfer,Completed,Saturday,1,0,0
PAY0001981,INV0002153,SUP00148,DPT008,2024-06-26,1856.82,Bank Transfer,Completed,Wednesday,0,0,0
PAY0001982,INV0002154,SUP00015,DPT001,2024-08-27,3169.93,Card,Completed,Tuesday,0,0,0
PAY0001983,INV0002155,SUP00238,DPT009,2024-06-06,13832.63,Bank Transfer,Completed,Thursday,0,0,0
PAY0001984,INV0002156,SUP00003,DPT001,2024-06-19,1220.2,Bank Transfer,Completed,Wednesday,0,0,0
PAY0001985,INV0002157,SUP00192,DPT010,2024-04-19,16807.91,Bank Transfer,Completed,Friday,0,0,0
PAY0001986,INV0002158,SUP00211,DPT006,2024-09-18,1416.99,Bank Transfer,Completed,Wednesday,0,0,0
PAY0001987,INV0002159,SUP00188,DPT002,2024-06-15,3979.6,Bank Transfer,Completed,Saturday,1,0,0
PAY0001988,INV0002160,SUP00164,DPT004,2024-10-30,5855.33,Check,Completed,Wednesday,0,0,0
PAY0001989,INV0002161,SUP00008,DPT004,2025-01-01,4266.96,Bank Transfer,Completed,Wednesday,0,0,0
PAY0001990,INV0002162,SUP00021,DPT010,2025-01-10,12110.38,Bank Transfer,Completed,Friday,0,0,0
PAY0001991,INV0002163,SUP00018,DPT005,2024-10-07,5379.13,Bank Transfer,Completed,Monday,0,0,0
PAY0001992,INV0002164,SUP00008,DPT005,2024-12-28,5013.19,Bank Transfer,Completed,Saturday,1,0,0
PAY0001993,INV0002165,SUP00029,DPT003,2024-08-06,25108.14,Card,Completed,Tuesday,0,0,0
PAY0001994,INV0002166,SUP00142,DPT008,2025-03-04,25008.32,Bank Transfer,Completed,Tuesday,0,0,0
PAY0001995,INV0002167,SUP00028,DPT001,2024-03-23,50416.73,Bank Transfer,Completed,Saturday,1,0,0
PAY0001996,INV0002168,SUP00305,DPT012,2024-03-30,3455.13,Check,Completed,Saturday,1,0,0
PAY0001997,INV0002169,SUP00149,DPT006,2024-02-20,12700.6,Bank Transfer,Completed,Tuesday,0,0,0
PAY0001998,INV0002170,SUP00024,DPT009,2024-06-20,2339.0,Bank Transfer,Completed,Thursday,0,0,0
PAY0001999,INV0002171,SUP00020,DPT009,2024-12-30,18765.67,Bank Transfer,Completed,Monday,0,0,0
PAY0002000,INV0002172,SUP00075,DPT002,2024-08-19,10837.87,Bank Transfer,Completed,Monday,0,0,0
PAY0002001,INV0002173,SUP00023,DPT003,2025-02-03,3991.91,Bank Transfer,Completed,Monday,0,0,0
PAY0002002,INV0002174,SUP00008,DPT003,2024-04-16,3759.94,Bank Transfer,Completed,Tuesday,0,0,0
PAY0002003,INV0002175,SUP00038,DPT002,2024-08-01,12566.32,Bank Transfer,Completed,Thursday,0,0,0
PAY0002004,INV0002176,SUP00127,DPT001,2024-07-26,6257.93,Bank Transfer,Completed,Friday,0,0,0
PAY0002005,INV0002177,SUP00016,DPT009,2024-05-11,1456.21,Bank Transfer,Completed,Saturday,1,0,0
PAY0002006,INV0002178,SUP00010,DPT005,2024-08-09,1044.28,Check,Completed,Friday,0,0,0
PAY0002007,INV0002179,SUP00008,DPT006,2024-07-27,11694.18,Bank Transfer,Completed,Saturday,1,0,0
PAY0002008,INV0002180,SUP00016,DPT004,2024-04-09,2476.69,Bank Transfer,Completed,Tuesday,0,0,0
PAY0002009,INV0002181,SUP00009,DPT001,2024-07-11,6246.02,Bank Transfer,Completed,Thursday,0,0,0
PAY0002010,INV0002183,SUP00107,DPT003,2024-10-20,1490.15,Bank Transfer,Completed,Sunday,1,0,0
PAY0002011,INV0002184,SUP00010,DPT010,2024-05-25,1852.2,Check,Completed,Saturday,1,0,0
PAY0002012,INV0002185,SUP00316,DPT007,2024-08-05,39098.94,Bank Transfer,Completed,Monday,0,0,0
PAY0002013,INV0002186,SUP00111,DPT002,2024-05-30,3695.51,Bank Transfer,Completed,Thursday,0,0,0
PAY0002014,INV0002187,SUP00005,DPT007,2024-12-25,19457.37,Bank Transfer,Completed,Wednesday,0,0,0
PAY0002015,INV0002188,SUP00220,DPT005,2024-03-29,105694.86,Bank Transfer,Completed,Friday,0,0,0
PAY0002016,INV0002189,SUP00175,DPT001,2024-10-17,25053.95,Bank Transfer,Completed,Thursday,0,0,0
PAY0002017,INV0002190,SUP00030,DPT001,2024-09-28,2200.93,Bank Transfer,Completed,Saturday,1,0,0
PAY0002018,INV0002191,SUP00008,DPT002,2024-06-24,6937.36,Bank Transfer,Completed,Monday,0,0,0
PAY0002019,INV0002192,SUP00209,DPT009,2024-04-20,4931.72,Bank Transfer,Failed,Saturday,1,0,1
PAY0002020,INV0002193,SUP00005,DPT009,2024-02-29,6409.82,Bank Transfer,Completed,Thursday,0,0,0
PAY0002021,INV0002194,SUP00022,DPT006,2024-12-22,4931.56,Bank Transfer,Completed,Sunday,1,0,0
PAY0002022,INV0002195,SUP00213,DPT001,2024-08-10,15681.69,Bank Transfer,Completed,Saturday,1,0,0
PAY0002023,INV0002196,SUP00203,DPT003,2024-03-31,595.73,Check,Completed,Sunday,1,0,0
PAY0002024,INV0002197,SUP00102,DPT004,2024-11-17,24615.33,Cash,Completed,Sunday,1,1,0
PAY0002025,INV0002198,SUP00001,DPT003,2025-01-08,8032.68,Check,Completed,Wednesday,0,0,0
PAY0002026,INV0002199,SUP00013,DPT005,2024-08-26,3103.98,Check,Completed,Monday,0,0,0
PAY0002027,INV0002200,SUP00234,DPT001,2024-11-20,14505.78,Check,Completed,Wednesday,0,0,0
PAY0002028,INV0002201,SUP00156,DPT001,2024-12-16,1801.65,Bank Transfer,Completed,Monday,0,0,0
PAY0002029,INV0002202,SUP00209,DPT005,2024-07-03,1900.61,Bank Transfer,Completed,Wednesday,0,0,0
PAY0002030,INV0002203,SUP00003,DPT002,2024-04-01,19819.75,Bank Transfer,Completed,Monday,0,0,0
PAY0002031,INV0002204,SUP00286,DPT007,2024-11-05,4973.49,Bank Transfer,Completed,Tuesday,0,0,0
PAY0002032,INV0002205,SUP00008,DPT009,2024-06-29,100121.84,Bank Transfer,Completed,Saturday,1,0,0
PAY0002033,INV0002206,SUP00013,DPT006,2025-01-02,2641.14,Bank Transfer,Completed,Thursday,0,0,0
PAY0002034,INV0002207,SUP00226,DPT012,2024-02-07,8508.72,Bank Transfer,Completed,Wednesday,0,0,0
PAY0002035,INV0002208,SUP00020,DPT006,2024-06-11,9227.24,Bank Transfer,Completed,Tuesday,0,0,0
PAY0002036,INV0002209,SUP00110,DPT009,2024-05-19,9752.26,Bank Transfer,Completed,Sunday,1,0,0
PAY0002037,INV0002210,SUP00056,DPT006,2024-06-01,11907.07,Bank Transfer,Failed,Saturday,1,0,1
PAY0002038,INV0002211,SUP00241,DPT009,2024-09-24,10276.21,Bank Transfer,Completed,Tuesday,0,0,0
PAY0002039,INV0002213,SUP00004,DPT004,2025-03-01,652.65,Bank Transfer,Completed,Saturday,1,0,0
PAY0002040,INV0002214,SUP00104,DPT003,2024-10-13,15946.59,Bank Transfer,Completed,Sunday,1,0,0
PAY0002041,INV0002215,SUP00229,DPT005,2024-07-22,396.39,Bank Transfer,Completed,Monday,0,0,0
PAY0002042,INV0002218,SUP00164,DPT006,2024-04-30,16913.61,Bank Transfer,Completed,Tuesday,0,0,0
PAY0002043,INV0002219,SUP00019,DPT003,2024-10-21,4571.44,Bank Transfer,Completed,Monday,0,0,0
PAY0002044,INV0002220,SUP00012,DPT004,2025-01-16,51022.33,Bank Transfer,Completed,Thursday,0,0,0
PAY0002045,INV0002221,SUP00001,DPT009,2025-01-20,1215.98,Check,Completed,Monday,0,0,0
PAY0002046,INV0002222,SUP00009,DPT009,2025-01-09,1698.58,Bank Transfer,Completed,Thursday,0,0,0
PAY0002047,INV0002223,SUP00006,DPT006,2024-04-26,455.83,Bank Transfer,Completed,Friday,0,0,0
PAY0002048,INV0002224,SUP00009,DPT001,2024-03-29,1602.49,Bank Transfer,Pending,Friday,0,0,1
PAY0002049,INV0002225,SUP00010,DPT010,2024-09-30,2929.78,Bank Transfer,Completed,Monday,0,0,0
PAY0002050,INV0002226,SUP00237,DPT011,2025-01-27,32463.77,Bank Transfer,Completed,Monday,0,0,0
PAY0002051,INV0002227,SUP00007,DPT010,2024-08-13,20005.9,Bank Transfer,Failed,Tuesday,0,0,1
PAY0002052,INV0002228,SUP00214,DPT007,2024-06-09,7743.74,Bank Transfer,Completed,Sunday,1,0,0
PAY0002053,INV0002229,SUP00238,DPT001,2024-07-24,4134.31,Bank Transfer,Completed,Wednesday,0,0,0
PAY0002054,INV0002230,SUP00026,DPT011,2024-04-18,14486.25,Bank Transfer,Completed,Thursday,0,0,0
PAY0002055,INV0002231,SUP00158,DPT001,2025-03-10,26173.21,Bank Transfer,Completed,Monday,0,0,0
PAY0002056,INV0002232,SUP00012,DPT002,2024-02-10,2906.16,Bank Transfer,Completed,Saturday,1,0,0
PAY0002057,INV0002233,SUP00001,DPT006,2024-12-07,3227.17,Bank Transfer,Completed,Saturday,1,0,0
PAY0002058,INV0002234,SUP00149,DPT004,2024-06-05,3695.07,Bank Transfer,Failed,Wednesday,0,0,1
PAY0002059,INV0002235,SUP00088,DPT008,2024-10-27,828.8,Bank Transfer,Completed,Sunday,1,0,0
PAY0002060,INV0002236,SUP00026,DPT006,2024-12-23,24089.87,Card,Completed,Monday,0,0,0
PAY0002061,INV0002237,SUP00261,DPT001,2024-12-13,10145.43,Bank Transfer,Completed,Friday,0,0,0
PAY0002062,INV0002238,SUP00160,DPT006,2024-12-06,4349.61,Bank Transfer,Completed,Friday,0,0,0
PAY0002063,INV0002239,SUP00022,DPT010,2024-09-23,32399.14,Bank Transfer,Completed,Monday,0,0,0
PAY0002064,INV0002240,SUP00002,DPT010,2024-11-04,3238.88,Bank Transfer,Pending,Monday,0,0,1
PAY0002065,INV0002241,SUP00247,DPT002,2024-03-03,25944.37,Bank Transfer,Completed,Sunday,1,0,0
PAY0002066,INV0002242,SUP00311,DPT003,2025-02-09,806.4,Bank Transfer,Completed,Sunday,1,0,0
PAY0002067,INV0002243,SUP00105,DPT001,2024-07-26,11187.95,Bank Transfer,Completed,Friday,0,0,0
PAY0002068,INV0002244,SUP00184,DPT008,2024-06-05,3674.78,Bank Transfer,Completed,Wednesday,0,0,0
PAY0002069,INV0002245,SUP00030,DPT006,2024-10-27,991.16,Bank Transfer,Completed,Sunday,1,0,0
PAY0002070,INV0002247,SUP00269,DPT003,2024-04-15,7077.87,Bank Transfer,Completed,Monday,0,0,0
PAY0002071,INV0002248,SUP00137,DPT009,2024-11-21,2013.68,Bank Transfer,Completed,Thursday,0,0,0
PAY0002072,INV0002249,SUP00054,DPT009,2025-05-09,9253.44,Bank Transfer,Completed,Friday,0,0,0
PAY0002073,INV0002250,SUP00133,DPT004,2025-02-02,2521.3,Bank Transfer,Completed,Sunday,1,0,0
PAY0002074,INV0002251,SUP00032,DPT001,2024-03-05,926.86,Bank Transfer,Completed,Tuesday,0,0,0
PAY0002075,INV0002252,SUP00002,DPT004,2024-07-22,18268.25,Bank Transfer,Completed,Monday,0,0,0
PAY0002076,INV0002253,SUP00120,DPT010,2024-08-06,8427.49,Bank Transfer,Completed,Tuesday,0,0,0
PAY0002077,INV0002254,SUP00001,DPT005,2024-06-15,739.88,Bank Transfer,Completed,Saturday,1,0,0
PAY0002078,INV0002256,SUP00006,DPT003,2024-03-18,6706.82,Bank Transfer,Pending,Monday,0,0,1
PAY0002079,INV0002257,SUP00014,DPT003,2024-11-23,3585.17,Bank Transfer,Completed,Saturday,1,0,0
PAY0002080,INV0002258,SUP00266,DPT001,2025-01-10,3778.59,Bank Transfer,Completed,Friday,0,0,0
PAY0002081,INV0002259,SUP00003,DPT003,2024-10-08,20378.05,Bank Transfer,Completed,Tuesday,0,0,0
PAY0002082,INV0002260,SUP00016,DPT002,2024-04-11,8415.83,Bank Transfer,Completed,Thursday,0,0,0
PAY0002083,INV0002261,SUP00179,DPT005,2024-09-21,29961.85,Check,Completed,Saturday,1,0,0
PAY0002084,INV0002262,SUP00240,DPT004,2024-07-26,10213.74,Bank Transfer,Completed,Friday,0,0,0
PAY0002085,INV0002263,SUP00165,DPT009,2024-04-02,7818.25,Bank Transfer,Completed,Tuesday,0,0,0
PAY0002086,INV0002264,SUP00300,DPT003,2024-04-24,2520.32,Bank Transfer,Completed,Wednesday,0,0,0
PAY0002087,INV0002265,SUP00141,DPT002,2024-08-06,7203.86,Bank Transfer,Completed,Tuesday,0,0,0
PAY0002088,INV0002266,SUP00170,DPT001,2024-05-01,19615.89,Bank Transfer,Completed,Wednesday,0,0,0
PAY0002089,INV0002267,SUP00022,DPT002,2024-06-22,95831.13,Bank Transfer,Completed,Saturday,1,0,0
PAY0002090,INV0002269,SUP00026,DPT006,2024-04-20,19979.64,Bank Transfer,Completed,Saturday,1,0,0
PAY0002091,INV0002271,SUP00114,DPT010,2024-06-21,3484.01,Bank Transfer,Completed,Friday,0,0,0
PAY0002092,INV0002272,SUP00186,DPT002,2024-09-03,12887.62,Bank Transfer,Completed,Tuesday,0,0,0
PAY0002093,INV0002273,SUP00101,DPT004,2024-12-13,1048.23,Bank Transfer,Completed,Friday,0,0,0
PAY0002094,INV0002274,SUP00163,DPT002,2024-06-28,5352.14,Check,Completed,Friday,0,0,0
PAY0002095,INV0002275,SUP00006,DPT002,2024-07-19,2153.25,Bank Transfer,Completed,Friday,0,0,0
PAY0002096,INV0002276,SUP00012,DPT003,2024-09-11,6374.76,Bank Transfer,Completed,Wednesday,0,0,0
PAY0002097,INV0002277,SUP00062,DPT007,2024-04-22,2067.63,Bank Transfer,Completed,Monday,0,0,0
PAY0002098,INV0002278,SUP00001,DPT009,2024-10-29,20091.87,Bank Transfer,Completed,Tuesday,0,0,0
PAY0002099,INV0002279,SUP00269,DPT003,2024-04-07,3284.69,Bank Transfer,Completed,Sunday,1,0,0
PAY0002100,INV0002280,SUP00008,DPT004,2024-10-25,13117.42,Bank Transfer,Completed,Friday,0,0,0
PAY0002101,INV0002281,SUP00003,DPT010,2024-10-08,1085.81,Bank Transfer,Completed,Tuesday,0,0,0
PAY0002102,INV0002282,SUP00122,DPT009,2024-06-29,4267.25,Bank Transfer,Completed,Saturday,1,0,0
PAY0002103,INV0002283,SUP00007,DPT007,2024-06-17,1385.54,Bank Transfer,Completed,Monday,0,0,0
PAY0002104,INV0002284,SUP00062,DPT004,2024-04-23,22780.59,Bank Transfer,Completed,Tuesday,0,0,0
PAY0002105,INV0002285,SUP00009,DPT003,2024-02-09,2428.1,Bank Transfer,Completed,Friday,0,0,0
PAY0002106,INV0002286,SUP00006,DPT008,2025-02-15,5201.67,Bank Transfer,Completed,Saturday,1,0,0
PAY0002107,INV0002287,SUP00164,DPT001,2024-03-18,9057.33,Check,Completed,Monday,0,0,0
PAY0002108,INV0002290,SUP00008,DPT006,2024-07-02,7354.07,Bank Transfer,Completed,Tuesday,0,0,0
PAY0002109,INV0002291,SUP00056,DPT005,2024-11-26,649.8,Bank Transfer,Completed,Tuesday,0,0,0
PAY0002110,INV0002292,SUP00022,DPT001,2024-05-24,27993.83,Bank Transfer,Completed,Friday,0,0,0
PAY0002111,INV0002293,SUP00002,DPT004,2024-11-05,5274.17,Bank Transfer,Completed,Tuesday,0,0,0
PAY0002112,INV0002294,SUP00159,DPT002,2024-08-26,1092.79,Card,Completed,Monday,0,0,0
PAY0002113,INV0002295,SUP00056,DPT009,2024-12-07,4398.68,Bank Transfer,Completed,Saturday,1,0,0
PAY0002114,INV0002296,SUP00278,DPT011,2024-08-08,11495.05,Bank Transfer,Completed,Thursday,0,0,0
PAY0002115,INV0002297,SUP00207,DPT003,2024-08-11,2309.38,Bank Transfer,Completed,Sunday,1,0,0
PAY0002116,INV0002298,SUP00067,DPT001,2024-03-28,639.8,Bank Transfer,Completed,Thursday,0,0,0
PAY0002117,INV0002299,SUP00002,DPT010,2024-09-07,5171.01,Card,Completed,Saturday,1,0,0
PAY0002118,INV0002300,SUP00174,DPT009,2024-12-23,14464.78,Bank Transfer,Completed,Monday,0,0,0
PAY0002119,INV0002301,SUP00054,DPT009,2024-05-21,7654.05,Check,Completed,Tuesday,0,0,0
PAY0002120,INV0002302,SUP00223,DPT003,2024-07-30,9368.19,Bank Transfer,Completed,Tuesday,0,0,0
PAY0002121,INV0002303,SUP00071,DPT001,2024-10-19,18113.53,Bank Transfer,Failed,Saturday,1,0,1
PAY0002122,INV0002304,SUP00001,DPT012,2024-06-25,36348.66,Cash,Completed,Tuesday,0,1,0
PAY0002123,INV0002305,SUP00211,DPT004,2024-12-21,270.65,Bank Transfer,Completed,Saturday,1,0,0
PAY0002124,INV0002306,SUP00202,DPT003,2024-07-27,1312.81,Bank Transfer,Completed,Saturday,1,0,0
PAY0002125,INV0002307,SUP00004,DPT009,2025-03-10,7257.73,Bank Transfer,Completed,Monday,0,0,0
PAY0002126,INV0002308,SUP00134,DPT007,2024-11-03,8217.92,Bank Transfer,Completed,Sunday,1,0,0
PAY0002127,INV0002309,SUP00041,DPT001,2025-04-26,1013.38,Bank Transfer,Completed,Saturday,1,0,0
PAY0002128,INV0002310,SUP00079,DPT011,2024-09-21,2409.21,Bank Transfer,Completed,Saturday,1,0,0
PAY0002129,INV0002312,SUP00009,DPT002,2024-11-10,4107.37,Check,Completed,Sunday,1,0,0
PAY0002130,INV0002314,SUP00007,DPT005,2024-02-21,46559.99,Bank Transfer,Completed,Wednesday,0,0,0
PAY0002131,INV0002315,SUP00270,DPT006,2025-01-08,6785.91,Bank Transfer,Completed,Wednesday,0,0,0
PAY0002132,INV0002316,SUP00007,DPT001,2024-08-02,15009.7,Bank Transfer,Completed,Friday,0,0,0
PAY0002133,INV0002317,SUP00128,DPT005,2024-03-30,11218.48,Bank Transfer,Completed,Saturday,1,0,0
PAY0002134,INV0002318,SUP00196,DPT004,2024-10-30,4005.84,Check,Completed,Wednesday,0,0,0
PAY0002135,INV0002319,SUP00210,DPT004,2024-06-10,3840.18,Bank Transfer,Completed,Monday,0,0,0
PAY0002136,INV0002320,SUP00001,DPT012,2024-08-20,51629.81,Check,Completed,Tuesday,0,0,0
PAY0002137,INV0002321,SUP00001,DPT003,2024-12-17,6016.64,Bank Transfer,Pending,Tuesday,0,0,1
PAY0002138,INV0002322,SUP00314,DPT010,2024-09-11,1918.71,Bank Transfer,Completed,Wednesday,0,0,0
PAY0002139,INV0002324,SUP00003,DPT002,2024-10-16,224.34,Check,Completed,Wednesday,0,0,0
PAY0002140,INV0002325,SUP00001,DPT002,2024-07-14,37751.59,Check,Completed,Sunday,1,0,0
PAY0002141,INV0002326,SUP00209,DPT011,2024-12-03,4931.32,Bank Transfer,Completed,Tuesday,0,0,0
PAY0002142,INV0002327,SUP00264,DPT001,2024-10-05,5763.26,Bank Transfer,Completed,Saturday,1,0,0
PAY0002143,INV0002328,SUP00040,DPT002,2024-10-03,6558.93,Bank Transfer,Completed,Thursday,0,0,0
PAY0002144,INV0002329,SUP00017,DPT003,2025-01-25,27457.61,Check,Completed,Saturday,1,0,0
PAY0002145,INV0002330,SUP00145,DPT006,2024-08-12,7214.68,Bank Transfer,Completed,Monday,0,0,0
PAY0002146,INV0002331,SUP00001,DPT003,2024-05-23,5867.08,Bank Transfer,Pending,Thursday,0,0,1
PAY0002147,INV0002332,SUP00261,DPT001,2024-10-02,2055.08,Bank Transfer,Completed,Wednesday,0,0,0
PAY0002148,INV0002333,SUP00009,DPT005,2024-08-19,2635.06,Bank Transfer,Completed,Monday,0,0,0
PAY0002149,INV0002334,SUP00007,DPT010,2024-02-27,12428.05,Bank Transfer,Completed,Tuesday,0,0,0
PAY0002150,INV0002335,SUP00011,DPT010,2024-07-16,7786.34,Bank Transfer,Completed,Tuesday,0,0,0
PAY0002151,INV0002337,SUP00019,DPT003,2024-06-19,2365.69,Bank Transfer,Completed,Wednesday,0,0,0
PAY0002152,INV0002338,SUP00152,DPT001,2024-10-11,1600.43,Bank Transfer,Completed,Friday,0,0,0
PAY0002153,INV0002339,SUP00029,DPT001,2024-04-10,8308.72,Bank Transfer,Completed,Wednesday,0,0,0
PAY0002154,INV0002341,SUP00008,DPT008,2024-10-31,1541.63,Bank Transfer,Completed,Thursday,0,0,0
PAY0002155,INV0002342,SUP00020,DPT006,2024-05-11,3226.0,Bank Transfer,Completed,Saturday,1,0,0
PAY0002156,INV0002343,SUP00037,DPT004,2024-05-28,13276.37,Bank Transfer,Completed,Tuesday,0,0,0
PAY0002157,INV0002344,SUP00068,DPT004,2024-06-01,1330.44,Bank Transfer,Completed,Saturday,1,0,0
PAY0002158,INV0002345,SUP00007,DPT004,2024-07-26,1653.91,Bank Transfer,Completed,Friday,0,0,0
PAY0002159,INV0002346,SUP00207,DPT003,2024-05-31,2579.1,Bank Transfer,Completed,Friday,0,0,0
PAY0002160,INV0002347,SUP00003,DPT004,2024-12-01,2635.39,Bank Transfer,Completed,Sunday,1,0,0
PAY0002161,INV0002348,SUP00004,DPT002,2024-04-21,14802.72,Bank Transfer,Completed,Sunday,1,0,0
PAY0002162,INV0002349,SUP00009,DPT001,2024-04-09,3116.46,Bank Transfer,Completed,Tuesday,0,0,0
PAY0002163,INV0002350,SUP00117,DPT002,2024-03-07,38838.9,Bank Transfer,Completed,Thursday,0,0,0
PAY0002164,INV0002351,SUP00003,DPT012,2024-09-20,1783.77,Bank Transfer,Completed,Friday,0,0,0
PAY0002165,INV0002352,SUP00001,DPT012,2025-01-06,9004.99,Bank Transfer,Completed,Monday,0,0,0
PAY0002166,INV0002353,SUP00027,DPT008,2024-08-05,5703.26,Bank Transfer,Completed,Monday,0,0,0
PAY0002167,INV0002354,SUP00015,DPT009,2024-12-21,6033.84,Bank Transfer,Completed,Saturday,1,0,0
PAY0002168,INV0002355,SUP00006,DPT001,2024-10-10,357.8,Bank Transfer,Completed,Thursday,0,0,0
PAY0002169,INV0002356,SUP00117,DPT001,2024-05-01,1697.58,Bank Transfer,Completed,Wednesday,0,0,0
PAY0002170,INV0002357,SUP00109,DPT001,2024-11-16,4950.08,Check,Completed,Saturday,1,0,0
PAY0002171,INV0002358,SUP00004,DPT001,2024-02-05,620.68,Bank Transfer,Completed,Monday,0,0,0
PAY0002172,INV0002359,SUP00008,DPT008,2025-01-08,205.35,Bank Transfer,Completed,Wednesday,0,0,0
PAY0002173,INV0002360,SUP00016,DPT001,2025-02-03,1448.25,Check,Completed,Monday,0,0,0
PAY0002174,INV0002361,SUP00315,DPT011,2025-01-24,8914.99,Bank Transfer,Completed,Friday,0,0,0
PAY0002175,INV0002362,SUP00184,DPT006,2024-12-14,10464.89,Bank Transfer,Completed,Saturday,1,0,0
PAY0002176,INV0002363,SUP00014,DPT002,2025-01-02,1454.71,Bank Transfer,Completed,Thursday,0,0,0
PAY0002177,INV0002364,SUP00300,DPT009,2024-06-08,4752.92,Bank Transfer,Completed,Saturday,1,0,0
PAY0002178,INV0002365,SUP00025,DPT009,2024-02-21,9887.06,Check,Completed,Wednesday,0,0,0
PAY0002179,INV0002366,SUP00018,DPT005,2024-09-21,27683.78,Bank Transfer,Completed,Saturday,1,0,0
PAY0002180,INV0002367,SUP00288,DPT001,2024-07-21,26063.77,Bank Transfer,Completed,Sunday,1,0,0
PAY0002181,INV0002368,SUP00165,DPT004,2025-01-16,16785.7,Check,Completed,Thursday,0,0,0
PAY0002182,INV0002369,SUP00054,DPT005,2024-11-30,3107.13,Bank Transfer,Completed,Saturday,1,0,0
PAY0002183,INV0002370,SUP00085,DPT008,2024-12-15,5784.43,Bank Transfer,Completed,Sunday,1,0,0
PAY0002184,INV0002372,SUP00006,DPT010,2024-12-12,20688.53,Bank Transfer,Completed,Thursday,0,0,0
PAY0002185,INV0002373,SUP00015,DPT002,2024-07-26,1246.36,Bank Transfer,Completed,Friday,0,0,0
PAY0002186,INV0002374,SUP00022,DPT012,2024-10-19,31078.68,Bank Transfer,Completed,Saturday,1,0,0
PAY0002187,INV0002375,SUP00311,DPT001,2024-10-09,9827.53,Cash,Completed,Wednesday,0,1,0
PAY0002188,INV0002376,SUP00003,DPT009,2024-11-10,16170.52,Check,Completed,Sunday,1,0,0
PAY0002189,INV0002377,SUP00004,DPT002,2024-08-18,12768.5,Bank Transfer,Completed,Sunday,1,0,0
PAY0002190,INV0002378,SUP00023,DPT008,2024-03-09,25117.76,Bank Transfer,Completed,Saturday,1,0,0
PAY0002191,INV0002379,SUP00006,DPT010,2024-11-27,1078.03,Bank Transfer,Completed,Wednesday,0,0,0
PAY0002192,INV0002380,SUP00135,DPT003,2024-09-28,14030.04,Bank Transfer,Completed,Saturday,1,0,0
PAY0002193,INV0002381,SUP00016,DPT001,2024-10-08,13282.57,Card,Completed,Tuesday,0,0,0
PAY0002194,INV0002382,SUP00230,DPT012,2024-04-22,8039.3,Bank Transfer,Completed,Monday,0,0,0
PAY0002195,INV0002383,SUP00172,DPT012,2024-08-15,72896.3,Bank Transfer,Completed,Thursday,0,0,0
PAY0002196,INV0002385,SUP00229,DPT003,2024-01-29,4094.21,Bank Transfer,Completed,Monday,0,0,0
PAY0002197,INV0002386,SUP00004,DPT002,2024-11-18,7620.25,Bank Transfer,Completed,Monday,0,0,0
PAY0002198,INV0002388,SUP00088,DPT008,2024-06-27,4617.22,Bank Transfer,Completed,Thursday,0,0,0
PAY0002199,INV0002389,SUP00009,DPT002,2024-08-07,19744.73,Bank Transfer,Completed,Wednesday,0,0,0
PAY0002200,INV0002390,SUP00002,DPT001,2024-09-04,2872.87,Bank Transfer,Completed,Wednesday,0,0,0
PAY0002201,INV0002391,SUP00046,DPT011,2024-12-18,3143.62,Bank Transfer,Completed,Wednesday,0,0,0
PAY0002202,INV0002392,SUP00034,DPT007,2024-12-23,11556.01,Bank Transfer,Completed,Monday,0,0,0
PAY0002203,INV0002393,SUP00116,DPT007,2025-02-06,1320.35,Bank Transfer,Completed,Thursday,0,0,0
PAY0002204,INV0002394,SUP00007,DPT011,2024-03-18,5411.08,Check,Completed,Monday,0,0,0
PAY0002205,INV0002395,SUP00006,DPT005,2025-02-22,5231.18,Bank Transfer,Completed,Saturday,1,0,0
PAY0002206,INV0002396,SUP00307,DPT003,2024-03-30,12312.73,Bank Transfer,Completed,Saturday,1,0,0
PAY0002207,INV0002398,SUP00320,DPT012,2024-05-26,4985.19,Bank Transfer,Completed,Sunday,1,0,0
PAY0002208,INV0002399,SUP00155,DPT001,2024-11-24,5419.83,Card,Completed,Sunday,1,0,0
PAY0002209,INV0002400,SUP00102,DPT003,2024-05-31,5794.01,Card,Completed,Friday,0,0,0
PAY0002210,INV0002401,SUP00014,DPT003,2024-08-26,4206.72,Bank Transfer,Completed,Monday,0,0,0
PAY0002211,INV0002402,SUP00243,DPT001,2025-01-25,26484.69,Bank Transfer,Completed,Saturday,1,0,0
PAY0002212,INV0002403,SUP00267,DPT002,2024-03-02,10626.71,Bank Transfer,Completed,Saturday,1,0,0
PAY0002213,INV0002404,SUP00156,DPT001,2025-01-07,25646.12,Bank Transfer,Completed,Tuesday,0,0,0
PAY0002214,INV0002405,SUP00149,DPT007,2024-06-15,2193.1,Bank Transfer,Completed,Saturday,1,0,0
PAY0002215,INV0002406,SUP00029,DPT001,2024-09-09,25690.35,Bank Transfer,Completed,Monday,0,0,0
PAY0002216,INV0002407,SUP00003,DPT010,2024-07-30,6923.32,Bank Transfer,Completed,Tuesday,0,0,0
PAY0002217,INV0002408,SUP00320,DPT005,2024-03-06,13088.81,Bank Transfer,Completed,Wednesday,0,0,0
PAY0002218,INV0002409,SUP00001,DPT003,2024-04-25,664.21,Bank Transfer,Completed,Thursday,0,0,0
PAY0002219,INV0002411,SUP00017,DPT006,2024-09-07,10199.04,Bank Transfer,Pending,Saturday,1,0,1
PAY0002220,INV0002412,SUP00188,DPT008,2024-02-25,50011.01,Bank Transfer,Completed,Sunday,1,0,0
PAY0002221,INV0002413,SUP00165,DPT010,2024-07-30,21122.51,Bank Transfer,Completed,Tuesday,0,0,0
PAY0002222,INV0002414,SUP00101,DPT009,2024-07-03,563.49,Bank Transfer,Completed,Wednesday,0,0,0
PAY0002223,INV0002415,SUP00003,DPT009,2024-12-13,34866.36,Bank Transfer,Completed,Friday,0,0,0
PAY0002224,INV0002416,SUP00008,DPT008,2025-01-01,7342.56,Bank Transfer,Completed,Wednesday,0,0,0
PAY0002225,INV0002417,SUP00004,DPT003,2025-01-13,12385.31,Bank Transfer,Completed,Monday,0,0,0
PAY0002226,INV0002418,SUP00308,DPT006,2024-02-11,11354.74,Bank Transfer,Completed,Sunday,1,0,0
PAY0002227,INV0002419,SUP00005,DPT005,2024-10-19,5241.28,Bank Transfer,Completed,Saturday,1,0,0
PAY0002228,INV0002420,SUP00301,DPT012,2024-05-31,3809.16,Bank Transfer,Completed,Friday,0,0,0
PAY0002229,INV0002421,SUP00004,DPT004,2024-12-21,13764.02,Bank Transfer,Completed,Saturday,1,0,0
PAY0002230,INV0002422,SUP00239,DPT002,2025-01-03,2330.46,Bank Transfer,Completed,Friday,0,0,0
PAY0002231,INV0002423,SUP00070,DPT004,2024-03-09,6221.05,Check,Completed,Saturday,1,0,0
PAY0002232,INV0002424,SUP00221,DPT004,2024-09-30,30416.03,Bank Transfer,Pending,Monday,0,0,1
PAY0002233,INV0002425,SUP00105,DPT004,2024-11-17,1534.81,Bank Transfer,Completed,Sunday,1,0,0
PAY0002234,INV0002426,SUP00184,DPT005,2024-05-03,4778.1,Bank Transfer,Completed,Friday,0,0,0
PAY0002235,INV0002427,SUP00162,DPT011,2024-05-26,23015.43,Bank Transfer,Completed,Sunday,1,0,0
PAY0002236,INV0002428,SUP00009,DPT003,2024-03-11,103196.61,Bank Transfer,Completed,Monday,0,0,0
PAY0002237,INV0002429,SUP00282,DPT012,2024-06-28,663.18,Bank Transfer,Completed,Friday,0,0,0
PAY0002238,INV0002430,SUP00110,DPT009,2024-10-26,612.22,Bank Transfer,Completed,Saturday,1,0,0
PAY0002239,INV0002431,SUP00007,DPT002,2024-09-02,3591.87,Check,Completed,Monday,0,0,0
PAY0002240,INV0002432,SUP00011,DPT003,2024-10-31,42238.67,Bank Transfer,Completed,Thursday,0,0,0
PAY0002241,INV0002434,SUP00251,DPT009,2024-10-07,4229.9,Bank Transfer,Completed,Monday,0,0,0
PAY0002242,INV0002435,SUP00201,DPT002,2024-06-03,6392.12,Bank Transfer,Pending,Monday,0,0,1
PAY0002243,INV0002436,SUP00010,DPT005,2024-06-30,21653.8,Bank Transfer,Completed,Sunday,1,0,0
PAY0002244,INV0002437,SUP00137,DPT003,2024-10-08,16066.09,Bank Transfer,Completed,Tuesday,0,0,0
PAY0002245,INV0002438,SUP00001,DPT006,2024-09-29,5023.3,Bank Transfer,Completed,Sunday,1,0,0
PAY0002246,INV0002439,SUP00013,DPT002,2024-02-17,11725.82,Bank Transfer,Completed,Saturday,1,0,0
PAY0002247,INV0002440,SUP00226,DPT003,2024-07-21,20533.64,Bank Transfer,Completed,Sunday,1,0,0
PAY0002248,INV0002441,SUP00005,DPT003,2024-09-29,933.27,Bank Transfer,Completed,Sunday,1,0,0
PAY0002249,INV0002442,SUP00015,DPT005,2024-04-10,3915.76,Bank Transfer,Completed,Wednesday,0,0,0
PAY0002250,INV0002443,SUP00001,DPT002,2024-05-07,1530.86,Bank Transfer,Completed,Tuesday,0,0,0
PAY0002251,INV0002444,SUP00001,DPT008,2024-08-08,2568.9,Cash,Completed,Thursday,0,1,0
PAY0002252,INV0002445,SUP00005,DPT009,2024-07-31,12475.94,Bank Transfer,Completed,Wednesday,0,0,0
PAY0002253,INV0002446,SUP00004,DPT006,2024-12-06,1491.94,Bank Transfer,Completed,Friday,0,0,0
PAY0002254,INV0002447,SUP00029,DPT011,2024-06-02,85851.56,Bank Transfer,Completed,Sunday,1,0,0
PAY0002255,INV0002448,SUP00262,DPT009,2024-05-05,12831.97,Bank Transfer,Completed,Sunday,1,0,0
PAY0002256,INV0002449,SUP00003,DPT001,2024-03-10,2990.37,Bank Transfer,Completed,Sunday,1,0,0
PAY0002257,INV0002450,SUP00244,DPT001,2024-11-07,5133.59,Bank Transfer,Completed,Thursday,0,0,0
PAY0002258,INV0002452,SUP00006,DPT008,2024-06-01,1102.13,Bank Transfer,Completed,Saturday,1,0,0
PAY0002259,INV0002453,SUP00010,DPT012,2024-08-29,3873.58,Check,Completed,Thursday,0,0,0
PAY0002260,INV0002455,SUP00196,DPT002,2024-12-21,1191.74,Bank Transfer,Completed,Saturday,1,0,0
PAY0002261,INV0002456,SUP00158,DPT009,2025-01-09,25113.32,Check,Completed,Thursday,0,0,0
PAY0002262,INV0002457,SUP00010,DPT010,2025-03-01,4897.62,Bank Transfer,Completed,Saturday,1,0,0
PAY0002263,INV0002458,SUP00002,DPT004,2025-01-27,8116.28,Bank Transfer,Completed,Monday,0,0,0
PAY0002264,INV0002459,SUP00006,DPT004,2024-07-30,6331.55,Bank Transfer,Failed,Tuesday,0,0,1
PAY0002265,INV0002460,SUP00102,DPT010,2024-10-25,14865.3,Bank Transfer,Completed,Friday,0,0,0
PAY0002266,INV0002461,SUP00003,DPT004,2024-12-05,21642.1,Check,Completed,Thursday,0,0,0
PAY0002267,INV0002462,SUP00047,DPT009,2024-12-03,4621.82,Bank Transfer,Completed,Tuesday,0,0,0
PAY0002268,INV0002463,SUP00092,DPT011,2024-04-28,11100.63,Check,Completed,Sunday,1,0,0
PAY0002269,INV0002464,SUP00136,DPT002,2024-10-12,26736.77,Bank Transfer,Completed,Saturday,1,0,0
PAY0002270,INV0002465,SUP00005,DPT003,2024-06-03,15270.47,Bank Transfer,Completed,Monday,0,0,0
PAY0002271,INV0002466,SUP00026,DPT011,2024-12-28,3783.34,Bank Transfer,Completed,Saturday,1,0,0
PAY0002272,INV0002467,SUP00026,DPT004,2025-02-10,4806.34,Bank Transfer,Completed,Monday,0,0,0
PAY0002273,INV0002468,SUP00223,DPT001,2024-12-30,1916.99,Bank Transfer,Completed,Monday,0,0,0
PAY0002274,INV0002469,SUP00027,DPT004,2025-01-05,19900.81,Check,Pending,Sunday,1,0,1
PAY0002275,INV0002470,SUP00021,DPT006,2024-04-15,8566.46,Bank Transfer,Completed,Monday,0,0,0
PAY0002276,INV0002471,SUP00005,DPT002,2024-06-25,1184.68,Bank Transfer,Completed,Tuesday,0,0,0
PAY0002277,INV0002472,SUP00140,DPT008,2024-06-21,2303.99,Bank Transfer,Completed,Friday,0,0,0
PAY0002278,INV0002473,SUP00096,DPT002,2024-11-29,4993.78,Bank Transfer,Completed,Friday,0,0,0
PAY0002279,INV0002474,SUP00154,DPT001,2024-02-19,27910.05,Bank Transfer,Completed,Monday,0,0,0
PAY0002280,INV0002475,SUP00118,DPT002,2024-11-24,4788.6,Card,Completed,Sunday,1,0,0
PAY0002281,INV0002476,SUP00247,DPT005,2025-01-08,11665.87,Bank Transfer,Completed,Wednesday,0,0,0
PAY0002282,INV0002477,SUP00248,DPT010,2024-03-23,2628.03,Bank Transfer,Completed,Saturday,1,0,0
PAY0002283,INV0002478,SUP00011,DPT005,2024-05-15,12673.83,Bank Transfer,Completed,Wednesday,0,0,0
PAY0002284,INV0002479,SUP00006,DPT009,2024-10-10,27479.9,Bank Transfer,Completed,Thursday,0,0,0
PAY0002285,INV0002480,SUP00277,DPT001,2024-10-11,15225.12,Bank Transfer,Completed,Friday,0,0,0
PAY0002286,INV0002481,SUP00151,DPT003,2024-08-30,355.93,Bank Transfer,Completed,Friday,0,0,0
PAY0002287,INV0002482,SUP00303,DPT004,2024-07-06,5036.12,Bank Transfer,Completed,Saturday,1,0,0
PAY0002288,INV0002483,SUP00029,DPT009,2024-06-01,1760.53,Bank Transfer,Completed,Saturday,1,0,0
PAY0002289,INV0002484,SUP00298,DPT006,2024-04-17,13139.13,Check,Pending,Wednesday,0,0,1
PAY0002290,INV0002485,SUP00005,DPT009,2024-09-19,6385.6,Bank Transfer,Completed,Thursday,0,0,0
PAY0002291,INV0002486,SUP00079,DPT003,2024-06-20,42409.56,Bank Transfer,Completed,Thursday,0,0,0
PAY0002292,INV0002487,SUP00029,DPT011,2025-01-19,4003.77,Bank Transfer,Completed,Sunday,1,0,0
PAY0002293,INV0002488,SUP00001,DPT009,2024-05-14,6516.84,Bank Transfer,Pending,Tuesday,0,0,1
PAY0002294,INV0002489,SUP00007,DPT011,2024-11-20,5225.49,Bank Transfer,Completed,Wednesday,0,0,0
PAY0002295,INV0002490,SUP00006,DPT002,2024-07-01,13482.86,Bank Transfer,Completed,Monday,0,0,0
PAY0002296,INV0002491,SUP00002,DPT001,2024-07-19,1935.76,Bank Transfer,Completed,Friday,0,0,0
PAY0002297,INV0002492,SUP00290,DPT006,2024-04-08,1916.78,Bank Transfer,Completed,Monday,0,0,0
PAY0002298,INV0002493,SUP00300,DPT004,2024-06-06,3129.25,Bank Transfer,Completed,Thursday,0,0,0
PAY0002299,INV0002494,SUP00257,DPT009,2025-05-27,11593.83,Check,Completed,Tuesday,0,0,0
PAY0002300,INV0002495,SUP00314,DPT001,2024-05-21,19646.76,Check,Completed,Tuesday,0,0,0
PAY0002301,INV0002496,SUP00221,DPT006,2024-07-30,5450.42,Bank Transfer,Completed,Tuesday,0,0,0
PAY0002302,INV0002497,SUP00280,DPT002,2024-02-06,11956.61,Check,Completed,Tuesday,0,0,0
PAY0002303,INV0002498,SUP00007,DPT005,2024-05-22,10744.29,Bank Transfer,Completed,Wednesday,0,0,0
PAY0002304,INV0002499,SUP00009,DPT002,2024-02-27,5529.08,Bank Transfer,Completed,Tuesday,0,0,0
PAY0002305,INV0002500,SUP00239,DPT011,2024-03-17,5362.94,Bank Transfer,Completed,Sunday,1,0,0
PAY0002306,INV0002501,SUP00028,DPT002,2024-10-11,14041.03,Cash,Completed,Friday,0,1,0
PAY0002307,INV0002502,SUP00154,DPT005,2024-10-17,19731.31,Bank Transfer,Completed,Thursday,0,0,0
PAY0002308,INV0002503,SUP00062,DPT001,2024-08-29,18874.76,Check,Completed,Thursday,0,0,0
PAY0002309,INV0002504,SUP00011,DPT002,2024-03-28,23660.18,Bank Transfer,Completed,Thursday,0,0,0
PAY0002310,INV0002505,SUP00010,DPT004,2024-10-09,61668.99,Check,Completed,Wednesday,0,0,0
PAY0002311,INV0002506,SUP00172,DPT001,2024-03-24,2652.23,Bank Transfer,Completed,Sunday,1,0,0
PAY0002312,INV0002507,SUP00044,DPT005,2024-11-14,13359.0,Bank Transfer,Completed,Thursday,0,0,0
PAY0002313,INV0002508,SUP00016,DPT002,2024-10-22,32541.02,Bank Transfer,Completed,Tuesday,0,0,0
PAY0002314,INV0002509,SUP00095,DPT008,2024-03-05,17434.0,Bank Transfer,Completed,Tuesday,0,0,0
PAY0002315,INV0002510,SUP00022,DPT010,2024-09-09,2986.95,Bank Transfer,Completed,Monday,0,0,0
PAY0002316,INV0002511,SUP00027,DPT008,2025-03-11,2358.34,Bank Transfer,Pending,Tuesday,0,0,1
PAY0002317,INV0002512,SUP00130,DPT001,2024-11-09,39806.95,Bank Transfer,Completed,Saturday,1,0,0
PAY0002318,INV0002513,SUP00026,DPT004,2025-02-09,9675.64,Bank Transfer,Completed,Sunday,1,0,0
PAY0002319,INV0002514,SUP00291,DPT001,2024-12-08,8350.53,Check,Completed,Sunday,1,0,0
PAY0002320,INV0002515,SUP00028,DPT004,2024-03-01,6041.45,Bank Transfer,Failed,Friday,0,0,1
PAY0002321,INV0002516,SUP00298,DPT009,2025-04-26,34287.99,Bank Transfer,Completed,Saturday,1,0,0
PAY0002322,INV0002517,SUP00231,DPT001,2024-02-07,18698.86,Bank Transfer,Completed,Wednesday,0,0,0
PAY0002323,INV0002518,SUP00256,DPT002,2024-03-24,4800.82,Check,Completed,Sunday,1,0,0
PAY0002324,INV0002519,SUP00181,DPT009,2024-11-17,17292.12,Bank Transfer,Completed,Sunday,1,0,0
PAY0002325,INV0002520,SUP00087,DPT004,2024-09-07,7409.23,Bank Transfer,Completed,Saturday,1,0,0
PAY0002326,INV0002521,SUP00045,DPT002,2024-08-31,16821.88,Check,Completed,Saturday,1,0,0
PAY0002327,INV0002522,SUP00056,DPT011,2024-06-25,28131.07,Bank Transfer,Pending,Tuesday,0,0,1
PAY0002328,INV0002523,SUP00007,DPT002,2025-01-11,25548.75,Bank Transfer,Completed,Saturday,1,0,0
PAY0002329,INV0002524,SUP00008,DPT009,2024-03-23,834.61,Bank Transfer,Completed,Saturday,1,0,0
PAY0002330,INV0002525,SUP00002,DPT002,2024-07-10,49317.52,Check,Completed,Wednesday,0,0,0
PAY0002331,INV0002526,SUP00170,DPT012,2024-12-07,33180.28,Bank Transfer,Completed,Saturday,1,0,0
PAY0002332,INV0002527,SUP00005,DPT009,2024-11-11,2596.04,Bank Transfer,Completed,Monday,0,0,0
PAY0002333,INV0002528,SUP00074,DPT003,2024-05-17,59341.08,Bank Transfer,Completed,Friday,0,0,0
PAY0002334,INV0002529,SUP00005,DPT012,2024-08-31,12364.65,Bank Transfer,Completed,Saturday,1,0,0
PAY0002335,INV0002531,SUP00045,DPT010,2024-08-10,17886.34,Bank Transfer,Completed,Saturday,1,0,0
PAY0002336,INV0002532,SUP00246,DPT007,2024-12-14,1313.98,Bank Transfer,Completed,Saturday,1,0,0
PAY0002337,INV0002534,SUP00273,DPT005,2025-01-18,4998.94,Bank Transfer,Completed,Saturday,1,0,0
PAY0002338,INV0002535,SUP00001,DPT001,2024-10-21,3588.76,Bank Transfer,Completed,Monday,0,0,0
PAY0002339,INV0002536,SUP00026,DPT005,2024-03-25,20243.14,Bank Transfer,Completed,Monday,0,0,0
PAY0002340,INV0002537,SUP00005,DPT005,2024-06-04,686.77,Check,Completed,Tuesday,0,0,0
PAY0002341,INV0002538,SUP00012,DPT004,2024-03-13,3007.57,Card,Pending,Wednesday,0,0,1
PAY0002342,INV0002540,SUP00002,DPT011,2024-03-24,19360.8,Bank Transfer,Completed,Sunday,1,0,0
PAY0002343,INV0002541,SUP00151,DPT005,2024-11-16,3339.35,Bank Transfer,Completed,Saturday,1,0,0
PAY0002344,INV0002542,SUP00117,DPT007,2024-09-17,5018.51,Bank Transfer,Pending,Tuesday,0,0,1
PAY0002345,INV0002543,SUP00007,DPT002,2024-05-17,50148.82,Bank Transfer,Completed,Friday,0,0,0
PAY0002346,INV0002544,SUP00262,DPT012,2024-03-09,9608.23,Bank Transfer,Completed,Saturday,1,0,0
PAY0002347,INV0002545,SUP00136,DPT010,2024-07-09,4044.35,Bank Transfer,Completed,Tuesday,0,0,0
PAY0002348,INV0002546,SUP00014,DPT011,2024-05-24,5993.69,Bank Transfer,Completed,Friday,0,0,0
PAY0002349,INV0002547,SUP00021,DPT009,2024-03-31,7436.58,Bank Transfer,Completed,Sunday,1,0,0
PAY0002350,INV0002548,SUP00010,DPT003,2024-03-18,4615.08,Bank Transfer,Completed,Monday,0,0,0
PAY0002351,INV0002549,SUP00221,DPT002,2024-12-04,4222.92,Bank Transfer,Completed,Wednesday,0,0,0
PAY0002352,INV0002550,SUP00029,DPT005,2024-10-31,1774.85,Bank Transfer,Completed,Thursday,0,0,0
PAY0002353,INV0002551,SUP00005,DPT001,2024-05-27,6620.27,Bank Transfer,Completed,Monday,0,0,0
PAY0002354,INV0002552,SUP00007,DPT005,2024-06-09,6674.47,Check,Completed,Sunday,1,0,0
PAY0002355,INV0002553,SUP00010,DPT003,2025-01-07,2438.55,Bank Transfer,Completed,Tuesday,0,0,0
PAY0002356,INV0002556,SUP00299,DPT002,2024-12-11,7313.21,Bank Transfer,Completed,Wednesday,0,0,0
PAY0002357,INV0002557,SUP00009,DPT008,2024-11-27,11741.29,Bank Transfer,Completed,Wednesday,0,0,0
PAY0002358,INV0002559,SUP00001,DPT002,2024-04-11,6577.05,Bank Transfer,Completed,Thursday,0,0,0
PAY0002359,INV0002560,SUP00017,DPT004,2025-03-06,18844.36,Bank Transfer,Completed,Thursday,0,0,0
PAY0002360,INV0002561,SUP00129,DPT002,2024-10-01,480.06,Bank Transfer,Completed,Tuesday,0,0,0
PAY0002361,INV0002562,SUP00299,DPT003,2024-05-09,3077.3,Cash,Completed,Thursday,0,1,0
PAY0002362,INV0002563,SUP00167,DPT002,2025-02-03,1941.99,Bank Transfer,Completed,Monday,0,0,0
PAY0002363,INV0002564,SUP00004,DPT001,2024-06-24,35073.41,Bank Transfer,Completed,Monday,0,0,0
PAY0002364,INV0002565,SUP00256,DPT003,2025-01-31,14227.96,Bank Transfer,Completed,Friday,0,0,0
PAY0002365,INV0002566,SUP00225,DPT004,2024-09-09,1692.72,Bank Transfer,Pending,Monday,0,0,1
PAY0002366,INV0002567,SUP00007,DPT009,2024-10-17,2279.94,Bank Transfer,Completed,Thursday,0,0,0
PAY0002367,INV0002568,SUP00282,DPT002,2024-07-09,1420.72,Bank Transfer,Completed,Tuesday,0,0,0
PAY0002368,INV0002569,SUP00152,DPT003,2024-12-29,10270.99,Bank Transfer,Completed,Sunday,1,0,0
PAY0002369,INV0002570,SUP00192,DPT001,2024-07-10,8750.31,Bank Transfer,Completed,Wednesday,0,0,0
PAY0002370,INV0002571,SUP00026,DPT001,2024-02-26,4239.9,Check,Completed,Monday,0,0,0
PAY0002371,INV0002572,SUP00007,DPT003,2025-02-24,2508.62,Bank Transfer,Completed,Monday,0,0,0
PAY0002372,INV0002573,SUP00202,DPT004,2024-04-07,6470.9,Bank Transfer,Failed,Sunday,1,0,1
PAY0002373,INV0002574,SUP00027,DPT008,2024-11-23,135846.92,Bank Transfer,Completed,Saturday,1,0,0
PAY0002374,INV0002575,SUP00301,DPT008,2024-07-23,4468.37,Bank Transfer,Completed,Tuesday,0,0,0
PAY0002375,INV0002576,SUP00006,DPT011,2024-11-11,25994.35,Bank Transfer,Completed,Monday,0,0,0
PAY0002376,INV0002577,SUP00015,DPT011,2024-06-25,4840.73,Bank Transfer,Completed,Tuesday,0,0,0
PAY0002377,INV0002578,SUP00164,DPT001,2024-04-26,21099.53,Bank Transfer,Completed,Friday,0,0,0
PAY0002378,INV0002579,SUP00068,DPT001,2024-12-01,13582.79,Bank Transfer,Completed,Sunday,1,0,0
PAY0002379,INV0002581,SUP00144,DPT005,2024-01-26,14192.7,Bank Transfer,Completed,Friday,0,0,0
PAY0002380,INV0002582,SUP00163,DPT006,2024-07-25,27969.57,Bank Transfer,Completed,Thursday,0,0,0
PAY0002381,INV0002584,SUP00012,DPT012,2024-08-28,5581.38,Bank Transfer,Completed,Wednesday,0,0,0
PAY0002382,INV0002585,SUP00096,DPT004,2024-07-02,14815.65,Bank Transfer,Completed,Tuesday,0,0,0
PAY0002383,INV0002586,SUP00052,DPT011,2024-09-17,44072.54,Bank Transfer,Completed,Tuesday,0,0,0
PAY0002384,INV0002587,SUP00201,DPT012,2024-09-19,1375.79,Bank Transfer,Pending,Thursday,0,0,1
PAY0002385,INV0002588,SUP00116,DPT004,2024-10-29,1581.02,Bank Transfer,Completed,Tuesday,0,0,0
PAY0002386,INV0002589,SUP00029,DPT002,2024-02-01,34988.12,Bank Transfer,Completed,Thursday,0,0,0
PAY0002387,INV0002590,SUP00001,DPT003,2024-04-28,3671.18,Bank Transfer,Completed,Sunday,1,0,0
PAY0002388,INV0002591,SUP00006,DPT003,2025-01-10,28754.27,Bank Transfer,Completed,Friday,0,0,0
PAY0002389,INV0002592,SUP00014,DPT010,2025-03-04,3208.58,Check,Completed,Tuesday,0,0,0
PAY0002390,INV0002593,SUP00085,DPT012,2024-11-28,4116.94,Bank Transfer,Completed,Thursday,0,0,0
PAY0002391,INV0002594,SUP00198,DPT002,2024-06-08,23000.93,Bank Transfer,Completed,Saturday,1,0,0
PAY0002392,INV0002595,SUP00297,DPT001,2024-07-07,15810.9,Bank Transfer,Completed,Sunday,1,0,0
PAY0002393,INV0002596,SUP00084,DPT009,2024-05-15,1837.47,Bank Transfer,Completed,Wednesday,0,0,0
PAY0002394,INV0002597,SUP00161,DPT005,2024-04-08,13511.87,Bank Transfer,Failed,Monday,0,0,1
PAY0002395,INV0002598,SUP00097,DPT008,2024-09-01,3210.82,Bank Transfer,Pending,Sunday,1,0,1
PAY0002396,INV0002599,SUP00023,DPT003,2024-02-24,11574.64,Bank Transfer,Completed,Saturday,1,0,0
PAY0002397,INV0002600,SUP00090,DPT002,2024-05-13,7517.89,Cash,Completed,Monday,0,1,0
PAY0002398,INV0002601,SUP00020,DPT002,2024-04-27,5852.23,Bank Transfer,Completed,Saturday,1,0,0
PAY0002399,INV0002602,SUP00025,DPT001,2024-02-29,3393.92,Bank Transfer,Completed,Thursday,0,0,0
PAY0002400,INV0002603,SUP00268,DPT003,2024-04-12,1003.8,Bank Transfer,Pending,Friday,0,0,1
PAY0002401,INV0002604,SUP00063,DPT001,2024-03-30,3343.42,Bank Transfer,Completed,Saturday,1,0,0
PAY0002402,INV0002605,SUP00004,DPT004,2024-08-07,14948.8,Bank Transfer,Completed,Wednesday,0,0,0
PAY0002403,INV0002606,SUP00040,DPT009,2024-12-14,11683.06,Bank Transfer,Completed,Saturday,1,0,0
PAY0002404,INV0002607,SUP00293,DPT001,2024-06-29,2639.79,Bank Transfer,Completed,Saturday,1,0,0
PAY0002405,INV0002608,SUP00004,DPT010,2024-06-25,24250.99,Check,Completed,Tuesday,0,0,0
PAY0002406,INV0002609,SUP00304,DPT001,2024-04-13,10774.38,Bank Transfer,Completed,Saturday,1,0,0
PAY0002407,INV0002610,SUP00313,DPT006,2024-11-30,98880.27,Bank Transfer,Completed,Saturday,1,0,0
PAY0002408,INV0002611,SUP00061,DPT002,2025-02-06,2105.9,Bank Transfer,Completed,Thursday,0,0,0
PAY0002409,INV0002612,SUP00013,DPT009,2024-08-16,54606.26,Bank Transfer,Completed,Friday,0,0,0
PAY0002410,INV0002613,SUP00001,DPT001,2024-10-04,12255.28,Bank Transfer,Completed,Friday,0,0,0
PAY0002411,INV0002614,SUP00001,DPT004,2025-02-19,42532.18,Bank Transfer,Completed,Wednesday,0,0,0
PAY0002412,INV0002615,SUP00019,DPT012,2024-09-12,3436.19,Bank Transfer,Completed,Thursday,0,0,0
PAY0002413,INV0002617,SUP00287,DPT008,2024-10-24,2430.46,Bank Transfer,Completed,Thursday,0,0,0
PAY0002414,INV0002618,SUP00006,DPT008,2024-12-26,23258.92,Bank Transfer,Completed,Thursday,0,0,0
PAY0002415,INV0002619,SUP00028,DPT003,2024-12-18,1954.55,Bank Transfer,Completed,Wednesday,0,0,0
PAY0002416,INV0002620,SUP00030,DPT001,2024-06-05,39039.58,Bank Transfer,Completed,Wednesday,0,0,0
PAY0002417,INV0002621,SUP00018,DPT009,2024-09-28,3039.3,Check,Completed,Saturday,1,0,0
PAY0002418,INV0002622,SUP00049,DPT011,2025-02-27,11172.18,Bank Transfer,Completed,Thursday,0,0,0
PAY0002419,INV0002623,SUP00276,DPT001,2024-06-08,9503.86,Bank Transfer,Completed,Saturday,1,0,0
PAY0002420,INV0002624,SUP00024,DPT009,2025-03-02,4909.52,Bank Transfer,Completed,Sunday,1,0,0
PAY0002421,INV0002625,SUP00005,DPT009,2024-06-15,5032.66,Bank Transfer,Completed,Saturday,1,0,0
PAY0002422,INV0002626,SUP00123,DPT005,2024-12-02,2220.08,Bank Transfer,Completed,Monday,0,0,0
PAY0002423,INV0002627,SUP00002,DPT009,2024-10-18,14755.0,Bank Transfer,Completed,Friday,0,0,0
PAY0002424,INV0002628,SUP00285,DPT001,2024-08-11,13377.82,Bank Transfer,Completed,Sunday,1,0,0
PAY0002425,INV0002629,SUP00285,DPT004,2024-06-02,1088.06,Bank Transfer,Completed,Sunday,1,0,0
PAY0002426,INV0002630,SUP00004,DPT012,2024-12-10,1476.55,Bank Transfer,Completed,Tuesday,0,0,0
PAY0002427,INV0002631,SUP00056,DPT009,2025-01-10,13186.26,Bank Transfer,Completed,Friday,0,0,0
PAY0002428,INV0002632,SUP00201,DPT002,2025-01-03,6890.83,Bank Transfer,Completed,Friday,0,0,0
PAY0002429,INV0002633,SUP00026,DPT006,2024-06-01,886.66,Bank Transfer,Completed,Saturday,1,0,0
PAY0002430,INV0002634,SUP00028,DPT002,2024-11-07,132627.2,Bank Transfer,Failed,Thursday,0,0,1
PAY0002431,INV0002635,SUP00303,DPT002,2024-12-19,285.41,Bank Transfer,Completed,Thursday,0,0,0
PAY0002432,INV0002636,SUP00008,DPT002,2025-01-22,4250.41,Bank Transfer,Completed,Wednesday,0,0,0
PAY0002433,INV0002637,SUP00041,DPT002,2025-02-18,7062.23,Bank Transfer,Completed,Tuesday,0,0,0
PAY0002434,INV0002638,SUP00004,DPT004,2024-09-09,3213.06,Bank Transfer,Completed,Monday,0,0,0
PAY0002435,INV0002639,SUP00010,DPT003,2024-04-20,19258.5,Bank Transfer,Completed,Saturday,1,0,0
PAY0002436,INV0002640,SUP00233,DPT009,2024-04-08,12944.79,Bank Transfer,Completed,Monday,0,0,0
PAY0002437,INV0002641,SUP00153,DPT010,2024-07-19,8274.1,Bank Transfer,Completed,Friday,0,0,0
PAY0002438,INV0002642,SUP00092,DPT004,2024-09-23,6451.05,Bank Transfer,Completed,Monday,0,0,0
PAY0002439,INV0002643,SUP00004,DPT002,2024-05-21,13174.59,Bank Transfer,Completed,Tuesday,0,0,0
PAY0002440,INV0002644,SUP00232,DPT012,2024-08-17,5397.37,Bank Transfer,Pending,Saturday,1,0,1
PAY0002441,INV0002645,SUP00010,DPT001,2024-10-25,1245.22,Cash,Completed,Friday,0,1,0
PAY0002442,INV0002646,SUP00046,DPT005,2024-09-09,21626.16,Bank Transfer,Completed,Monday,0,0,0
PAY0002443,INV0002647,SUP00008,DPT002,2024-12-03,52360.27,Bank Transfer,Completed,Tuesday,0,0,0
PAY0002444,INV0002648,SUP00038,DPT011,2024-06-03,7800.36,Card,Pending,Monday,0,0,1
PAY0002445,INV0002649,SUP00062,DPT003,2025-02-12,7989.55,Bank Transfer,Completed,Wednesday,0,0,0
PAY0002446,INV0002650,SUP00014,DPT011,2025-02-11,6644.6,Bank Transfer,Completed,Tuesday,0,0,0
PAY0002447,INV0002652,SUP00020,DPT011,2024-05-05,3787.93,Bank Transfer,Completed,Sunday,1,0,0
PAY0002448,INV0002653,SUP00142,DPT009,2025-01-24,17329.65,Bank Transfer,Completed,Friday,0,0,0
PAY0002449,INV0002655,SUP00249,DPT011,2024-09-24,50570.77,Bank Transfer,Completed,Tuesday,0,0,0
PAY0002450,INV0002656,SUP00002,DPT002,2024-11-19,16633.25,Bank Transfer,Completed,Tuesday,0,0,0
PAY0002451,INV0002657,SUP00001,DPT009,2024-08-18,4549.28,Bank Transfer,Completed,Sunday,1,0,0
PAY0002452,INV0002658,SUP00007,DPT001,2024-08-24,15637.84,Bank Transfer,Completed,Saturday,1,0,0
PAY0002453,INV0002659,SUP00004,DPT003,2024-12-29,5805.1,Bank Transfer,Failed,Sunday,1,0,1
PAY0002454,INV0002660,SUP00041,DPT004,2024-03-21,1063.12,Bank Transfer,Completed,Thursday,0,0,0
PAY0002455,INV0002661,SUP00007,DPT012,2024-12-02,23633.52,Bank Transfer,Completed,Monday,0,0,0
PAY0002456,INV0002662,SUP00001,DPT003,2024-03-16,12839.76,Bank Transfer,Completed,Saturday,1,0,0
PAY0002457,INV0002663,SUP00010,DPT005,2024-08-28,5007.21,Check,Completed,Wednesday,0,0,0
PAY0002458,INV0002664,SUP00031,DPT006,2024-06-07,3917.34,Bank Transfer,Completed,Friday,0,0,0
PAY0002459,INV0002665,SUP00152,DPT007,2024-05-04,16778.98,Bank Transfer,Completed,Saturday,1,0,0
PAY0002460,INV0002666,SUP00024,DPT001,2024-03-09,3090.77,Bank Transfer,Completed,Saturday,1,0,0
PAY0002461,INV0002667,SUP00299,DPT005,2024-06-18,2624.4,Bank Transfer,Completed,Tuesday,0,0,0
PAY0002462,INV0002668,SUP00007,DPT006,2024-03-14,105540.74,Bank Transfer,Completed,Thursday,0,0,0
PAY0002463,INV0002669,SUP00034,DPT011,2024-05-31,661.77,Bank Transfer,Completed,Friday,0,0,0
PAY0002464,INV0002671,SUP00206,DPT002,2024-05-09,54533.59,Bank Transfer,Completed,Thursday,0,0,0
PAY0002465,INV0002672,SUP00007,DPT002,2024-07-22,1196.13,Check,Completed,Monday,0,0,0
PAY0002466,INV0002673,SUP00298,DPT007,2024-12-14,3954.1,Bank Transfer,Completed,Saturday,1,0,0
PAY0002467,INV0002674,SUP00153,DPT004,2024-03-06,20344.93,Bank Transfer,Completed,Wednesday,0,0,0
PAY0002468,INV0002676,SUP00045,DPT009,2024-06-20,10705.15,Bank Transfer,Completed,Thursday,0,0,0
PAY0002469,INV0002677,SUP00016,DPT001,2024-05-18,2895.69,Check,Completed,Saturday,1,0,0
PAY0002470,INV0002678,SUP00001,DPT010,2024-08-20,98724.55,Bank Transfer,Completed,Tuesday,0,0,0
PAY0002471,INV0002679,SUP00270,DPT002,2024-04-16,32149.98,Bank Transfer,Completed,Tuesday,0,0,0
PAY0002472,INV0002680,SUP00200,DPT012,2024-05-05,3975.98,Bank Transfer,Pending,Sunday,1,0,1
PAY0002473,INV0002681,SUP00005,DPT004,2024-03-22,258.14,Bank Transfer,Completed,Friday,0,0,0
PAY0002474,INV0002682,SUP00005,DPT010,2024-10-01,12649.74,Bank Transfer,Completed,Tuesday,0,0,0
PAY0002475,INV0002683,SUP00011,DPT002,2024-05-15,22783.43,Card,Completed,Wednesday,0,0,0
PAY0002476,INV0002684,SUP00181,DPT005,2024-11-29,13074.21,Bank Transfer,Completed,Friday,0,0,0
PAY0002477,INV0002685,SUP00030,DPT001,2024-03-28,11350.8,Bank Transfer,Completed,Thursday,0,0,0
PAY0002478,INV0002686,SUP00116,DPT008,2024-05-13,9763.18,Bank Transfer,Completed,Monday,0,0,0
PAY0002479,INV0002688,SUP00275,DPT009,2024-11-23,2906.31,Bank Transfer,Completed,Saturday,1,0,0
PAY0002480,INV0002689,SUP00006,DPT007,2024-06-29,7187.28,Bank Transfer,Completed,Saturday,1,0,0
PAY0002481,INV0002690,SUP00012,DPT001,2024-05-13,5363.33,Bank Transfer,Completed,Monday,0,0,0
PAY0002482,INV0002691,SUP00289,DPT012,2024-06-10,15357.68,Check,Completed,Monday,0,0,0
PAY0002483,INV0002692,SUP00163,DPT003,2024-03-25,2523.78,Bank Transfer,Completed,Monday,0,0,0
PAY0002484,INV0002693,SUP00032,DPT006,2024-07-05,4176.85,Bank Transfer,Completed,Friday,0,0,0
PAY0002485,INV0002694,SUP00240,DPT003,2024-10-03,7421.81,Check,Completed,Thursday,0,0,0
PAY0002486,INV0002695,SUP00003,DPT009,2024-05-19,2755.98,Check,Completed,Sunday,1,0,0
PAY0002487,INV0002696,SUP00003,DPT003,2025-01-19,1374.81,Bank Transfer,Completed,Sunday,1,0,0
PAY0002488,INV0002697,SUP00006,DPT004,2024-06-17,14081.13,Cash,Completed,Monday,0,1,0
PAY0002489,INV0002698,SUP00009,DPT001,2024-09-28,1493.58,Bank Transfer,Completed,Saturday,1,0,0
PAY0002490,INV0002699,SUP00149,DPT005,2025-01-10,8395.24,Bank Transfer,Completed,Friday,0,0,0
PAY0002491,INV0002700,SUP00045,DPT002,2024-03-25,12110.86,Bank Transfer,Completed,Monday,0,0,0
PAY0002492,INV0002701,SUP00022,DPT011,2024-02-13,34056.02,Bank Transfer,Completed,Tuesday,0,0,0
PAY0002493,INV0002702,SUP00192,DPT009,2024-04-06,96113.61,Bank Transfer,Completed,Saturday,1,0,0
PAY0002494,INV0002703,SUP00012,DPT011,2025-01-04,25204.37,Bank Transfer,Completed,Saturday,1,0,0
PAY0002495,INV0002704,SUP00003,DPT003,2024-08-17,3053.33,Bank Transfer,Completed,Saturday,1,0,0
PAY0002496,INV0002705,SUP00020,DPT007,2025-01-28,4803.68,Bank Transfer,Completed,Tuesday,0,0,0
PAY0002497,INV0002706,SUP00183,DPT004,2024-06-19,9621.82,Bank Transfer,Completed,Wednesday,0,0,0
PAY0002498,INV0002708,SUP00307,DPT003,2024-06-18,8049.06,Bank Transfer,Completed,Tuesday,0,0,0
PAY0002499,INV0002709,SUP00236,DPT003,2025-01-23,28596.38,Bank Transfer,Failed,Thursday,0,0,1
PAY0002500,INV0002710,SUP00197,DPT003,2024-08-18,7669.47,Card,Completed,Sunday,1,0,0
PAY0002501,INV0002711,SUP00187,DPT004,2024-12-01,19030.3,Bank Transfer,Completed,Sunday,1,0,0
PAY0002502,INV0002712,SUP00073,DPT010,2024-11-11,1825.64,Bank Transfer,Completed,Monday,0,0,0
PAY0002503,INV0002713,SUP00262,DPT002,2024-04-23,11663.04,Bank Transfer,Completed,Tuesday,0,0,0
PAY0002504,INV0002714,SUP00079,DPT006,2024-12-23,959.03,Bank Transfer,Completed,Monday,0,0,0
PAY0002505,INV0002715,SUP00017,DPT003,2024-06-21,23634.19,Bank Transfer,Completed,Friday,0,0,0
PAY0002506,INV0002716,SUP00007,DPT001,2024-08-02,5319.89,Bank Transfer,Completed,Friday,0,0,0
PAY0002507,INV0002717,SUP00210,DPT011,2024-09-23,1348.99,Bank Transfer,Completed,Monday,0,0,0
PAY0002508,INV0002718,SUP00017,DPT009,2024-04-27,4862.11,Bank Transfer,Completed,Saturday,1,0,0
PAY0002509,INV0002720,SUP00310,DPT004,2024-06-12,1551.63,Bank Transfer,Completed,Wednesday,0,0,0
PAY0002510,INV0002721,SUP00020,DPT008,2024-11-10,2505.78,Check,Completed,Sunday,1,0,0
PAY0002511,INV0002722,SUP00014,DPT006,2024-09-06,4166.09,Bank Transfer,Completed,Friday,0,0,0
PAY0002512,INV0002723,SUP00006,DPT006,2024-05-10,16932.94,Bank Transfer,Completed,Friday,0,0,0
PAY0002513,INV0002724,SUP00027,DPT001,2025-01-18,644.25,Bank Transfer,Completed,Saturday,1,0,0
PAY0002514,INV0002725,SUP00116,DPT001,2024-06-19,19953.57,Bank Transfer,Completed,Wednesday,0,0,0
PAY0002515,INV0002726,SUP00011,DPT002,2024-09-15,4896.65,Bank Transfer,Pending,Sunday,1,0,1
PAY0002516,INV0002728,SUP00047,DPT009,2024-11-05,10526.71,Bank Transfer,Completed,Tuesday,0,0,0
PAY0002517,INV0002729,SUP00010,DPT006,2024-08-29,31575.44,Bank Transfer,Completed,Thursday,0,0,0
PAY0002518,INV0002730,SUP00001,DPT002,2024-10-03,10689.15,Bank Transfer,Completed,Thursday,0,0,0
PAY0002519,INV0002731,SUP00008,DPT009,2024-08-18,1648.72,Bank Transfer,Completed,Sunday,1,0,0
PAY0002520,INV0002732,SUP00204,DPT001,2024-09-07,10963.69,Card,Completed,Saturday,1,0,0
PAY0002521,INV0002733,SUP00010,DPT010,2024-03-15,12006.71,Bank Transfer,Completed,Friday,0,0,0
PAY0002522,INV0002734,SUP00001,DPT003,2025-02-10,2960.62,Bank Transfer,Completed,Monday,0,0,0
PAY0002523,INV0002735,SUP00022,DPT008,2025-01-23,3484.56,Bank Transfer,Completed,Thursday,0,0,0
PAY0002524,INV0002736,SUP00133,DPT002,2024-05-17,419.77,Bank Transfer,Completed,Friday,0,0,0
PAY0002525,INV0002737,SUP00174,DPT003,2024-11-09,15393.52,Check,Completed,Saturday,1,0,0
PAY0002526,INV0002738,SUP00021,DPT004,2024-12-09,5556.58,Bank Transfer,Completed,Monday,0,0,0
PAY0002527,INV0002739,SUP00068,DPT004,2024-04-18,3391.83,Bank Transfer,Completed,Thursday,0,0,0
PAY0002528,INV0002740,SUP00170,DPT001,2024-03-29,2028.03,Bank Transfer,Completed,Friday,0,0,0
PAY0002529,INV0002741,SUP00255,DPT005,2024-10-31,3742.27,Bank Transfer,Pending,Thursday,0,0,1
PAY0002530,INV0002742,SUP00108,DPT001,2025-02-17,10880.36,Bank Transfer,Completed,Monday,0,0,0
PAY0002531,INV0002743,SUP00138,DPT011,2024-04-07,8000.46,Bank Transfer,Completed,Sunday,1,0,0
PAY0002532,INV0002744,SUP00004,DPT004,2024-12-30,4383.48,Bank Transfer,Completed,Monday,0,0,0
PAY0002533,INV0002745,SUP00022,DPT004,2024-06-29,1537.34,Bank Transfer,Completed,Saturday,1,0,0
PAY0002534,INV0002746,SUP00255,DPT005,2025-01-06,4396.65,Bank Transfer,Completed,Monday,0,0,0
PAY0002535,INV0002747,SUP00006,DPT009,2024-07-25,2464.05,Bank Transfer,Completed,Thursday,0,0,0
PAY0002536,INV0002748,SUP00011,DPT001,2024-06-01,5048.65,Bank Transfer,Completed,Saturday,1,0,0
PAY0002537,INV0002749,SUP00130,DPT007,2024-06-21,9785.6,Card,Completed,Friday,0,0,0
PAY0002538,INV0002750,SUP00263,DPT011,2024-08-16,3417.94,Bank Transfer,Completed,Friday,0,0,0
PAY0002539,INV0002751,SUP00002,DPT004,2024-07-29,43342.62,Bank Transfer,Completed,Monday,0,0,0
PAY0002540,INV0002752,SUP00244,DPT001,2024-07-28,3199.47,Bank Transfer,Completed,Sunday,1,0,0
PAY0002541,INV0002753,SUP00008,DPT002,2024-07-15,861.58,Bank Transfer,Completed,Monday,0,0,0
PAY0002542,INV0002754,SUP00238,DPT011,2024-06-06,4914.38,Bank Transfer,Pending,Thursday,0,0,1
PAY0002543,INV0002755,SUP00255,DPT001,2024-11-11,3276.36,Bank Transfer,Completed,Monday,0,0,0
PAY0002544,INV0002757,SUP00276,DPT011,2024-06-22,3775.85,Check,Completed,Saturday,1,0,0
PAY0002545,INV0002758,SUP00298,DPT010,2024-12-11,1056.93,Bank Transfer,Completed,Wednesday,0,0,0
PAY0002546,INV0002759,SUP00276,DPT004,2024-09-05,6311.74,Bank Transfer,Completed,Thursday,0,0,0
PAY0002547,INV0002761,SUP00026,DPT005,2024-06-09,1554.18,Bank Transfer,Completed,Sunday,1,0,0
PAY0002548,INV0002762,SUP00004,DPT009,2024-11-09,9165.48,Bank Transfer,Completed,Saturday,1,0,0
PAY0002549,INV0002763,SUP00008,DPT003,2025-01-26,11530.67,Check,Completed,Sunday,1,0,0
PAY0002550,INV0002764,SUP00115,DPT002,2024-05-14,6526.87,Bank Transfer,Completed,Tuesday,0,0,0
PAY0002551,INV0002765,SUP00005,DPT011,2024-11-15,4471.71,Bank Transfer,Completed,Friday,0,0,0
PAY0002552,INV0002766,SUP00287,DPT008,2025-01-02,3933.76,Check,Completed,Thursday,0,0,0
PAY0002553,INV0002767,SUP00008,DPT004,2024-12-03,2942.06,Bank Transfer,Completed,Tuesday,0,0,0
PAY0002554,INV0002768,SUP00003,DPT011,2024-07-09,1375.2,Bank Transfer,Failed,Tuesday,0,0,1
PAY0002555,INV0002769,SUP00008,DPT006,2024-06-03,33118.12,Bank Transfer,Completed,Monday,0,0,0
PAY0002556,INV0002770,SUP00002,DPT011,2024-08-10,20027.99,Bank Transfer,Completed,Saturday,1,0,0
PAY0002557,INV0002771,SUP00006,DPT001,2024-05-31,1879.22,Bank Transfer,Completed,Friday,0,0,0
PAY0002558,INV0002772,SUP00077,DPT004,2024-11-16,3041.96,Bank Transfer,Completed,Saturday,1,0,0
PAY0002559,INV0002773,SUP00010,DPT007,2024-03-18,1760.94,Bank Transfer,Completed,Monday,0,0,0
PAY0002560,INV0002774,SUP00203,DPT004,2024-07-06,16207.8,Bank Transfer,Completed,Saturday,1,0,0
PAY0002561,INV0002776,SUP00152,DPT007,2024-10-28,13489.05,Bank Transfer,Completed,Monday,0,0,0
PAY0002562,INV0002777,SUP00148,DPT006,2024-09-25,9664.49,Bank Transfer,Completed,Wednesday,0,0,0
PAY0002563,INV0002778,SUP00005,DPT003,2024-09-27,5047.05,Bank Transfer,Completed,Friday,0,0,0
PAY0002564,INV0002779,SUP00002,DPT004,2025-02-22,10177.19,Bank Transfer,Completed,Saturday,1,0,0
PAY0002565,INV0002780,SUP00227,DPT007,2024-07-05,3949.75,Bank Transfer,Completed,Friday,0,0,0
PAY0002566,INV0002781,SUP00144,DPT006,2025-01-02,5017.56,Bank Transfer,Completed,Thursday,0,0,0
PAY0002567,INV0002782,SUP00006,DPT004,2024-03-02,1469.12,Bank Transfer,Completed,Saturday,1,0,0
PAY0002568,INV0002783,SUP00132,DPT002,2024-03-23,367.74,Bank Transfer,Completed,Saturday,1,0,0
PAY0002569,INV0002784,SUP00013,DPT001,2024-05-08,20380.14,Bank Transfer,Completed,Wednesday,0,0,0
PAY0002570,INV0002785,SUP00002,DPT009,2024-09-13,2934.25,Check,Completed,Friday,0,0,0
PAY0002571,INV0002786,SUP00008,DPT009,2024-06-12,22611.62,Bank Transfer,Completed,Wednesday,0,0,0
PAY0002572,INV0002787,SUP00176,DPT006,2024-06-08,4020.37,Bank Transfer,Completed,Saturday,1,0,0
PAY0002573,INV0002788,SUP00019,DPT005,2024-03-27,5434.01,Bank Transfer,Completed,Wednesday,0,0,0
PAY0002574,INV0002790,SUP00005,DPT004,2024-03-30,3240.99,Bank Transfer,Completed,Saturday,1,0,0
PAY0002575,INV0002791,SUP00004,DPT004,2024-09-29,943.79,Bank Transfer,Completed,Sunday,1,0,0
PAY0002576,INV0002793,SUP00027,DPT002,2024-08-09,15217.59,Bank Transfer,Completed,Friday,0,0,0
PAY0002577,INV0002794,SUP00230,DPT001,2024-06-20,5760.91,Bank Transfer,Completed,Thursday,0,0,0
PAY0002578,INV0002795,SUP00181,DPT011,2024-09-25,21367.91,Bank Transfer,Completed,Wednesday,0,0,0
PAY0002579,INV0002796,SUP00006,DPT005,2025-02-07,2610.22,Bank Transfer,Completed,Friday,0,0,0
PAY0002580,INV0002797,SUP00003,DPT010,2024-05-12,5426.69,Bank Transfer,Completed,Sunday,1,0,0
PAY0002581,INV0002798,SUP00008,DPT007,2024-05-17,7891.3,Check,Completed,Friday,0,0,0
PAY0002582,INV0002799,SUP00233,DPT009,2024-08-18,9843.82,Bank Transfer,Completed,Sunday,1,0,0
PAY0002583,INV0002800,SUP00035,DPT002,2024-08-01,9445.06,Bank Transfer,Completed,Thursday,0,0,0
PAY0002584,INV0002801,SUP00207,DPT001,2024-04-23,21847.55,Bank Transfer,Completed,Tuesday,0,0,0
PAY0002585,INV0002802,SUP00017,DPT006,2024-07-21,9447.19,Bank Transfer,Completed,Sunday,1,0,0
PAY0002586,INV0002803,SUP00079,DPT005,2024-08-07,5597.67,Bank Transfer,Completed,Wednesday,0,0,0
PAY0002587,INV0002804,SUP00081,DPT001,2025-01-20,2318.34,Bank Transfer,Completed,Monday,0,0,0
PAY0002588,INV0002805,SUP00100,DPT006,2024-05-07,5310.03,Bank Transfer,Completed,Tuesday,0,0,0
PAY0002589,INV0002806,SUP00027,DPT002,2024-04-10,2547.88,Bank Transfer,Completed,Wednesday,0,0,0
PAY0002590,INV0002807,SUP00008,DPT001,2024-04-23,3068.67,Bank Transfer,Completed,Tuesday,0,0,0
PAY0002591,INV0002808,SUP00023,DPT012,2024-08-29,5230.99,Bank Transfer,Completed,Thursday,0,0,0
PAY0002592,INV0002809,SUP00306,DPT005,2025-01-16,4835.24,Bank Transfer,Completed,Thursday,0,0,0
PAY0002593,INV0002810,SUP00009,DPT003,2025-04-28,19910.58,Bank Transfer,Completed,Monday,0,0,0
PAY0002594,INV0002811,SUP00158,DPT001,2024-06-11,3050.47,Bank Transfer,Completed,Tuesday,0,0,0
PAY0002595,INV0002812,SUP00288,DPT011,2024-06-06,9444.28,Bank Transfer,Completed,Thursday,0,0,0
PAY0002596,INV0002813,SUP00065,DPT011,2024-09-03,3509.89,Bank Transfer,Pending,Tuesday,0,0,1
PAY0002597,INV0002814,SUP00029,DPT002,2024-04-16,2099.35,Bank Transfer,Pending,Tuesday,0,0,1
PAY0002598,INV0002815,SUP00004,DPT004,2024-08-13,12019.15,Card,Completed,Tuesday,0,0,0
PAY0002599,INV0002816,SUP00175,DPT006,2025-01-19,9821.96,Bank Transfer,Completed,Sunday,1,0,0
PAY0002600,INV0002818,SUP00309,DPT005,2024-10-18,164.53,Bank Transfer,Completed,Friday,0,0,0
PAY0002601,INV0002820,SUP00273,DPT002,2024-04-21,14665.12,Bank Transfer,Completed,Sunday,1,0,0
PAY0002602,INV0002821,SUP00017,DPT006,2024-10-23,22714.17,Bank Transfer,Completed,Wednesday,0,0,0
PAY0002603,INV0002822,SUP00096,DPT003,2024-04-17,24361.07,Bank Transfer,Completed,Wednesday,0,0,0
PAY0002604,INV0002823,SUP00008,DPT005,2025-03-07,6221.4,Bank Transfer,Completed,Friday,0,0,0
PAY0002605,INV0002824,SUP00009,DPT002,2024-11-21,3684.27,Bank Transfer,Completed,Thursday,0,0,0
PAY0002606,INV0002826,SUP00028,DPT011,2024-05-14,7073.59,Bank Transfer,Completed,Tuesday,0,0,0
PAY0002607,INV0002827,SUP00299,DPT004,2024-03-01,3612.59,Bank Transfer,Completed,Friday,0,0,0
PAY0002608,INV0002828,SUP00009,DPT004,2024-09-06,2446.64,Bank Transfer,Completed,Friday,0,0,0
PAY0002609,INV0002829,SUP00249,DPT004,2024-08-21,1225.87,Bank Transfer,Completed,Wednesday,0,0,0
PAY0002610,INV0002830,SUP00026,DPT010,2024-12-28,1835.0,Bank Transfer,Completed,Saturday,1,0,0
PAY0002611,INV0002831,SUP00005,DPT007,2024-08-10,1280.8,Bank Transfer,Completed,Saturday,1,0,0
PAY0002612,INV0002833,SUP00176,DPT001,2024-04-24,22078.14,Bank Transfer,Completed,Wednesday,0,0,0
PAY0002613,INV0002834,SUP00218,DPT005,2024-08-25,2603.48,Bank Transfer,Pending,Sunday,1,0,1
PAY0002614,INV0002835,SUP00002,DPT008,2024-08-08,24786.83,Bank Transfer,Completed,Thursday,0,0,0
PAY0002615,INV0002836,SUP00021,DPT001,2024-12-07,6999.88,Bank Transfer,Completed,Saturday,1,0,0
PAY0002616,INV0002837,SUP00029,DPT004,2024-08-31,32756.47,Check,Completed,Saturday,1,0,0
PAY0002617,INV0002838,SUP00093,DPT006,2024-03-08,11836.04,Bank Transfer,Completed,Friday,0,0,0
PAY0002618,INV0002839,SUP00114,DPT004,2025-02-25,12597.74,Bank Transfer,Completed,Tuesday,0,0,0
PAY0002619,INV0002840,SUP00221,DPT007,2024-08-22,7941.71,Bank Transfer,Completed,Thursday,0,0,0
PAY0002620,INV0002841,SUP00009,DPT003,2024-05-08,2634.68,Bank Transfer,Completed,Wednesday,0,0,0
PAY0002621,INV0002842,SUP00004,DPT006,2024-10-13,1297.07,Bank Transfer,Completed,Sunday,1,0,0
PAY0002622,INV0002843,SUP00007,DPT008,2024-06-18,7537.67,Bank Transfer,Completed,Tuesday,0,0,0
PAY0002623,INV0002844,SUP00283,DPT011,2024-07-06,5260.97,Bank Transfer,Completed,Saturday,1,0,0
PAY0002624,INV0002846,SUP00008,DPT003,2024-11-28,14188.5,Bank Transfer,Completed,Thursday,0,0,0
PAY0002625,INV0002848,SUP00077,DPT009,2024-04-24,5394.75,Bank Transfer,Completed,Wednesday,0,0,0
PAY0002626,INV0002849,SUP00017,DPT004,2024-05-08,4064.93,Bank Transfer,Completed,Wednesday,0,0,0
PAY0002627,INV0002850,SUP00001,DPT003,2024-11-16,5844.5,Card,Completed,Saturday,1,0,0
PAY0002628,INV0002851,SUP00192,DPT002,2024-05-20,1319.66,Bank Transfer,Completed,Monday,0,0,0
PAY0002629,INV0002852,SUP00154,DPT007,2024-08-19,16854.52,Bank Transfer,Completed,Monday,0,0,0
PAY0002630,INV0002853,SUP00009,DPT004,2024-05-30,3771.32,Bank Transfer,Completed,Thursday,0,0,0
PAY0002631,INV0002854,SUP00009,DPT002,2024-04-05,4940.19,Bank Transfer,Completed,Friday,0,0,0
PAY0002632,INV0002855,SUP00009,DPT005,2024-03-07,2956.5,Bank Transfer,Completed,Thursday,0,0,0
PAY0002633,INV0002857,SUP00010,DPT001,2024-10-15,11864.3,Bank Transfer,Completed,Tuesday,0,0,0
PAY0002634,INV0002858,SUP00011,DPT005,2024-06-08,549.16,Bank Transfer,Completed,Saturday,1,0,0
PAY0002635,INV0002859,SUP00018,DPT011,2024-02-22,18392.02,Bank Transfer,Completed,Thursday,0,0,0
PAY0002636,INV0002860,SUP00309,DPT011,2024-04-03,33158.74,Check,Completed,Wednesday,0,0,0
PAY0002637,INV0002861,SUP00026,DPT003,2024-08-21,31560.77,Bank Transfer,Completed,Wednesday,0,0,0
PAY0002638,INV0002862,SUP00018,DPT002,2024-11-13,2658.12,Bank Transfer,Completed,Wednesday,0,0,0
PAY0002639,INV0002863,SUP00027,DPT004,2024-04-22,8702.62,Bank Transfer,Completed,Monday,0,0,0
PAY0002640,INV0002864,SUP00155,DPT003,2024-10-12,3693.72,Card,Pending,Saturday,1,0,1
PAY0002641,INV0002865,SUP00252,DPT004,2024-09-06,1101.48,Check,Completed,Friday,0,0,0
PAY0002642,INV0002866,SUP00315,DPT006,2024-02-25,6670.73,Bank Transfer,Completed,Sunday,1,0,0
PAY0002643,INV0002867,SUP00028,DPT008,2024-03-30,1112.36,Bank Transfer,Completed,Saturday,1,0,0
PAY0002644,INV0002868,SUP00026,DPT006,2024-04-08,12150.05,Bank Transfer,Completed,Monday,0,0,0
PAY0002645,INV0002869,SUP00013,DPT010,2024-04-06,15271.77,Bank Transfer,Completed,Saturday,1,0,0
PAY0002646,INV0002870,SUP00190,DPT008,2024-03-19,25930.71,Check,Completed,Tuesday,0,0,0
PAY0002647,INV0002871,SUP00117,DPT005,2024-12-05,10753.07,Card,Completed,Thursday,0,0,0
PAY0002648,INV0002872,SUP00016,DPT001,2025-02-25,3668.49,Bank Transfer,Completed,Tuesday,0,0,0
PAY0002649,INV0002873,SUP00036,DPT009,2025-01-22,4772.15,Bank Transfer,Completed,Wednesday,0,0,0
PAY0002650,INV0002874,SUP00007,DPT007,2025-03-23,7058.68,Bank Transfer,Completed,Sunday,1,0,0
PAY0002651,INV0002875,SUP00140,DPT003,2024-05-19,32990.86,Bank Transfer,Completed,Sunday,1,0,0
PAY0002652,INV0002877,SUP00015,DPT006,2024-09-16,5392.41,Bank Transfer,Completed,Monday,0,0,0
PAY0002653,INV0002878,SUP00003,DPT001,2025-01-20,18403.4,Bank Transfer,Completed,Monday,0,0,0
PAY0002654,INV0002879,SUP00008,DPT009,2024-09-18,3273.24,Bank Transfer,Completed,Wednesday,0,0,0
PAY0002655,INV0002880,SUP00007,DPT002,2024-12-01,10175.15,Bank Transfer,Completed,Sunday,1,0,0
PAY0002656,INV0002881,SUP00164,DPT006,2024-11-19,4109.97,Bank Transfer,Completed,Tuesday,0,0,0
PAY0002657,INV0002882,SUP00140,DPT003,2024-12-18,7869.21,Bank Transfer,Completed,Wednesday,0,0,0
PAY0002658,INV0002883,SUP00048,DPT004,2024-08-22,2371.29,Bank Transfer,Completed,Thursday,0,0,0
PAY0002659,INV0002884,SUP00019,DPT009,2024-11-02,1176.66,Bank Transfer,Completed,Saturday,1,0,0
PAY0002660,INV0002885,SUP00255,DPT003,2024-08-24,1441.05,Bank Transfer,Completed,Saturday,1,0,0
PAY0002661,INV0002886,SUP00252,DPT001,2025-02-26,11848.21,Bank Transfer,Completed,Wednesday,0,0,0
PAY0002662,INV0002887,SUP00086,DPT001,2024-11-08,1661.39,Bank Transfer,Completed,Friday,0,0,0
PAY0002663,INV0002888,SUP00119,DPT001,2024-11-27,4036.52,Bank Transfer,Pending,Wednesday,0,0,1
PAY0002664,INV0002889,SUP00200,DPT004,2024-09-11,17128.32,Bank Transfer,Completed,Wednesday,0,0,0
PAY0002665,INV0002890,SUP00157,DPT001,2024-12-15,21776.96,Bank Transfer,Completed,Sunday,1,0,0
PAY0002666,INV0002891,SUP00008,DPT004,2024-08-12,1958.11,Bank Transfer,Completed,Monday,0,0,0
PAY0002667,INV0002892,SUP00030,DPT007,2024-09-13,390.53,Bank Transfer,Completed,Friday,0,0,0
PAY0002668,INV0002894,SUP00208,DPT002,2024-06-07,7620.8,Bank Transfer,Completed,Friday,0,0,0
PAY0002669,INV0002895,SUP00116,DPT010,2025-01-21,13008.72,Bank Transfer,Completed,Tuesday,0,0,0
PAY0002670,INV0002896,SUP00308,DPT012,2025-02-09,1536.93,Check,Completed,Sunday,1,0,0
PAY0002671,INV0002897,SUP00005,DPT006,2024-06-24,778.79,Bank Transfer,Completed,Monday,0,0,0
PAY0002672,INV0002898,SUP00031,DPT008,2024-05-20,2122.62,Bank Transfer,Completed,Monday,0,0,0
PAY0002673,INV0002899,SUP00158,DPT004,2024-09-30,3274.11,Bank Transfer,Completed,Monday,0,0,0
PAY0002674,INV0002900,SUP00242,DPT001,2024-08-14,65947.13,Card,Completed,Wednesday,0,0,0
PAY0002675,INV0002901,SUP00234,DPT011,2024-10-05,6628.81,Bank Transfer,Completed,Saturday,1,0,0
PAY0002676,INV0002902,SUP00007,DPT011,2024-04-26,12743.66,Bank Transfer,Completed,Friday,0,0,0
PAY0002677,INV0002904,SUP00309,DPT002,2024-03-08,3537.62,Bank Transfer,Completed,Friday,0,0,0
PAY0002678,INV0002905,SUP00302,DPT001,2024-07-29,6938.38,Bank Transfer,Pending,Monday,0,0,1
PAY0002679,INV0002906,SUP00093,DPT004,2024-11-27,7937.17,Bank Transfer,Completed,Wednesday,0,0,0
PAY0002680,INV0002907,SUP00221,DPT011,2024-10-17,11996.08,Card,Completed,Thursday,0,0,0
PAY0002681,INV0002908,SUP00003,DPT001,2025-01-29,99949.16,Bank Transfer,Completed,Wednesday,0,0,0
PAY0002682,INV0002909,SUP00009,DPT006,2024-03-08,9945.59,Bank Transfer,Completed,Friday,0,0,0
PAY0002683,INV0002910,SUP00004,DPT009,2024-07-20,20790.1,Bank Transfer,Completed,Saturday,1,0,0
PAY0002684,INV0002912,SUP00300,DPT006,2024-06-08,14390.85,Bank Transfer,Completed,Saturday,1,0,0
PAY0002685,INV0002913,SUP00114,DPT004,2024-04-25,9464.51,Bank Transfer,Completed,Thursday,0,0,0
PAY0002686,INV0002914,SUP00026,DPT001,2024-10-14,24894.84,Bank Transfer,Completed,Monday,0,0,0
PAY0002687,INV0002915,SUP00198,DPT004,2025-02-04,16771.8,Bank Transfer,Completed,Tuesday,0,0,0
PAY0002688,INV0002916,SUP00055,DPT001,2024-12-27,9317.68,Check,Completed,Friday,0,0,0
PAY0002689,INV0002917,SUP00026,DPT007,2025-03-04,98816.79,Cash,Completed,Tuesday,0,1,0
PAY0002690,INV0002918,SUP00102,DPT003,2024-08-13,1810.72,Bank Transfer,Completed,Tuesday,0,0,0
PAY0002691,INV0002919,SUP00032,DPT009,2024-12-14,11270.05,Bank Transfer,Failed,Saturday,1,0,1
PAY0002692,INV0002920,SUP00109,DPT005,2024-03-08,848.0,Bank Transfer,Completed,Friday,0,0,0
PAY0002693,INV0002921,SUP00204,DPT011,2024-03-25,39357.39,Bank Transfer,Completed,Monday,0,0,0
PAY0002694,INV0002922,SUP00026,DPT008,2024-10-23,557.99,Bank Transfer,Completed,Wednesday,0,0,0
PAY0002695,INV0002923,SUP00021,DPT008,2024-03-16,1865.19,Bank Transfer,Completed,Saturday,1,0,0
PAY0002696,INV0002924,SUP00060,DPT003,2024-09-08,101795.29,Bank Transfer,Completed,Sunday,1,0,0
PAY0002697,INV0002925,SUP00264,DPT004,2024-09-19,5734.02,Bank Transfer,Completed,Thursday,0,0,0
PAY0002698,INV0002926,SUP00022,DPT008,2024-04-20,7698.93,Bank Transfer,Completed,Saturday,1,0,0
PAY0002699,INV0002927,SUP00231,DPT008,2024-03-19,2686.21,Bank Transfer,Completed,Tuesday,0,0,0
PAY0002700,INV0002928,SUP00095,DPT007,2024-02-23,5095.8,Bank Transfer,Completed,Friday,0,0,0
PAY0002701,INV0002929,SUP00001,DPT001,2024-12-16,13031.61,Bank Transfer,Completed,Monday,0,0,0
PAY0002702,INV0002931,SUP00007,DPT001,2024-08-31,4412.3,Bank Transfer,Completed,Saturday,1,0,0
PAY0002703,INV0002932,SUP00005,DPT001,2024-11-21,6109.69,Bank Transfer,Completed,Thursday,0,0,0
PAY0002704,INV0002933,SUP00008,DPT009,2024-12-14,4353.41,Bank Transfer,Completed,Saturday,1,0,0
PAY0002705,INV0002934,SUP00151,DPT005,2024-06-05,13821.55,Card,Completed,Wednesday,0,0,0
PAY0002706,INV0002935,SUP00101,DPT004,2025-02-05,10100.49,Check,Completed,Wednesday,0,0,0
PAY0002707,INV0002936,SUP00047,DPT001,2024-06-26,5298.79,Bank Transfer,Completed,Wednesday,0,0,0
PAY0002708,INV0002937,SUP00029,DPT009,2025-01-17,849.19,Bank Transfer,Completed,Friday,0,0,0
PAY0002709,INV0002938,SUP00019,DPT001,2024-04-29,22496.72,Bank Transfer,Completed,Monday,0,0,0
PAY0002710,INV0002939,SUP00254,DPT002,2024-02-25,2065.3,Bank Transfer,Completed,Sunday,1,0,0
PAY0002711,INV0002940,SUP00281,DPT009,2024-09-23,46252.99,Bank Transfer,Completed,Monday,0,0,0
PAY0002712,INV0002941,SUP00182,DPT007,2025-02-22,2274.2,Bank Transfer,Completed,Saturday,1,0,0
PAY0002713,INV0002942,SUP00010,DPT001,2024-09-11,8128.96,Bank Transfer,Completed,Wednesday,0,0,0
PAY0002714,INV0002943,SUP00270,DPT001,2024-02-07,12299.63,Bank Transfer,Completed,Wednesday,0,0,0
PAY0002715,INV0002944,SUP00214,DPT004,2024-11-21,4778.87,Bank Transfer,Completed,Thursday,0,0,0
PAY0002716,INV0002945,SUP00005,DPT006,2024-10-18,8605.13,Bank Transfer,Completed,Friday,0,0,0
PAY0002717,INV0002946,SUP00014,DPT002,2025-04-27,49792.88,Bank Transfer,Completed,Sunday,1,0,0
PAY0002718,INV0002947,SUP00013,DPT005,2024-10-22,53039.39,Card,Completed,Tuesday,0,0,0
PAY0002719,INV0002948,SUP00161,DPT003,2024-07-31,7468.71,Bank Transfer,Completed,Wednesday,0,0,0
PAY0002720,INV0002949,SUP00040,DPT005,2024-06-09,5288.93,Bank Transfer,Completed,Sunday,1,0,0
PAY0002721,INV0002950,SUP00009,DPT008,2025-01-29,7920.65,Cash,Completed,Wednesday,0,1,0
PAY0002722,INV0002951,SUP00008,DPT009,2024-06-07,22328.74,Bank Transfer,Pending,Friday,0,0,1
PAY0002723,INV0002952,SUP00025,DPT002,2024-09-15,9568.22,Bank Transfer,Completed,Sunday,1,0,0
PAY0002724,INV0002953,SUP00123,DPT001,2024-08-22,7509.68,Bank Transfer,Completed,Thursday,0,0,0
PAY0002725,INV0002954,SUP00031,DPT001,2025-03-22,1130.5,Bank Transfer,Completed,Saturday,1,0,0
PAY0002726,INV0002955,SUP00009,DPT002,2024-08-04,22447.62,Cash,Completed,Sunday,1,1,0
PAY0002727,INV0002956,SUP00096,DPT003,2024-12-01,9012.32,Bank Transfer,Completed,Sunday,1,0,0
PAY0002728,INV0002957,SUP00320,DPT001,2024-10-17,3578.49,Bank Transfer,Completed,Thursday,0,0,0
PAY0002729,INV0002958,SUP00006,DPT009,2024-05-22,8658.87,Bank Transfer,Completed,Wednesday,0,0,0
PAY0002730,INV0002959,SUP00042,DPT009,2024-04-01,30101.57,Bank Transfer,Completed,Monday,0,0,0
PAY0002731,INV0002960,SUP00017,DPT007,2024-11-26,13441.38,Card,Completed,Tuesday,0,0,0
PAY0002732,INV0002961,SUP00008,DPT003,2024-06-18,56338.06,Bank Transfer,Completed,Tuesday,0,0,0
PAY0002733,INV0002962,SUP00247,DPT007,2024-01-29,16170.21,Check,Completed,Monday,0,0,0
PAY0002734,INV0002963,SUP00296,DPT005,2024-12-06,656.19,Bank Transfer,Completed,Friday,0,0,0
PAY0002735,INV0002964,SUP00015,DPT007,2024-12-14,26151.48,Cash,Completed,Saturday,1,1,0
PAY0002736,INV0002965,SUP00015,DPT001,2024-02-08,831.03,Bank Transfer,Completed,Thursday,0,0,0
PAY0002737,INV0002966,SUP00004,DPT010,2025-01-29,28275.37,Bank Transfer,Completed,Wednesday,0,0,0
PAY0002738,INV0002968,SUP00001,DPT002,2025-03-20,40840.79,Bank Transfer,Completed,Thursday,0,0,0
PAY0002739,INV0002969,SUP00029,DPT004,2024-08-05,9993.69,Bank Transfer,Completed,Monday,0,0,0
PAY0002740,INV0002970,SUP00006,DPT002,2024-06-22,25058.67,Bank Transfer,Completed,Saturday,1,0,0
PAY0002741,INV0002971,SUP00127,DPT012,2024-12-25,24307.46,Bank Transfer,Completed,Wednesday,0,0,0
PAY0002742,INV0002972,SUP00279,DPT006,2024-09-13,1508.22,Bank Transfer,Completed,Friday,0,0,0
PAY0002743,INV0002973,SUP00003,DPT010,2025-01-22,6165.94,Bank Transfer,Completed,Wednesday,0,0,0
PAY0002744,INV0002974,SUP00189,DPT011,2024-05-12,101834.34,Bank Transfer,Completed,Sunday,1,0,0
PAY0002745,INV0002975,SUP00221,DPT005,2024-12-21,3649.18,Check,Completed,Saturday,1,0,0
PAY0002746,INV0002976,SUP00006,DPT009,2024-09-21,3088.68,Bank Transfer,Completed,Saturday,1,0,0
PAY0002747,INV0002977,SUP00275,DPT011,2024-09-26,7253.69,Bank Transfer,Completed,Thursday,0,0,0
PAY0002748,INV0002978,SUP00097,DPT002,2024-12-05,13933.73,Bank Transfer,Completed,Thursday,0,0,0
PAY0002749,INV0002979,SUP00046,DPT002,2024-08-24,32829.8,Check,Completed,Saturday,1,0,0
PAY0002750,INV0002980,SUP00127,DPT004,2024-10-25,4334.98,Bank Transfer,Completed,Friday,0,0,0
PAY0002751,INV0002981,SUP00010,DPT006,2024-06-11,3946.77,Bank Transfer,Completed,Tuesday,0,0,0
PAY0002752,INV0002982,SUP00001,DPT008,2024-05-25,237.18,Bank Transfer,Completed,Saturday,1,0,0
PAY0002753,INV0002983,SUP00024,DPT003,2024-12-22,32339.33,Bank Transfer,Completed,Sunday,1,0,0
PAY0002754,INV0002984,SUP00169,DPT009,2024-09-15,1231.69,Bank Transfer,Completed,Sunday,1,0,0
PAY0002755,INV0002985,SUP00273,DPT006,2024-05-28,10426.38,Check,Completed,Tuesday,0,0,0
PAY0002756,INV0002986,SUP00023,DPT003,2024-03-03,100521.05,Bank Transfer,Completed,Sunday,1,0,0
PAY0002757,INV0002987,SUP00009,DPT007,2024-05-10,18712.19,Bank Transfer,Completed,Friday,0,0,0
PAY0002758,INV0002989,SUP00282,DPT003,2024-07-07,11500.33,Bank Transfer,Completed,Sunday,1,0,0
PAY0002759,INV0002990,SUP00008,DPT003,2024-09-29,38283.98,Bank Transfer,Pending,Sunday,1,0,1
PAY0002760,INV0002991,SUP00268,DPT007,2024-06-30,7974.7,Bank Transfer,Completed,Sunday,1,0,0
PAY0002761,INV0002992,SUP00007,DPT004,2024-03-14,2215.31,Bank Transfer,Completed,Thursday,0,0,0
PAY0002762,INV0002993,SUP00001,DPT002,2024-12-21,1111.25,Bank Transfer,Completed,Saturday,1,0,0
PAY0002763,INV0002994,SUP00008,DPT010,2024-05-23,32751.97,Bank Transfer,Completed,Thursday,0,0,0
PAY0002764,INV0002995,SUP00029,DPT002,2024-05-14,3659.92,Bank Transfer,Completed,Tuesday,0,0,0
PAY0002765,INV0002996,SUP00015,DPT002,2024-11-16,4513.86,Bank Transfer,Completed,Saturday,1,0,0
PAY0002766,INV0002997,SUP00266,DPT010,2024-08-24,107053.4,Bank Transfer,Completed,Saturday,1,0,0
PAY0002767,INV0002998,SUP00052,DPT006,2024-07-13,17585.68,Bank Transfer,Completed,Saturday,1,0,0
PAY0002768,INV0002999,SUP00004,DPT004,2024-06-28,21727.17,Check,Completed,Friday,0,0,0
PAY0002769,INV0003000,SUP00099,DPT003,2025-01-16,39505.2,Bank Transfer,Completed,Thursday,0,0,0
PAY0002770,INV0003001,SUP00019,DPT002,2024-08-08,1009.81,Bank Transfer,Completed,Thursday,0,0,0
PAY0002771,INV0003002,SUP00131,DPT001,2024-05-10,35143.24,Bank Transfer,Completed,Friday,0,0,0
PAY0002772,INV0003003,SUP00194,DPT011,2024-04-16,41437.49,Bank Transfer,Completed,Tuesday,0,0,0
PAY0002773,INV0003004,SUP00312,DPT001,2024-07-07,3651.47,Bank Transfer,Completed,Sunday,1,0,0
PAY0002774,INV0003005,SUP00071,DPT001,2024-10-16,14049.33,Bank Transfer,Completed,Wednesday,0,0,0
PAY0002775,INV0003006,SUP00017,DPT008,2024-06-24,18263.04,Bank Transfer,Completed,Monday,0,0,0
PAY0002776,INV0003007,SUP00023,DPT010,2024-10-26,2657.33,Bank Transfer,Completed,Saturday,1,0,0
PAY0002777,INV0003008,SUP00020,DPT007,2024-05-26,17156.69,Bank Transfer,Completed,Sunday,1,0,0
PAY0002778,INV0003009,SUP00025,DPT002,2025-01-20,2920.21,Bank Transfer,Completed,Monday,0,0,0
PAY0002779,INV0003010,SUP00001,DPT003,2025-01-12,119413.6,Bank Transfer,Completed,Sunday,1,0,0
PAY0002780,INV0003011,SUP00009,DPT012,2024-05-31,7337.71,Cash,Completed,Friday,0,1,0
PAY0002781,INV0003012,SUP00313,DPT007,2024-08-01,11350.94,Bank Transfer,Completed,Thursday,0,0,0
PAY0002782,INV0003013,SUP00278,DPT009,2024-12-27,927.84,Check,Completed,Friday,0,0,0
PAY0002783,INV0003014,SUP00002,DPT004,2025-01-01,9311.54,Bank Transfer,Completed,Wednesday,0,0,0
PAY0002784,INV0003015,SUP00308,DPT009,2024-06-02,24567.61,Bank Transfer,Completed,Sunday,1,0,0
PAY0002785,INV0003017,SUP00001,DPT003,2024-10-16,10243.32,Bank Transfer,Completed,Wednesday,0,0,0
PAY0002786,INV0003018,SUP00269,DPT003,2024-05-16,2710.23,Bank Transfer,Completed,Thursday,0,0,0
PAY0002787,INV0003019,SUP00297,DPT001,2024-12-15,1560.71,Bank Transfer,Completed,Sunday,1,0,0
PAY0002788,INV0003020,SUP00101,DPT008,2024-03-09,1330.62,Bank Transfer,Completed,Saturday,1,0,0
PAY0002789,INV0003022,SUP00013,DPT002,2024-06-07,1409.23,Bank Transfer,Completed,Friday,0,0,0
PAY0002790,INV0003023,SUP00068,DPT006,2024-12-23,765.22,Card,Completed,Monday,0,0,0
PAY0002791,INV0003024,SUP00162,DPT008,2024-05-16,3316.31,Bank Transfer,Completed,Thursday,0,0,0
PAY0002792,INV0003025,SUP00062,DPT004,2024-06-16,6431.2,Bank Transfer,Completed,Sunday,1,0,0
PAY0002793,INV0003026,SUP00010,DPT011,2024-03-27,11788.27,Bank Transfer,Completed,Wednesday,0,0,0
PAY0002794,INV0003027,SUP00114,DPT002,2025-01-02,2129.23,Check,Completed,Thursday,0,0,0
PAY0002795,INV0003028,SUP00225,DPT005,2024-09-14,3087.94,Bank Transfer,Completed,Saturday,1,0,0
PAY0002796,INV0003029,SUP00224,DPT006,2024-07-13,11278.94,Bank Transfer,Completed,Saturday,1,0,0
PAY0002797,INV0003030,SUP00005,DPT006,2024-09-19,16970.61,Bank Transfer,Completed,Thursday,0,0,0
PAY0002798,INV0003031,SUP00024,DPT006,2024-04-29,24532.74,Check,Completed,Monday,0,0,0
PAY0002799,INV0003032,SUP00002,DPT006,2024-11-23,10652.09,Bank Transfer,Completed,Saturday,1,0,0
PAY0002800,INV0003034,SUP00008,DPT009,2024-12-21,2156.41,Bank Transfer,Completed,Saturday,1,0,0
PAY0002801,INV0003035,SUP00279,DPT012,2024-09-10,24818.9,Bank Transfer,Completed,Tuesday,0,0,0
PAY0002802,INV0003036,SUP00095,DPT011,2024-05-29,25180.03,Bank Transfer,Completed,Wednesday,0,0,0
PAY0002803,INV0003037,SUP00020,DPT005,2024-11-26,5510.37,Bank Transfer,Completed,Tuesday,0,0,0
PAY0002804,INV0003038,SUP00162,DPT007,2024-11-05,4850.2,Bank Transfer,Completed,Tuesday,0,0,0
PAY0002805,INV0003039,SUP00007,DPT004,2024-11-30,1871.56,Bank Transfer,Completed,Saturday,1,0,0
PAY0002806,INV0003040,SUP00003,DPT006,2024-09-28,25121.21,Card,Completed,Saturday,1,0,0
PAY0002807,INV0003041,SUP00003,DPT001,2025-01-14,1827.78,Bank Transfer,Completed,Tuesday,0,0,0
PAY0002808,INV0003042,SUP00074,DPT003,2024-09-07,58773.33,Bank Transfer,Completed,Saturday,1,0,0
PAY0002809,INV0003043,SUP00255,DPT011,2024-09-16,5540.41,Bank Transfer,Completed,Monday,0,0,0
PAY0002810,INV0003044,SUP00008,DPT007,2025-01-05,2243.07,Bank Transfer,Completed,Sunday,1,0,0
PAY0002811,INV0003045,SUP00179,DPT001,2024-11-19,769.8,Card,Pending,Tuesday,0,0,1
PAY0002812,INV0003047,SUP00015,DPT003,2024-02-24,5171.66,Check,Completed,Saturday,1,0,0
PAY0002813,INV0003048,SUP00116,DPT009,2024-07-13,4141.1,Check,Completed,Saturday,1,0,0
PAY0002814,INV0003049,SUP00218,DPT001,2024-02-27,6053.7,Bank Transfer,Completed,Tuesday,0,0,0
PAY0002815,INV0003050,SUP00287,DPT006,2024-06-09,29332.42,Bank Transfer,Completed,Sunday,1,0,0
PAY0002816,INV0003051,SUP00104,DPT007,2024-02-03,12179.08,Bank Transfer,Completed,Saturday,1,0,0
PAY0002817,INV0003052,SUP00026,DPT006,2024-09-05,7439.85,Bank Transfer,Completed,Thursday,0,0,0
PAY0002818,INV0003054,SUP00010,DPT009,2024-04-11,2087.29,Bank Transfer,Completed,Thursday,0,0,0
PAY0002819,INV0003055,SUP00275,DPT009,2024-12-21,13614.71,Bank Transfer,Completed,Saturday,1,0,0
PAY0002820,INV0003056,SUP00074,DPT003,2024-07-08,13387.9,Card,Completed,Monday,0,0,0
PAY0002821,INV0003057,SUP00014,DPT002,2024-10-26,33954.25,Check,Completed,Saturday,1,0,0
PAY0002822,INV0003058,SUP00009,DPT007,2024-03-13,1295.76,Bank Transfer,Completed,Wednesday,0,0,0
PAY0002823,INV0003059,SUP00004,DPT003,2024-10-03,2258.12,Bank Transfer,Completed,Thursday,0,0,0
PAY0002824,INV0003060,SUP00174,DPT003,2024-11-11,2404.89,Bank Transfer,Completed,Monday,0,0,0
PAY0002825,INV0003061,SUP00021,DPT004,2024-04-27,10609.25,Bank Transfer,Completed,Saturday,1,0,0
PAY0002826,INV0003063,SUP00025,DPT009,2024-09-15,25187.63,Bank Transfer,Completed,Sunday,1,0,0
PAY0002827,INV0003064,SUP00213,DPT011,2024-08-30,519.51,Bank Transfer,Completed,Friday,0,0,0
PAY0002828,INV0003065,SUP00005,DPT007,2024-10-25,32889.39,Check,Completed,Friday,0,0,0
PAY0002829,INV0003066,SUP00005,DPT001,2024-06-04,7828.07,Check,Completed,Tuesday,0,0,0
PAY0002830,INV0003067,SUP00009,DPT003,2024-04-16,11240.19,Bank Transfer,Completed,Tuesday,0,0,0
PAY0002831,INV0003068,SUP00007,DPT002,2024-02-01,8983.06,Bank Transfer,Completed,Thursday,0,0,0
PAY0002832,INV0003069,SUP00307,DPT007,2024-04-15,2855.01,Bank Transfer,Completed,Monday,0,0,0
PAY0002833,INV0003070,SUP00207,DPT006,2024-10-24,10859.38,Bank Transfer,Completed,Thursday,0,0,0
PAY0002834,INV0003071,SUP00015,DPT012,2024-09-20,6580.91,Check,Completed,Friday,0,0,0
PAY0002835,INV0003072,SUP00037,DPT004,2024-09-29,6456.25,Bank Transfer,Completed,Sunday,1,0,0
PAY0002836,INV0003073,SUP00045,DPT001,2024-06-14,10516.93,Bank Transfer,Completed,Friday,0,0,0
PAY0002837,INV0003074,SUP00089,DPT006,2025-01-03,5375.51,Cash,Completed,Friday,0,1,0
PAY0002838,INV0003075,SUP00004,DPT003,2024-08-31,20214.15,Bank Transfer,Completed,Saturday,1,0,0
PAY0002839,INV0003076,SUP00015,DPT002,2024-02-16,100808.44,Bank Transfer,Completed,Friday,0,0,0
PAY0002840,INV0003078,SUP00273,DPT002,2024-09-15,3204.41,Bank Transfer,Completed,Sunday,1,0,0
PAY0002841,INV0003079,SUP00020,DPT002,2024-02-19,6766.47,Bank Transfer,Completed,Monday,0,0,0
PAY0002842,INV0003080,SUP00159,DPT004,2024-08-20,15247.47,Check,Completed,Tuesday,0,0,0
PAY0002843,INV0003081,SUP00274,DPT009,2024-05-13,69065.5,Bank Transfer,Completed,Monday,0,0,0
PAY0002844,INV0003082,SUP00011,DPT010,2024-02-25,4435.02,Card,Completed,Sunday,1,0,0
PAY0002845,INV0003084,SUP00014,DPT004,2024-03-09,13366.98,Bank Transfer,Completed,Saturday,1,0,0
PAY0002846,INV0003085,SUP00126,DPT009,2024-02-27,2398.85,Bank Transfer,Completed,Tuesday,0,0,0
PAY0002847,INV0003087,SUP00003,DPT009,2024-11-22,12103.72,Bank Transfer,Completed,Friday,0,0,0
PAY0002848,INV0003088,SUP00003,DPT004,2024-07-30,3448.69,Bank Transfer,Completed,Tuesday,0,0,0
PAY0002849,INV0003089,SUP00143,DPT010,2024-03-04,4247.86,Check,Completed,Monday,0,0,0
PAY0002850,INV0003090,SUP00165,DPT007,2024-11-26,15134.0,Bank Transfer,Completed,Tuesday,0,0,0
PAY0002851,INV0003091,SUP00004,DPT001,2024-05-03,9928.5,Card,Completed,Friday,0,0,0
PAY0002852,INV0003092,SUP00199,DPT001,2024-05-21,6351.28,Bank Transfer,Completed,Tuesday,0,0,0
PAY0002853,INV0003093,SUP00014,DPT011,2024-09-07,7244.93,Bank Transfer,Completed,Saturday,1,0,0
PAY0002854,INV0003094,SUP00003,DPT011,2024-04-21,1684.69,Bank Transfer,Completed,Sunday,1,0,0
PAY0002855,INV0003095,SUP00013,DPT004,2024-11-19,6815.26,Bank Transfer,Completed,Tuesday,0,0,0
PAY0002856,INV0003096,SUP00161,DPT007,2025-02-24,3958.97,Bank Transfer,Completed,Monday,0,0,0
PAY0002857,INV0003097,SUP00117,DPT003,2024-08-01,6449.52,Bank Transfer,Completed,Thursday,0,0,0
PAY0002858,INV0003098,SUP00028,DPT007,2025-03-04,30995.3,Bank Transfer,Completed,Tuesday,0,0,0
PAY0002859,INV0003099,SUP00010,DPT004,2024-01-14,1641.31,Bank Transfer,Completed,Sunday,1,0,0
PAY0002860,INV0003100,SUP00022,DPT003,2024-12-12,23084.64,Bank Transfer,Completed,Thursday,0,0,0
PAY0002861,INV0003101,SUP00018,DPT004,2024-06-22,7502.39,Check,Completed,Saturday,1,0,0
PAY0002862,INV0003102,SUP00019,DPT004,2024-12-11,5749.68,Bank Transfer,Completed,Wednesday,0,0,0
PAY0002863,INV0003103,SUP00029,DPT011,2024-05-15,2219.32,Bank Transfer,Completed,Wednesday,0,0,0
PAY0002864,INV0003104,SUP00025,DPT010,2024-04-24,8184.81,Bank Transfer,Completed,Wednesday,0,0,0
PAY0002865,INV0003105,SUP00004,DPT002,2024-05-09,73162.64,Bank Transfer,Completed,Thursday,0,0,0
PAY0002866,INV0003106,SUP00010,DPT003,2024-09-23,322.52,Check,Completed,Monday,0,0,0
PAY0002867,INV0003107,SUP00005,DPT003,2024-07-14,634.79,Bank Transfer,Completed,Sunday,1,0,0
PAY0002868,INV0003108,SUP00086,DPT001,2024-02-04,4860.55,Bank Transfer,Completed,Sunday,1,0,0
PAY0002869,INV0003109,SUP00022,DPT005,2024-12-31,8925.23,Bank Transfer,Completed,Tuesday,0,0,0
PAY0002870,INV0003110,SUP00127,DPT004,2024-05-25,17223.48,Bank Transfer,Completed,Saturday,1,0,0
PAY0002871,INV0003111,SUP00003,DPT001,2024-12-27,10167.41,Bank Transfer,Completed,Friday,0,0,0
PAY0002872,INV0003112,SUP00014,DPT012,2024-10-02,938.23,Bank Transfer,Completed,Wednesday,0,0,0
PAY0002873,INV0003113,SUP00006,DPT008,2024-11-22,12393.05,Bank Transfer,Completed,Friday,0,0,0
PAY0002874,INV0003114,SUP00004,DPT002,2025-05-13,4840.71,Bank Transfer,Completed,Tuesday,0,0,0
PAY0002875,INV0003115,SUP00187,DPT007,2025-01-09,16437.42,Bank Transfer,Completed,Thursday,0,0,0
PAY0002876,INV0003116,SUP00005,DPT003,2024-09-25,2627.46,Check,Completed,Wednesday,0,0,0
PAY0002877,INV0003117,SUP00006,DPT006,2024-09-10,1013.33,Bank Transfer,Completed,Tuesday,0,0,0
PAY0002878,INV0003118,SUP00017,DPT004,2025-01-27,3535.84,Bank Transfer,Completed,Monday,0,0,0
PAY0002879,INV0003119,SUP00010,DPT002,2025-01-25,4889.12,Bank Transfer,Completed,Saturday,1,0,0
PAY0002880,INV0003121,SUP00314,DPT012,2024-12-17,6182.47,Bank Transfer,Completed,Tuesday,0,0,0
PAY0002881,INV0003122,SUP00022,DPT008,2024-02-10,3019.06,Bank Transfer,Completed,Saturday,1,0,0
PAY0002882,INV0003123,SUP00007,DPT006,2024-10-12,5104.6,Bank Transfer,Completed,Saturday,1,0,0
PAY0002883,INV0003124,SUP00029,DPT009,2025-02-11,32819.38,Bank Transfer,Completed,Tuesday,0,0,0
PAY0002884,INV0003125,SUP00029,DPT009,2024-04-06,111335.73,Bank Transfer,Completed,Saturday,1,0,0
PAY0002885,INV0003126,SUP00026,DPT010,2024-12-10,9875.32,Bank Transfer,Completed,Tuesday,0,0,0
PAY0002886,INV0003128,SUP00005,DPT001,2024-03-01,2572.51,Check,Completed,Friday,0,0,0
PAY0002887,INV0003129,SUP00005,DPT009,2024-12-20,28053.95,Check,Completed,Friday,0,0,0
PAY0002888,INV0003130,SUP00015,DPT012,2024-09-03,25270.64,Bank Transfer,Completed,Tuesday,0,0,0
PAY0002889,INV0003131,SUP00073,DPT005,2024-08-06,1423.5,Card,Completed,Tuesday,0,0,0
PAY0002890,INV0003132,SUP00248,DPT012,2024-06-05,22625.39,Cash,Completed,Wednesday,0,1,0
PAY0002891,INV0003133,SUP00008,DPT007,2024-07-23,6487.2,Bank Transfer,Completed,Tuesday,0,0,0
PAY0002892,INV0003135,SUP00008,DPT011,2024-10-07,15785.9,Bank Transfer,Completed,Monday,0,0,0
PAY0002893,INV0003136,SUP00002,DPT009,2024-09-18,1323.31,Bank Transfer,Pending,Wednesday,0,0,1
PAY0002894,INV0003137,SUP00114,DPT005,2025-01-03,7282.5,Bank Transfer,Completed,Friday,0,0,0
PAY0002895,INV0003138,SUP00008,DPT008,2024-05-13,2127.62,Bank Transfer,Completed,Monday,0,0,0
PAY0002896,INV0003139,SUP00273,DPT003,2025-01-15,25782.49,Bank Transfer,Completed,Wednesday,0,0,0
PAY0002897,INV0003140,SUP00281,DPT006,2024-05-25,6584.2,Bank Transfer,Completed,Saturday,1,0,0
PAY0002898,INV0003141,SUP00004,DPT004,2024-06-14,2870.59,Bank Transfer,Completed,Friday,0,0,0
PAY0002899,INV0003142,SUP00007,DPT005,2024-07-30,583.47,Bank Transfer,Completed,Tuesday,0,0,0
PAY0002900,INV0003143,SUP00007,DPT006,2024-03-20,22965.44,Check,Completed,Wednesday,0,0,0
PAY0002901,INV0003144,SUP00268,DPT001,2024-09-21,3966.43,Check,Completed,Saturday,1,0,0
PAY0002902,INV0003145,SUP00003,DPT001,2024-04-03,4531.06,Bank Transfer,Completed,Wednesday,0,0,0
PAY0002903,INV0003148,SUP00074,DPT004,2024-06-03,1045.09,Bank Transfer,Completed,Monday,0,0,0
PAY0002904,INV0003149,SUP00006,DPT004,2024-05-31,7380.21,Bank Transfer,Completed,Friday,0,0,0
PAY0002905,INV0003150,SUP00206,DPT004,2024-04-13,2037.62,Bank Transfer,Completed,Saturday,1,0,0
PAY0002906,INV0003151,SUP00126,DPT001,2024-11-27,5608.92,Bank Transfer,Completed,Wednesday,0,0,0
PAY0002907,INV0003152,SUP00001,DPT009,2025-02-23,2227.31,Bank Transfer,Completed,Sunday,1,0,0
PAY0002908,INV0003153,SUP00008,DPT007,2024-04-27,1253.46,Check,Completed,Saturday,1,0,0
PAY0002909,INV0003154,SUP00026,DPT007,2024-04-11,901.55,Bank Transfer,Completed,Thursday,0,0,0
PAY0002910,INV0003155,SUP00044,DPT001,2024-04-08,6791.97,Bank Transfer,Completed,Monday,0,0,0
PAY0002911,INV0003156,SUP00219,DPT006,2024-07-07,20732.99,Bank Transfer,Completed,Sunday,1,0,0
PAY0002912,INV0003157,SUP00019,DPT004,2024-05-16,18524.61,Bank Transfer,Completed,Thursday,0,0,0
PAY0002913,INV0003158,SUP00277,DPT008,2024-07-10,6131.43,Bank Transfer,Completed,Wednesday,0,0,0
PAY0002914,INV0003159,SUP00007,DPT001,2024-06-04,30244.99,Bank Transfer,Completed,Tuesday,0,0,0
PAY0002915,INV0003160,SUP00237,DPT008,2024-09-15,3225.15,Bank Transfer,Completed,Sunday,1,0,0
PAY0002916,INV0003161,SUP00264,DPT012,2025-02-16,15053.88,Bank Transfer,Completed,Sunday,1,0,0
PAY0002917,INV0003163,SUP00301,DPT010,2024-04-01,2581.82,Bank Transfer,Completed,Monday,0,0,0
PAY0002918,INV0003165,SUP00143,DPT005,2024-11-28,9546.64,Bank Transfer,Completed,Thursday,0,0,0
PAY0002919,INV0003166,SUP00001,DPT002,2025-01-15,12258.65,Bank Transfer,Completed,Wednesday,0,0,0
PAY0002920,INV0003167,SUP00010,DPT005,2025-02-23,1063.96,Check,Completed,Sunday,1,0,0
PAY0002921,INV0003168,SUP00065,DPT007,2024-03-27,19578.93,Bank Transfer,Completed,Wednesday,0,0,0
PAY0002922,INV0003170,SUP00293,DPT012,2024-11-07,3766.57,Bank Transfer,Completed,Thursday,0,0,0
PAY0002923,INV0003171,SUP00072,DPT011,2025-04-03,11780.26,Bank Transfer,Completed,Thursday,0,0,0
PAY0002924,INV0003172,SUP00235,DPT002,2024-04-03,21554.27,Bank Transfer,Completed,Wednesday,0,0,0
PAY0002925,INV0003173,SUP00202,DPT011,2024-08-14,2622.44,Bank Transfer,Completed,Wednesday,0,0,0
PAY0002926,INV0003174,SUP00187,DPT010,2024-11-24,2579.87,Bank Transfer,Completed,Sunday,1,0,0
PAY0002927,INV0003175,SUP00004,DPT008,2024-07-06,4307.69,Bank Transfer,Completed,Saturday,1,0,0
PAY0002928,INV0003176,SUP00028,DPT002,2024-10-04,459.45,Bank Transfer,Completed,Friday,0,0,0
PAY0002929,INV0003177,SUP00028,DPT002,2024-10-05,8750.13,Bank Transfer,Completed,Saturday,1,0,0
PAY0002930,INV0003179,SUP00076,DPT001,2024-03-20,11798.2,Bank Transfer,Completed,Wednesday,0,0,0
PAY0002931,INV0003180,SUP00214,DPT003,2024-11-02,10271.96,Bank Transfer,Completed,Saturday,1,0,0
PAY0002932,INV0003181,SUP00295,DPT001,2024-12-30,20048.88,Bank Transfer,Completed,Monday,0,0,0
PAY0002933,INV0003182,SUP00058,DPT005,2024-11-07,5189.65,Check,Completed,Thursday,0,0,0
PAY0002934,INV0003183,SUP00198,DPT006,2024-02-19,987.38,Bank Transfer,Completed,Monday,0,0,0
PAY0002935,INV0003184,SUP00061,DPT001,2024-06-29,6877.03,Bank Transfer,Pending,Saturday,1,0,1
PAY0002936,INV0003185,SUP00100,DPT010,2024-07-24,25880.66,Bank Transfer,Completed,Wednesday,0,0,0
PAY0002937,INV0003186,SUP00027,DPT001,2025-01-28,9221.25,Bank Transfer,Completed,Tuesday,0,0,0
PAY0002938,INV0003187,SUP00297,DPT004,2024-11-21,3918.31,Bank Transfer,Completed,Thursday,0,0,0
PAY0002939,INV0003188,SUP00213,DPT004,2025-01-16,14884.78,Bank Transfer,Completed,Thursday,0,0,0
PAY0002940,INV0003189,SUP00174,DPT005,2024-10-25,9250.58,Bank Transfer,Completed,Friday,0,0,0
PAY0002941,INV0003190,SUP00013,DPT003,2024-04-04,4738.43,Bank Transfer,Completed,Thursday,0,0,0
PAY0002942,INV0003191,SUP00028,DPT007,2024-10-06,6837.35,Bank Transfer,Completed,Sunday,1,0,0
PAY0002943,INV0003192,SUP00240,DPT003,2024-01-27,4226.91,Bank Transfer,Completed,Saturday,1,0,0
PAY0002944,INV0003193,SUP00283,DPT002,2024-02-18,12083.42,Bank Transfer,Failed,Sunday,1,0,1
PAY0002945,INV0003194,SUP00319,DPT004,2024-06-17,2163.08,Bank Transfer,Completed,Monday,0,0,0
PAY0002946,INV0003196,SUP00162,DPT012,2025-03-28,16410.62,Bank Transfer,Completed,Friday,0,0,0
PAY0002947,INV0003197,SUP00004,DPT005,2024-11-19,8071.76,Bank Transfer,Completed,Tuesday,0,0,0
PAY0002948,INV0003198,SUP00174,DPT002,2024-06-09,8044.69,Bank Transfer,Completed,Sunday,1,0,0
PAY0002949,INV0003199,SUP00015,DPT009,2024-06-08,6616.41,Check,Completed,Saturday,1,0,0
PAY0002950,INV0003200,SUP00241,DPT008,2024-05-30,11156.36,Card,Completed,Thursday,0,0,0
PAY0002951,INV0003201,SUP00001,DPT004,2024-09-17,4024.78,Bank Transfer,Completed,Tuesday,0,0,0
PAY0002952,INV0003202,SUP00282,DPT012,2024-12-28,5173.43,Bank Transfer,Completed,Saturday,1,0,0
PAY0002953,INV0003203,SUP00028,DPT004,2024-03-28,25032.41,Bank Transfer,Completed,Thursday,0,0,0
PAY0002954,INV0003204,SUP00005,DPT002,2024-02-13,4486.97,Bank Transfer,Completed,Tuesday,0,0,0
PAY0002955,INV0003205,SUP00085,DPT009,2024-11-28,599.5,Bank Transfer,Completed,Thursday,0,0,0
PAY0002956,INV0003206,SUP00139,DPT011,2025-02-14,6058.09,Bank Transfer,Completed,Friday,0,0,0
PAY0002957,INV0003207,SUP00191,DPT002,2024-08-26,12261.89,Bank Transfer,Completed,Monday,0,0,0
PAY0002958,INV0003208,SUP00145,DPT001,2024-12-19,5670.08,Bank Transfer,Completed,Thursday,0,0,0
PAY0002959,INV0003209,SUP00057,DPT006,2025-01-15,17334.22,Bank Transfer,Completed,Wednesday,0,0,0
PAY0002960,INV0003210,SUP00003,DPT008,2024-08-27,27872.82,Bank Transfer,Completed,Tuesday,0,0,0
PAY0002961,INV0003211,SUP00240,DPT002,2024-10-07,5848.3,Bank Transfer,Completed,Monday,0,0,0
PAY0002962,INV0003212,SUP00311,DPT012,2024-06-15,1891.81,Bank Transfer,Completed,Saturday,1,0,0
PAY0002963,INV0003214,SUP00002,DPT009,2024-10-12,16477.88,Bank Transfer,Completed,Saturday,1,0,0
PAY0002964,INV0003215,SUP00176,DPT010,2024-12-02,10027.37,Bank Transfer,Completed,Monday,0,0,0
PAY0002965,INV0003216,SUP00009,DPT002,2024-06-29,3216.37,Bank Transfer,Completed,Saturday,1,0,0
PAY0002966,INV0003217,SUP00298,DPT004,2024-09-17,8997.3,Bank Transfer,Completed,Tuesday,0,0,0
PAY0002967,INV0003218,SUP00003,DPT001,2024-04-01,4190.85,Bank Transfer,Completed,Monday,0,0,0
PAY0002968,INV0003219,SUP00004,DPT006,2024-11-16,2612.71,Bank Transfer,Completed,Saturday,1,0,0
PAY0002969,INV0003220,SUP00006,DPT005,2024-10-16,8859.67,Bank Transfer,Completed,Wednesday,0,0,0
PAY0002970,INV0003221,SUP00175,DPT009,2024-07-02,2025.86,Bank Transfer,Completed,Tuesday,0,0,0
PAY0002971,INV0003222,SUP00115,DPT004,2024-03-26,14510.49,Bank Transfer,Completed,Tuesday,0,0,0
PAY0002972,INV0003223,SUP00160,DPT003,2025-02-08,8326.37,Bank Transfer,Completed,Saturday,1,0,0
PAY0002973,INV0003224,SUP00015,DPT002,2025-01-27,5405.46,Bank Transfer,Completed,Monday,0,0,0
PAY0002974,INV0003225,SUP00249,DPT001,2024-07-31,5687.35,Bank Transfer,Completed,Wednesday,0,0,0
PAY0002975,INV0003226,SUP00024,DPT005,2024-10-02,1748.26,Cash,Completed,Wednesday,0,1,0
PAY0002976,INV0003227,SUP00005,DPT011,2024-09-01,1827.58,Bank Transfer,Completed,Sunday,1,0,0
PAY0002977,INV0003228,SUP00183,DPT008,2024-04-18,44110.37,Bank Transfer,Completed,Thursday,0,0,0
PAY0002978,INV0003229,SUP00043,DPT004,2024-06-09,5091.33,Check,Completed,Sunday,1,0,0
PAY0002979,INV0003230,SUP00081,DPT012,2024-09-01,1162.56,Bank Transfer,Completed,Sunday,1,0,0
PAY0002980,INV0003231,SUP00018,DPT002,2024-10-09,17204.2,Bank Transfer,Completed,Wednesday,0,0,0
PAY0002981,INV0003232,SUP00150,DPT012,2024-05-24,1816.01,Bank Transfer,Completed,Friday,0,0,0
PAY0002982,INV0003233,SUP00002,DPT002,2024-10-04,11916.22,Card,Completed,Friday,0,0,0
PAY0002983,INV0003234,SUP00029,DPT002,2024-03-15,48641.4,Bank Transfer,Completed,Friday,0,0,0
PAY0002984,INV0003235,SUP00023,DPT010,2024-10-29,4796.48,Bank Transfer,Completed,Tuesday,0,0,0
PAY0002985,INV0003236,SUP00171,DPT004,2024-06-26,22460.56,Card,Completed,Wednesday,0,0,0
PAY0002986,INV0003237,SUP00009,DPT010,2025-01-04,9747.37,Bank Transfer,Completed,Saturday,1,0,0
PAY0002987,INV0003238,SUP00008,DPT008,2024-05-21,36534.39,Bank Transfer,Completed,Tuesday,0,0,0
PAY0002988,INV0003239,SUP00012,DPT002,2024-01-26,11687.27,Bank Transfer,Completed,Friday,0,0,0
PAY0002989,INV0003240,SUP00028,DPT001,2024-10-05,3273.58,Bank Transfer,Completed,Saturday,1,0,0
PAY0002990,INV0003241,SUP00007,DPT004,2024-07-23,541.61,Check,Completed,Tuesday,0,0,0
PAY0002991,INV0003242,SUP00134,DPT005,2024-05-16,2470.78,Bank Transfer,Completed,Thursday,0,0,0
PAY0002992,INV0003243,SUP00013,DPT004,2024-10-13,3402.3,Bank Transfer,Failed,Sunday,1,0,1
PAY0002993,INV0003244,SUP00022,DPT002,2024-02-28,18820.59,Bank Transfer,Completed,Wednesday,0,0,0
PAY0002994,INV0003245,SUP00059,DPT002,2024-05-14,24144.11,Bank Transfer,Completed,Tuesday,0,0,0
PAY0002995,INV0003246,SUP00018,DPT004,2024-12-10,1767.3,Bank Transfer,Completed,Tuesday,0,0,0
PAY0002996,INV0003247,SUP00144,DPT001,2024-05-23,24387.83,Bank Transfer,Completed,Thursday,0,0,0
PAY0002997,INV0003248,SUP00118,DPT004,2024-05-21,99844.83,Bank Transfer,Completed,Tuesday,0,0,0
PAY0002998,INV0003249,SUP00177,DPT001,2024-08-18,2288.43,Bank Transfer,Completed,Sunday,1,0,0
PAY0002999,INV0003250,SUP00039,DPT010,2024-05-07,1244.47,Bank Transfer,Completed,Tuesday,0,0,0
PAY0003000,INV0003251,SUP00017,DPT006,2025-03-08,8863.23,Bank Transfer,Completed,Saturday,1,0,0
PAY0003001,INV0003252,SUP00007,DPT002,2024-06-30,3019.51,Bank Transfer,Completed,Sunday,1,0,0
PAY0003002,INV0003253,SUP00023,DPT008,2024-05-02,27378.19,Bank Transfer,Completed,Thursday,0,0,0
PAY0003003,INV0003255,SUP00004,DPT005,2024-03-12,14071.03,Bank Transfer,Completed,Tuesday,0,0,0
PAY0003004,INV0003256,SUP00008,DPT002,2024-09-26,1474.65,Check,Completed,Thursday,0,0,0
PAY0003005,INV0003257,SUP00123,DPT004,2024-07-05,19832.03,Bank Transfer,Completed,Friday,0,0,0
PAY0003006,INV0003258,SUP00070,DPT010,2024-03-19,7089.99,Bank Transfer,Completed,Tuesday,0,0,0
PAY0003007,INV0003259,SUP00271,DPT002,2024-03-21,8604.53,Bank Transfer,Completed,Thursday,0,0,0
PAY0003008,INV0003260,SUP00001,DPT006,2024-08-10,4045.63,Bank Transfer,Completed,Saturday,1,0,0
PAY0003009,INV0003261,SUP00249,DPT002,2024-02-19,3733.35,Bank Transfer,Completed,Monday,0,0,0
PAY0003010,INV0003262,SUP00159,DPT004,2024-10-14,10645.52,Bank Transfer,Completed,Monday,0,0,0
PAY0003011,INV0003263,SUP00188,DPT005,2024-12-08,48865.41,Bank Transfer,Completed,Sunday,1,0,0
PAY0003012,INV0003264,SUP00018,DPT001,2024-02-28,48681.24,Bank Transfer,Completed,Wednesday,0,0,0
PAY0003013,INV0003265,SUP00011,DPT001,2024-07-11,4047.52,Card,Completed,Thursday,0,0,0
PAY0003014,INV0003266,SUP00001,DPT004,2024-03-23,2935.11,Bank Transfer,Completed,Saturday,1,0,0
PAY0003015,INV0003267,SUP00195,DPT004,2024-07-24,1045.19,Bank Transfer,Completed,Wednesday,0,0,0
PAY0003016,INV0003268,SUP00006,DPT011,2024-11-17,1045.82,Bank Transfer,Completed,Sunday,1,0,0
PAY0003017,INV0003269,SUP00008,DPT007,2024-05-30,2606.88,Bank Transfer,Completed,Thursday,0,0,0
PAY0003018,INV0003270,SUP00010,DPT010,2024-08-17,3760.93,Bank Transfer,Completed,Saturday,1,0,0
PAY0003019,INV0003272,SUP00010,DPT001,2024-03-13,18256.8,Bank Transfer,Completed,Wednesday,0,0,0
PAY0003020,INV0003273,SUP00022,DPT010,2024-12-23,2374.9,Bank Transfer,Failed,Monday,0,0,1
PAY0003021,INV0003274,SUP00171,DPT011,2024-10-22,14662.14,Bank Transfer,Failed,Tuesday,0,0,1
PAY0003022,INV0003275,SUP00257,DPT004,2025-04-26,2386.73,Card,Completed,Saturday,1,0,0
PAY0003023,INV0003276,SUP00197,DPT006,2024-03-08,5347.32,Check,Completed,Friday,0,0,0
PAY0003024,INV0003277,SUP00046,DPT003,2024-04-17,8754.5,Check,Completed,Wednesday,0,0,0
PAY0003025,INV0003278,SUP00001,DPT001,2024-06-27,67105.44,Bank Transfer,Pending,Thursday,0,0,1
PAY0003026,INV0003279,SUP00006,DPT002,2025-03-08,8113.39,Bank Transfer,Completed,Saturday,1,0,0
PAY0003027,INV0003280,SUP00009,DPT001,2025-03-03,1111.46,Bank Transfer,Completed,Monday,0,0,0
PAY0003028,INV0003281,SUP00021,DPT004,2024-09-06,14247.67,Bank Transfer,Completed,Friday,0,0,0
PAY0003029,INV0003282,SUP00016,DPT006,2024-04-25,22349.39,Card,Completed,Thursday,0,0,0
PAY0003030,INV0003283,SUP00034,DPT001,2025-02-15,16934.34,Bank Transfer,Completed,Saturday,1,0,0
PAY0003031,INV0003284,SUP00021,DPT002,2024-09-23,1881.57,Bank Transfer,Completed,Monday,0,0,0
PAY0003032,INV0003285,SUP00159,DPT001,2024-11-11,7020.07,Bank Transfer,Completed,Monday,0,0,0
PAY0003033,INV0003286,SUP00002,DPT012,2024-07-19,5960.2,Bank Transfer,Completed,Friday,0,0,0
PAY0003034,INV0003287,SUP00317,DPT009,2024-10-25,46751.9,Bank Transfer,Completed,Friday,0,0,0
PAY0003035,INV0003288,SUP00228,DPT001,2024-12-16,12270.15,Bank Transfer,Completed,Monday,0,0,0
PAY0003036,INV0003289,SUP00013,DPT009,2024-06-30,43279.87,Bank Transfer,Completed,Sunday,1,0,0
PAY0003037,INV0003290,SUP00020,DPT009,2024-09-25,2678.92,Cash,Completed,Wednesday,0,1,0
PAY0003038,INV0003291,SUP00299,DPT009,2024-11-24,4757.85,Bank Transfer,Completed,Sunday,1,0,0
PAY0003039,INV0003293,SUP00019,DPT004,2024-12-31,18511.67,Bank Transfer,Completed,Tuesday,0,0,0
PAY0003040,INV0003294,SUP00002,DPT002,2024-11-04,22563.96,Bank Transfer,Completed,Monday,0,0,0
PAY0003041,INV0003295,SUP00313,DPT010,2024-08-26,8952.62,Bank Transfer,Completed,Monday,0,0,0
PAY0003042,INV0003297,SUP00139,DPT003,2024-08-18,4870.89,Bank Transfer,Completed,Sunday,1,0,0
PAY0003043,INV0003298,SUP00010,DPT005,2024-12-31,1242.87,Bank Transfer,Completed,Tuesday,0,0,0
PAY0003044,INV0003299,SUP00214,DPT005,2024-06-09,3760.48,Bank Transfer,Completed,Sunday,1,0,0
PAY0003045,INV0003300,SUP00059,DPT004,2024-11-14,4130.12,Bank Transfer,Completed,Thursday,0,0,0
PAY0003046,INV0003301,SUP00027,DPT006,2024-11-29,5870.3,Bank Transfer,Completed,Friday,0,0,0
PAY0003047,INV0003302,SUP00168,DPT001,2024-10-21,2763.17,Bank Transfer,Completed,Monday,0,0,0
PAY0003048,INV0003303,SUP00017,DPT004,2024-06-22,2301.22,Bank Transfer,Completed,Saturday,1,0,0
PAY0003049,INV0003304,SUP00023,DPT003,2025-02-09,965.93,Bank Transfer,Failed,Sunday,1,0,1
PAY0003050,INV0003305,SUP00115,DPT001,2024-09-16,10052.63,Check,Completed,Monday,0,0,0
PAY0003051,INV0003306,SUP00108,DPT005,2024-06-30,1201.15,Bank Transfer,Pending,Sunday,1,0,1
PAY0003052,INV0003308,SUP00063,DPT004,2024-11-02,8848.88,Bank Transfer,Completed,Saturday,1,0,0
PAY0003053,INV0003309,SUP00012,DPT001,2024-09-17,16876.33,Bank Transfer,Completed,Tuesday,0,0,0
PAY0003054,INV0003310,SUP00010,DPT004,2024-12-15,2171.18,Bank Transfer,Completed,Sunday,1,0,0
PAY0003055,INV0003311,SUP00046,DPT003,2024-04-29,51260.1,Bank Transfer,Completed,Monday,0,0,0
PAY0003056,INV0003312,SUP00004,DPT001,2025-01-01,76343.88,Bank Transfer,Completed,Wednesday,0,0,0
PAY0003057,INV0003313,SUP00077,DPT009,2024-12-08,6266.8,Bank Transfer,Completed,Sunday,1,0,0
PAY0003058,INV0003314,SUP00019,DPT006,2024-04-30,9376.22,Cash,Failed,Tuesday,0,1,1
PAY0003059,INV0003316,SUP00007,DPT006,2024-08-10,19323.98,Bank Transfer,Completed,Saturday,1,0,0
PAY0003060,INV0003317,SUP00029,DPT003,2024-05-31,14834.88,Bank Transfer,Completed,Friday,0,0,0
PAY0003061,INV0003318,SUP00002,DPT001,2024-06-23,776.3,Bank Transfer,Completed,Sunday,1,0,0
PAY0003062,INV0003319,SUP00089,DPT003,2024-10-01,2290.56,Bank Transfer,Completed,Tuesday,0,0,0
PAY0003063,INV0003320,SUP00010,DPT009,2024-10-11,9426.85,Bank Transfer,Completed,Friday,0,0,0
PAY0003064,INV0003321,SUP00264,DPT006,2024-11-16,14622.91,Bank Transfer,Completed,Saturday,1,0,0
PAY0003065,INV0003322,SUP00041,DPT009,2024-10-22,7262.38,Bank Transfer,Completed,Tuesday,0,0,0
PAY0003066,INV0003323,SUP00191,DPT011,2024-04-04,854.67,Bank Transfer,Completed,Thursday,0,0,0
PAY0003067,INV0003324,SUP00233,DPT002,2024-09-18,10906.41,Cash,Pending,Wednesday,0,1,1
PAY0003068,INV0003326,SUP00244,DPT007,2025-02-16,444.2,Bank Transfer,Completed,Sunday,1,0,0
PAY0003069,INV0003327,SUP00008,DPT005,2024-12-02,9912.54,Bank Transfer,Completed,Monday,0,0,0
PAY0003070,INV0003328,SUP00010,DPT004,2024-04-01,48134.62,Check,Pending,Monday,0,0,1
PAY0003071,INV0003331,SUP00090,DPT001,2025-01-11,17112.71,Bank Transfer,Completed,Saturday,1,0,0
PAY0003072,INV0003332,SUP00130,DPT003,2024-08-10,5504.28,Bank Transfer,Completed,Saturday,1,0,0
PAY0003073,INV0003333,SUP00004,DPT002,2024-10-12,11141.78,Bank Transfer,Failed,Saturday,1,0,1
PAY0003074,INV0003334,SUP00006,DPT001,2024-03-08,6486.06,Bank Transfer,Completed,Friday,0,0,0
PAY0003075,INV0003335,SUP00107,DPT001,2024-07-27,6849.4,Bank Transfer,Completed,Saturday,1,0,0
PAY0003076,INV0003338,SUP00140,DPT012,2024-12-21,38655.01,Bank Transfer,Completed,Saturday,1,0,0
PAY0003077,INV0003339,SUP00007,DPT005,2024-11-18,2945.11,Bank Transfer,Completed,Monday,0,0,0
PAY0003078,INV0003340,SUP00003,DPT002,2025-01-23,633.92,Bank Transfer,Completed,Thursday,0,0,0
PAY0003079,INV0003341,SUP00019,DPT002,2024-03-08,332238.08,Bank Transfer,Completed,Friday,0,0,0
PAY0003080,INV0003342,SUP00017,DPT002,2025-02-02,3602.68,Bank Transfer,Completed,Sunday,1,0,0
PAY0003081,INV0003343,SUP00183,DPT003,2024-05-26,4377.68,Bank Transfer,Completed,Sunday,1,0,0
PAY0003082,INV0003344,SUP00127,DPT002,2024-06-01,3775.59,Bank Transfer,Completed,Saturday,1,0,0
PAY0003083,INV0003345,SUP00245,DPT009,2024-06-10,6116.14,Check,Completed,Monday,0,0,0
PAY0003084,INV0003346,SUP00030,DPT003,2024-05-12,2445.66,Bank Transfer,Completed,Sunday,1,0,0
PAY0003085,INV0003348,SUP00030,DPT004,2024-06-08,4727.45,Bank Transfer,Completed,Saturday,1,0,0
PAY0003086,INV0003349,SUP00008,DPT006,2024-02-25,1796.51,Bank Transfer,Completed,Sunday,1,0,0
PAY0003087,INV0003350,SUP00002,DPT012,2024-06-15,220.81,Bank Transfer,Completed,Saturday,1,0,0
PAY0003088,INV0003351,SUP00030,DPT004,2024-03-26,21474.99,Bank Transfer,Completed,Tuesday,0,0,0
PAY0003089,INV0003352,SUP00021,DPT003,2025-02-05,3654.65,Bank Transfer,Completed,Wednesday,0,0,0
PAY0003090,INV0003353,SUP00002,DPT012,2024-12-02,9631.99,Bank Transfer,Completed,Monday,0,0,0
PAY0003091,INV0003354,SUP00156,DPT012,2024-11-20,2029.32,Bank Transfer,Completed,Wednesday,0,0,0
PAY0003092,INV0003355,SUP00111,DPT009,2025-01-11,6778.82,Bank Transfer,Completed,Saturday,1,0,0
PAY0003093,INV0003356,SUP00003,DPT009,2024-05-13,5847.16,Bank Transfer,Completed,Monday,0,0,0
PAY0003094,INV0003357,SUP00149,DPT004,2025-01-17,17226.91,Bank Transfer,Pending,Friday,0,0,1
PAY0003095,INV0003358,SUP00003,DPT005,2024-12-27,7300.06,Bank Transfer,Completed,Friday,0,0,0
PAY0003096,INV0003359,SUP00036,DPT003,2024-08-22,1679.41,Bank Transfer,Completed,Thursday,0,0,0
PAY0003097,INV0003360,SUP00098,DPT006,2024-08-30,94698.07,Bank Transfer,Pending,Friday,0,0,1
PAY0003098,INV0003361,SUP00030,DPT009,2025-01-15,10047.56,Bank Transfer,Completed,Wednesday,0,0,0
PAY0003099,INV0003362,SUP00171,DPT003,2024-06-20,15067.65,Bank Transfer,Completed,Thursday,0,0,0
PAY0003100,INV0003363,SUP00018,DPT005,2024-06-12,7470.17,Bank Transfer,Completed,Wednesday,0,0,0
PAY0003101,INV0003364,SUP00007,DPT009,2024-12-24,9746.17,Check,Completed,Tuesday,0,0,0
PAY0003102,INV0003365,SUP00028,DPT002,2024-06-15,10333.54,Check,Completed,Saturday,1,0,0
PAY0003103,INV0003366,SUP00014,DPT006,2024-09-28,9211.84,Cash,Completed,Saturday,1,1,0
PAY0003104,INV0003367,SUP00005,DPT009,2024-02-24,8092.75,Bank Transfer,Completed,Saturday,1,0,0
PAY0003105,INV0003369,SUP00007,DPT002,2025-01-18,13959.67,Bank Transfer,Failed,Saturday,1,0,1
PAY0003106,INV0003371,SUP00080,DPT001,2024-06-08,774.97,Check,Completed,Saturday,1,0,0
PAY0003107,INV0003372,SUP00192,DPT004,2024-10-27,819.99,Card,Completed,Sunday,1,0,0
PAY0003108,INV0003373,SUP00234,DPT007,2025-01-14,2361.89,Bank Transfer,Completed,Tuesday,0,0,0
PAY0003109,INV0003374,SUP00125,DPT003,2024-06-15,14804.88,Bank Transfer,Completed,Saturday,1,0,0
PAY0003110,INV0003375,SUP00258,DPT006,2024-06-24,2537.38,Bank Transfer,Completed,Monday,0,0,0
PAY0003111,INV0003377,SUP00150,DPT009,2024-07-26,7834.64,Bank Transfer,Completed,Friday,0,0,0
PAY0003112,INV0003378,SUP00185,DPT003,2024-02-09,2164.39,Bank Transfer,Completed,Friday,0,0,0
PAY0003113,INV0003379,SUP00217,DPT007,2024-03-31,380.56,Bank Transfer,Completed,Sunday,1,0,0
PAY0003114,INV0003380,SUP00174,DPT001,2024-05-19,1249.81,Bank Transfer,Completed,Sunday,1,0,0
PAY0003115,INV0003381,SUP00263,DPT009,2024-11-23,2999.84,Bank Transfer,Completed,Saturday,1,0,0
PAY0003116,INV0003382,SUP00027,DPT005,2024-03-18,4586.81,Bank Transfer,Completed,Monday,0,0,0
PAY0003117,INV0003383,SUP00293,DPT012,2025-01-03,16844.65,Bank Transfer,Completed,Friday,0,0,0
PAY0003118,INV0003384,SUP00020,DPT004,2025-01-02,9831.17,Bank Transfer,Completed,Thursday,0,0,0
PAY0003119,INV0003385,SUP00003,DPT010,2024-03-09,588.95,Bank Transfer,Completed,Saturday,1,0,0
PAY0003120,INV0003387,SUP00060,DPT001,2024-06-30,4716.72,Bank Transfer,Completed,Sunday,1,0,0
PAY0003121,INV0003388,SUP00001,DPT007,2024-03-22,6460.06,Bank Transfer,Pending,Friday,0,0,1
PAY0003122,INV0003389,SUP00006,DPT002,2024-09-29,6747.23,Bank Transfer,Completed,Sunday,1,0,0
PAY0003123,INV0003390,SUP00017,DPT009,2025-01-01,2284.43,Bank Transfer,Completed,Wednesday,0,0,0
PAY0003124,INV0003391,SUP00099,DPT003,2024-09-19,11422.65,Bank Transfer,Completed,Thursday,0,0,0
PAY0003125,INV0003392,SUP00006,DPT008,2024-12-27,644.01,Card,Completed,Friday,0,0,0
PAY0003126,INV0003393,SUP00070,DPT004,2024-11-29,28208.67,Bank Transfer,Completed,Friday,0,0,0
PAY0003127,INV0003394,SUP00122,DPT005,2024-11-17,10073.62,Bank Transfer,Completed,Sunday,1,0,0
PAY0003128,INV0003395,SUP00181,DPT008,2024-12-12,9084.06,Bank Transfer,Completed,Thursday,0,0,0
PAY0003129,INV0003396,SUP00120,DPT007,2024-12-17,11144.17,Bank Transfer,Pending,Tuesday,0,0,1
PAY0003130,INV0003397,SUP00009,DPT007,2024-12-14,3666.11,Bank Transfer,Pending,Saturday,1,0,1
PAY0003131,INV0003398,SUP00319,DPT006,2024-05-28,25991.16,Check,Completed,Tuesday,0,0,0
PAY0003132,INV0003399,SUP00255,DPT005,2025-03-01,2560.23,Bank Transfer,Completed,Saturday,1,0,0
PAY0003133,INV0003401,SUP00001,DPT003,2024-10-11,7260.33,Bank Transfer,Completed,Friday,0,0,0
PAY0003134,INV0003402,SUP00042,DPT002,2024-03-16,1220.67,Bank Transfer,Completed,Saturday,1,0,0
PAY0003135,INV0003403,SUP00241,DPT008,2024-07-12,3176.77,Bank Transfer,Completed,Friday,0,0,0
PAY0003136,INV0003404,SUP00215,DPT005,2024-08-07,8157.96,Bank Transfer,Pending,Wednesday,0,0,1
PAY0003137,INV0003405,SUP00260,DPT011,2024-02-21,13791.29,Bank Transfer,Completed,Wednesday,0,0,0
PAY0003138,INV0003406,SUP00303,DPT012,2024-09-01,5782.1,Bank Transfer,Completed,Sunday,1,0,0
PAY0003139,INV0003407,SUP00151,DPT010,2025-01-25,2106.52,Bank Transfer,Completed,Saturday,1,0,0
PAY0003140,INV0003408,SUP00006,DPT005,2024-06-23,4041.32,Bank Transfer,Completed,Sunday,1,0,0
PAY0003141,INV0003409,SUP00002,DPT008,2025-03-15,2841.63,Bank Transfer,Completed,Saturday,1,0,0
PAY0003142,INV0003410,SUP00005,DPT003,2024-06-15,5266.89,Bank Transfer,Completed,Saturday,1,0,0
PAY0003143,INV0003411,SUP00007,DPT001,2024-06-16,2946.43,Bank Transfer,Completed,Sunday,1,0,0
PAY0003144,INV0003412,SUP00003,DPT009,2025-01-05,1979.62,Check,Completed,Sunday,1,0,0
PAY0003145,INV0003413,SUP00025,DPT009,2024-09-06,1693.07,Bank Transfer,Completed,Friday,0,0,0
PAY0003146,INV0003414,SUP00193,DPT001,2024-11-01,715.58,Card,Completed,Friday,0,0,0
PAY0003147,INV0003415,SUP00001,DPT010,2024-05-31,20996.81,Bank Transfer,Pending,Friday,0,0,1
PAY0003148,INV0003416,SUP00205,DPT010,2024-10-25,13570.56,Bank Transfer,Completed,Friday,0,0,0
PAY0003149,INV0003417,SUP00276,DPT003,2024-11-09,1454.12,Bank Transfer,Completed,Saturday,1,0,0
PAY0003150,INV0003418,SUP00005,DPT001,2024-04-09,12298.1,Cash,Completed,Tuesday,0,1,0
PAY0003151,INV0003419,SUP00001,DPT010,2024-03-25,6396.73,Bank Transfer,Completed,Monday,0,0,0
PAY0003152,INV0003420,SUP00028,DPT001,2024-12-27,1371.76,Bank Transfer,Completed,Friday,0,0,0
PAY0003153,INV0003421,SUP00243,DPT002,2025-01-15,1811.64,Bank Transfer,Completed,Wednesday,0,0,0
PAY0003154,INV0003422,SUP00165,DPT005,2024-03-23,4987.58,Bank Transfer,Pending,Saturday,1,0,1
PAY0003155,INV0003423,SUP00002,DPT009,2024-10-21,13843.23,Bank Transfer,Completed,Monday,0,0,0
PAY0003156,INV0003424,SUP00128,DPT009,2024-04-11,11975.05,Bank Transfer,Completed,Thursday,0,0,0
PAY0003157,INV0003425,SUP00213,DPT007,2024-05-13,3240.14,Bank Transfer,Completed,Monday,0,0,0
PAY0003158,INV0003426,SUP00009,DPT009,2024-04-11,10474.71,Bank Transfer,Completed,Thursday,0,0,0
PAY0003159,INV0003427,SUP00116,DPT007,2025-02-04,5026.09,Bank Transfer,Failed,Tuesday,0,0,1
PAY0003160,INV0003429,SUP00007,DPT002,2024-08-22,17876.55,Bank Transfer,Completed,Thursday,0,0,0
PAY0003161,INV0003430,SUP00262,DPT004,2024-05-24,7076.81,Bank Transfer,Completed,Friday,0,0,0
PAY0003162,INV0003431,SUP00008,DPT004,2024-08-20,10848.0,Bank Transfer,Completed,Tuesday,0,0,0
PAY0003163,INV0003432,SUP00226,DPT001,2024-09-03,1716.1,Bank Transfer,Completed,Tuesday,0,0,0
PAY0003164,INV0003433,SUP00144,DPT004,2024-03-07,3358.29,Bank Transfer,Completed,Thursday,0,0,0
PAY0003165,INV0003434,SUP00008,DPT002,2024-12-23,15505.2,Check,Completed,Monday,0,0,0
PAY0003166,INV0003435,SUP00150,DPT001,2024-06-26,4306.12,Bank Transfer,Completed,Wednesday,0,0,0
PAY0003167,INV0003436,SUP00001,DPT005,2024-09-08,4615.57,Bank Transfer,Completed,Sunday,1,0,0
PAY0003168,INV0003437,SUP00008,DPT002,2024-04-21,1739.48,Bank Transfer,Completed,Sunday,1,0,0
PAY0003169,INV0003438,SUP00010,DPT002,2024-02-25,7665.17,Bank Transfer,Completed,Sunday,1,0,0
PAY0003170,INV0003439,SUP00255,DPT009,2024-07-29,1736.84,Bank Transfer,Completed,Monday,0,0,0
PAY0003171,INV0003440,SUP00271,DPT009,2024-04-06,8716.02,Bank Transfer,Completed,Saturday,1,0,0
PAY0003172,INV0003441,SUP00009,DPT007,2024-10-27,1933.22,Bank Transfer,Completed,Sunday,1,0,0
PAY0003173,INV0003442,SUP00027,DPT002,2024-11-22,4715.51,Bank Transfer,Completed,Friday,0,0,0
PAY0003174,INV0003443,SUP00310,DPT006,2024-06-09,36437.39,Bank Transfer,Completed,Sunday,1,0,0
PAY0003175,INV0003444,SUP00123,DPT007,2024-05-22,9177.25,Bank Transfer,Completed,Wednesday,0,0,0
PAY0003176,INV0003445,SUP00003,DPT002,2025-01-22,10036.56,Bank Transfer,Pending,Wednesday,0,0,1
PAY0003177,INV0003447,SUP00022,DPT004,2024-06-06,2639.6,Bank Transfer,Completed,Thursday,0,0,0
PAY0003178,INV0003448,SUP00011,DPT004,2024-11-16,1943.12,Check,Completed,Saturday,1,0,0
PAY0003179,INV0003449,SUP00037,DPT002,2024-08-25,3965.63,Bank Transfer,Completed,Sunday,1,0,0
PAY0003180,INV0003450,SUP00165,DPT002,2024-10-10,21111.27,Bank Transfer,Completed,Thursday,0,0,0
PAY0003181,INV0003451,SUP00138,DPT004,2025-01-09,20192.43,Bank Transfer,Completed,Thursday,0,0,0
PAY0003182,INV0003452,SUP00015,DPT005,2024-09-02,3288.09,Bank Transfer,Completed,Monday,0,0,0
PAY0003183,INV0003453,SUP00165,DPT005,2025-01-02,4348.39,Bank Transfer,Completed,Thursday,0,0,0
PAY0003184,INV0003454,SUP00046,DPT012,2024-11-07,9568.23,Check,Completed,Thursday,0,0,0
PAY0003185,INV0003455,SUP00185,DPT001,2024-11-18,97614.69,Bank Transfer,Completed,Monday,0,0,0
PAY0003186,INV0003456,SUP00004,DPT009,2024-09-24,4606.4,Bank Transfer,Pending,Tuesday,0,0,1
PAY0003187,INV0003457,SUP00020,DPT003,2024-02-23,29277.02,Bank Transfer,Completed,Friday,0,0,0
PAY0003188,INV0003458,SUP00019,DPT008,2024-05-01,49834.33,Bank Transfer,Completed,Wednesday,0,0,0
PAY0003189,INV0003459,SUP00015,DPT008,2024-08-01,16212.11,Bank Transfer,Completed,Thursday,0,0,0
PAY0003190,INV0003460,SUP00142,DPT006,2024-12-07,18889.67,Bank Transfer,Completed,Saturday,1,0,0
PAY0003191,INV0003462,SUP00018,DPT007,2024-12-10,5875.97,Bank Transfer,Completed,Tuesday,0,0,0
PAY0003192,INV0003463,SUP00047,DPT008,2024-09-19,4715.73,Bank Transfer,Completed,Thursday,0,0,0
PAY0003193,INV0003464,SUP00146,DPT002,2024-04-16,9167.51,Bank Transfer,Completed,Tuesday,0,0,0
PAY0003194,INV0003465,SUP00129,DPT003,2024-09-27,23246.52,Bank Transfer,Completed,Friday,0,0,0
PAY0003195,INV0003466,SUP00179,DPT009,2024-12-20,27701.01,Bank Transfer,Completed,Friday,0,0,0
PAY0003196,INV0003467,SUP00233,DPT005,2025-02-13,24314.64,Bank Transfer,Completed,Thursday,0,0,0
PAY0003197,INV0003468,SUP00167,DPT002,2024-11-12,3416.73,Bank Transfer,Completed,Tuesday,0,0,0
PAY0003198,INV0003469,SUP00006,DPT012,2024-10-05,3137.26,Bank Transfer,Completed,Saturday,1,0,0
PAY0003199,INV0003470,SUP00230,DPT012,2024-03-17,2338.2,Check,Completed,Sunday,1,0,0
PAY0003200,INV0003471,SUP00013,DPT005,2024-12-06,7110.73,Check,Completed,Friday,0,0,0
PAY0003201,INV0003472,SUP00123,DPT005,2024-06-30,17901.94,Bank Transfer,Completed,Sunday,1,0,0
PAY0003202,INV0003473,SUP00315,DPT003,2025-02-04,3074.92,Bank Transfer,Completed,Tuesday,0,0,0
PAY0003203,INV0003474,SUP00010,DPT005,2024-03-09,4777.07,Bank Transfer,Completed,Saturday,1,0,0
PAY0003204,INV0003475,SUP00009,DPT012,2024-10-25,12512.76,Bank Transfer,Completed,Friday,0,0,0
PAY0003205,INV0003476,SUP00006,DPT002,2024-06-25,4097.05,Bank Transfer,Completed,Tuesday,0,0,0
PAY0003206,INV0003477,SUP00311,DPT003,2024-05-06,4845.94,Bank Transfer,Completed,Monday,0,0,0
PAY0003207,INV0003478,SUP00022,DPT010,2024-11-29,21864.0,Bank Transfer,Completed,Friday,0,0,0
PAY0003208,INV0003479,SUP00193,DPT003,2025-01-06,6055.89,Bank Transfer,Completed,Monday,0,0,0
PAY0003209,INV0003480,SUP00002,DPT012,2025-02-22,2601.2,Bank Transfer,Completed,Saturday,1,0,0
PAY0003210,INV0003481,SUP00006,DPT003,2025-02-01,6672.03,Bank Transfer,Completed,Saturday,1,0,0
PAY0003211,INV0003482,SUP00003,DPT001,2024-09-28,9942.65,Bank Transfer,Completed,Saturday,1,0,0
PAY0003212,INV0003483,SUP00212,DPT011,2024-10-08,104998.46,Bank Transfer,Completed,Tuesday,0,0,0
PAY0003213,INV0003484,SUP00004,DPT002,2024-02-20,4901.14,Bank Transfer,Completed,Tuesday,0,0,0
PAY0003214,INV0003485,SUP00275,DPT007,2024-06-28,235824.42,Bank Transfer,Completed,Friday,0,0,0
PAY0003215,INV0003486,SUP00122,DPT001,2024-05-12,1769.69,Card,Completed,Sunday,1,0,0
PAY0003216,INV0003487,SUP00267,DPT008,2024-05-03,30102.75,Bank Transfer,Completed,Friday,0,0,0
PAY0003217,INV0003488,SUP00021,DPT002,2024-07-29,37123.59,Bank Transfer,Completed,Monday,0,0,0
PAY0003218,INV0003489,SUP00041,DPT009,2024-10-12,6157.84,Bank Transfer,Completed,Saturday,1,0,0
PAY0003219,INV0003490,SUP00001,DPT012,2024-09-25,3777.88,Bank Transfer,Completed,Wednesday,0,0,0
PAY0003220,INV0003491,SUP00026,DPT001,2024-11-09,100678.43,Bank Transfer,Completed,Saturday,1,0,0
PAY0003221,INV0003492,SUP00079,DPT003,2024-09-09,4136.8,Bank Transfer,Completed,Monday,0,0,0
PAY0003222,INV0003493,SUP00004,DPT007,2025-02-04,1635.65,Bank Transfer,Failed,Tuesday,0,0,1
PAY0003223,INV0003495,SUP00001,DPT003,2024-05-01,1067.19,Bank Transfer,Completed,Wednesday,0,0,0
PAY0003224,INV0003496,SUP00009,DPT012,2025-01-25,7750.63,Bank Transfer,Completed,Saturday,1,0,0
PAY0003225,INV0003497,SUP00094,DPT010,2024-06-12,13141.91,Check,Completed,Wednesday,0,0,0
PAY0003226,INV0003498,SUP00029,DPT007,2024-12-01,15015.76,Bank Transfer,Completed,Sunday,1,0,0
PAY0003227,INV0003499,SUP00008,DPT003,2024-10-15,10636.11,Bank Transfer,Completed,Tuesday,0,0,0
PAY0003228,INV0003500,SUP00313,DPT005,2025-04-07,10007.18,Bank Transfer,Completed,Monday,0,0,0
PAY0003229,INV0003501,SUP00007,DPT008,2025-05-02,8963.69,Bank Transfer,Completed,Friday,0,0,0
PAY0003230,INV0003502,SUP00066,DPT007,2024-03-27,12798.02,Bank Transfer,Completed,Wednesday,0,0,0
PAY0003231,INV0003503,SUP00004,DPT003,2024-07-06,7603.26,Check,Completed,Saturday,1,0,0
PAY0003232,INV0003504,SUP00002,DPT005,2024-09-13,28148.08,Bank Transfer,Completed,Friday,0,0,0
PAY0003233,INV0003505,SUP00028,DPT009,2024-05-27,12689.92,Bank Transfer,Completed,Monday,0,0,0
PAY0003234,INV0003506,SUP00205,DPT004,2024-03-24,1449.61,Bank Transfer,Completed,Sunday,1,0,0
PAY0003235,INV0003508,SUP00010,DPT003,2024-01-12,2040.37,Bank Transfer,Completed,Friday,0,0,0
PAY0003236,INV0003509,SUP00001,DPT002,2024-06-14,5877.37,Bank Transfer,Completed,Friday,0,0,0
PAY0003237,INV0003510,SUP00285,DPT001,2025-02-10,113763.4,Bank Transfer,Completed,Monday,0,0,0
PAY0003238,INV0003511,SUP00007,DPT004,2024-08-03,10596.72,Card,Completed,Saturday,1,0,0
PAY0003239,INV0003512,SUP00069,DPT006,2024-05-06,2313.6,Bank Transfer,Completed,Monday,0,0,0
PAY0003240,INV0003513,SUP00001,DPT008,2025-02-10,8847.54,Bank Transfer,Completed,Monday,0,0,0
PAY0003241,INV0003514,SUP00004,DPT001,2024-10-03,10987.37,Bank Transfer,Failed,Thursday,0,0,1
PAY0003242,INV0003515,SUP00006,DPT003,2024-12-20,7469.25,Bank Transfer,Completed,Friday,0,0,0
PAY0003243,INV0003516,SUP00004,DPT009,2024-07-20,3373.2,Bank Transfer,Completed,Saturday,1,0,0
PAY0003244,INV0003517,SUP00044,DPT001,2024-06-05,1388.09,Check,Completed,Wednesday,0,0,0
PAY0003245,INV0003519,SUP00203,DPT006,2025-01-08,2419.7,Bank Transfer,Completed,Wednesday,0,0,0
PAY0003246,INV0003520,SUP00004,DPT011,2024-09-17,26272.85,Bank Transfer,Completed,Tuesday,0,0,0
PAY0003247,INV0003521,SUP00023,DPT008,2024-12-03,1476.87,Bank Transfer,Completed,Tuesday,0,0,0
PAY0003248,INV0003522,SUP00023,DPT012,2025-01-05,7200.75,Bank Transfer,Completed,Sunday,1,0,0
PAY0003249,INV0003523,SUP00008,DPT007,2025-01-29,29699.85,Bank Transfer,Pending,Wednesday,0,0,1
PAY0003250,INV0003524,SUP00004,DPT002,2025-04-18,12955.8,Bank Transfer,Completed,Friday,0,0,0
PAY0003251,INV0003525,SUP00001,DPT009,2024-08-26,32056.47,Bank Transfer,Completed,Monday,0,0,0
PAY0003252,INV0003526,SUP00001,DPT002,2025-01-31,3219.49,Cash,Completed,Friday,0,1,0
PAY0003253,INV0003527,SUP00020,DPT005,2024-10-18,12287.56,Bank Transfer,Completed,Friday,0,0,0
PAY0003254,INV0003528,SUP00002,DPT003,2025-04-15,22388.2,Check,Completed,Tuesday,0,0,0
PAY0003255,INV0003529,SUP00019,DPT009,2024-06-25,17507.41,Bank Transfer,Completed,Tuesday,0,0,0
PAY0003256,INV0003530,SUP00024,DPT008,2024-03-06,16928.93,Bank Transfer,Completed,Wednesday,0,0,0
PAY0003257,INV0003531,SUP00024,DPT010,2024-08-26,1500.29,Bank Transfer,Completed,Monday,0,0,0
PAY0003258,INV0003532,SUP00007,DPT002,2024-06-02,13043.73,Bank Transfer,Completed,Sunday,1,0,0
PAY0003259,INV0003533,SUP00030,DPT012,2024-11-30,10610.59,Bank Transfer,Completed,Saturday,1,0,0
PAY0003260,INV0003534,SUP00019,DPT009,2024-09-16,5139.08,Card,Completed,Monday,0,0,0
PAY0003261,INV0003535,SUP00314,DPT003,2024-06-29,3034.85,Bank Transfer,Completed,Saturday,1,0,0
PAY0003262,INV0003536,SUP00002,DPT001,2025-03-23,10132.93,Bank Transfer,Completed,Sunday,1,0,0
PAY0003263,INV0003538,SUP00217,DPT001,2024-11-03,4977.48,Card,Completed,Sunday,1,0,0
PAY0003264,INV0003539,SUP00009,DPT006,2024-08-18,17972.31,Bank Transfer,Completed,Sunday,1,0,0
PAY0003265,INV0003540,SUP00007,DPT001,2024-07-13,20352.58,Bank Transfer,Completed,Saturday,1,0,0
PAY0003266,INV0003541,SUP00246,DPT004,2024-02-26,10488.28,Bank Transfer,Completed,Monday,0,0,0
PAY0003267,INV0003542,SUP00045,DPT007,2024-03-02,3554.59,Bank Transfer,Completed,Saturday,1,0,0
PAY0003268,INV0003543,SUP00094,DPT004,2025-06-15,1637.86,Check,Completed,Sunday,1,0,0
PAY0003269,INV0003544,SUP00001,DPT010,2024-11-07,2423.26,Bank Transfer,Completed,Thursday,0,0,0
PAY0003270,INV0003545,SUP00009,DPT002,2024-12-07,26065.93,Bank Transfer,Completed,Saturday,1,0,0
PAY0003271,INV0003547,SUP00179,DPT011,2024-09-17,4963.07,Bank Transfer,Completed,Tuesday,0,0,0
PAY0003272,INV0003548,SUP00018,DPT003,2024-11-30,7429.44,Bank Transfer,Completed,Saturday,1,0,0
PAY0003273,INV0003549,SUP00071,DPT004,2024-11-08,13109.93,Bank Transfer,Completed,Friday,0,0,0
PAY0003274,INV0003551,SUP00311,DPT004,2025-01-21,3443.49,Bank Transfer,Completed,Tuesday,0,0,0
PAY0003275,INV0003552,SUP00005,DPT010,2024-03-27,12607.79,Bank Transfer,Completed,Wednesday,0,0,0
PAY0003276,INV0003553,SUP00058,DPT011,2024-08-13,7983.09,Bank Transfer,Completed,Tuesday,0,0,0
PAY0003277,INV0003554,SUP00143,DPT002,2024-03-21,21258.36,Bank Transfer,Completed,Thursday,0,0,0
PAY0003278,INV0003555,SUP00192,DPT009,2024-11-27,13967.34,Bank Transfer,Pending,Wednesday,0,0,1
PAY0003279,INV0003556,SUP00273,DPT006,2024-07-02,101603.31,Check,Completed,Tuesday,0,0,0
PAY0003280,INV0003557,SUP00160,DPT012,2024-02-28,129.94,Bank Transfer,Completed,Wednesday,0,0,0
PAY0003281,INV0003559,SUP00002,DPT009,2025-04-05,1830.98,Bank Transfer,Completed,Saturday,1,0,0
PAY0003282,INV0003560,SUP00052,DPT003,2024-06-05,10943.53,Bank Transfer,Completed,Wednesday,0,0,0
PAY0003283,INV0003561,SUP00084,DPT006,2024-04-12,36946.54,Check,Completed,Friday,0,0,0
PAY0003284,INV0003562,SUP00141,DPT009,2024-05-07,1844.82,Bank Transfer,Completed,Tuesday,0,0,0
PAY0003285,INV0003563,SUP00075,DPT012,2024-12-23,12485.24,Bank Transfer,Completed,Monday,0,0,0
PAY0003286,INV0003564,SUP00021,DPT002,2025-02-16,15779.75,Bank Transfer,Completed,Sunday,1,0,0
PAY0003287,INV0003566,SUP00301,DPT012,2024-07-16,8680.93,Bank Transfer,Completed,Tuesday,0,0,0
PAY0003288,INV0003567,SUP00013,DPT006,2024-09-29,545.26,Bank Transfer,Completed,Sunday,1,0,0
PAY0003289,INV0003569,SUP00089,DPT005,2024-08-13,6011.58,Bank Transfer,Completed,Tuesday,0,0,0
PAY0003290,INV0003570,SUP00024,DPT011,2024-04-05,20008.46,Bank Transfer,Completed,Friday,0,0,0
PAY0003291,INV0003571,SUP00021,DPT012,2024-07-25,18284.23,Bank Transfer,Completed,Thursday,0,0,0
PAY0003292,INV0003572,SUP00047,DPT003,2024-10-19,3369.84,Bank Transfer,Completed,Saturday,1,0,0
PAY0003293,INV0003574,SUP00005,DPT004,2024-12-14,940.87,Bank Transfer,Completed,Saturday,1,0,0
PAY0003294,INV0003575,SUP00268,DPT004,2024-06-21,29854.77,Card,Completed,Friday,0,0,0
PAY0003295,INV0003576,SUP00187,DPT008,2024-05-24,5528.82,Bank Transfer,Completed,Friday,0,0,0
PAY0003296,INV0003578,SUP00001,DPT004,2024-04-27,1286.81,Bank Transfer,Completed,Saturday,1,0,0
PAY0003297,INV0003579,SUP00004,DPT002,2025-03-28,7739.07,Bank Transfer,Completed,Friday,0,0,0
PAY0003298,INV0003580,SUP00005,DPT002,2024-02-17,7013.41,Bank Transfer,Completed,Saturday,1,0,0
PAY0003299,INV0003581,SUP00004,DPT003,2024-08-16,19955.04,Bank Transfer,Completed,Friday,0,0,0
PAY0003300,INV0003583,SUP00297,DPT004,2024-03-11,9079.91,Bank Transfer,Completed,Monday,0,0,0
PAY0003301,INV0003584,SUP00119,DPT007,2024-06-27,24468.8,Bank Transfer,Completed,Thursday,0,0,0
PAY0003302,INV0003585,SUP00215,DPT003,2024-03-16,15674.71,Bank Transfer,Completed,Saturday,1,0,0
PAY0003303,INV0003586,SUP00063,DPT010,2024-05-17,45884.9,Bank Transfer,Completed,Friday,0,0,0
PAY0003304,INV0003587,SUP00096,DPT006,2024-08-09,17642.79,Bank Transfer,Completed,Friday,0,0,0
PAY0003305,INV0003588,SUP00250,DPT011,2024-09-19,58106.66,Check,Completed,Thursday,0,0,0
PAY0003306,INV0003589,SUP00009,DPT003,2024-12-16,11336.48,Bank Transfer,Completed,Monday,0,0,0
PAY0003307,INV0003590,SUP00140,DPT005,2024-12-19,4931.43,Bank Transfer,Completed,Thursday,0,0,0
PAY0003308,INV0003592,SUP00283,DPT002,2024-10-22,15537.84,Bank Transfer,Completed,Tuesday,0,0,0
PAY0003309,INV0003593,SUP00024,DPT005,2024-04-11,4489.6,Card,Completed,Thursday,0,0,0
PAY0003310,INV0003594,SUP00236,DPT009,2024-11-08,6055.33,Check,Completed,Friday,0,0,0
PAY0003311,INV0003595,SUP00030,DPT002,2024-08-19,2402.65,Bank Transfer,Completed,Monday,0,0,0
PAY0003312,INV0003596,SUP00009,DPT007,2025-03-09,32177.98,Bank Transfer,Completed,Sunday,1,0,0
PAY0003313,INV0003597,SUP00009,DPT007,2024-09-13,34826.87,Bank Transfer,Completed,Friday,0,0,0
PAY0003314,INV0003598,SUP00025,DPT004,2024-12-05,4664.09,Card,Completed,Thursday,0,0,0
PAY0003315,INV0003599,SUP00009,DPT008,2024-12-10,4699.01,Bank Transfer,Completed,Tuesday,0,0,0
PAY0003316,INV0003600,SUP00001,DPT006,2024-04-14,25807.04,Bank Transfer,Pending,Sunday,1,0,1
PAY0003317,INV0003601,SUP00004,DPT011,2024-09-12,19602.45,Bank Transfer,Completed,Thursday,0,0,0
PAY0003318,INV0003602,SUP00232,DPT008,2025-01-27,937.86,Bank Transfer,Completed,Monday,0,0,0
PAY0003319,INV0003603,SUP00251,DPT010,2024-08-24,13109.45,Bank Transfer,Completed,Saturday,1,0,0
PAY0003320,INV0003604,SUP00246,DPT003,2024-11-12,10579.99,Cash,Completed,Tuesday,0,1,0
PAY0003321,INV0003606,SUP00282,DPT012,2025-02-08,2205.36,Check,Completed,Saturday,1,0,0
PAY0003322,INV0003607,SUP00030,DPT002,2024-04-09,2315.07,Bank Transfer,Completed,Tuesday,0,0,0
PAY0003323,INV0003608,SUP00026,DPT005,2024-05-24,164.87,Bank Transfer,Failed,Friday,0,0,1
PAY0003324,INV0003609,SUP00027,DPT010,2025-02-28,2902.24,Bank Transfer,Completed,Friday,0,0,0
PAY0003325,INV0003610,SUP00009,DPT004,2024-07-03,621.3,Bank Transfer,Completed,Wednesday,0,0,0
PAY0003326,INV0003611,SUP00092,DPT004,2024-03-16,3227.79,Bank Transfer,Completed,Saturday,1,0,0
PAY0003327,INV0003612,SUP00025,DPT008,2024-10-08,9393.31,Bank Transfer,Completed,Tuesday,0,0,0
PAY0003328,INV0003613,SUP00306,DPT009,2024-08-09,1530.28,Bank Transfer,Completed,Friday,0,0,0
PAY0003329,INV0003614,SUP00006,DPT002,2024-03-23,27962.13,Bank Transfer,Completed,Saturday,1,0,0
PAY0003330,INV0003615,SUP00003,DPT004,2024-05-01,56620.64,Check,Completed,Wednesday,0,0,0
PAY0003331,INV0003616,SUP00015,DPT004,2024-09-16,7812.68,Bank Transfer,Completed,Monday,0,0,0
PAY0003332,INV0003617,SUP00008,DPT002,2024-11-21,11928.02,Bank Transfer,Completed,Thursday,0,0,0
PAY0003333,INV0003619,SUP00060,DPT008,2024-07-18,7208.74,Bank Transfer,Completed,Thursday,0,0,0
PAY0003334,INV0003620,SUP00016,DPT010,2024-12-29,1190.23,Bank Transfer,Completed,Sunday,1,0,0
PAY0003335,INV0003621,SUP00110,DPT011,2025-03-10,828.27,Bank Transfer,Completed,Monday,0,0,0
PAY0003336,INV0003622,SUP00025,DPT011,2024-07-16,1414.5,Bank Transfer,Completed,Tuesday,0,0,0
PAY0003337,INV0003623,SUP00007,DPT012,2024-11-19,5043.77,Bank Transfer,Completed,Tuesday,0,0,0
PAY0003338,INV0003624,SUP00019,DPT001,2024-12-11,5731.69,Bank Transfer,Completed,Wednesday,0,0,0
PAY0003339,INV0003625,SUP00010,DPT004,2024-04-27,5430.36,Bank Transfer,Completed,Saturday,1,0,0
PAY0003340,INV0003626,SUP00107,DPT001,2024-09-16,1596.28,Bank Transfer,Completed,Monday,0,0,0
PAY0003341,INV0003627,SUP00212,DPT007,2024-03-31,6746.08,Bank Transfer,Completed,Sunday,1,0,0
PAY0003342,INV0003628,SUP00009,DPT012,2024-08-06,2706.14,Bank Transfer,Completed,Tuesday,0,0,0
PAY0003343,INV0003629,SUP00097,DPT001,2025-01-11,6884.35,Bank Transfer,Completed,Saturday,1,0,0
PAY0003344,INV0003630,SUP00149,DPT005,2024-12-30,4636.34,Bank Transfer,Completed,Monday,0,0,0
PAY0003345,INV0003631,SUP00017,DPT005,2024-11-10,20364.36,Bank Transfer,Completed,Sunday,1,0,0
PAY0003346,INV0003632,SUP00028,DPT002,2024-08-26,2724.09,Bank Transfer,Completed,Monday,0,0,0
PAY0003347,INV0003633,SUP00016,DPT009,2025-01-04,11495.71,Bank Transfer,Completed,Saturday,1,0,0
PAY0003348,INV0003634,SUP00017,DPT004,2024-04-12,25374.13,Cash,Completed,Friday,0,1,0
PAY0003349,INV0003635,SUP00024,DPT004,2024-12-26,1500.79,Bank Transfer,Completed,Thursday,0,0,0
PAY0003350,INV0003636,SUP00010,DPT012,2024-05-07,2543.72,Check,Completed,Tuesday,0,0,0
PAY0003351,INV0003637,SUP00029,DPT002,2024-11-01,3590.76,Bank Transfer,Completed,Friday,0,0,0
PAY0003352,INV0003638,SUP00174,DPT003,2024-03-07,22672.26,Bank Transfer,Completed,Thursday,0,0,0
PAY0003353,INV0003639,SUP00019,DPT009,2024-10-25,10365.95,Bank Transfer,Completed,Friday,0,0,0
PAY0003354,INV0003640,SUP00288,DPT004,2024-12-06,1344.7,Bank Transfer,Completed,Friday,0,0,0
PAY0003355,INV0003641,SUP00008,DPT006,2024-09-22,10735.24,Bank Transfer,Pending,Sunday,1,0,1
PAY0003356,INV0003642,SUP00025,DPT004,2024-11-11,25927.3,Bank Transfer,Completed,Monday,0,0,0
PAY0003357,INV0003643,SUP00085,DPT003,2024-12-07,4960.55,Bank Transfer,Completed,Saturday,1,0,0
PAY0003358,INV0003644,SUP00051,DPT002,2024-07-30,2454.39,Bank Transfer,Completed,Tuesday,0,0,0
PAY0003359,INV0003645,SUP00289,DPT010,2024-11-16,16245.01,Bank Transfer,Completed,Saturday,1,0,0
PAY0003360,INV0003646,SUP00012,DPT003,2024-11-11,7474.94,Bank Transfer,Completed,Monday,0,0,0
PAY0003361,INV0003647,SUP00018,DPT012,2025-02-01,4503.5,Bank Transfer,Completed,Saturday,1,0,0
PAY0003362,INV0003648,SUP00082,DPT001,2024-04-26,16678.76,Bank Transfer,Completed,Friday,0,0,0
PAY0003363,INV0003649,SUP00082,DPT010,2024-04-22,5993.16,Bank Transfer,Completed,Monday,0,0,0
PAY0003364,INV0003651,SUP00199,DPT001,2024-11-11,16346.97,Bank Transfer,Completed,Monday,0,0,0
PAY0003365,INV0003652,SUP00001,DPT006,2025-01-04,3401.49,Bank Transfer,Completed,Saturday,1,0,0
PAY0003366,INV0003653,SUP00181,DPT009,2024-06-29,1564.28,Cash,Pending,Saturday,1,1,1
PAY0003367,INV0003654,SUP00154,DPT006,2024-12-19,8796.62,Cash,Completed,Thursday,0,1,0
PAY0003368,INV0003655,SUP00076,DPT010,2024-03-29,35493.45,Bank Transfer,Completed,Friday,0,0,0
PAY0003369,INV0003656,SUP00012,DPT002,2024-10-19,439.44,Bank Transfer,Failed,Saturday,1,0,1
PAY0003370,INV0003657,SUP00266,DPT011,2024-11-22,13546.04,Bank Transfer,Completed,Friday,0,0,0
PAY0003371,INV0003658,SUP00166,DPT005,2024-06-10,6219.9,Bank Transfer,Completed,Monday,0,0,0
PAY0003372,INV0003659,SUP00009,DPT003,2024-09-10,3219.73,Bank Transfer,Completed,Tuesday,0,0,0
PAY0003373,INV0003660,SUP00011,DPT005,2025-01-19,2806.75,Bank Transfer,Completed,Sunday,1,0,0
PAY0003374,INV0003661,SUP00150,DPT003,2025-01-25,16873.05,Bank Transfer,Completed,Saturday,1,0,0
PAY0003375,INV0003662,SUP00272,DPT004,2024-09-11,13308.58,Bank Transfer,Completed,Wednesday,0,0,0
PAY0003376,INV0003664,SUP00249,DPT009,2024-12-09,8433.7,Bank Transfer,Completed,Monday,0,0,0
PAY0003377,INV0003665,SUP00018,DPT003,2024-06-07,28486.77,Bank Transfer,Completed,Friday,0,0,0
PAY0003378,INV0003666,SUP00019,DPT004,2024-04-30,13705.47,Bank Transfer,Failed,Tuesday,0,0,1
PAY0003379,INV0003667,SUP00135,DPT011,2025-01-26,877.18,Bank Transfer,Completed,Sunday,1,0,0
PAY0003380,INV0003668,SUP00002,DPT011,2024-04-24,12864.33,Bank Transfer,Completed,Wednesday,0,0,0
PAY0003381,INV0003670,SUP00160,DPT001,2025-01-03,7603.03,Check,Completed,Friday,0,0,0
PAY0003382,INV0003671,SUP00008,DPT011,2024-10-05,2582.48,Bank Transfer,Completed,Saturday,1,0,0
PAY0003383,INV0003673,SUP00003,DPT004,2024-11-09,2815.84,Bank Transfer,Completed,Saturday,1,0,0
PAY0003384,INV0003674,SUP00008,DPT011,2024-10-10,1825.64,Bank Transfer,Completed,Thursday,0,0,0
PAY0003385,INV0003675,SUP00009,DPT001,2024-07-02,8702.0,Bank Transfer,Completed,Tuesday,0,0,0
PAY0003386,INV0003676,SUP00014,DPT002,2025-01-25,6966.1,Bank Transfer,Completed,Saturday,1,0,0
PAY0003387,INV0003677,SUP00284,DPT005,2024-08-23,15422.39,Bank Transfer,Completed,Friday,0,0,0
PAY0003388,INV0003678,SUP00111,DPT004,2025-01-11,3253.99,Bank Transfer,Completed,Saturday,1,0,0
PAY0003389,INV0003679,SUP00140,DPT003,2024-10-02,1065.02,Card,Completed,Wednesday,0,0,0
PAY0003390,INV0003680,SUP00005,DPT009,2024-03-02,13406.12,Bank Transfer,Completed,Saturday,1,0,0
PAY0003391,INV0003681,SUP00007,DPT010,2024-11-17,33115.57,Check,Completed,Sunday,1,0,0
PAY0003392,INV0003682,SUP00261,DPT012,2024-03-15,3099.35,Bank Transfer,Pending,Friday,0,0,1
PAY0003393,INV0003684,SUP00208,DPT007,2024-04-11,4150.18,Bank Transfer,Completed,Thursday,0,0,0
PAY0003394,INV0003685,SUP00016,DPT010,2025-02-15,55350.31,Bank Transfer,Completed,Saturday,1,0,0
PAY0003395,INV0003686,SUP00071,DPT002,2024-07-05,3244.92,Bank Transfer,Completed,Friday,0,0,0
PAY0003396,INV0003688,SUP00007,DPT001,2024-04-13,586.83,Bank Transfer,Completed,Saturday,1,0,0
PAY0003397,INV0003689,SUP00217,DPT002,2024-04-28,36655.8,Bank Transfer,Completed,Sunday,1,0,0
PAY0003398,INV0003690,SUP00013,DPT001,2024-08-25,3263.46,Check,Pending,Sunday,1,0,1
PAY0003399,INV0003692,SUP00005,DPT006,2024-10-25,2795.72,Bank Transfer,Completed,Friday,0,0,0
PAY0003400,INV0003693,SUP00107,DPT001,2024-12-24,5513.29,Bank Transfer,Completed,Tuesday,0,0,0
PAY0003401,INV0003694,SUP00197,DPT006,2024-06-21,2393.72,Bank Transfer,Completed,Friday,0,0,0
PAY0003402,INV0003695,SUP00021,DPT001,2024-04-05,2027.39,Bank Transfer,Completed,Friday,0,0,0
PAY0003403,INV0003696,SUP00308,DPT002,2024-03-13,4221.86,Bank Transfer,Completed,Wednesday,0,0,0
PAY0003404,INV0003697,SUP00009,DPT011,2024-10-22,5172.55,Bank Transfer,Completed,Tuesday,0,0,0
PAY0003405,INV0003698,SUP00246,DPT004,2024-10-07,3834.29,Card,Completed,Monday,0,0,0
PAY0003406,INV0003699,SUP00156,DPT009,2025-02-02,1063.64,Bank Transfer,Completed,Sunday,1,0,0
PAY0003407,INV0003700,SUP00278,DPT003,2024-07-15,8401.95,Bank Transfer,Completed,Monday,0,0,0
PAY0003408,INV0003701,SUP00167,DPT001,2024-11-05,635.06,Bank Transfer,Pending,Tuesday,0,0,1
PAY0003409,INV0003702,SUP00029,DPT010,2024-03-31,4005.71,Bank Transfer,Completed,Sunday,1,0,0
PAY0003410,INV0003703,SUP00021,DPT002,2024-02-10,974.94,Bank Transfer,Completed,Saturday,1,0,0
PAY0003411,INV0003704,SUP00220,DPT003,2024-07-07,16533.42,Check,Completed,Sunday,1,0,0
PAY0003412,INV0003705,SUP00226,DPT007,2024-02-17,25339.78,Bank Transfer,Completed,Saturday,1,0,0
PAY0003413,INV0003706,SUP00078,DPT006,2024-05-05,11866.94,Card,Completed,Sunday,1,0,0
PAY0003414,INV0003707,SUP00145,DPT011,2024-11-16,3555.87,Card,Completed,Saturday,1,0,0
PAY0003415,INV0003708,SUP00026,DPT012,2024-05-13,2617.43,Bank Transfer,Completed,Monday,0,0,0
PAY0003416,INV0003709,SUP00008,DPT002,2024-06-22,4503.48,Bank Transfer,Completed,Saturday,1,0,0
PAY0003417,INV0003710,SUP00002,DPT002,2025-03-21,5709.92,Bank Transfer,Completed,Friday,0,0,0
PAY0003418,INV0003711,SUP00116,DPT006,2024-09-17,10723.17,Bank Transfer,Completed,Tuesday,0,0,0
PAY0003419,INV0003712,SUP00125,DPT002,2024-03-30,9279.79,Check,Completed,Saturday,1,0,0
PAY0003420,INV0003713,SUP00123,DPT005,2024-01-08,574.04,Bank Transfer,Completed,Monday,0,0,0
PAY0003421,INV0003714,SUP00062,DPT003,2024-06-23,12840.4,Bank Transfer,Completed,Sunday,1,0,0
PAY0003422,INV0003715,SUP00014,DPT010,2025-02-22,5063.38,Bank Transfer,Completed,Saturday,1,0,0
PAY0003423,INV0003716,SUP00008,DPT011,2024-02-25,2453.44,Bank Transfer,Completed,Sunday,1,0,0
PAY0003424,INV0003717,SUP00003,DPT002,2025-01-07,1979.65,Bank Transfer,Completed,Tuesday,0,0,0
PAY0003425,INV0003718,SUP00005,DPT001,2024-07-18,6317.15,Bank Transfer,Completed,Thursday,0,0,0
PAY0003426,INV0003719,SUP00101,DPT012,2024-10-21,7308.0,Bank Transfer,Completed,Monday,0,0,0
PAY0003427,INV0003720,SUP00184,DPT002,2024-09-01,1707.61,Bank Transfer,Completed,Sunday,1,0,0
PAY0003428,INV0003721,SUP00266,DPT002,2024-08-03,6420.34,Card,Completed,Saturday,1,0,0
PAY0003429,INV0003722,SUP00003,DPT002,2024-07-18,7383.55,Bank Transfer,Completed,Thursday,0,0,0
PAY0003430,INV0003723,SUP00211,DPT003,2024-07-17,16052.94,Bank Transfer,Completed,Wednesday,0,0,0
PAY0003431,INV0003724,SUP00083,DPT002,2024-11-02,5358.92,Bank Transfer,Completed,Saturday,1,0,0
PAY0003432,INV0003725,SUP00010,DPT003,2024-04-29,587.28,Check,Completed,Monday,0,0,0
PAY0003433,INV0003726,SUP00159,DPT001,2024-11-24,7952.25,Bank Transfer,Completed,Sunday,1,0,0
PAY0003434,INV0003727,SUP00314,DPT009,2025-01-20,884.64,Bank Transfer,Completed,Monday,0,0,0
PAY0003435,INV0003729,SUP00101,DPT009,2024-07-20,1270.8,Check,Completed,Saturday,1,0,0
PAY0003436,INV0003730,SUP00009,DPT006,2024-11-23,10488.04,Bank Transfer,Completed,Saturday,1,0,0
PAY0003437,INV0003731,SUP00007,DPT004,2024-02-21,1702.84,Bank Transfer,Completed,Wednesday,0,0,0
PAY0003438,INV0003732,SUP00005,DPT012,2024-11-05,19105.33,Bank Transfer,Completed,Tuesday,0,0,0
PAY0003439,INV0003735,SUP00005,DPT005,2025-01-28,4083.93,Bank Transfer,Completed,Tuesday,0,0,0
PAY0003440,INV0003737,SUP00244,DPT003,2024-06-07,27839.11,Bank Transfer,Failed,Friday,0,0,1
PAY0003441,INV0003738,SUP00230,DPT011,2024-05-13,2783.86,Bank Transfer,Completed,Monday,0,0,0
PAY0003442,INV0003739,SUP00010,DPT010,2024-10-12,22788.53,Bank Transfer,Completed,Saturday,1,0,0
PAY0003443,INV0003740,SUP00005,DPT004,2024-12-05,4159.37,Bank Transfer,Completed,Thursday,0,0,0
PAY0003444,INV0003741,SUP00024,DPT004,2025-02-20,9177.24,Check,Pending,Thursday,0,0,1
PAY0003445,INV0003742,SUP00006,DPT005,2025-01-01,3281.42,Bank Transfer,Completed,Wednesday,0,0,0
PAY0003446,INV0003743,SUP00017,DPT001,2024-05-25,93543.54,Check,Completed,Saturday,1,0,0
PAY0003447,INV0003744,SUP00066,DPT002,2024-10-16,10043.04,Bank Transfer,Completed,Wednesday,0,0,0
PAY0003448,INV0003745,SUP00111,DPT005,2025-01-16,179.16,Bank Transfer,Completed,Thursday,0,0,0
PAY0003449,INV0003746,SUP00008,DPT003,2024-03-31,8091.79,Bank Transfer,Completed,Sunday,1,0,0
PAY0003450,INV0003747,SUP00008,DPT002,2024-08-08,1856.62,Bank Transfer,Completed,Thursday,0,0,0
PAY0003451,INV0003748,SUP00241,DPT006,2024-03-10,7582.52,Bank Transfer,Completed,Sunday,1,0,0
PAY0003452,INV0003749,SUP00288,DPT005,2024-10-06,5425.61,Bank Transfer,Completed,Sunday,1,0,0
PAY0003453,INV0003750,SUP00110,DPT003,2024-11-30,3364.44,Bank Transfer,Completed,Saturday,1,0,0
PAY0003454,INV0003751,SUP00059,DPT011,2024-04-23,14812.25,Bank Transfer,Completed,Tuesday,0,0,0
PAY0003455,INV0003752,SUP00119,DPT009,2024-04-29,9351.57,Bank Transfer,Pending,Monday,0,0,1
PAY0003456,INV0003753,SUP00005,DPT006,2024-05-15,3934.34,Bank Transfer,Completed,Wednesday,0,0,0
PAY0003457,INV0003754,SUP00260,DPT002,2024-09-20,4952.83,Check,Completed,Friday,0,0,0
PAY0003458,INV0003755,SUP00007,DPT006,2024-08-09,3535.41,Card,Completed,Friday,0,0,0
PAY0003459,INV0003756,SUP00126,DPT007,2024-08-07,38958.28,Card,Completed,Wednesday,0,0,0
PAY0003460,INV0003757,SUP00008,DPT005,2024-05-05,27455.84,Bank Transfer,Completed,Sunday,1,0,0
PAY0003461,INV0003758,SUP00147,DPT006,2024-11-14,1106.48,Bank Transfer,Completed,Thursday,0,0,0
PAY0003462,INV0003759,SUP00175,DPT002,2024-12-18,5822.99,Bank Transfer,Completed,Wednesday,0,0,0
PAY0003463,INV0003760,SUP00168,DPT003,2024-05-12,2389.41,Bank Transfer,Pending,Sunday,1,0,1
PAY0003464,INV0003761,SUP00023,DPT010,2024-04-12,1408.48,Bank Transfer,Completed,Friday,0,0,0
PAY0003465,INV0003762,SUP00089,DPT002,2025-01-04,152.79,Bank Transfer,Completed,Saturday,1,0,0
PAY0003466,INV0003763,SUP00083,DPT005,2024-11-23,4037.97,Bank Transfer,Completed,Saturday,1,0,0
PAY0003467,INV0003764,SUP00155,DPT010,2024-05-15,4523.75,Bank Transfer,Completed,Wednesday,0,0,0
PAY0003468,INV0003765,SUP00030,DPT001,2024-05-16,28487.86,Check,Completed,Thursday,0,0,0
PAY0003469,INV0003766,SUP00030,DPT012,2025-01-15,24918.87,Bank Transfer,Completed,Wednesday,0,0,0
PAY0003470,INV0003767,SUP00134,DPT010,2024-11-09,10564.55,Bank Transfer,Completed,Saturday,1,0,0
PAY0003471,INV0003768,SUP00006,DPT007,2024-06-23,13900.69,Bank Transfer,Completed,Sunday,1,0,0
PAY0003472,INV0003769,SUP00115,DPT007,2024-05-04,15427.14,Bank Transfer,Completed,Saturday,1,0,0
PAY0003473,INV0003770,SUP00005,DPT010,2024-09-12,10635.86,Bank Transfer,Completed,Thursday,0,0,0
PAY0003474,INV0003771,SUP00158,DPT002,2024-12-26,30014.04,Bank Transfer,Completed,Thursday,0,0,0
PAY0003475,INV0003772,SUP00019,DPT007,2024-03-12,1400.36,Bank Transfer,Completed,Tuesday,0,0,0
PAY0003476,INV0003773,SUP00226,DPT003,2024-01-13,3351.02,Bank Transfer,Completed,Saturday,1,0,0
PAY0003477,INV0003775,SUP00026,DPT005,2024-04-25,3163.36,Bank Transfer,Completed,Thursday,0,0,0
PAY0003478,INV0003776,SUP00006,DPT008,2024-08-24,5059.45,Bank Transfer,Completed,Saturday,1,0,0
PAY0003479,INV0003777,SUP00243,DPT002,2024-08-08,38636.85,Bank Transfer,Completed,Thursday,0,0,0
PAY0003480,INV0003778,SUP00005,DPT002,2024-11-26,16957.87,Bank Transfer,Completed,Tuesday,0,0,0
PAY0003481,INV0003779,SUP00028,DPT009,2025-02-10,24839.7,Bank Transfer,Completed,Monday,0,0,0
PAY0003482,INV0003780,SUP00004,DPT004,2024-04-10,5428.36,Bank Transfer,Completed,Wednesday,0,0,0
PAY0003483,INV0003781,SUP00201,DPT005,2024-01-25,5304.22,Bank Transfer,Completed,Thursday,0,0,0
PAY0003484,INV0003782,SUP00010,DPT008,2024-06-18,11577.1,Bank Transfer,Completed,Tuesday,0,0,0
PAY0003485,INV0003783,SUP00081,DPT002,2024-09-22,9839.67,Bank Transfer,Completed,Sunday,1,0,0
PAY0003486,INV0003784,SUP00006,DPT003,2024-09-16,9856.8,Bank Transfer,Completed,Monday,0,0,0
PAY0003487,INV0003786,SUP00004,DPT011,2024-04-01,11982.86,Check,Completed,Monday,0,0,0
PAY0003488,INV0003787,SUP00055,DPT002,2025-02-01,2420.09,Bank Transfer,Completed,Saturday,1,0,0
PAY0003489,INV0003788,SUP00001,DPT003,2024-12-31,2725.9,Bank Transfer,Completed,Tuesday,0,0,0
PAY0003490,INV0003789,SUP00316,DPT011,2024-05-03,15603.76,Check,Completed,Friday,0,0,0
PAY0003491,INV0003790,SUP00021,DPT009,2024-08-03,25864.6,Bank Transfer,Completed,Saturday,1,0,0
PAY0003492,INV0003791,SUP00102,DPT007,2024-04-06,18118.54,Bank Transfer,Completed,Saturday,1,0,0
PAY0003493,INV0003792,SUP00010,DPT005,2024-04-30,11020.48,Bank Transfer,Failed,Tuesday,0,0,1
PAY0003494,INV0003793,SUP00009,DPT009,2024-09-03,1804.14,Bank Transfer,Completed,Tuesday,0,0,0
PAY0003495,INV0003794,SUP00230,DPT011,2024-10-08,33921.08,Bank Transfer,Completed,Tuesday,0,0,0
PAY0003496,INV0003795,SUP00178,DPT011,2024-06-13,28305.21,Bank Transfer,Completed,Thursday,0,0,0
PAY0003497,INV0003797,SUP00174,DPT008,2024-07-25,9232.01,Bank Transfer,Completed,Thursday,0,0,0
PAY0003498,INV0003798,SUP00006,DPT009,2024-09-21,7547.45,Bank Transfer,Completed,Saturday,1,0,0
PAY0003499,INV0003799,SUP00282,DPT009,2024-11-03,3887.1,Bank Transfer,Completed,Sunday,1,0,0
PAY0003500,INV0003800,SUP00025,DPT008,2024-08-22,1585.8,Bank Transfer,Completed,Thursday,0,0,0
PAY0003501,INV0003801,SUP00243,DPT002,2025-01-25,11760.66,Bank Transfer,Completed,Saturday,1,0,0
PAY0003502,INV0003802,SUP00165,DPT008,2024-06-06,1076.47,Bank Transfer,Pending,Thursday,0,0,1
PAY0003503,INV0003803,SUP00010,DPT004,2024-03-09,3002.66,Bank Transfer,Completed,Saturday,1,0,0
PAY0003504,INV0003804,SUP00066,DPT002,2025-01-15,43101.33,Card,Completed,Wednesday,0,0,0
PAY0003505,INV0003805,SUP00301,DPT001,2024-03-28,9919.25,Bank Transfer,Completed,Thursday,0,0,0
PAY0003506,INV0003806,SUP00002,DPT002,2025-02-23,9251.55,Bank Transfer,Completed,Sunday,1,0,0
PAY0003507,INV0003807,SUP00022,DPT004,2024-08-03,4264.84,Bank Transfer,Pending,Saturday,1,0,1
PAY0003508,INV0003809,SUP00014,DPT007,2024-07-09,9521.28,Bank Transfer,Completed,Tuesday,0,0,0
PAY0003509,INV0003810,SUP00012,DPT012,2024-01-24,10675.84,Bank Transfer,Completed,Wednesday,0,0,0
PAY0003510,INV0003811,SUP00172,DPT001,2024-11-06,15194.9,Bank Transfer,Completed,Wednesday,0,0,0
PAY0003511,INV0003812,SUP00271,DPT002,2025-04-30,3731.05,Bank Transfer,Completed,Wednesday,0,0,0
PAY0003512,INV0003813,SUP00048,DPT002,2024-08-30,3736.87,Bank Transfer,Completed,Friday,0,0,0
PAY0003513,INV0003814,SUP00290,DPT009,2025-02-22,11712.35,Bank Transfer,Completed,Saturday,1,0,0
PAY0003514,INV0003815,SUP00004,DPT003,2025-01-06,1402.67,Bank Transfer,Completed,Monday,0,0,0
PAY0003515,INV0003816,SUP00008,DPT002,2025-04-10,15145.5,Bank Transfer,Pending,Thursday,0,0,1
PAY0003516,INV0003817,SUP00003,DPT002,2024-10-17,4949.3,Bank Transfer,Completed,Thursday,0,0,0
PAY0003517,INV0003818,SUP00023,DPT002,2024-06-20,8490.27,Card,Completed,Thursday,0,0,0
PAY0003518,INV0003819,SUP00100,DPT007,2024-08-17,85475.06,Bank Transfer,Completed,Saturday,1,0,0
PAY0003519,INV0003820,SUP00007,DPT007,2024-04-27,4464.7,Bank Transfer,Completed,Saturday,1,0,0
PAY0003520,INV0003821,SUP00025,DPT003,2024-08-11,7000.75,Bank Transfer,Completed,Sunday,1,0,0
PAY0003521,INV0003822,SUP00134,DPT004,2024-11-02,6222.24,Bank Transfer,Completed,Saturday,1,0,0
PAY0003522,INV0003823,SUP00108,DPT006,2024-07-18,615.91,Check,Completed,Thursday,0,0,0
PAY0003523,INV0003824,SUP00102,DPT012,2024-09-03,12205.32,Bank Transfer,Completed,Tuesday,0,0,0
PAY0003524,INV0003825,SUP00088,DPT008,2024-05-21,398.48,Bank Transfer,Completed,Tuesday,0,0,0
PAY0003525,INV0003826,SUP00313,DPT009,2024-02-12,14353.31,Bank Transfer,Completed,Monday,0,0,0
PAY0003526,INV0003827,SUP00152,DPT012,2024-05-06,2728.36,Bank Transfer,Completed,Monday,0,0,0
PAY0003527,INV0003828,SUP00266,DPT003,2024-04-30,2444.54,Bank Transfer,Completed,Tuesday,0,0,0
PAY0003528,INV0003829,SUP00292,DPT001,2024-05-21,5696.53,Bank Transfer,Completed,Tuesday,0,0,0
PAY0003529,INV0003830,SUP00238,DPT008,2024-03-26,1306.49,Bank Transfer,Completed,Tuesday,0,0,0
PAY0003530,INV0003831,SUP00004,DPT001,2024-12-31,5316.84,Card,Completed,Tuesday,0,0,0
PAY0003531,INV0003832,SUP00043,DPT004,2025-01-19,1736.44,Check,Completed,Sunday,1,0,0
PAY0003532,INV0003833,SUP00018,DPT008,2025-03-04,1409.06,Bank Transfer,Completed,Tuesday,0,0,0
PAY0003533,INV0003834,SUP00004,DPT005,2024-08-25,4682.06,Bank Transfer,Completed,Sunday,1,0,0
PAY0003534,INV0003835,SUP00063,DPT003,2024-01-27,24756.43,Bank Transfer,Completed,Saturday,1,0,0
PAY0003535,INV0003836,SUP00007,DPT005,2024-04-16,13737.55,Card,Completed,Tuesday,0,0,0
PAY0003536,INV0003837,SUP00074,DPT002,2024-05-22,3249.09,Bank Transfer,Completed,Wednesday,0,0,0
PAY0003537,INV0003838,SUP00213,DPT001,2024-11-14,4965.06,Bank Transfer,Pending,Thursday,0,0,1
PAY0003538,INV0003839,SUP00019,DPT004,2024-11-24,3311.76,Check,Completed,Sunday,1,0,0
PAY0003539,INV0003840,SUP00291,DPT001,2024-10-20,1554.09,Bank Transfer,Completed,Sunday,1,0,0
PAY0003540,INV0003841,SUP00183,DPT012,2024-10-18,1805.37,Bank Transfer,Completed,Friday,0,0,0
PAY0003541,INV0003842,SUP00205,DPT004,2024-07-23,8098.6,Bank Transfer,Completed,Tuesday,0,0,0
PAY0003542,INV0003843,SUP00004,DPT010,2024-03-09,25080.25,Bank Transfer,Pending,Saturday,1,0,1
PAY0003543,INV0003844,SUP00286,DPT011,2024-05-30,5564.3,Bank Transfer,Completed,Thursday,0,0,0
PAY0003544,INV0003845,SUP00002,DPT004,2025-01-19,1862.29,Bank Transfer,Pending,Sunday,1,0,1
PAY0003545,INV0003846,SUP00228,DPT004,2024-11-05,14666.01,Bank Transfer,Completed,Tuesday,0,0,0
PAY0003546,INV0003847,SUP00001,DPT010,2024-10-26,12789.54,Bank Transfer,Completed,Saturday,1,0,0
PAY0003547,INV0003848,SUP00006,DPT001,2025-03-01,19833.93,Cash,Completed,Saturday,1,1,0
PAY0003548,INV0003849,SUP00012,DPT004,2024-04-13,29027.84,Bank Transfer,Completed,Saturday,1,0,0
PAY0003549,INV0003850,SUP00166,DPT002,2024-09-29,2010.03,Bank Transfer,Completed,Sunday,1,0,0
PAY0003550,INV0003851,SUP00261,DPT008,2024-11-25,2206.28,Bank Transfer,Completed,Monday,0,0,0
PAY0003551,INV0003852,SUP00124,DPT009,2024-10-28,9236.94,Check,Completed,Monday,0,0,0
PAY0003552,INV0003853,SUP00160,DPT006,2025-02-18,2180.02,Bank Transfer,Completed,Tuesday,0,0,0
PAY0003553,INV0003854,SUP00010,DPT004,2024-12-22,8066.45,Bank Transfer,Completed,Sunday,1,0,0
PAY0003554,INV0003855,SUP00306,DPT005,2024-09-13,4030.59,Bank Transfer,Completed,Friday,0,0,0
PAY0003555,INV0003857,SUP00269,DPT006,2025-01-23,14934.16,Bank Transfer,Completed,Thursday,0,0,0
PAY0003556,INV0003858,SUP00190,DPT011,2024-05-08,4284.08,Bank Transfer,Completed,Wednesday,0,0,0
PAY0003557,INV0003859,SUP00017,DPT002,2024-05-20,734.37,Bank Transfer,Completed,Monday,0,0,0
PAY0003558,INV0003860,SUP00014,DPT002,2024-12-27,19155.1,Bank Transfer,Completed,Friday,0,0,0
PAY0003559,INV0003861,SUP00131,DPT002,2024-07-31,3051.7,Bank Transfer,Completed,Wednesday,0,0,0
PAY0003560,INV0003862,SUP00285,DPT007,2024-09-14,5993.93,Bank Transfer,Completed,Saturday,1,0,0
PAY0003561,INV0003863,SUP00127,DPT011,2024-10-27,5242.45,Bank Transfer,Completed,Sunday,1,0,0
PAY0003562,INV0003864,SUP00236,DPT003,2024-03-11,9281.32,Bank Transfer,Completed,Monday,0,0,0
PAY0003563,INV0003865,SUP00301,DPT004,2024-08-03,95188.67,Bank Transfer,Completed,Saturday,1,0,0
PAY0003564,INV0003866,SUP00013,DPT012,2024-11-03,1642.29,Bank Transfer,Completed,Sunday,1,0,0
PAY0003565,INV0003867,SUP00048,DPT002,2024-08-01,7127.8,Bank Transfer,Pending,Thursday,0,0,1
PAY0003566,INV0003868,SUP00090,DPT010,2024-12-08,15339.79,Bank Transfer,Completed,Sunday,1,0,0
PAY0003567,INV0003869,SUP00008,DPT011,2024-08-14,5172.07,Bank Transfer,Completed,Wednesday,0,0,0
PAY0003568,INV0003870,SUP00201,DPT009,2024-06-06,5254.48,Bank Transfer,Completed,Thursday,0,0,0
PAY0003569,INV0003871,SUP00009,DPT003,2024-09-13,1506.02,Bank Transfer,Completed,Friday,0,0,0
PAY0003570,INV0003872,SUP00148,DPT006,2024-08-31,10681.43,Bank Transfer,Completed,Saturday,1,0,0
PAY0003571,INV0003874,SUP00224,DPT001,2024-03-08,5276.39,Bank Transfer,Completed,Friday,0,0,0
PAY0003572,INV0003875,SUP00032,DPT001,2025-02-01,1956.73,Bank Transfer,Failed,Saturday,1,0,1
PAY0003573,INV0003876,SUP00077,DPT001,2024-10-17,6783.65,Bank Transfer,Completed,Thursday,0,0,0
PAY0003574,INV0003877,SUP00006,DPT012,2024-12-14,7217.74,Bank Transfer,Pending,Saturday,1,0,1
PAY0003575,INV0003880,SUP00073,DPT005,2024-08-13,8206.69,Bank Transfer,Completed,Tuesday,0,0,0
PAY0003576,INV0003881,SUP00230,DPT006,2024-08-17,7237.87,Bank Transfer,Completed,Saturday,1,0,0
PAY0003577,INV0003882,SUP00028,DPT002,2024-05-25,9796.03,Bank Transfer,Completed,Saturday,1,0,0
PAY0003578,INV0003883,SUP00009,DPT003,2024-07-25,5206.25,Bank Transfer,Completed,Thursday,0,0,0
PAY0003579,INV0003884,SUP00009,DPT005,2024-09-01,27224.44,Bank Transfer,Completed,Sunday,1,0,0
PAY0003580,INV0003885,SUP00065,DPT009,2024-06-18,5921.56,Bank Transfer,Completed,Tuesday,0,0,0
PAY0003581,INV0003886,SUP00010,DPT001,2024-06-27,30063.15,Bank Transfer,Completed,Thursday,0,0,0
PAY0003582,INV0003887,SUP00014,DPT010,2024-03-20,7849.53,Bank Transfer,Completed,Wednesday,0,0,0
PAY0003583,INV0003888,SUP00008,DPT006,2024-11-15,1554.45,Bank Transfer,Completed,Friday,0,0,0
PAY0003584,INV0003889,SUP00024,DPT004,2024-04-12,15323.69,Bank Transfer,Completed,Friday,0,0,0
PAY0003585,INV0003891,SUP00041,DPT005,2024-06-15,3507.81,Bank Transfer,Completed,Saturday,1,0,0
PAY0003586,INV0003892,SUP00080,DPT003,2025-02-26,19204.06,Bank Transfer,Completed,Wednesday,0,0,0
PAY0003587,INV0003893,SUP00077,DPT002,2024-08-09,1411.88,Bank Transfer,Completed,Friday,0,0,0
PAY0003588,INV0003894,SUP00017,DPT010,2024-08-12,809.44,Bank Transfer,Completed,Monday,0,0,0
PAY0003589,INV0003895,SUP00262,DPT004,2024-12-26,4625.68,Bank Transfer,Completed,Thursday,0,0,0
PAY0003590,INV0003896,SUP00032,DPT001,2024-12-25,8459.83,Bank Transfer,Completed,Wednesday,0,0,0
PAY0003591,INV0003897,SUP00221,DPT003,2025-01-17,14910.33,Bank Transfer,Completed,Friday,0,0,0
PAY0003592,INV0003898,SUP00059,DPT002,2024-03-17,7185.38,Bank Transfer,Completed,Sunday,1,0,0
PAY0003593,INV0003899,SUP00017,DPT011,2025-02-14,455.78,Bank Transfer,Completed,Friday,0,0,0
PAY0003594,INV0003900,SUP00166,DPT002,2024-05-23,1975.49,Check,Completed,Thursday,0,0,0
PAY0003595,INV0003901,SUP00006,DPT004,2024-07-27,1442.38,Bank Transfer,Completed,Saturday,1,0,0
PAY0003596,INV0003902,SUP00303,DPT008,2024-06-30,684.27,Check,Completed,Sunday,1,0,0
PAY0003597,INV0003903,SUP00068,DPT002,2024-03-13,4980.64,Bank Transfer,Completed,Wednesday,0,0,0
PAY0003598,INV0003904,SUP00004,DPT004,2024-03-06,10736.6,Bank Transfer,Completed,Wednesday,0,0,0
PAY0003599,INV0003905,SUP00022,DPT006,2024-02-15,18032.85,Bank Transfer,Completed,Thursday,0,0,0
PAY0003600,INV0003906,SUP00151,DPT010,2024-05-26,10708.25,Bank Transfer,Completed,Sunday,1,0,0
PAY0003601,INV0003907,SUP00003,DPT006,2024-08-02,3160.87,Bank Transfer,Completed,Friday,0,0,0
PAY0003602,INV0003908,SUP00009,DPT001,2024-04-14,20778.8,Bank Transfer,Completed,Sunday,1,0,0
PAY0003603,INV0003909,SUP00276,DPT003,2024-04-08,4732.89,Bank Transfer,Completed,Monday,0,0,0
PAY0003604,INV0003911,SUP00006,DPT003,2024-06-20,2810.98,Bank Transfer,Completed,Thursday,0,0,0
PAY0003605,INV0003912,SUP00004,DPT011,2024-08-08,4518.87,Bank Transfer,Completed,Thursday,0,0,0
PAY0003606,INV0003913,SUP00096,DPT001,2024-04-06,3590.74,Bank Transfer,Completed,Saturday,1,0,0
PAY0003607,INV0003914,SUP00060,DPT003,2024-10-13,1211.34,Bank Transfer,Completed,Sunday,1,0,0
PAY0003608,INV0003915,SUP00113,DPT004,2024-11-13,12463.63,Bank Transfer,Completed,Wednesday,0,0,0
PAY0003609,INV0003916,SUP00296,DPT001,2025-02-26,7305.28,Bank Transfer,Completed,Wednesday,0,0,0
PAY0003610,INV0003917,SUP00002,DPT004,2025-03-10,15028.73,Bank Transfer,Completed,Monday,0,0,0
PAY0003611,INV0003918,SUP00007,DPT001,2024-11-06,2631.35,Bank Transfer,Completed,Wednesday,0,0,0
PAY0003612,INV0003919,SUP00008,DPT009,2024-02-13,13447.96,Bank Transfer,Completed,Tuesday,0,0,0
PAY0003613,INV0003920,SUP00022,DPT003,2024-09-12,941.55,Bank Transfer,Completed,Thursday,0,0,0
PAY0003614,INV0003921,SUP00004,DPT005,2024-03-18,11247.82,Bank Transfer,Completed,Monday,0,0,0
PAY0003615,INV0003922,SUP00021,DPT006,2024-11-03,13238.07,Bank Transfer,Completed,Sunday,1,0,0
PAY0003616,INV0003923,SUP00212,DPT003,2024-06-03,1853.33,Bank Transfer,Completed,Monday,0,0,0
PAY0003617,INV0003924,SUP00006,DPT003,2024-09-09,21313.2,Bank Transfer,Completed,Monday,0,0,0
PAY0003618,INV0003925,SUP00271,DPT005,2025-01-20,35453.35,Bank Transfer,Completed,Monday,0,0,0
PAY0003619,INV0003926,SUP00268,DPT009,2024-07-31,3146.89,Bank Transfer,Completed,Wednesday,0,0,0
PAY0003620,INV0003927,SUP00033,DPT004,2024-08-09,32356.16,Bank Transfer,Completed,Friday,0,0,0
PAY0003621,INV0003929,SUP00150,DPT006,2024-04-20,5109.45,Bank Transfer,Completed,Saturday,1,0,0
PAY0003622,INV0003930,SUP00016,DPT004,2024-04-28,297.69,Bank Transfer,Completed,Sunday,1,0,0
PAY0003623,INV0003931,SUP00062,DPT008,2024-02-26,17636.63,Check,Completed,Monday,0,0,0
PAY0003624,INV0003932,SUP00004,DPT001,2024-03-10,1012.88,Bank Transfer,Completed,Sunday,1,0,0
PAY0003625,INV0003933,SUP00029,DPT004,2024-07-12,642.06,Bank Transfer,Completed,Friday,0,0,0
PAY0003626,INV0003935,SUP00076,DPT006,2024-02-27,20059.5,Bank Transfer,Completed,Tuesday,0,0,0
PAY0003627,INV0003936,SUP00018,DPT004,2024-08-06,3757.27,Bank Transfer,Completed,Tuesday,0,0,0
PAY0003628,INV0003937,SUP00122,DPT009,2024-10-12,51303.04,Bank Transfer,Failed,Saturday,1,0,1
PAY0003629,INV0003938,SUP00307,DPT004,2024-11-12,45314.5,Bank Transfer,Completed,Tuesday,0,0,0
PAY0003630,INV0003939,SUP00003,DPT004,2024-12-26,1960.55,Bank Transfer,Completed,Thursday,0,0,0
PAY0003631,INV0003940,SUP00013,DPT002,2024-07-03,1938.94,Bank Transfer,Completed,Wednesday,0,0,0
PAY0003632,INV0003941,SUP00006,DPT001,2025-02-20,20494.23,Bank Transfer,Completed,Thursday,0,0,0
PAY0003633,INV0003942,SUP00295,DPT001,2025-01-15,7822.91,Bank Transfer,Completed,Wednesday,0,0,0
PAY0003634,INV0003943,SUP00053,DPT008,2024-07-29,31399.85,Bank Transfer,Completed,Monday,0,0,0
PAY0003635,INV0003944,SUP00005,DPT004,2024-08-27,1329.3,Bank Transfer,Completed,Tuesday,0,0,0
PAY0003636,INV0003945,SUP00092,DPT011,2024-10-30,776.24,Bank Transfer,Completed,Wednesday,0,0,0
PAY0003637,INV0003946,SUP00030,DPT002,2024-10-25,1164.48,Bank Transfer,Completed,Friday,0,0,0
PAY0003638,INV0003947,SUP00002,DPT002,2024-09-22,13381.7,Bank Transfer,Completed,Sunday,1,0,0
PAY0003639,INV0003948,SUP00241,DPT006,2024-09-28,23809.69,Bank Transfer,Completed,Saturday,1,0,0
PAY0003640,INV0003949,SUP00149,DPT001,2024-04-26,20606.57,Bank Transfer,Completed,Friday,0,0,0
PAY0003641,INV0003950,SUP00001,DPT004,2024-08-08,10021.43,Bank Transfer,Completed,Thursday,0,0,0
PAY0003642,INV0003951,SUP00297,DPT001,2024-04-17,25210.56,Bank Transfer,Completed,Wednesday,0,0,0
PAY0003643,INV0003952,SUP00006,DPT002,2024-12-01,98992.37,Card,Completed,Sunday,1,0,0
PAY0003644,INV0003953,SUP00001,DPT005,2024-07-17,600.56,Card,Completed,Wednesday,0,0,0
PAY0003645,INV0003955,SUP00005,DPT002,2024-12-26,24646.25,Bank Transfer,Completed,Thursday,0,0,0
PAY0003646,INV0003956,SUP00067,DPT003,2025-04-23,642.69,Bank Transfer,Completed,Wednesday,0,0,0
PAY0003647,INV0003957,SUP00011,DPT003,2025-01-02,1271.43,Bank Transfer,Completed,Thursday,0,0,0
PAY0003648,INV0003958,SUP00007,DPT002,2024-12-10,2015.67,Bank Transfer,Completed,Tuesday,0,0,0
PAY0003649,INV0003959,SUP00312,DPT012,2024-09-07,12042.65,Bank Transfer,Completed,Saturday,1,0,0
PAY0003650,INV0003960,SUP00013,DPT007,2024-10-19,8600.36,Bank Transfer,Completed,Saturday,1,0,0
PAY0003651,INV0003961,SUP00021,DPT001,2024-12-13,32802.75,Bank Transfer,Completed,Friday,0,0,0
PAY0003652,INV0003962,SUP00010,DPT003,2024-09-09,1449.88,Bank Transfer,Completed,Monday,0,0,0
PAY0003653,INV0003963,SUP00224,DPT002,2024-05-25,9165.03,Bank Transfer,Completed,Saturday,1,0,0
PAY0003654,INV0003964,SUP00007,DPT002,2024-04-12,27275.54,Bank Transfer,Completed,Friday,0,0,0
PAY0003655,INV0003965,SUP00005,DPT011,2024-10-20,3331.6,Bank Transfer,Completed,Sunday,1,0,0
PAY0003656,INV0003966,SUP00251,DPT002,2024-03-03,3664.08,Check,Completed,Sunday,1,0,0
PAY0003657,INV0003967,SUP00007,DPT010,2024-01-30,29213.67,Bank Transfer,Pending,Tuesday,0,0,1
PAY0003658,INV0003969,SUP00072,DPT008,2024-08-12,31069.73,Bank Transfer,Completed,Monday,0,0,0
PAY0003659,INV0003970,SUP00216,DPT004,2025-01-14,1086.13,Bank Transfer,Completed,Tuesday,0,0,0
PAY0003660,INV0003971,SUP00003,DPT002,2024-12-03,10069.97,Bank Transfer,Completed,Tuesday,0,0,0
PAY0003661,INV0003972,SUP00299,DPT009,2024-04-04,25360.64,Bank Transfer,Completed,Thursday,0,0,0
PAY0003662,INV0003973,SUP00010,DPT009,2024-08-10,2005.94,Check,Completed,Saturday,1,0,0
PAY0003663,INV0003974,SUP00002,DPT005,2024-07-03,4262.3,Bank Transfer,Completed,Wednesday,0,0,0
PAY0003664,INV0003975,SUP00182,DPT001,2024-03-23,1437.8,Card,Completed,Saturday,1,0,0
PAY0003665,INV0003976,SUP00006,DPT002,2024-06-06,3359.99,Bank Transfer,Completed,Thursday,0,0,0
PAY0003666,INV0003977,SUP00015,DPT001,2025-02-24,958.09,Bank Transfer,Completed,Monday,0,0,0
PAY0003667,INV0003978,SUP00081,DPT002,2025-02-16,790.33,Bank Transfer,Completed,Sunday,1,0,0
PAY0003668,INV0003979,SUP00003,DPT004,2024-05-17,1433.36,Bank Transfer,Completed,Friday,0,0,0
PAY0003669,INV0003980,SUP00007,DPT010,2024-08-24,19492.65,Bank Transfer,Completed,Saturday,1,0,0
PAY0003670,INV0003981,SUP00029,DPT006,2024-03-01,704.35,Bank Transfer,Completed,Friday,0,0,0
PAY0003671,INV0003982,SUP00022,DPT006,2024-03-26,29950.56,Bank Transfer,Completed,Tuesday,0,0,0
PAY0003672,INV0003983,SUP00059,DPT008,2024-07-10,16957.82,Bank Transfer,Completed,Wednesday,0,0,0
PAY0003673,INV0003984,SUP00160,DPT006,2024-07-21,27732.17,Bank Transfer,Completed,Sunday,1,0,0
PAY0003674,INV0003985,SUP00015,DPT004,2024-12-08,9145.31,Bank Transfer,Completed,Sunday,1,0,0
PAY0003675,INV0003986,SUP00020,DPT009,2024-05-31,39797.11,Bank Transfer,Pending,Friday,0,0,1
PAY0003676,INV0003987,SUP00009,DPT003,2024-06-04,1134.49,Bank Transfer,Completed,Tuesday,0,0,0
PAY0003677,INV0003988,SUP00014,DPT011,2024-11-16,29058.48,Bank Transfer,Completed,Saturday,1,0,0
PAY0003678,INV0003989,SUP00002,DPT001,2025-03-08,197557.51,Bank Transfer,Completed,Saturday,1,0,0
PAY0003679,INV0003990,SUP00073,DPT006,2024-09-26,4450.34,Bank Transfer,Completed,Thursday,0,0,0
PAY0003680,INV0003991,SUP00006,DPT004,2024-05-28,5582.46,Bank Transfer,Completed,Tuesday,0,0,0
PAY0003681,INV0003992,SUP00153,DPT004,2024-10-23,2062.09,Bank Transfer,Completed,Wednesday,0,0,0
PAY0003682,INV0003993,SUP00002,DPT004,2024-10-14,25218.23,Bank Transfer,Completed,Monday,0,0,0
PAY0003683,INV0003994,SUP00002,DPT001,2024-06-27,7214.12,Bank Transfer,Failed,Thursday,0,0,1
PAY0003684,INV0003995,SUP00010,DPT008,2024-03-21,398.07,Card,Completed,Thursday,0,0,0
PAY0003685,INV0003996,SUP00024,DPT003,2025-02-07,12022.5,Bank Transfer,Completed,Friday,0,0,0
PAY0003686,INV0003997,SUP00140,DPT004,2024-03-04,21523.35,Bank Transfer,Completed,Monday,0,0,0
PAY0003687,INV0003998,SUP00139,DPT009,2024-05-22,2124.67,Bank Transfer,Completed,Wednesday,0,0,0
PAY0003688,INV0003999,SUP00305,DPT005,2024-06-08,3790.53,Bank Transfer,Pending,Saturday,1,0,1
PAY0003689,INV0004000,SUP00015,DPT010,2024-01-28,15965.58,Bank Transfer,Completed,Sunday,1,0,0
PAY0003690,INV0004001,SUP00002,DPT002,2024-06-26,2092.82,Bank Transfer,Completed,Wednesday,0,0,0
PAY0003691,INV0004003,SUP00162,DPT002,2024-09-20,8206.0,Bank Transfer,Completed,Friday,0,0,0
PAY0003692,INV0004005,SUP00003,DPT009,2025-03-24,5129.68,Bank Transfer,Completed,Monday,0,0,0
PAY0003693,INV0004006,SUP00027,DPT009,2024-09-04,3252.71,Bank Transfer,Completed,Wednesday,0,0,0
PAY0003694,INV0004007,SUP00014,DPT005,2025-01-07,7976.19,Bank Transfer,Completed,Tuesday,0,0,0
PAY0003695,INV0004008,SUP00082,DPT002,2024-06-01,6894.66,Bank Transfer,Completed,Saturday,1,0,0
PAY0003696,INV0004009,SUP00008,DPT003,2024-09-30,39164.19,Bank Transfer,Completed,Monday,0,0,0
PAY0003697,INV0004010,SUP00297,DPT005,2024-05-11,36861.39,Bank Transfer,Completed,Saturday,1,0,0
PAY0003698,INV0004011,SUP00033,DPT001,2024-07-21,2597.77,Check,Completed,Sunday,1,0,0
PAY0003699,INV0004012,SUP00173,DPT006,2024-03-15,4803.15,Bank Transfer,Completed,Friday,0,0,0
PAY0003700,INV0004013,SUP00005,DPT010,2024-04-24,2685.94,Bank Transfer,Completed,Wednesday,0,0,0
PAY0003701,INV0004014,SUP00094,DPT003,2024-04-08,2184.25,Bank Transfer,Completed,Monday,0,0,0
PAY0003702,INV0004015,SUP00241,DPT007,2024-06-19,143.13,Bank Transfer,Completed,Wednesday,0,0,0
PAY0003703,INV0004016,SUP00001,DPT004,2024-11-01,41285.87,Bank Transfer,Completed,Friday,0,0,0
PAY0003704,INV0004017,SUP00049,DPT001,2024-10-12,2724.94,Bank Transfer,Completed,Saturday,1,0,0
PAY0003705,INV0004018,SUP00009,DPT003,2025-02-02,3593.58,Bank Transfer,Completed,Sunday,1,0,0
PAY0003706,INV0004019,SUP00028,DPT005,2024-10-14,146296.06,Bank Transfer,Completed,Monday,0,0,0
PAY0003707,INV0004020,SUP00212,DPT008,2025-02-13,3026.0,Bank Transfer,Completed,Thursday,0,0,0
PAY0003708,INV0004021,SUP00138,DPT004,2024-08-25,4814.68,Bank Transfer,Completed,Sunday,1,0,0
PAY0003709,INV0004022,SUP00176,DPT002,2024-10-23,8175.14,Bank Transfer,Completed,Wednesday,0,0,0
PAY0003710,INV0004023,SUP00007,DPT001,2025-01-26,8803.01,Bank Transfer,Completed,Sunday,1,0,0
PAY0003711,INV0004024,SUP00222,DPT007,2024-05-29,2948.94,Bank Transfer,Completed,Wednesday,0,0,0
PAY0003712,INV0004025,SUP00093,DPT003,2024-04-07,22045.32,Bank Transfer,Completed,Sunday,1,0,0
PAY0003713,INV0004026,SUP00003,DPT006,2024-08-11,7134.23,Bank Transfer,Pending,Sunday,1,0,1
PAY0003714,INV0004027,SUP00239,DPT002,2024-03-19,6867.6,Card,Completed,Tuesday,0,0,0
PAY0003715,INV0004028,SUP00002,DPT008,2025-03-27,2732.19,Card,Completed,Thursday,0,0,0
PAY0003716,INV0004029,SUP00001,DPT003,2025-02-15,5132.1,Bank Transfer,Completed,Saturday,1,0,0
PAY0003717,INV0004030,SUP00222,DPT001,2024-03-29,18642.11,Bank Transfer,Completed,Friday,0,0,0
PAY0003718,INV0004031,SUP00001,DPT005,2024-06-12,18382.71,Bank Transfer,Completed,Wednesday,0,0,0
PAY0003719,INV0004032,SUP00003,DPT008,2024-06-07,3657.02,Bank Transfer,Completed,Friday,0,0,0
PAY0003720,INV0004033,SUP00001,DPT011,2025-01-28,2504.16,Bank Transfer,Completed,Tuesday,0,0,0
PAY0003721,INV0004034,SUP00250,DPT012,2025-01-09,17017.22,Bank Transfer,Completed,Thursday,0,0,0
PAY0003722,INV0004035,SUP00002,DPT004,2024-09-28,8622.5,Check,Completed,Saturday,1,0,0
PAY0003723,INV0004036,SUP00017,DPT006,2025-01-17,16461.53,Card,Completed,Friday,0,0,0
PAY0003724,INV0004037,SUP00008,DPT005,2024-02-02,1945.72,Card,Completed,Friday,0,0,0
PAY0003725,INV0004038,SUP00014,DPT005,2024-02-21,5790.29,Check,Completed,Wednesday,0,0,0
PAY0003726,INV0004039,SUP00010,DPT001,2024-06-24,16242.46,Bank Transfer,Completed,Monday,0,0,0
PAY0003727,INV0004041,SUP00184,DPT012,2024-05-03,52051.22,Bank Transfer,Completed,Friday,0,0,0
PAY0003728,INV0004042,SUP00253,DPT001,2024-10-05,39112.76,Bank Transfer,Completed,Saturday,1,0,0
PAY0003729,INV0004043,SUP00155,DPT003,2025-01-01,4732.71,Bank Transfer,Completed,Wednesday,0,0,0
PAY0003730,INV0004044,SUP00013,DPT001,2024-07-21,4769.15,Card,Completed,Sunday,1,0,0
PAY0003731,INV0004045,SUP00007,DPT004,2024-07-15,8743.56,Check,Completed,Monday,0,0,0
PAY0003732,INV0004046,SUP00043,DPT004,2024-04-27,7353.57,Bank Transfer,Completed,Saturday,1,0,0
PAY0003733,INV0004047,SUP00016,DPT003,2024-07-25,100311.33,Check,Completed,Thursday,0,0,0
PAY0003734,INV0004048,SUP00110,DPT004,2024-11-25,2197.92,Check,Completed,Monday,0,0,0
PAY0003735,INV0004049,SUP00002,DPT009,2024-08-28,2302.73,Bank Transfer,Completed,Wednesday,0,0,0
PAY0003736,INV0004051,SUP00010,DPT008,2024-02-21,10696.24,Card,Completed,Wednesday,0,0,0
PAY0003737,INV0004052,SUP00026,DPT009,2024-10-09,5852.25,Card,Completed,Wednesday,0,0,0
PAY0003738,INV0004053,SUP00308,DPT005,2024-08-20,17015.07,Bank Transfer,Completed,Tuesday,0,0,0
PAY0003739,INV0004054,SUP00008,DPT003,2024-06-15,28797.17,Bank Transfer,Completed,Saturday,1,0,0
PAY0003740,INV0004055,SUP00004,DPT011,2024-04-05,14373.38,Bank Transfer,Completed,Friday,0,0,0
PAY0003741,INV0004056,SUP00007,DPT003,2024-10-26,9106.19,Card,Completed,Saturday,1,0,0
PAY0003742,INV0004057,SUP00015,DPT001,2024-09-04,4597.57,Bank Transfer,Completed,Wednesday,0,0,0
PAY0003743,INV0004058,SUP00047,DPT002,2024-08-29,6652.11,Bank Transfer,Completed,Thursday,0,0,0
PAY0003744,INV0004059,SUP00309,DPT010,2024-07-12,1287.06,Bank Transfer,Completed,Friday,0,0,0
PAY0003745,INV0004060,SUP00244,DPT002,2025-03-16,1518.78,Bank Transfer,Completed,Sunday,1,0,0
PAY0003746,INV0004061,SUP00152,DPT004,2024-12-27,25762.84,Check,Pending,Friday,0,0,1
PAY0003747,INV0004062,SUP00156,DPT007,2024-09-29,44169.08,Bank Transfer,Completed,Sunday,1,0,0
PAY0003748,INV0004063,SUP00010,DPT005,2024-08-18,1282.56,Check,Completed,Sunday,1,0,0
PAY0003749,INV0004064,SUP00278,DPT006,2024-08-10,11208.95,Bank Transfer,Completed,Saturday,1,0,0
PAY0003750,INV0004065,SUP00049,DPT003,2025-02-06,1043.75,Bank Transfer,Completed,Thursday,0,0,0
PAY0003751,INV0004066,SUP00006,DPT007,2024-10-10,39792.8,Bank Transfer,Completed,Thursday,0,0,0
PAY0003752,INV0004067,SUP00291,DPT001,2024-01-30,5880.79,Bank Transfer,Completed,Tuesday,0,0,0
PAY0003753,INV0004068,SUP00030,DPT002,2024-06-30,106306.78,Bank Transfer,Completed,Sunday,1,0,0
PAY0003754,INV0004069,SUP00006,DPT001,2024-12-07,2849.79,Bank Transfer,Completed,Saturday,1,0,0
PAY0003755,INV0004070,SUP00164,DPT004,2024-05-18,3341.07,Bank Transfer,Completed,Saturday,1,0,0
PAY0003756,INV0004071,SUP00008,DPT002,2024-08-24,9559.0,Bank Transfer,Completed,Saturday,1,0,0
PAY0003757,INV0004072,SUP00007,DPT005,2024-08-30,20314.95,Bank Transfer,Completed,Friday,0,0,0
PAY0003758,INV0004073,SUP00009,DPT002,2024-03-26,15275.02,Bank Transfer,Completed,Tuesday,0,0,0
PAY0003759,INV0004074,SUP00072,DPT004,2024-11-12,19054.12,Cash,Completed,Tuesday,0,1,0
PAY0003760,INV0004075,SUP00010,DPT001,2024-02-05,4666.98,Bank Transfer,Completed,Monday,0,0,0
PAY0003761,INV0004076,SUP00002,DPT004,2025-03-31,18837.34,Bank Transfer,Completed,Monday,0,0,0
PAY0003762,INV0004077,SUP00019,DPT009,2024-12-12,76610.16,Bank Transfer,Completed,Thursday,0,0,0
PAY0003763,INV0004078,SUP00008,DPT003,2024-06-10,15330.3,Bank Transfer,Completed,Monday,0,0,0
PAY0003764,INV0004079,SUP00032,DPT007,2024-05-15,2362.82,Bank Transfer,Completed,Wednesday,0,0,0
PAY0003765,INV0004080,SUP00026,DPT004,2025-01-02,10032.19,Check,Completed,Thursday,0,0,0
PAY0003766,INV0004081,SUP00003,DPT002,2024-04-05,618.97,Bank Transfer,Completed,Friday,0,0,0
PAY0003767,INV0004082,SUP00009,DPT003,2024-04-27,12980.1,Bank Transfer,Completed,Saturday,1,0,0
PAY0003768,INV0004083,SUP00010,DPT003,2024-09-06,883.46,Bank Transfer,Completed,Friday,0,0,0
PAY0003769,INV0004084,SUP00028,DPT008,2024-08-24,13860.24,Bank Transfer,Completed,Saturday,1,0,0
PAY0003770,INV0004085,SUP00216,DPT002,2024-04-14,5812.86,Bank Transfer,Completed,Sunday,1,0,0
PAY0003771,INV0004086,SUP00008,DPT012,2024-03-25,19085.5,Check,Completed,Monday,0,0,0
PAY0003772,INV0004087,SUP00006,DPT007,2024-05-29,6555.37,Bank Transfer,Completed,Wednesday,0,0,0
PAY0003773,INV0004089,SUP00088,DPT012,2024-03-21,11572.97,Bank Transfer,Completed,Thursday,0,0,0
PAY0003774,INV0004091,SUP00126,DPT008,2024-06-05,3857.57,Bank Transfer,Completed,Wednesday,0,0,0
PAY0003775,INV0004092,SUP00138,DPT003,2024-05-01,3652.16,Bank Transfer,Completed,Wednesday,0,0,0
PAY0003776,INV0004093,SUP00002,DPT005,2025-03-12,1190.41,Bank Transfer,Completed,Wednesday,0,0,0
PAY0003777,INV0004095,SUP00302,DPT009,2024-12-10,6712.81,Bank Transfer,Completed,Tuesday,0,0,0
PAY0003778,INV0004096,SUP00010,DPT003,2024-12-04,6415.07,Bank Transfer,Completed,Wednesday,0,0,0
PAY0003779,INV0004097,SUP00043,DPT005,2024-07-21,9618.88,Bank Transfer,Completed,Sunday,1,0,0
PAY0003780,INV0004098,SUP00048,DPT011,2024-07-03,2709.51,Bank Transfer,Completed,Wednesday,0,0,0
PAY0003781,INV0004099,SUP00009,DPT001,2024-06-01,7288.46,Bank Transfer,Completed,Saturday,1,0,0
PAY0003782,INV0004100,SUP00190,DPT012,2024-07-13,28109.89,Card,Completed,Saturday,1,0,0
PAY0003783,INV0004101,SUP00001,DPT005,2024-12-07,9946.37,Bank Transfer,Completed,Saturday,1,0,0
PAY0003784,INV0004102,SUP00008,DPT009,2024-06-27,6415.74,Check,Completed,Thursday,0,0,0
PAY0003785,INV0004103,SUP00080,DPT004,2024-10-18,8242.75,Bank Transfer,Completed,Friday,0,0,0
PAY0003786,INV0004104,SUP00272,DPT009,2024-12-29,25115.29,Bank Transfer,Completed,Sunday,1,0,0
PAY0003787,INV0004105,SUP00001,DPT010,2024-04-27,20238.43,Bank Transfer,Completed,Saturday,1,0,0
PAY0003788,INV0004106,SUP00085,DPT003,2024-05-27,3323.62,Bank Transfer,Completed,Monday,0,0,0
PAY0003789,INV0004107,SUP00001,DPT008,2024-12-18,3416.2,Bank Transfer,Completed,Wednesday,0,0,0
PAY0003790,INV0004108,SUP00098,DPT012,2024-06-22,3115.85,Bank Transfer,Completed,Saturday,1,0,0
PAY0003791,INV0004109,SUP00021,DPT008,2025-02-01,3090.69,Bank Transfer,Completed,Saturday,1,0,0
PAY0003792,INV0004110,SUP00023,DPT011,2024-08-11,14867.85,Bank Transfer,Failed,Sunday,1,0,1
PAY0003793,INV0004111,SUP00301,DPT008,2024-06-13,5039.99,Bank Transfer,Completed,Thursday,0,0,0
PAY0003794,INV0004112,SUP00133,DPT003,2024-07-13,19936.11,Bank Transfer,Completed,Saturday,1,0,0
PAY0003795,INV0004113,SUP00007,DPT009,2025-01-07,2117.77,Bank Transfer,Completed,Tuesday,0,0,0
PAY0003796,INV0004114,SUP00319,DPT007,2024-03-09,1390.55,Bank Transfer,Completed,Saturday,1,0,0
PAY0003797,INV0004115,SUP00009,DPT001,2024-11-19,43509.81,Bank Transfer,Completed,Tuesday,0,0,0
PAY0003798,INV0004116,SUP00135,DPT002,2024-12-12,18594.92,Bank Transfer,Completed,Thursday,0,0,0
PAY0003799,INV0004117,SUP00132,DPT002,2024-12-25,2758.99,Bank Transfer,Pending,Wednesday,0,0,1
PAY0003800,INV0004118,SUP00232,DPT008,2024-07-20,7038.84,Bank Transfer,Completed,Saturday,1,0,0
PAY0003801,INV0004119,SUP00020,DPT009,2024-06-18,30288.69,Check,Pending,Tuesday,0,0,1
PAY0003802,INV0004120,SUP00141,DPT009,2024-11-29,5473.35,Bank Transfer,Completed,Friday,0,0,0
PAY0003803,INV0004121,SUP00100,DPT001,2024-06-05,16053.67,Bank Transfer,Completed,Wednesday,0,0,0
PAY0003804,INV0004122,SUP00023,DPT001,2024-07-08,4976.21,Bank Transfer,Completed,Monday,0,0,0
PAY0003805,INV0004123,SUP00271,DPT003,2024-10-14,4346.49,Bank Transfer,Completed,Monday,0,0,0
PAY0003806,INV0004124,SUP00009,DPT007,2024-07-29,291.38,Bank Transfer,Completed,Monday,0,0,0
PAY0003807,INV0004125,SUP00008,DPT009,2024-06-18,3733.03,Bank Transfer,Completed,Tuesday,0,0,0
PAY0003808,INV0004126,SUP00102,DPT010,2024-08-02,3300.56,Bank Transfer,Completed,Friday,0,0,0
PAY0003809,INV0004127,SUP00007,DPT002,2024-09-11,10961.3,Card,Completed,Wednesday,0,0,0
PAY0003810,INV0004128,SUP00220,DPT008,2024-03-13,7974.63,Check,Completed,Wednesday,0,0,0
PAY0003811,INV0004129,SUP00014,DPT006,2024-09-03,7478.56,Bank Transfer,Completed,Tuesday,0,0,0
PAY0003812,INV0004130,SUP00022,DPT011,2024-11-20,17886.64,Cash,Completed,Wednesday,0,1,0
PAY0003813,INV0004131,SUP00133,DPT009,2024-05-04,407.39,Bank Transfer,Completed,Saturday,1,0,0
PAY0003814,INV0004132,SUP00253,DPT005,2024-04-19,5552.51,Bank Transfer,Completed,Friday,0,0,0
PAY0003815,INV0004133,SUP00138,DPT009,2024-11-21,14952.71,Bank Transfer,Completed,Thursday,0,0,0
PAY0003816,INV0004135,SUP00014,DPT009,2024-03-07,4300.46,Bank Transfer,Completed,Thursday,0,0,0
PAY0003817,INV0004136,SUP00173,DPT009,2024-02-09,6038.66,Bank Transfer,Completed,Friday,0,0,0
PAY0003818,INV0004137,SUP00266,DPT010,2025-02-02,10621.74,Bank Transfer,Completed,Sunday,1,0,0
PAY0003819,INV0004139,SUP00082,DPT009,2024-08-15,2305.85,Bank Transfer,Completed,Thursday,0,0,0
PAY0003820,INV0004140,SUP00018,DPT002,2024-11-29,4689.79,Bank Transfer,Completed,Friday,0,0,0
PAY0003821,INV0004141,SUP00028,DPT009,2024-08-19,31907.43,Bank Transfer,Completed,Monday,0,0,0
PAY0003822,INV0004142,SUP00023,DPT011,2024-06-14,38416.28,Bank Transfer,Completed,Friday,0,0,0
PAY0003823,INV0004143,SUP00002,DPT001,2025-02-09,4112.17,Check,Completed,Sunday,1,0,0
PAY0003824,INV0004144,SUP00001,DPT006,2024-08-16,6741.9,Bank Transfer,Completed,Friday,0,0,0
PAY0003825,INV0004145,SUP00095,DPT006,2024-07-30,2118.94,Bank Transfer,Completed,Tuesday,0,0,0
PAY0003826,INV0004146,SUP00031,DPT009,2024-09-26,19172.2,Check,Pending,Thursday,0,0,1
PAY0003827,INV0004147,SUP00009,DPT001,2024-06-04,85992.82,Bank Transfer,Completed,Tuesday,0,0,0
PAY0003828,INV0004148,SUP00257,DPT011,2024-07-11,3328.79,Bank Transfer,Completed,Thursday,0,0,0
PAY0003829,INV0004149,SUP00007,DPT012,2024-04-23,23208.91,Bank Transfer,Completed,Tuesday,0,0,0
PAY0003830,INV0004151,SUP00196,DPT004,2024-11-10,4903.46,Bank Transfer,Completed,Sunday,1,0,0
PAY0003831,INV0004152,SUP00226,DPT006,2024-07-26,2724.13,Bank Transfer,Completed,Friday,0,0,0
PAY0003832,INV0004153,SUP00226,DPT001,2024-12-07,102570.13,Bank Transfer,Completed,Saturday,1,0,0
PAY0003833,INV0004154,SUP00199,DPT008,2024-10-09,14822.61,Bank Transfer,Completed,Wednesday,0,0,0
PAY0003834,INV0004155,SUP00026,DPT001,2024-09-01,18054.14,Bank Transfer,Completed,Sunday,1,0,0
PAY0003835,INV0004156,SUP00099,DPT003,2025-02-15,4753.61,Bank Transfer,Completed,Saturday,1,0,0
PAY0003836,INV0004157,SUP00237,DPT002,2024-07-21,6274.54,Bank Transfer,Completed,Sunday,1,0,0
PAY0003837,INV0004158,SUP00022,DPT008,2024-11-01,1481.99,Bank Transfer,Completed,Friday,0,0,0
PAY0003838,INV0004159,SUP00126,DPT006,2024-12-23,14163.44,Check,Completed,Monday,0,0,0
PAY0003839,INV0004160,SUP00006,DPT007,2024-08-25,19909.57,Cash,Completed,Sunday,1,1,0
PAY0003840,INV0004161,SUP00064,DPT001,2024-09-04,1849.45,Bank Transfer,Completed,Wednesday,0,0,0
PAY0003841,INV0004162,SUP00005,DPT003,2025-03-28,2230.54,Bank Transfer,Completed,Friday,0,0,0
PAY0003842,INV0004163,SUP00120,DPT004,2024-09-08,95315.98,Bank Transfer,Pending,Sunday,1,0,1
PAY0003843,INV0004164,SUP00018,DPT006,2024-07-31,4352.98,Bank Transfer,Failed,Wednesday,0,0,1
PAY0003844,INV0004165,SUP00008,DPT001,2024-11-04,8856.08,Bank Transfer,Completed,Monday,0,0,0
PAY0003845,INV0004166,SUP00016,DPT006,2024-12-31,1536.28,Bank Transfer,Completed,Tuesday,0,0,0
PAY0003846,INV0004167,SUP00144,DPT004,2024-05-04,4813.03,Bank Transfer,Completed,Saturday,1,0,0
PAY0003847,INV0004168,SUP00266,DPT011,2024-09-13,1228.8,Bank Transfer,Completed,Friday,0,0,0
PAY0003848,INV0004169,SUP00001,DPT004,2024-12-10,9130.09,Bank Transfer,Completed,Tuesday,0,0,0
PAY0003849,INV0004170,SUP00006,DPT001,2024-10-07,2114.8,Bank Transfer,Pending,Monday,0,0,1
PAY0003850,INV0004171,SUP00147,DPT001,2024-05-28,15143.72,Bank Transfer,Completed,Tuesday,0,0,0
PAY0003851,INV0004172,SUP00066,DPT002,2024-10-31,759.31,Bank Transfer,Completed,Thursday,0,0,0
PAY0003852,INV0004173,SUP00012,DPT002,2024-05-26,2913.44,Bank Transfer,Completed,Sunday,1,0,0
PAY0003853,INV0004174,SUP00115,DPT009,2024-03-24,22526.46,Bank Transfer,Completed,Sunday,1,0,0
PAY0003854,INV0004175,SUP00242,DPT008,2024-06-05,25360.44,Card,Completed,Wednesday,0,0,0
PAY0003855,INV0004176,SUP00009,DPT001,2025-01-30,6063.71,Bank Transfer,Completed,Thursday,0,0,0
PAY0003856,INV0004177,SUP00028,DPT010,2024-11-13,3756.78,Bank Transfer,Completed,Wednesday,0,0,0
PAY0003857,INV0004178,SUP00001,DPT001,2024-04-01,6978.44,Bank Transfer,Completed,Monday,0,0,0
PAY0003858,INV0004179,SUP00289,DPT009,2024-11-10,63902.68,Bank Transfer,Completed,Sunday,1,0,0
PAY0003859,INV0004180,SUP00203,DPT001,2024-06-22,4422.05,Bank Transfer,Completed,Saturday,1,0,0
PAY0003860,INV0004182,SUP00316,DPT008,2024-05-03,1765.83,Check,Completed,Friday,0,0,0
PAY0003861,INV0004183,SUP00008,DPT002,2024-06-09,2704.37,Bank Transfer,Completed,Sunday,1,0,0
PAY0003862,INV0004184,SUP00169,DPT001,2024-04-19,9842.35,Bank Transfer,Completed,Friday,0,0,0
PAY0003863,INV0004185,SUP00185,DPT009,2024-06-19,17470.42,Bank Transfer,Completed,Wednesday,0,0,0
PAY0003864,INV0004187,SUP00135,DPT010,2024-06-15,15513.95,Check,Completed,Saturday,1,0,0
PAY0003865,INV0004188,SUP00007,DPT006,2025-01-07,1918.61,Bank Transfer,Completed,Tuesday,0,0,0
PAY0003866,INV0004189,SUP00003,DPT001,2024-09-25,1714.11,Bank Transfer,Completed,Wednesday,0,0,0
PAY0003867,INV0004190,SUP00006,DPT006,2024-05-25,15365.49,Bank Transfer,Completed,Saturday,1,0,0
PAY0003868,INV0004191,SUP00237,DPT009,2024-09-24,3497.04,Bank Transfer,Completed,Tuesday,0,0,0
PAY0003869,INV0004192,SUP00020,DPT001,2024-12-22,1526.21,Bank Transfer,Completed,Sunday,1,0,0
PAY0003870,INV0004193,SUP00053,DPT002,2024-06-04,7535.21,Check,Completed,Tuesday,0,0,0
PAY0003871,INV0004194,SUP00001,DPT007,2024-05-08,6549.71,Bank Transfer,Completed,Wednesday,0,0,0
PAY0003872,INV0004195,SUP00029,DPT009,2024-07-01,4857.26,Bank Transfer,Completed,Monday,0,0,0
PAY0003873,INV0004196,SUP00021,DPT003,2024-05-25,37685.75,Bank Transfer,Completed,Saturday,1,0,0
PAY0003874,INV0004197,SUP00046,DPT008,2024-09-13,52469.5,Bank Transfer,Completed,Friday,0,0,0
PAY0003875,INV0004199,SUP00003,DPT004,2024-05-25,9962.38,Bank Transfer,Completed,Saturday,1,0,0
PAY0003876,INV0004200,SUP00002,DPT008,2024-07-22,15497.47,Bank Transfer,Completed,Monday,0,0,0
PAY0003877,INV0004201,SUP00291,DPT002,2024-10-20,7307.05,Bank Transfer,Completed,Sunday,1,0,0
PAY0003878,INV0004202,SUP00087,DPT003,2024-10-02,4699.04,Bank Transfer,Completed,Wednesday,0,0,0
PAY0003879,INV0004203,SUP00110,DPT006,2024-07-30,3037.39,Check,Completed,Tuesday,0,0,0
PAY0003880,INV0004204,SUP00271,DPT003,2024-03-22,2505.14,Bank Transfer,Completed,Friday,0,0,0
PAY0003881,INV0004205,SUP00056,DPT010,2024-11-02,17339.36,Check,Completed,Saturday,1,0,0
PAY0003882,INV0004207,SUP00039,DPT006,2024-09-26,3042.83,Bank Transfer,Completed,Thursday,0,0,0
PAY0003883,INV0004208,SUP00006,DPT009,2024-06-29,3963.78,Bank Transfer,Completed,Saturday,1,0,0
PAY0003884,INV0004209,SUP00011,DPT011,2024-11-21,1166.43,Bank Transfer,Completed,Thursday,0,0,0
PAY0003885,INV0004210,SUP00252,DPT007,2024-05-25,3846.31,Bank Transfer,Completed,Saturday,1,0,0
PAY0003886,INV0004211,SUP00024,DPT009,2024-11-11,6806.88,Bank Transfer,Completed,Monday,0,0,0
PAY0003887,INV0004212,SUP00007,DPT001,2024-01-31,19502.07,Cash,Completed,Wednesday,0,1,0
PAY0003888,INV0004213,SUP00219,DPT009,2024-12-15,3244.11,Bank Transfer,Completed,Sunday,1,0,0
PAY0003889,INV0004214,SUP00003,DPT003,2024-11-08,6722.48,Bank Transfer,Completed,Friday,0,0,0
PAY0003890,INV0004215,SUP00108,DPT001,2024-08-12,1072.77,Bank Transfer,Completed,Monday,0,0,0
PAY0003891,INV0004216,SUP00144,DPT005,2024-08-23,1481.65,Check,Completed,Friday,0,0,0
PAY0003892,INV0004217,SUP00010,DPT002,2024-04-16,666.71,Bank Transfer,Completed,Tuesday,0,0,0
PAY0003893,INV0004218,SUP00006,DPT001,2024-03-13,18072.8,Bank Transfer,Pending,Wednesday,0,0,1
PAY0003894,INV0004219,SUP00025,DPT006,2024-02-08,4067.92,Bank Transfer,Completed,Thursday,0,0,0
PAY0003895,INV0004221,SUP00254,DPT010,2024-08-04,9855.89,Bank Transfer,Completed,Sunday,1,0,0
PAY0003896,INV0004222,SUP00212,DPT012,2024-07-31,15393.55,Check,Completed,Wednesday,0,0,0
PAY0003897,INV0004223,SUP00004,DPT008,2024-11-29,60274.14,Bank Transfer,Completed,Friday,0,0,0
PAY0003898,INV0004225,SUP00095,DPT005,2024-08-16,2678.1,Bank Transfer,Completed,Friday,0,0,0
PAY0003899,INV0004226,SUP00149,DPT001,2024-09-07,13332.26,Bank Transfer,Completed,Saturday,1,0,0
PAY0003900,INV0004227,SUP00001,DPT006,2024-03-16,90114.22,Bank Transfer,Pending,Saturday,1,0,1
PAY0003901,INV0004228,SUP00005,DPT002,2024-04-16,3211.51,Bank Transfer,Completed,Tuesday,0,0,0
PAY0003902,INV0004229,SUP00004,DPT004,2024-06-05,2376.79,Bank Transfer,Completed,Wednesday,0,0,0
PAY0003903,INV0004230,SUP00014,DPT002,2024-01-04,320.67,Bank Transfer,Completed,Thursday,0,0,0
PAY0003904,INV0004232,SUP00287,DPT002,2024-06-16,29865.83,Check,Completed,Sunday,1,0,0
PAY0003905,INV0004233,SUP00003,DPT004,2024-07-01,4894.41,Check,Completed,Monday,0,0,0
PAY0003906,INV0004234,SUP00030,DPT002,2024-10-04,1612.92,Bank Transfer,Completed,Friday,0,0,0
PAY0003907,INV0004235,SUP00017,DPT005,2025-01-02,5998.8,Bank Transfer,Completed,Thursday,0,0,0
PAY0003908,INV0004236,SUP00020,DPT011,2024-05-18,120297.64,Bank Transfer,Completed,Saturday,1,0,0
PAY0003909,INV0004237,SUP00003,DPT002,2024-03-16,5873.67,Bank Transfer,Completed,Saturday,1,0,0
PAY0003910,INV0004238,SUP00010,DPT002,2024-06-26,54603.95,Bank Transfer,Completed,Wednesday,0,0,0
PAY0003911,INV0004239,SUP00009,DPT001,2024-08-10,2048.85,Bank Transfer,Completed,Saturday,1,0,0
PAY0003912,INV0004240,SUP00154,DPT005,2024-04-01,32396.9,Bank Transfer,Completed,Monday,0,0,0
PAY0003913,INV0004241,SUP00109,DPT006,2024-09-18,3171.71,Bank Transfer,Completed,Wednesday,0,0,0
PAY0003914,INV0004242,SUP00106,DPT009,2024-06-23,2468.57,Bank Transfer,Completed,Sunday,1,0,0
PAY0003915,INV0004244,SUP00014,DPT001,2024-04-05,4145.05,Bank Transfer,Completed,Friday,0,0,0
PAY0003916,INV0004245,SUP00008,DPT011,2025-01-12,18817.68,Bank Transfer,Completed,Sunday,1,0,0
PAY0003917,INV0004246,SUP00001,DPT009,2024-07-03,3359.19,Bank Transfer,Completed,Wednesday,0,0,0
PAY0003918,INV0004247,SUP00005,DPT006,2024-06-23,20987.56,Bank Transfer,Completed,Sunday,1,0,0
PAY0003919,INV0004248,SUP00008,DPT003,2024-03-26,2718.11,Bank Transfer,Completed,Tuesday,0,0,0
PAY0003920,INV0004251,SUP00183,DPT003,2025-02-09,48862.44,Bank Transfer,Completed,Sunday,1,0,0
PAY0003921,INV0004252,SUP00091,DPT001,2024-06-07,10850.36,Bank Transfer,Completed,Friday,0,0,0
PAY0003922,INV0004253,SUP00125,DPT006,2024-12-17,8325.27,Bank Transfer,Completed,Tuesday,0,0,0
PAY0003923,INV0004254,SUP00085,DPT005,2024-11-03,4423.71,Bank Transfer,Completed,Sunday,1,0,0
PAY0003924,INV0004255,SUP00112,DPT002,2024-11-25,3107.28,Check,Completed,Monday,0,0,0
PAY0003925,INV0004256,SUP00008,DPT011,2024-06-16,1897.14,Bank Transfer,Pending,Sunday,1,0,1
PAY0003926,INV0004258,SUP00177,DPT003,2024-07-06,923.37,Bank Transfer,Completed,Saturday,1,0,0
PAY0003927,INV0004259,SUP00008,DPT003,2024-10-19,4045.3,Bank Transfer,Completed,Saturday,1,0,0
PAY0003928,INV0004260,SUP00034,DPT007,2025-01-05,16728.05,Bank Transfer,Completed,Sunday,1,0,0
PAY0003929,INV0004261,SUP00196,DPT001,2024-10-24,880.35,Bank Transfer,Completed,Thursday,0,0,0
PAY0003930,INV0004263,SUP00018,DPT004,2025-03-20,2241.18,Check,Completed,Thursday,0,0,0
PAY0003931,INV0004264,SUP00028,DPT002,2024-03-02,6180.86,Bank Transfer,Completed,Saturday,1,0,0
PAY0003932,INV0004265,SUP00011,DPT001,2024-10-16,4974.26,Bank Transfer,Completed,Wednesday,0,0,0
PAY0003933,INV0004266,SUP00018,DPT004,2024-12-14,445.53,Bank Transfer,Completed,Saturday,1,0,0
PAY0003934,INV0004267,SUP00008,DPT004,2024-09-15,12466.05,Bank Transfer,Completed,Sunday,1,0,0
PAY0003935,INV0004268,SUP00001,DPT002,2024-08-05,1945.28,Bank Transfer,Completed,Monday,0,0,0
PAY0003936,INV0004269,SUP00021,DPT004,2025-02-08,3198.56,Bank Transfer,Pending,Saturday,1,0,1
PAY0003937,INV0004270,SUP00027,DPT004,2024-02-23,6380.66,Bank Transfer,Completed,Friday,0,0,0
PAY0003938,INV0004271,SUP00191,DPT012,2025-02-10,9219.25,Bank Transfer,Completed,Monday,0,0,0
PAY0003939,INV0004272,SUP00039,DPT007,2024-04-01,9768.42,Bank Transfer,Completed,Monday,0,0,0
PAY0003940,INV0004273,SUP00013,DPT001,2024-07-02,15196.36,Check,Completed,Tuesday,0,0,0
PAY0003941,INV0004274,SUP00026,DPT004,2024-04-19,347.24,Bank Transfer,Completed,Friday,0,0,0
PAY0003942,INV0004275,SUP00200,DPT001,2025-02-12,10599.43,Bank Transfer,Completed,Wednesday,0,0,0
PAY0003943,INV0004276,SUP00028,DPT005,2024-07-06,6081.72,Bank Transfer,Completed,Saturday,1,0,0
PAY0003944,INV0004277,SUP00058,DPT003,2024-07-10,3198.34,Bank Transfer,Completed,Wednesday,0,0,0
PAY0003945,INV0004278,SUP00006,DPT011,2024-10-01,8094.66,Check,Completed,Tuesday,0,0,0
PAY0003946,INV0004279,SUP00001,DPT004,2024-05-07,17207.33,Bank Transfer,Completed,Tuesday,0,0,0
PAY0003947,INV0004280,SUP00279,DPT009,2024-05-25,2159.09,Bank Transfer,Completed,Saturday,1,0,0
PAY0003948,INV0004281,SUP00009,DPT005,2024-03-28,30693.93,Bank Transfer,Completed,Thursday,0,0,0
PAY0003949,INV0004282,SUP00015,DPT004,2024-09-23,22689.42,Bank Transfer,Completed,Monday,0,0,0
PAY0003950,INV0004283,SUP00004,DPT002,2024-04-04,9254.3,Bank Transfer,Completed,Thursday,0,0,0
PAY0003951,INV0004284,SUP00033,DPT002,2024-10-07,1487.72,Bank Transfer,Completed,Monday,0,0,0
PAY0003952,INV0004285,SUP00165,DPT009,2024-06-26,72030.51,Bank Transfer,Completed,Wednesday,0,0,0
PAY0003953,INV0004287,SUP00235,DPT003,2025-02-18,6999.23,Check,Completed,Tuesday,0,0,0
PAY0003954,INV0004289,SUP00011,DPT003,2024-05-16,11437.14,Bank Transfer,Completed,Thursday,0,0,0
PAY0003955,INV0004290,SUP00300,DPT004,2024-03-25,17325.04,Bank Transfer,Completed,Monday,0,0,0
PAY0003956,INV0004291,SUP00025,DPT010,2024-12-23,100800.66,Bank Transfer,Completed,Monday,0,0,0
PAY0003957,INV0004292,SUP00223,DPT002,2024-11-19,1424.25,Bank Transfer,Completed,Tuesday,0,0,0
PAY0003958,INV0004293,SUP00091,DPT003,2024-03-07,19124.86,Bank Transfer,Completed,Thursday,0,0,0
PAY0003959,INV0004294,SUP00006,DPT007,2024-06-24,2334.86,Bank Transfer,Completed,Monday,0,0,0
PAY0003960,INV0004295,SUP00295,DPT003,2024-04-12,1877.15,Bank Transfer,Completed,Friday,0,0,0
PAY0003961,INV0004296,SUP00012,DPT001,2024-10-10,5697.47,Check,Completed,Thursday,0,0,0
PAY0003962,INV0004298,SUP00009,DPT007,2024-07-29,9399.97,Bank Transfer,Completed,Monday,0,0,0
PAY0003963,INV0004299,SUP00070,DPT012,2024-08-11,12084.24,Cash,Completed,Sunday,1,1,0
PAY0003964,INV0004300,SUP00050,DPT010,2025-01-08,3501.73,Cash,Completed,Wednesday,0,1,0
PAY0003965,INV0004301,SUP00009,DPT005,2025-01-31,6892.08,Bank Transfer,Completed,Friday,0,0,0
PAY0003966,INV0004302,SUP00314,DPT009,2024-06-14,3428.92,Bank Transfer,Completed,Friday,0,0,0
PAY0003967,INV0004303,SUP00005,DPT005,2024-05-28,10004.35,Bank Transfer,Completed,Tuesday,0,0,0
PAY0003968,INV0004304,SUP00024,DPT004,2024-09-07,10571.02,Check,Completed,Saturday,1,0,0
PAY0003969,INV0004305,SUP00002,DPT002,2024-07-16,13568.94,Bank Transfer,Completed,Tuesday,0,0,0
PAY0003970,INV0004306,SUP00133,DPT003,2024-07-29,4317.76,Bank Transfer,Completed,Monday,0,0,0
PAY0003971,INV0004307,SUP00026,DPT004,2024-12-10,8011.57,Bank Transfer,Completed,Tuesday,0,0,0
PAY0003972,INV0004310,SUP00181,DPT011,2024-09-02,12873.83,Bank Transfer,Completed,Monday,0,0,0
PAY0003973,INV0004312,SUP00240,DPT001,2025-01-17,1641.99,Bank Transfer,Completed,Friday,0,0,0
PAY0003974,INV0004313,SUP00012,DPT012,2024-07-06,10884.55,Bank Transfer,Completed,Saturday,1,0,0
PAY0003975,INV0004314,SUP00160,DPT003,2024-10-05,10567.13,Bank Transfer,Completed,Saturday,1,0,0
PAY0003976,INV0004315,SUP00003,DPT005,2024-11-18,1699.5,Bank Transfer,Completed,Monday,0,0,0
PAY0003977,INV0004316,SUP00005,DPT001,2024-11-29,16217.19,Bank Transfer,Completed,Friday,0,0,0
PAY0003978,INV0004317,SUP00026,DPT010,2024-07-14,7161.38,Card,Completed,Sunday,1,0,0
PAY0003979,INV0004318,SUP00026,DPT001,2024-03-03,5222.08,Bank Transfer,Completed,Sunday,1,0,0
PAY0003980,INV0004319,SUP00030,DPT011,2024-08-26,7653.38,Bank Transfer,Completed,Monday,0,0,0
PAY0003981,INV0004321,SUP00109,DPT002,2025-01-08,37254.59,Check,Completed,Wednesday,0,0,0
PAY0003982,INV0004322,SUP00294,DPT009,2025-03-29,5643.12,Bank Transfer,Completed,Saturday,1,0,0
PAY0003983,INV0004323,SUP00006,DPT003,2024-01-12,4567.33,Bank Transfer,Completed,Friday,0,0,0
PAY0003984,INV0004324,SUP00016,DPT002,2024-03-26,12138.25,Bank Transfer,Completed,Tuesday,0,0,0
PAY0003985,INV0004325,SUP00003,DPT006,2024-12-27,1277.61,Bank Transfer,Completed,Friday,0,0,0
PAY0003986,INV0004326,SUP00007,DPT002,2024-11-09,16702.45,Cash,Completed,Saturday,1,1,0
PAY0003987,INV0004327,SUP00313,DPT003,2024-12-26,1271.81,Bank Transfer,Completed,Thursday,0,0,0
PAY0003988,INV0004328,SUP00002,DPT001,2024-05-04,1275.61,Bank Transfer,Completed,Saturday,1,0,0
PAY0003989,INV0004329,SUP00008,DPT005,2024-01-29,35986.85,Bank Transfer,Completed,Monday,0,0,0
PAY0003990,INV0004330,SUP00022,DPT001,2024-07-06,549.8,Bank Transfer,Completed,Saturday,1,0,0
PAY0003991,INV0004331,SUP00010,DPT009,2024-04-05,27131.99,Bank Transfer,Completed,Friday,0,0,0
PAY0003992,INV0004332,SUP00052,DPT008,2024-12-22,36271.2,Bank Transfer,Completed,Sunday,1,0,0
PAY0003993,INV0004333,SUP00315,DPT003,2024-10-17,8968.8,Bank Transfer,Completed,Thursday,0,0,0
PAY0003994,INV0004334,SUP00146,DPT005,2024-11-14,12151.07,Bank Transfer,Completed,Thursday,0,0,0
PAY0003995,INV0004335,SUP00020,DPT005,2024-10-18,972.28,Bank Transfer,Completed,Friday,0,0,0
PAY0003996,INV0004336,SUP00133,DPT007,2024-09-18,3413.7,Bank Transfer,Completed,Wednesday,0,0,0
PAY0003997,INV0004337,SUP00245,DPT004,2024-09-09,9038.65,Bank Transfer,Completed,Monday,0,0,0
PAY0003998,INV0004338,SUP00008,DPT006,2024-05-02,8712.69,Bank Transfer,Completed,Thursday,0,0,0
PAY0003999,INV0004339,SUP00153,DPT002,2025-02-10,9782.26,Check,Completed,Monday,0,0,0
PAY0004000,INV0004340,SUP00093,DPT004,2024-08-29,8593.99,Bank Transfer,Completed,Thursday,0,0,0
PAY0004001,INV0004342,SUP00003,DPT011,2024-03-24,1466.7,Bank Transfer,Completed,Sunday,1,0,0
PAY0004002,INV0004343,SUP00163,DPT004,2024-02-29,8966.03,Bank Transfer,Completed,Thursday,0,0,0
PAY0004003,INV0004344,SUP00195,DPT006,2025-01-02,1660.28,Bank Transfer,Completed,Thursday,0,0,0
PAY0004004,INV0004345,SUP00136,DPT004,2024-03-14,3915.92,Bank Transfer,Completed,Thursday,0,0,0
PAY0004005,INV0004346,SUP00007,DPT001,2025-02-05,29121.07,Bank Transfer,Completed,Wednesday,0,0,0
PAY0004006,INV0004347,SUP00006,DPT001,2024-12-11,975.17,Bank Transfer,Pending,Wednesday,0,0,1
PAY0004007,INV0004348,SUP00166,DPT002,2024-06-28,5199.63,Bank Transfer,Pending,Friday,0,0,1
PAY0004008,INV0004349,SUP00113,DPT007,2024-02-15,5063.33,Bank Transfer,Failed,Thursday,0,0,1
PAY0004009,INV0004350,SUP00311,DPT006,2025-01-28,12706.06,Bank Transfer,Completed,Tuesday,0,0,0
PAY0004010,INV0004351,SUP00025,DPT002,2024-09-19,8514.73,Check,Completed,Thursday,0,0,0
PAY0004011,INV0004352,SUP00008,DPT004,2025-01-20,2838.14,Bank Transfer,Completed,Monday,0,0,0
PAY0004012,INV0004353,SUP00185,DPT003,2024-12-28,26913.14,Bank Transfer,Completed,Saturday,1,0,0
PAY0004013,INV0004354,SUP00172,DPT005,2024-02-06,1443.58,Check,Completed,Tuesday,0,0,0
PAY0004014,INV0004355,SUP00039,DPT003,2024-02-23,13242.84,Bank Transfer,Completed,Friday,0,0,0
PAY0004015,INV0004357,SUP00011,DPT004,2024-02-23,2388.33,Bank Transfer,Completed,Friday,0,0,0
PAY0004016,INV0004358,SUP00008,DPT004,2024-12-21,3816.22,Bank Transfer,Failed,Saturday,1,0,1
PAY0004017,INV0004359,SUP00005,DPT007,2024-12-21,48024.62,Bank Transfer,Completed,Saturday,1,0,0
PAY0004018,INV0004360,SUP00010,DPT009,2024-07-02,1616.46,Bank Transfer,Completed,Tuesday,0,0,0
PAY0004019,INV0004361,SUP00117,DPT004,2024-05-15,781.56,Check,Completed,Wednesday,0,0,0
PAY0004020,INV0004362,SUP00009,DPT001,2025-02-20,2971.63,Bank Transfer,Completed,Thursday,0,0,0
PAY0004021,INV0004363,SUP00252,DPT001,2024-07-09,9706.6,Bank Transfer,Completed,Tuesday,0,0,0
PAY0004022,INV0004365,SUP00134,DPT008,2024-08-13,6362.01,Bank Transfer,Completed,Tuesday,0,0,0
PAY0004023,INV0004366,SUP00042,DPT006,2024-06-16,935.18,Bank Transfer,Completed,Sunday,1,0,0
PAY0004024,INV0004367,SUP00007,DPT003,2024-12-05,6648.07,Bank Transfer,Completed,Thursday,0,0,0
PAY0004025,INV0004368,SUP00059,DPT001,2025-02-14,15993.18,Bank Transfer,Completed,Friday,0,0,0
PAY0004026,INV0004369,SUP00294,DPT006,2024-05-24,8662.93,Bank Transfer,Completed,Friday,0,0,0
PAY0004027,INV0004370,SUP00288,DPT005,2024-05-08,10539.72,Bank Transfer,Completed,Wednesday,0,0,0
PAY0004028,INV0004371,SUP00010,DPT009,2024-12-09,714.32,Bank Transfer,Completed,Monday,0,0,0
PAY0004029,INV0004372,SUP00047,DPT007,2024-12-07,1276.02,Bank Transfer,Completed,Saturday,1,0,0
PAY0004030,INV0004373,SUP00005,DPT002,2024-11-03,5003.18,Check,Completed,Sunday,1,0,0
PAY0004031,INV0004374,SUP00027,DPT008,2024-03-19,22031.85,Card,Completed,Tuesday,0,0,0
PAY0004032,INV0004375,SUP00012,DPT004,2024-02-10,2413.79,Bank Transfer,Failed,Saturday,1,0,1
PAY0004033,INV0004376,SUP00279,DPT005,2024-05-15,7570.37,Card,Completed,Wednesday,0,0,0
PAY0004034,INV0004377,SUP00104,DPT003,2024-03-15,7276.85,Bank Transfer,Completed,Friday,0,0,0
PAY0004035,INV0004378,SUP00007,DPT009,2024-07-31,1817.35,Bank Transfer,Completed,Wednesday,0,0,0
PAY0004036,INV0004379,SUP00316,DPT002,2024-10-30,2633.8,Bank Transfer,Completed,Wednesday,0,0,0
PAY0004037,INV0004380,SUP00140,DPT002,2024-09-20,5880.46,Bank Transfer,Completed,Friday,0,0,0
PAY0004038,INV0004381,SUP00005,DPT002,2024-07-21,3817.38,Bank Transfer,Completed,Sunday,1,0,0
PAY0004039,INV0004382,SUP00202,DPT009,2024-09-05,15167.09,Bank Transfer,Completed,Thursday,0,0,0
PAY0004040,INV0004383,SUP00059,DPT008,2024-06-26,3681.47,Bank Transfer,Completed,Wednesday,0,0,0
PAY0004041,INV0004385,SUP00007,DPT002,2024-05-24,4001.11,Bank Transfer,Completed,Friday,0,0,0
PAY0004042,INV0004386,SUP00010,DPT001,2024-01-23,6202.65,Bank Transfer,Completed,Tuesday,0,0,0
PAY0004043,INV0004387,SUP00006,DPT007,2024-12-03,14766.1,Bank Transfer,Completed,Tuesday,0,0,0
PAY0004044,INV0004388,SUP00204,DPT005,2024-11-13,5358.53,Bank Transfer,Completed,Wednesday,0,0,0
PAY0004045,INV0004389,SUP00009,DPT007,2024-03-30,3711.01,Bank Transfer,Completed,Saturday,1,0,0
PAY0004046,INV0004390,SUP00027,DPT007,2024-09-10,5634.96,Bank Transfer,Completed,Tuesday,0,0,0
PAY0004047,INV0004391,SUP00302,DPT009,2024-06-21,16648.86,Bank Transfer,Completed,Friday,0,0,0
PAY0004048,INV0004392,SUP00317,DPT004,2024-11-26,8885.47,Bank Transfer,Completed,Tuesday,0,0,0
PAY0004049,INV0004393,SUP00197,DPT009,2024-11-27,511.73,Bank Transfer,Completed,Wednesday,0,0,0
PAY0004050,INV0004394,SUP00202,DPT004,2024-09-08,2556.7,Bank Transfer,Completed,Sunday,1,0,0
PAY0004051,INV0004395,SUP00288,DPT007,2025-02-05,2676.02,Bank Transfer,Completed,Wednesday,0,0,0
PAY0004052,INV0004396,SUP00201,DPT005,2024-10-09,11755.88,Bank Transfer,Pending,Wednesday,0,0,1
PAY0004053,INV0004397,SUP00025,DPT011,2024-04-27,669.06,Bank Transfer,Completed,Saturday,1,0,0
PAY0004054,INV0004398,SUP00002,DPT003,2024-11-14,8007.5,Bank Transfer,Completed,Thursday,0,0,0
PAY0004055,INV0004399,SUP00007,DPT007,2024-10-04,12447.17,Bank Transfer,Completed,Friday,0,0,0
PAY0004056,INV0004400,SUP00024,DPT006,2024-12-22,12360.32,Bank Transfer,Completed,Sunday,1,0,0
PAY0004057,INV0004401,SUP00009,DPT012,2024-02-23,5543.27,Bank Transfer,Completed,Friday,0,0,0
PAY0004058,INV0004402,SUP00013,DPT001,2025-01-12,932.47,Bank Transfer,Completed,Sunday,1,0,0
PAY0004059,INV0004403,SUP00002,DPT006,2024-08-17,10008.23,Bank Transfer,Completed,Saturday,1,0,0
PAY0004060,INV0004404,SUP00056,DPT002,2024-08-09,32594.06,Bank Transfer,Completed,Friday,0,0,0
PAY0004061,INV0004405,SUP00015,DPT010,2024-02-16,3043.04,Bank Transfer,Completed,Friday,0,0,0
PAY0004062,INV0004406,SUP00009,DPT009,2024-03-30,73753.89,Bank Transfer,Completed,Saturday,1,0,0
PAY0004063,INV0004407,SUP00091,DPT007,2025-03-23,15134.71,Bank Transfer,Completed,Sunday,1,0,0
PAY0004064,INV0004408,SUP00010,DPT004,2024-10-12,5131.2,Bank Transfer,Completed,Saturday,1,0,0
PAY0004065,INV0004409,SUP00027,DPT007,2024-06-25,7781.6,Bank Transfer,Completed,Tuesday,0,0,0
PAY0004066,INV0004410,SUP00009,DPT005,2024-03-09,9173.82,Bank Transfer,Completed,Saturday,1,0,0
PAY0004067,INV0004411,SUP00132,DPT003,2025-01-21,3072.96,Bank Transfer,Completed,Tuesday,0,0,0
PAY0004068,INV0004413,SUP00003,DPT005,2024-02-23,60255.1,Bank Transfer,Completed,Friday,0,0,0
PAY0004069,INV0004414,SUP00214,DPT002,2024-05-06,25132.71,Bank Transfer,Completed,Monday,0,0,0
PAY0004070,INV0004415,SUP00233,DPT007,2024-11-01,3809.91,Bank Transfer,Failed,Friday,0,0,1
PAY0004071,INV0004416,SUP00300,DPT001,2024-05-15,2449.97,Bank Transfer,Completed,Wednesday,0,0,0
PAY0004072,INV0004417,SUP00219,DPT008,2024-09-09,983.14,Bank Transfer,Completed,Monday,0,0,0
PAY0004073,INV0004418,SUP00056,DPT004,2024-03-21,70994.3,Bank Transfer,Completed,Thursday,0,0,0
PAY0004074,INV0004419,SUP00003,DPT006,2024-10-12,19538.26,Bank Transfer,Completed,Saturday,1,0,0
PAY0004075,INV0004420,SUP00003,DPT002,2025-01-02,24814.66,Cash,Completed,Thursday,0,1,0
PAY0004076,INV0004421,SUP00007,DPT007,2025-01-26,3194.91,Bank Transfer,Completed,Sunday,1,0,0
PAY0004077,INV0004422,SUP00024,DPT008,2025-01-29,2971.09,Bank Transfer,Completed,Wednesday,0,0,0
PAY0004078,INV0004423,SUP00294,DPT008,2025-03-13,2099.48,Check,Pending,Thursday,0,0,1
PAY0004079,INV0004424,SUP00006,DPT004,2024-12-27,157.3,Bank Transfer,Completed,Friday,0,0,0
PAY0004080,INV0004425,SUP00048,DPT006,2024-11-28,2246.32,Bank Transfer,Completed,Thursday,0,0,0
PAY0004081,INV0004426,SUP00319,DPT005,2024-11-27,8539.58,Bank Transfer,Completed,Wednesday,0,0,0
PAY0004082,INV0004427,SUP00001,DPT002,2024-06-14,8024.67,Bank Transfer,Completed,Friday,0,0,0
PAY0004083,INV0004428,SUP00002,DPT001,2024-06-05,2889.49,Bank Transfer,Completed,Wednesday,0,0,0
PAY0004084,INV0004429,SUP00009,DPT004,2024-10-30,12771.01,Bank Transfer,Completed,Wednesday,0,0,0
PAY0004085,INV0004430,SUP00008,DPT009,2024-04-21,2809.91,Bank Transfer,Completed,Sunday,1,0,0
PAY0004086,INV0004431,SUP00030,DPT003,2025-03-10,14587.93,Check,Completed,Monday,0,0,0
PAY0004087,INV0004432,SUP00022,DPT008,2024-10-03,14042.34,Bank Transfer,Completed,Thursday,0,0,0
PAY0004088,INV0004433,SUP00075,DPT006,2024-07-23,15868.0,Bank Transfer,Completed,Tuesday,0,0,0
PAY0004089,INV0004434,SUP00005,DPT003,2024-07-29,6637.84,Bank Transfer,Completed,Monday,0,0,0
PAY0004090,INV0004435,SUP00135,DPT001,2024-07-13,2336.62,Card,Completed,Saturday,1,0,0
PAY0004091,INV0004436,SUP00008,DPT004,2024-04-28,1526.16,Bank Transfer,Completed,Sunday,1,0,0
PAY0004092,INV0004437,SUP00025,DPT004,2024-07-19,497.04,Bank Transfer,Completed,Friday,0,0,0
PAY0004093,INV0004438,SUP00002,DPT002,2024-10-21,14006.82,Bank Transfer,Completed,Monday,0,0,0
PAY0004094,INV0004439,SUP00201,DPT009,2024-12-17,854.34,Bank Transfer,Completed,Tuesday,0,0,0
PAY0004095,INV0004440,SUP00100,DPT011,2024-05-30,5141.05,Check,Completed,Thursday,0,0,0
PAY0004096,INV0004441,SUP00007,DPT001,2024-04-22,5104.47,Bank Transfer,Completed,Monday,0,0,0
PAY0004097,INV0004442,SUP00086,DPT002,2024-03-23,1738.13,Bank Transfer,Completed,Saturday,1,0,0
PAY0004098,INV0004443,SUP00023,DPT006,2024-03-20,5194.07,Bank Transfer,Completed,Wednesday,0,0,0
PAY0004099,INV0004445,SUP00311,DPT011,2024-07-04,4444.61,Bank Transfer,Completed,Thursday,0,0,0
PAY0004100,INV0004446,SUP00005,DPT011,2024-08-27,10295.57,Bank Transfer,Completed,Tuesday,0,0,0
PAY0004101,INV0004447,SUP00029,DPT004,2024-12-08,3676.42,Check,Completed,Sunday,1,0,0
PAY0004102,INV0004448,SUP00009,DPT012,2024-11-30,4409.73,Card,Completed,Saturday,1,0,0
PAY0004103,INV0004450,SUP00002,DPT001,2025-02-11,5161.65,Cash,Completed,Tuesday,0,1,0
PAY0004104,INV0004451,SUP00052,DPT007,2025-01-10,6075.75,Bank Transfer,Completed,Friday,0,0,0
PAY0004105,INV0004452,SUP00236,DPT005,2024-07-02,2115.53,Bank Transfer,Completed,Tuesday,0,0,0
PAY0004106,INV0004453,SUP00019,DPT009,2024-08-20,9739.04,Bank Transfer,Completed,Tuesday,0,0,0
PAY0004107,INV0004454,SUP00225,DPT006,2025-01-28,356.43,Check,Pending,Tuesday,0,0,1
PAY0004108,INV0004456,SUP00272,DPT003,2025-01-13,1168.41,Bank Transfer,Completed,Monday,0,0,0
PAY0004109,INV0004457,SUP00197,DPT003,2024-12-17,19753.4,Bank Transfer,Completed,Tuesday,0,0,0
PAY0004110,INV0004458,SUP00019,DPT008,2024-11-12,20069.28,Card,Completed,Tuesday,0,0,0
PAY0004111,INV0004459,SUP00005,DPT004,2024-05-28,19238.22,Bank Transfer,Completed,Tuesday,0,0,0
PAY0004112,INV0004460,SUP00038,DPT002,2025-02-08,1630.14,Bank Transfer,Completed,Saturday,1,0,0
PAY0004113,INV0004461,SUP00126,DPT003,2024-11-28,4738.93,Bank Transfer,Completed,Thursday,0,0,0
PAY0004114,INV0004462,SUP00005,DPT009,2025-01-09,8410.14,Bank Transfer,Completed,Thursday,0,0,0
PAY0004115,INV0004464,SUP00180,DPT008,2024-09-28,15906.24,Bank Transfer,Completed,Saturday,1,0,0
PAY0004116,INV0004465,SUP00292,DPT007,2024-08-04,12699.72,Bank Transfer,Completed,Sunday,1,0,0
PAY0004117,INV0004466,SUP00010,DPT009,2024-06-05,10440.02,Bank Transfer,Completed,Wednesday,0,0,0
PAY0004118,INV0004467,SUP00023,DPT002,2024-07-12,10620.78,Bank Transfer,Failed,Friday,0,0,1
PAY0004119,INV0004468,SUP00008,DPT005,2024-02-20,13065.47,Bank Transfer,Completed,Tuesday,0,0,0
PAY0004120,INV0004469,SUP00009,DPT006,2024-06-17,6174.92,Bank Transfer,Completed,Monday,0,0,0
PAY0004121,INV0004470,SUP00005,DPT011,2024-09-12,21591.47,Bank Transfer,Completed,Thursday,0,0,0
PAY0004122,INV0004471,SUP00005,DPT001,2024-09-08,5653.59,Bank Transfer,Completed,Sunday,1,0,0
PAY0004123,INV0004472,SUP00126,DPT012,2024-07-19,886.3,Bank Transfer,Completed,Friday,0,0,0
PAY0004124,INV0004473,SUP00006,DPT008,2024-07-02,25215.9,Bank Transfer,Completed,Tuesday,0,0,0
PAY0004125,INV0004474,SUP00005,DPT001,2024-06-06,14861.25,Bank Transfer,Completed,Thursday,0,0,0
PAY0004126,INV0004475,SUP00046,DPT005,2024-12-16,5095.37,Bank Transfer,Completed,Monday,0,0,0
PAY0004127,INV0004476,SUP00146,DPT001,2025-02-02,6709.54,Bank Transfer,Completed,Sunday,1,0,0
PAY0004128,INV0004477,SUP00190,DPT006,2024-05-20,34662.68,Bank Transfer,Completed,Monday,0,0,0
PAY0004129,INV0004478,SUP00073,DPT004,2024-09-03,20158.94,Bank Transfer,Completed,Tuesday,0,0,0
PAY0004130,INV0004479,SUP00007,DPT009,2025-03-15,34077.73,Bank Transfer,Completed,Saturday,1,0,0
PAY0004131,INV0004480,SUP00069,DPT005,2024-07-16,10142.49,Bank Transfer,Completed,Tuesday,0,0,0
PAY0004132,INV0004482,SUP00009,DPT003,2024-08-31,1283.37,Bank Transfer,Completed,Saturday,1,0,0
PAY0004133,INV0004483,SUP00005,DPT010,2024-09-12,6713.4,Bank Transfer,Completed,Thursday,0,0,0
PAY0004134,INV0004484,SUP00277,DPT010,2025-01-28,26566.78,Bank Transfer,Completed,Tuesday,0,0,0
PAY0004135,INV0004485,SUP00004,DPT006,2024-03-02,3103.34,Bank Transfer,Completed,Saturday,1,0,0
PAY0004136,INV0004486,SUP00010,DPT002,2024-11-08,9145.49,Bank Transfer,Completed,Friday,0,0,0
PAY0004137,INV0004487,SUP00008,DPT012,2024-04-28,34798.71,Bank Transfer,Completed,Sunday,1,0,0
PAY0004138,INV0004488,SUP00257,DPT009,2024-07-07,765.41,Bank Transfer,Completed,Sunday,1,0,0
PAY0004139,INV0004489,SUP00030,DPT010,2024-07-24,9488.77,Bank Transfer,Completed,Wednesday,0,0,0
PAY0004140,INV0004490,SUP00295,DPT001,2024-08-18,11356.17,Bank Transfer,Completed,Sunday,1,0,0
PAY0004141,INV0004491,SUP00219,DPT009,2024-11-27,9022.6,Check,Completed,Wednesday,0,0,0
PAY0004142,INV0004492,SUP00176,DPT002,2024-02-29,25643.42,Bank Transfer,Completed,Thursday,0,0,0
PAY0004143,INV0004493,SUP00006,DPT004,2025-02-07,2578.37,Bank Transfer,Completed,Friday,0,0,0
PAY0004144,INV0004494,SUP00014,DPT007,2025-03-14,543.86,Bank Transfer,Completed,Friday,0,0,0
PAY0004145,INV0004495,SUP00214,DPT004,2024-02-22,1335.86,Bank Transfer,Completed,Thursday,0,0,0
PAY0004146,INV0004496,SUP00311,DPT002,2024-09-16,15728.82,Bank Transfer,Completed,Monday,0,0,0
PAY0004147,INV0004497,SUP00248,DPT004,2025-01-06,4015.45,Bank Transfer,Completed,Monday,0,0,0
PAY0004148,INV0004498,SUP00290,DPT003,2024-02-29,15489.54,Bank Transfer,Completed,Thursday,0,0,0
PAY0004149,INV0004499,SUP00109,DPT006,2024-06-11,14158.47,Bank Transfer,Completed,Tuesday,0,0,0
PAY0004150,INV0004500,SUP00028,DPT001,2024-09-04,1675.85,Bank Transfer,Completed,Wednesday,0,0,0
PAY0004151,INV0004502,SUP00026,DPT006,2024-09-19,967.78,Check,Completed,Thursday,0,0,0
PAY0004152,INV0004503,SUP00006,DPT012,2024-03-14,8194.71,Bank Transfer,Completed,Thursday,0,0,0
PAY0004153,INV0004504,SUP00011,DPT004,2024-10-06,9625.63,Bank Transfer,Completed,Sunday,1,0,0
PAY0004154,INV0004505,SUP00003,DPT004,2024-11-28,4620.63,Bank Transfer,Completed,Thursday,0,0,0
PAY0004155,INV0004506,SUP00003,DPT012,2024-09-25,862.41,Check,Completed,Wednesday,0,0,0
PAY0004156,INV0004507,SUP00011,DPT011,2024-11-22,1058.78,Bank Transfer,Completed,Friday,0,0,0
PAY0004157,INV0004508,SUP00124,DPT007,2024-03-07,111364.37,Bank Transfer,Completed,Thursday,0,0,0
PAY0004158,INV0004509,SUP00093,DPT005,2024-06-08,12263.82,Bank Transfer,Completed,Saturday,1,0,0
PAY0004159,INV0004510,SUP00061,DPT003,2024-02-19,50353.28,Bank Transfer,Completed,Monday,0,0,0
PAY0004160,INV0004511,SUP00172,DPT006,2025-01-25,17961.19,Bank Transfer,Completed,Saturday,1,0,0
PAY0004161,INV0004512,SUP00022,DPT009,2025-01-30,32556.1,Bank Transfer,Completed,Thursday,0,0,0
PAY0004162,INV0004514,SUP00036,DPT002,2024-05-13,4772.25,Bank Transfer,Completed,Monday,0,0,0
PAY0004163,INV0004515,SUP00003,DPT003,2024-06-06,4059.95,Bank Transfer,Completed,Thursday,0,0,0
PAY0004164,INV0004517,SUP00173,DPT010,2024-02-02,4553.05,Bank Transfer,Completed,Friday,0,0,0
PAY0004165,INV0004518,SUP00009,DPT007,2024-12-25,23915.59,Bank Transfer,Completed,Wednesday,0,0,0
PAY0004166,INV0004519,SUP00235,DPT001,2024-04-04,6792.87,Bank Transfer,Completed,Thursday,0,0,0
PAY0004167,INV0004520,SUP00009,DPT007,2024-09-30,14877.52,Bank Transfer,Completed,Monday,0,0,0
PAY0004168,INV0004521,SUP00033,DPT004,2024-02-28,20134.26,Bank Transfer,Completed,Wednesday,0,0,0
PAY0004169,INV0004522,SUP00246,DPT003,2024-04-03,1348.52,Bank Transfer,Completed,Wednesday,0,0,0
PAY0004170,INV0004523,SUP00166,DPT002,2025-02-07,7190.33,Bank Transfer,Completed,Friday,0,0,0
PAY0004171,INV0004524,SUP00070,DPT003,2024-02-13,21954.38,Bank Transfer,Completed,Tuesday,0,0,0
PAY0004172,INV0004525,SUP00098,DPT005,2024-03-15,2431.81,Bank Transfer,Completed,Friday,0,0,0
PAY0004173,INV0004526,SUP00004,DPT002,2024-05-11,3211.26,Bank Transfer,Completed,Saturday,1,0,0
PAY0004174,INV0004528,SUP00092,DPT001,2024-04-25,34719.31,Card,Completed,Thursday,0,0,0
PAY0004175,INV0004529,SUP00003,DPT004,2024-04-25,105.78,Bank Transfer,Completed,Thursday,0,0,0
PAY0004176,INV0004530,SUP00005,DPT012,2024-04-27,24396.32,Bank Transfer,Completed,Saturday,1,0,0
PAY0004177,INV0004531,SUP00303,DPT008,2025-04-05,4935.4,Bank Transfer,Completed,Saturday,1,0,0
PAY0004178,INV0004532,SUP00006,DPT001,2025-01-01,5417.0,Bank Transfer,Completed,Wednesday,0,0,0
PAY0004179,INV0004533,SUP00259,DPT007,2024-06-22,1223.69,Bank Transfer,Completed,Saturday,1,0,0
PAY0004180,INV0004535,SUP00019,DPT004,2024-11-25,6612.88,Bank Transfer,Completed,Monday,0,0,0
PAY0004181,INV0004536,SUP00058,DPT003,2024-05-27,10883.82,Bank Transfer,Completed,Monday,0,0,0
PAY0004182,INV0004537,SUP00100,DPT011,2024-08-07,32022.46,Bank Transfer,Completed,Wednesday,0,0,0
PAY0004183,INV0004538,SUP00029,DPT001,2024-02-01,1256.61,Bank Transfer,Completed,Thursday,0,0,0
PAY0004184,INV0004539,SUP00015,DPT010,2024-10-10,4900.23,Bank Transfer,Completed,Thursday,0,0,0
PAY0004185,INV0004540,SUP00030,DPT007,2024-08-04,4407.51,Bank Transfer,Completed,Sunday,1,0,0
PAY0004186,INV0004541,SUP00144,DPT003,2024-11-09,4519.91,Bank Transfer,Completed,Saturday,1,0,0
PAY0004187,INV0004543,SUP00052,DPT004,2024-02-04,16143.36,Bank Transfer,Completed,Sunday,1,0,0
PAY0004188,INV0004544,SUP00018,DPT007,2024-11-07,848.16,Bank Transfer,Completed,Thursday,0,0,0
PAY0004189,INV0004545,SUP00013,DPT009,2024-10-28,5458.96,Bank Transfer,Pending,Monday,0,0,1
PAY0004190,INV0004546,SUP00010,DPT003,2024-02-24,2565.65,Bank Transfer,Completed,Saturday,1,0,0
PAY0004191,INV0004547,SUP00008,DPT001,2024-05-16,3617.28,Bank Transfer,Pending,Thursday,0,0,1
PAY0004192,INV0004548,SUP00179,DPT010,2024-07-02,5266.57,Bank Transfer,Completed,Tuesday,0,0,0
PAY0004193,INV0004549,SUP00311,DPT002,2024-04-06,10154.52,Bank Transfer,Completed,Saturday,1,0,0
PAY0004194,INV0004550,SUP00001,DPT011,2024-11-10,24883.23,Bank Transfer,Completed,Sunday,1,0,0
PAY0004195,INV0004552,SUP00299,DPT004,2024-11-22,49737.46,Bank Transfer,Completed,Friday,0,0,0
PAY0004196,INV0004554,SUP00019,DPT004,2024-05-20,5746.41,Bank Transfer,Completed,Monday,0,0,0
PAY0004197,INV0004555,SUP00122,DPT012,2024-05-05,17749.8,Bank Transfer,Completed,Sunday,1,0,0
PAY0004198,INV0004556,SUP00015,DPT002,2024-07-13,8036.08,Bank Transfer,Completed,Saturday,1,0,0
PAY0004199,INV0004557,SUP00029,DPT006,2024-02-25,11867.33,Bank Transfer,Completed,Sunday,1,0,0
PAY0004200,INV0004558,SUP00262,DPT003,2024-04-25,7860.66,Bank Transfer,Completed,Thursday,0,0,0
PAY0004201,INV0004559,SUP00064,DPT002,2024-09-15,1609.41,Bank Transfer,Completed,Sunday,1,0,0
PAY0004202,INV0004560,SUP00124,DPT003,2024-09-29,3915.32,Bank Transfer,Completed,Sunday,1,0,0
PAY0004203,INV0004562,SUP00009,DPT006,2024-06-22,14369.36,Bank Transfer,Completed,Saturday,1,0,0
PAY0004204,INV0004563,SUP00257,DPT002,2024-01-15,16052.32,Bank Transfer,Completed,Monday,0,0,0
PAY0004205,INV0004564,SUP00272,DPT012,2025-02-20,5411.3,Bank Transfer,Completed,Thursday,0,0,0
PAY0004206,INV0004566,SUP00005,DPT009,2025-04-19,978.64,Bank Transfer,Completed,Saturday,1,0,0
PAY0004207,INV0004567,SUP00213,DPT001,2025-01-09,3825.88,Bank Transfer,Completed,Thursday,0,0,0
PAY0004208,INV0004568,SUP00001,DPT007,2024-03-25,332.56,Bank Transfer,Completed,Monday,0,0,0
PAY0004209,INV0004569,SUP00082,DPT003,2024-10-15,15230.85,Bank Transfer,Completed,Tuesday,0,0,0
PAY0004210,INV0004570,SUP00129,DPT005,2024-09-26,77937.61,Bank Transfer,Completed,Thursday,0,0,0
PAY0004211,INV0004571,SUP00022,DPT009,2024-12-01,14710.8,Bank Transfer,Completed,Sunday,1,0,0
PAY0004212,INV0004572,SUP00028,DPT008,2024-11-30,7917.62,Bank Transfer,Completed,Saturday,1,0,0
PAY0004213,INV0004573,SUP00168,DPT003,2024-03-16,9633.48,Bank Transfer,Completed,Saturday,1,0,0
PAY0004214,INV0004574,SUP00258,DPT008,2024-04-16,25015.78,Check,Completed,Tuesday,0,0,0
PAY0004215,INV0004575,SUP00007,DPT004,2024-04-25,5102.37,Bank Transfer,Completed,Thursday,0,0,0
PAY0004216,INV0004576,SUP00005,DPT001,2024-05-04,10253.32,Bank Transfer,Completed,Saturday,1,0,0
PAY0004217,INV0004577,SUP00102,DPT007,2024-08-24,25805.04,Bank Transfer,Completed,Saturday,1,0,0
PAY0004218,INV0004578,SUP00008,DPT011,2025-03-04,6474.67,Bank Transfer,Completed,Tuesday,0,0,0
PAY0004219,INV0004579,SUP00007,DPT001,2024-08-17,4253.26,Bank Transfer,Completed,Saturday,1,0,0
PAY0004220,INV0004580,SUP00007,DPT007,2024-06-14,2306.57,Bank Transfer,Completed,Friday,0,0,0
PAY0004221,INV0004581,SUP00007,DPT009,2024-10-13,12988.88,Bank Transfer,Completed,Sunday,1,0,0
PAY0004222,INV0004582,SUP00027,DPT006,2024-08-26,45124.84,Check,Completed,Monday,0,0,0
PAY0004223,INV0004583,SUP00299,DPT004,2025-02-16,601.65,Bank Transfer,Failed,Sunday,1,0,1
PAY0004224,INV0004584,SUP00219,DPT002,2024-08-10,499.55,Check,Completed,Saturday,1,0,0
PAY0004225,INV0004585,SUP00051,DPT002,2024-10-20,1501.74,Bank Transfer,Completed,Sunday,1,0,0
PAY0004226,INV0004586,SUP00003,DPT004,2024-03-11,3602.13,Bank Transfer,Completed,Monday,0,0,0
PAY0004227,INV0004587,SUP00128,DPT006,2024-08-24,4344.36,Bank Transfer,Completed,Saturday,1,0,0
PAY0004228,INV0004588,SUP00025,DPT003,2024-07-14,7058.69,Check,Completed,Sunday,1,0,0
PAY0004229,INV0004589,SUP00190,DPT004,2024-08-30,6486.9,Bank Transfer,Completed,Friday,0,0,0
PAY0004230,INV0004591,SUP00125,DPT002,2023-12-30,25617.19,Bank Transfer,Completed,Saturday,1,0,0
PAY0004231,INV0004592,SUP00007,DPT008,2024-05-22,2068.23,Bank Transfer,Completed,Wednesday,0,0,0
PAY0004232,INV0004593,SUP00222,DPT006,2024-08-02,17139.36,Bank Transfer,Completed,Friday,0,0,0
PAY0004233,INV0004594,SUP00190,DPT006,2024-10-11,58391.92,Bank Transfer,Completed,Friday,0,0,0
PAY0004234,INV0004595,SUP00017,DPT004,2024-04-30,1116.94,Bank Transfer,Completed,Tuesday,0,0,0
PAY0004235,INV0004596,SUP00299,DPT003,2024-10-14,628.82,Bank Transfer,Completed,Monday,0,0,0
PAY0004236,INV0004597,SUP00006,DPT005,2024-12-07,7559.92,Bank Transfer,Completed,Saturday,1,0,0
PAY0004237,INV0004598,SUP00001,DPT008,2024-10-16,12325.87,Bank Transfer,Completed,Wednesday,0,0,0
PAY0004238,INV0004599,SUP00181,DPT007,2024-12-04,6207.03,Check,Completed,Wednesday,0,0,0
PAY0004239,INV0004600,SUP00085,DPT008,2024-07-31,529.02,Card,Completed,Wednesday,0,0,0
PAY0004240,INV0004601,SUP00004,DPT002,2025-01-25,855.46,Bank Transfer,Completed,Saturday,1,0,0
PAY0004241,INV0004602,SUP00006,DPT009,2024-03-25,3326.66,Bank Transfer,Completed,Monday,0,0,0
PAY0004242,INV0004603,SUP00005,DPT003,2024-07-23,9457.61,Bank Transfer,Completed,Tuesday,0,0,0
PAY0004243,INV0004604,SUP00006,DPT002,2024-12-12,4049.66,Bank Transfer,Completed,Thursday,0,0,0
PAY0004244,INV0004605,SUP00026,DPT001,2024-04-15,7663.99,Bank Transfer,Completed,Monday,0,0,0
PAY0004245,INV0004606,SUP00002,DPT009,2024-08-22,7507.85,Bank Transfer,Completed,Thursday,0,0,0
PAY0004246,INV0004607,SUP00037,DPT006,2024-04-27,17605.69,Bank Transfer,Completed,Saturday,1,0,0
PAY0004247,INV0004608,SUP00088,DPT009,2024-08-23,1538.15,Bank Transfer,Completed,Friday,0,0,0
PAY0004248,INV0004609,SUP00160,DPT005,2025-02-01,6458.83,Bank Transfer,Completed,Saturday,1,0,0
PAY0004249,INV0004610,SUP00289,DPT010,2024-05-09,31108.17,Bank Transfer,Completed,Thursday,0,0,0
PAY0004250,INV0004611,SUP00003,DPT005,2024-06-08,2484.29,Bank Transfer,Completed,Saturday,1,0,0
PAY0004251,INV0004612,SUP00002,DPT006,2024-11-18,14926.93,Bank Transfer,Completed,Monday,0,0,0
PAY0004252,INV0004614,SUP00014,DPT007,2024-12-02,1825.13,Bank Transfer,Completed,Monday,0,0,0
PAY0004253,INV0004615,SUP00040,DPT006,2024-06-06,1540.54,Bank Transfer,Completed,Thursday,0,0,0
PAY0004254,INV0004616,SUP00001,DPT002,2024-12-31,4064.11,Bank Transfer,Completed,Tuesday,0,0,0
PAY0004255,INV0004617,SUP00139,DPT001,2025-02-12,4578.02,Bank Transfer,Completed,Wednesday,0,0,0
PAY0004256,INV0004618,SUP00295,DPT003,2024-11-12,13961.4,Card,Completed,Tuesday,0,0,0
PAY0004257,INV0004620,SUP00001,DPT006,2024-11-09,6041.83,Bank Transfer,Completed,Saturday,1,0,0
PAY0004258,INV0004621,SUP00175,DPT005,2024-07-03,25360.2,Bank Transfer,Completed,Wednesday,0,0,0
PAY0004259,INV0004622,SUP00185,DPT011,2024-07-31,22860.28,Bank Transfer,Completed,Wednesday,0,0,0
PAY0004260,INV0004623,SUP00002,DPT005,2025-01-21,5383.66,Bank Transfer,Completed,Tuesday,0,0,0
PAY0004261,INV0004624,SUP00095,DPT008,2024-11-16,7377.71,Bank Transfer,Completed,Saturday,1,0,0
PAY0004262,INV0004625,SUP00008,DPT007,2024-08-26,25390.5,Bank Transfer,Completed,Monday,0,0,0
PAY0004263,INV0004626,SUP00104,DPT007,2025-01-24,8346.85,Bank Transfer,Completed,Friday,0,0,0
PAY0004264,INV0004627,SUP00159,DPT003,2024-08-31,35343.33,Bank Transfer,Completed,Saturday,1,0,0
PAY0004265,INV0004628,SUP00008,DPT004,2024-12-16,27033.56,Bank Transfer,Completed,Monday,0,0,0
PAY0004266,INV0004629,SUP00009,DPT001,2024-02-05,5979.48,Bank Transfer,Completed,Monday,0,0,0
PAY0004267,INV0004630,SUP00091,DPT006,2024-04-02,9122.89,Bank Transfer,Completed,Tuesday,0,0,0
PAY0004268,INV0004631,SUP00074,DPT003,2024-06-27,2603.53,Bank Transfer,Completed,Thursday,0,0,0
PAY0004269,INV0004632,SUP00253,DPT005,2024-05-29,2051.29,Bank Transfer,Completed,Wednesday,0,0,0
PAY0004270,INV0004634,SUP00202,DPT007,2024-12-21,7977.57,Check,Completed,Saturday,1,0,0
PAY0004271,INV0004635,SUP00162,DPT002,2025-03-22,13733.85,Bank Transfer,Completed,Saturday,1,0,0
PAY0004272,INV0004636,SUP00123,DPT005,2024-03-05,5457.98,Bank Transfer,Completed,Tuesday,0,0,0
PAY0004273,INV0004637,SUP00007,DPT006,2024-04-19,10186.08,Bank Transfer,Completed,Friday,0,0,0
PAY0004274,INV0004638,SUP00010,DPT010,2024-12-18,325.52,Bank Transfer,Completed,Wednesday,0,0,0
PAY0004275,INV0004639,SUP00065,DPT009,2024-06-21,7316.28,Bank Transfer,Completed,Friday,0,0,0
PAY0004276,INV0004640,SUP00003,DPT003,2024-11-11,2967.14,Bank Transfer,Completed,Monday,0,0,0
PAY0004277,INV0004641,SUP00002,DPT011,2024-06-06,1462.63,Bank Transfer,Completed,Thursday,0,0,0
PAY0004278,INV0004642,SUP00002,DPT002,2025-03-02,10009.2,Card,Completed,Sunday,1,0,0
PAY0004279,INV0004643,SUP00274,DPT003,2024-08-03,31831.18,Check,Pending,Saturday,1,0,1
PAY0004280,INV0004644,SUP00137,DPT001,2024-12-03,5842.66,Bank Transfer,Completed,Tuesday,0,0,0
PAY0004281,INV0004645,SUP00224,DPT003,2024-02-29,16693.73,Bank Transfer,Completed,Thursday,0,0,0
PAY0004282,INV0004646,SUP00299,DPT004,2024-08-24,3685.45,Bank Transfer,Completed,Saturday,1,0,0
PAY0004283,INV0004647,SUP00144,DPT002,2024-11-25,61937.32,Bank Transfer,Completed,Monday,0,0,0
PAY0004284,INV0004648,SUP00035,DPT001,2024-03-27,997.62,Bank Transfer,Completed,Wednesday,0,0,0
PAY0004285,INV0004649,SUP00028,DPT001,2025-01-23,5339.88,Bank Transfer,Completed,Thursday,0,0,0
PAY0004286,INV0004650,SUP00171,DPT011,2024-11-02,14545.0,Bank Transfer,Completed,Saturday,1,0,0
PAY0004287,INV0004651,SUP00243,DPT008,2024-09-27,5902.62,Bank Transfer,Completed,Friday,0,0,0
PAY0004288,INV0004652,SUP00220,DPT007,2025-04-12,29369.62,Bank Transfer,Completed,Saturday,1,0,0
PAY0004289,INV0004653,SUP00029,DPT009,2024-12-01,541.26,Bank Transfer,Completed,Sunday,1,0,0
PAY0004290,INV0004654,SUP00187,DPT007,2024-04-14,5316.67,Bank Transfer,Completed,Sunday,1,0,0
PAY0004291,INV0004655,SUP00027,DPT001,2024-02-08,4481.18,Bank Transfer,Completed,Thursday,0,0,0
PAY0004292,INV0004656,SUP00018,DPT011,2024-04-27,5470.38,Bank Transfer,Completed,Saturday,1,0,0
PAY0004293,INV0004657,SUP00010,DPT004,2024-06-01,980.74,Bank Transfer,Completed,Saturday,1,0,0
PAY0004294,INV0004658,SUP00002,DPT004,2025-01-19,4390.77,Bank Transfer,Pending,Sunday,1,0,1
PAY0004295,INV0004659,SUP00007,DPT010,2024-03-25,4089.13,Bank Transfer,Completed,Monday,0,0,0
PAY0004296,INV0004660,SUP00161,DPT002,2024-06-03,8110.19,Bank Transfer,Completed,Monday,0,0,0
PAY0004297,INV0004661,SUP00006,DPT003,2024-08-01,21442.63,Bank Transfer,Completed,Thursday,0,0,0
PAY0004298,INV0004662,SUP00262,DPT010,2024-08-19,6793.05,Bank Transfer,Completed,Monday,0,0,0
PAY0004299,INV0004663,SUP00003,DPT005,2024-09-24,9880.09,Bank Transfer,Completed,Tuesday,0,0,0
PAY0004300,INV0004664,SUP00002,DPT004,2024-08-26,24903.76,Check,Completed,Monday,0,0,0
PAY0004301,INV0004665,SUP00028,DPT011,2024-10-17,24100.82,Check,Completed,Thursday,0,0,0
PAY0004302,INV0004666,SUP00008,DPT010,2024-10-08,396.03,Bank Transfer,Completed,Tuesday,0,0,0
PAY0004303,INV0004667,SUP00004,DPT010,2024-12-27,15150.57,Bank Transfer,Failed,Friday,0,0,1
PAY0004304,INV0004668,SUP00002,DPT002,2025-05-16,14799.74,Bank Transfer,Completed,Friday,0,0,0
PAY0004305,INV0004669,SUP00042,DPT009,2025-03-14,14753.8,Bank Transfer,Completed,Friday,0,0,0
PAY0004306,INV0004670,SUP00009,DPT006,2025-04-04,3589.34,Bank Transfer,Completed,Friday,0,0,0
PAY0004307,INV0004671,SUP00058,DPT007,2024-05-14,1654.1,Bank Transfer,Completed,Tuesday,0,0,0
PAY0004308,INV0004672,SUP00005,DPT001,2024-10-04,625.29,Bank Transfer,Completed,Friday,0,0,0
PAY0004309,INV0004673,SUP00001,DPT005,2024-10-26,15856.6,Bank Transfer,Completed,Saturday,1,0,0
PAY0004310,INV0004674,SUP00001,DPT002,2024-12-19,14124.96,Bank Transfer,Completed,Thursday,0,0,0
PAY0004311,INV0004675,SUP00004,DPT011,2025-01-11,5346.41,Check,Completed,Saturday,1,0,0
PAY0004312,INV0004677,SUP00025,DPT006,2024-07-10,19320.47,Bank Transfer,Completed,Wednesday,0,0,0
PAY0004313,INV0004678,SUP00099,DPT002,2024-05-01,761.67,Check,Completed,Wednesday,0,0,0
PAY0004314,INV0004679,SUP00247,DPT004,2024-09-24,7867.6,Bank Transfer,Completed,Tuesday,0,0,0
PAY0004315,INV0004681,SUP00245,DPT009,2024-11-28,10070.35,Bank Transfer,Completed,Thursday,0,0,0
PAY0004316,INV0004682,SUP00170,DPT006,2024-01-27,7250.04,Bank Transfer,Completed,Saturday,1,0,0
PAY0004317,INV0004683,SUP00161,DPT001,2024-03-20,14754.92,Card,Pending,Wednesday,0,0,1
PAY0004318,INV0004684,SUP00244,DPT004,2024-12-15,988.68,Bank Transfer,Completed,Sunday,1,0,0
PAY0004319,INV0004685,SUP00005,DPT003,2024-09-25,24518.79,Bank Transfer,Completed,Wednesday,0,0,0
PAY0004320,INV0004687,SUP00028,DPT004,2024-08-30,9933.11,Bank Transfer,Completed,Friday,0,0,0
PAY0004321,INV0004689,SUP00008,DPT002,2024-06-02,5333.96,Bank Transfer,Failed,Sunday,1,0,1
PAY0004322,INV0004690,SUP00005,DPT007,2024-07-29,5721.01,Bank Transfer,Completed,Monday,0,0,0
PAY0004323,INV0004691,SUP00305,DPT005,2025-03-21,5458.64,Bank Transfer,Completed,Friday,0,0,0
PAY0004324,INV0004692,SUP00026,DPT001,2025-02-01,2518.5,Bank Transfer,Completed,Saturday,1,0,0
PAY0004325,INV0004693,SUP00008,DPT006,2024-03-30,1472.11,Bank Transfer,Completed,Saturday,1,0,0
PAY0004326,INV0004694,SUP00005,DPT004,2024-02-26,12432.91,Bank Transfer,Completed,Monday,0,0,0
PAY0004327,INV0004695,SUP00081,DPT002,2025-02-17,816.62,Check,Pending,Monday,0,0,1
PAY0004328,INV0004696,SUP00005,DPT001,2024-08-30,15053.18,Bank Transfer,Completed,Friday,0,0,0
PAY0004329,INV0004697,SUP00006,DPT003,2024-10-19,42345.06,Check,Completed,Saturday,1,0,0
PAY0004330,INV0004698,SUP00292,DPT009,2023-12-30,75996.33,Bank Transfer,Completed,Saturday,1,0,0
PAY0004331,INV0004700,SUP00007,DPT011,2024-09-21,11240.95,Bank Transfer,Completed,Saturday,1,0,0
PAY0004332,INV0004701,SUP00127,DPT005,2024-03-24,3129.36,Bank Transfer,Completed,Sunday,1,0,0
PAY0004333,INV0004702,SUP00008,DPT008,2024-10-25,24004.52,Bank Transfer,Completed,Friday,0,0,0
PAY0004334,INV0004703,SUP00006,DPT012,2024-12-27,9566.26,Bank Transfer,Completed,Friday,0,0,0
PAY0004335,INV0004704,SUP00059,DPT002,2025-01-09,4209.12,Bank Transfer,Completed,Thursday,0,0,0
PAY0004336,INV0004705,SUP00141,DPT005,2024-03-31,2139.84,Bank Transfer,Completed,Sunday,1,0,0
PAY0004337,INV0004706,SUP00023,DPT003,2024-06-25,3957.86,Bank Transfer,Completed,Tuesday,0,0,0
PAY0004338,INV0004707,SUP00191,DPT001,2024-01-10,2770.15,Check,Completed,Wednesday,0,0,0
PAY0004339,INV0004708,SUP00211,DPT009,2024-08-27,5942.51,Bank Transfer,Completed,Tuesday,0,0,0
PAY0004340,INV0004709,SUP00098,DPT001,2024-09-27,5961.52,Bank Transfer,Completed,Friday,0,0,0
PAY0004341,INV0004710,SUP00071,DPT010,2024-03-31,3166.25,Bank Transfer,Completed,Sunday,1,0,0
PAY0004342,INV0004711,SUP00212,DPT009,2025-03-13,2859.69,Bank Transfer,Completed,Thursday,0,0,0
PAY0004343,INV0004713,SUP00032,DPT006,2024-06-24,13345.08,Bank Transfer,Completed,Monday,0,0,0
PAY0004344,INV0004714,SUP00005,DPT009,2024-12-16,2357.58,Bank Transfer,Completed,Monday,0,0,0
PAY0004345,INV0004715,SUP00008,DPT001,2024-07-25,5618.5,Bank Transfer,Completed,Thursday,0,0,0
PAY0004346,INV0004716,SUP00290,DPT008,2024-10-22,2175.41,Bank Transfer,Completed,Tuesday,0,0,0
PAY0004347,INV0004717,SUP00001,DPT002,2024-12-04,121333.14,Cash,Completed,Wednesday,0,1,0
PAY0004348,INV0004718,SUP00011,DPT001,2024-12-15,2018.84,Bank Transfer,Completed,Sunday,1,0,0
PAY0004349,INV0004719,SUP00006,DPT003,2024-11-01,15061.66,Bank Transfer,Pending,Friday,0,0,1
PAY0004350,INV0004720,SUP00067,DPT003,2024-04-27,10021.26,Bank Transfer,Completed,Saturday,1,0,0
PAY0004351,INV0004721,SUP00229,DPT002,2024-05-15,2832.94,Bank Transfer,Completed,Wednesday,0,0,0
PAY0004352,INV0004722,SUP00019,DPT007,2025-02-16,2291.63,Bank Transfer,Completed,Sunday,1,0,0
PAY0004353,INV0004723,SUP00224,DPT005,2024-08-26,4238.6,Bank Transfer,Pending,Monday,0,0,1
PAY0004354,INV0004725,SUP00267,DPT008,2024-07-17,7579.02,Bank Transfer,Completed,Wednesday,0,0,0
PAY0004355,INV0004726,SUP00230,DPT009,2024-09-27,2282.12,Card,Completed,Friday,0,0,0
PAY0004356,INV0004727,SUP00006,DPT011,2024-03-14,7143.36,Bank Transfer,Completed,Thursday,0,0,0
PAY0004357,INV0004728,SUP00253,DPT009,2024-08-31,566.97,Bank Transfer,Completed,Saturday,1,0,0
PAY0004358,INV0004729,SUP00007,DPT001,2024-04-24,2435.58,Bank Transfer,Completed,Wednesday,0,0,0
PAY0004359,INV0004730,SUP00029,DPT002,2024-08-22,3670.18,Bank Transfer,Completed,Thursday,0,0,0
PAY0004360,INV0004732,SUP00019,DPT003,2025-01-04,752.74,Bank Transfer,Completed,Saturday,1,0,0
PAY0004361,INV0004733,SUP00312,DPT010,2024-05-06,18925.61,Cash,Completed,Monday,0,1,0
PAY0004362,INV0004734,SUP00182,DPT005,2025-01-06,12758.08,Bank Transfer,Completed,Monday,0,0,0
PAY0004363,INV0004735,SUP00057,DPT010,2024-11-11,777.49,Bank Transfer,Completed,Monday,0,0,0
PAY0004364,INV0004736,SUP00282,DPT003,2024-11-09,11061.56,Check,Completed,Saturday,1,0,0
PAY0004365,INV0004737,SUP00016,DPT011,2024-07-24,2057.01,Bank Transfer,Completed,Wednesday,0,0,0
PAY0004366,INV0004738,SUP00006,DPT001,2025-01-01,11675.49,Bank Transfer,Completed,Wednesday,0,0,0
PAY0004367,INV0004739,SUP00220,DPT004,2024-03-29,12439.44,Bank Transfer,Completed,Friday,0,0,0
PAY0004368,INV0004740,SUP00001,DPT011,2024-08-31,15335.48,Bank Transfer,Completed,Saturday,1,0,0
PAY0004369,INV0004741,SUP00205,DPT004,2025-02-19,3176.03,Bank Transfer,Completed,Wednesday,0,0,0
PAY0004370,INV0004742,SUP00001,DPT008,2024-09-11,13054.0,Bank Transfer,Completed,Wednesday,0,0,0
PAY0004371,INV0004743,SUP00010,DPT003,2024-12-04,35448.71,Bank Transfer,Completed,Wednesday,0,0,0
PAY0004372,INV0004744,SUP00015,DPT009,2024-09-01,4355.99,Bank Transfer,Completed,Sunday,1,0,0
PAY0004373,INV0004745,SUP00012,DPT006,2024-09-02,4815.19,Bank Transfer,Completed,Monday,0,0,0
PAY0004374,INV0004746,SUP00008,DPT009,2024-10-05,13633.66,Bank Transfer,Completed,Saturday,1,0,0
PAY0004375,INV0004747,SUP00004,DPT005,2024-11-07,49715.59,Bank Transfer,Completed,Thursday,0,0,0
PAY0004376,INV0004748,SUP00001,DPT006,2024-07-07,1940.31,Bank Transfer,Completed,Sunday,1,0,0
PAY0004377,INV0004749,SUP00188,DPT005,2024-09-19,19659.27,Card,Pending,Thursday,0,0,1
PAY0004378,INV0004750,SUP00025,DPT005,2024-07-26,101294.29,Bank Transfer,Completed,Friday,0,0,0
PAY0004379,INV0004751,SUP00006,DPT007,2024-02-05,4718.09,Bank Transfer,Completed,Monday,0,0,0
PAY0004380,INV0004752,SUP00003,DPT001,2024-04-12,2011.21,Check,Completed,Friday,0,0,0
PAY0004381,INV0004753,SUP00010,DPT008,2024-09-11,6299.48,Bank Transfer,Completed,Wednesday,0,0,0
PAY0004382,INV0004754,SUP00015,DPT003,2024-08-09,3206.31,Bank Transfer,Completed,Friday,0,0,0
PAY0004383,INV0004755,SUP00026,DPT001,2024-06-01,803.74,Bank Transfer,Completed,Saturday,1,0,0
PAY0004384,INV0004756,SUP00004,DPT006,2024-09-05,27020.49,Bank Transfer,Completed,Thursday,0,0,0
PAY0004385,INV0004757,SUP00309,DPT006,2025-01-15,2711.07,Check,Completed,Wednesday,0,0,0
PAY0004386,INV0004758,SUP00009,DPT008,2024-12-14,4367.18,Bank Transfer,Completed,Saturday,1,0,0
PAY0004387,INV0004759,SUP00024,DPT012,2024-11-07,764.3,Bank Transfer,Completed,Thursday,0,0,0
PAY0004388,INV0004761,SUP00011,DPT012,2024-10-26,19603.83,Bank Transfer,Completed,Saturday,1,0,0
PAY0004389,INV0004762,SUP00003,DPT005,2024-10-05,17186.87,Bank Transfer,Completed,Saturday,1,0,0
PAY0004390,INV0004763,SUP00018,DPT003,2024-04-14,6268.64,Bank Transfer,Completed,Sunday,1,0,0
PAY0004391,INV0004764,SUP00057,DPT007,2024-05-02,2915.26,Bank Transfer,Completed,Thursday,0,0,0
PAY0004392,INV0004765,SUP00227,DPT002,2024-07-18,6098.47,Bank Transfer,Completed,Thursday,0,0,0
PAY0004393,INV0004767,SUP00255,DPT004,2024-04-09,1068.58,Bank Transfer,Completed,Tuesday,0,0,0
PAY0004394,INV0004768,SUP00053,DPT001,2024-12-24,7980.97,Bank Transfer,Failed,Tuesday,0,0,1
PAY0004395,INV0004770,SUP00001,DPT001,2024-07-12,5505.2,Bank Transfer,Completed,Friday,0,0,0
PAY0004396,INV0004771,SUP00259,DPT001,2024-09-04,5996.53,Bank Transfer,Completed,Wednesday,0,0,0
PAY0004397,INV0004772,SUP00007,DPT001,2024-04-09,25110.24,Bank Transfer,Completed,Tuesday,0,0,0
PAY0004398,INV0004773,SUP00013,DPT010,2024-09-19,8319.78,Bank Transfer,Completed,Thursday,0,0,0
PAY0004399,INV0004774,SUP00039,DPT001,2024-07-28,37730.71,Bank Transfer,Completed,Sunday,1,0,0
PAY0004400,INV0004775,SUP00297,DPT005,2024-07-06,29420.27,Bank Transfer,Completed,Saturday,1,0,0
PAY0004401,INV0004776,SUP00014,DPT004,2024-06-15,3111.08,Bank Transfer,Completed,Saturday,1,0,0
PAY0004402,INV0004778,SUP00297,DPT011,2024-05-15,28701.81,Check,Completed,Wednesday,0,0,0
PAY0004403,INV0004779,SUP00207,DPT011,2024-09-24,11628.3,Bank Transfer,Completed,Tuesday,0,0,0
PAY0004404,INV0004780,SUP00122,DPT004,2024-06-08,11456.22,Check,Failed,Saturday,1,0,1
PAY0004405,INV0004781,SUP00021,DPT004,2024-03-13,99047.57,Bank Transfer,Completed,Wednesday,0,0,0
PAY0004406,INV0004782,SUP00022,DPT009,2024-12-22,16965.17,Bank Transfer,Completed,Sunday,1,0,0
PAY0004407,INV0004783,SUP00291,DPT001,2024-12-13,4514.04,Bank Transfer,Completed,Friday,0,0,0
PAY0004408,INV0004784,SUP00003,DPT001,2024-10-07,7968.1,Bank Transfer,Completed,Monday,0,0,0
PAY0004409,INV0004785,SUP00177,DPT011,2024-10-22,19614.79,Check,Completed,Tuesday,0,0,0
PAY0004410,INV0004786,SUP00085,DPT001,2024-10-21,40382.44,Bank Transfer,Completed,Monday,0,0,0
PAY0004411,INV0004787,SUP00302,DPT003,2025-03-02,1950.9,Bank Transfer,Completed,Sunday,1,0,0
PAY0004412,INV0004788,SUP00060,DPT002,2025-01-29,56845.43,Bank Transfer,Completed,Wednesday,0,0,0
PAY0004413,INV0004789,SUP00010,DPT001,2025-02-18,6168.94,Bank Transfer,Completed,Tuesday,0,0,0
PAY0004414,INV0004790,SUP00191,DPT012,2024-04-25,4999.61,Bank Transfer,Completed,Thursday,0,0,0
PAY0004415,INV0004791,SUP00312,DPT002,2024-06-22,2218.12,Bank Transfer,Completed,Saturday,1,0,0
PAY0004416,INV0004792,SUP00266,DPT004,2024-05-13,3297.26,Card,Completed,Monday,0,0,0
PAY0004417,INV0004793,SUP00010,DPT002,2024-07-21,4684.02,Bank Transfer,Completed,Sunday,1,0,0
PAY0004418,INV0004794,SUP00015,DPT004,2024-07-11,7014.35,Bank Transfer,Completed,Thursday,0,0,0
PAY0004419,INV0004795,SUP00176,DPT008,2024-08-09,11297.64,Bank Transfer,Completed,Friday,0,0,0
PAY0004420,INV0004796,SUP00083,DPT006,2024-08-21,25343.26,Bank Transfer,Completed,Wednesday,0,0,0
PAY0004421,INV0004798,SUP00005,DPT005,2024-02-29,23295.88,Bank Transfer,Completed,Thursday,0,0,0
PAY0004422,INV0004799,SUP00003,DPT002,2024-09-14,19844.44,Bank Transfer,Completed,Saturday,1,0,0
PAY0004423,INV0004800,SUP00006,DPT004,2024-05-11,12553.4,Card,Completed,Saturday,1,0,0
PAY0004424,INV0004801,SUP00010,DPT011,2024-12-13,10644.25,Bank Transfer,Completed,Friday,0,0,0
PAY0004425,INV0004802,SUP00301,DPT009,2024-02-06,1784.26,Bank Transfer,Completed,Tuesday,0,0,0
PAY0004426,INV0004803,SUP00130,DPT001,2024-08-16,7859.38,Bank Transfer,Completed,Friday,0,0,0
PAY0004427,INV0004804,SUP00002,DPT009,2024-08-29,1739.25,Bank Transfer,Completed,Thursday,0,0,0
PAY0004428,INV0004805,SUP00089,DPT009,2025-01-04,19529.74,Bank Transfer,Completed,Saturday,1,0,0
PAY0004429,INV0004806,SUP00023,DPT009,2024-02-23,8346.41,Bank Transfer,Completed,Friday,0,0,0
PAY0004430,INV0004807,SUP00175,DPT009,2024-10-08,22245.12,Bank Transfer,Completed,Tuesday,0,0,0
PAY0004431,INV0004808,SUP00252,DPT012,2024-10-26,22440.3,Bank Transfer,Completed,Saturday,1,0,0
PAY0004432,INV0004809,SUP00003,DPT001,2024-12-12,9632.16,Check,Completed,Thursday,0,0,0
PAY0004433,INV0004810,SUP00309,DPT003,2024-05-31,2766.34,Bank Transfer,Completed,Friday,0,0,0
PAY0004434,INV0004811,SUP00002,DPT012,2024-08-12,444.73,Bank Transfer,Completed,Monday,0,0,0
PAY0004435,INV0004812,SUP00163,DPT005,2024-05-08,11491.65,Bank Transfer,Completed,Wednesday,0,0,0
PAY0004436,INV0004813,SUP00263,DPT007,2024-08-19,5025.37,Bank Transfer,Completed,Monday,0,0,0
PAY0004437,INV0004814,SUP00174,DPT003,2024-07-08,15440.74,Bank Transfer,Completed,Monday,0,0,0
PAY0004438,INV0004815,SUP00005,DPT002,2025-01-17,13326.31,Bank Transfer,Completed,Friday,0,0,0
PAY0004439,INV0004816,SUP00007,DPT012,2024-12-22,12002.91,Bank Transfer,Completed,Sunday,1,0,0
PAY0004440,INV0004817,SUP00002,DPT003,2025-03-05,7966.44,Card,Completed,Wednesday,0,0,0
PAY0004441,INV0004818,SUP00005,DPT005,2024-06-25,886.91,Bank Transfer,Completed,Tuesday,0,0,0
PAY0004442,INV0004819,SUP00002,DPT002,2024-09-20,25289.41,Bank Transfer,Completed,Friday,0,0,0
PAY0004443,INV0004820,SUP00002,DPT012,2024-10-01,1408.16,Bank Transfer,Pending,Tuesday,0,0,1
PAY0004444,INV0004821,SUP00062,DPT002,2024-07-25,2817.73,Bank Transfer,Completed,Thursday,0,0,0
PAY0004445,INV0004822,SUP00003,DPT011,2024-04-26,4135.16,Check,Completed,Friday,0,0,0
PAY0004446,INV0004823,SUP00022,DPT003,2024-04-21,6078.68,Cash,Completed,Sunday,1,1,0
PAY0004447,INV0004824,SUP00149,DPT011,2024-09-01,4238.78,Bank Transfer,Completed,Sunday,1,0,0
PAY0004448,INV0004826,SUP00107,DPT010,2024-03-23,9875.48,Bank Transfer,Completed,Saturday,1,0,0
PAY0004449,INV0004827,SUP00177,DPT006,2024-04-18,1293.02,Check,Completed,Thursday,0,0,0
PAY0004450,INV0004828,SUP00047,DPT001,2025-01-05,3748.19,Bank Transfer,Completed,Sunday,1,0,0
PAY0004451,INV0004829,SUP00027,DPT003,2025-01-08,538.05,Bank Transfer,Completed,Wednesday,0,0,0
PAY0004452,INV0004830,SUP00162,DPT008,2024-02-05,1818.21,Bank Transfer,Completed,Monday,0,0,0
PAY0004453,INV0004831,SUP00043,DPT007,2024-05-12,1006.32,Bank Transfer,Completed,Sunday,1,0,0
PAY0004454,INV0004832,SUP00031,DPT003,2024-11-23,13892.57,Card,Completed,Saturday,1,0,0
PAY0004455,INV0004833,SUP00204,DPT002,2024-06-29,7563.59,Bank Transfer,Completed,Saturday,1,0,0
PAY0004456,INV0004834,SUP00225,DPT009,2024-05-24,2364.88,Bank Transfer,Completed,Friday,0,0,0
PAY0004457,INV0004835,SUP00017,DPT006,2024-12-06,153.01,Bank Transfer,Completed,Friday,0,0,0
PAY0004458,INV0004836,SUP00021,DPT007,2024-11-07,1045.07,Bank Transfer,Completed,Thursday,0,0,0
PAY0004459,INV0004837,SUP00203,DPT004,2024-08-20,97510.26,Bank Transfer,Completed,Tuesday,0,0,0
PAY0004460,INV0004838,SUP00052,DPT003,2024-05-09,4075.52,Bank Transfer,Failed,Thursday,0,0,1
PAY0004461,INV0004839,SUP00136,DPT003,2025-02-15,14016.41,Bank Transfer,Completed,Saturday,1,0,0
PAY0004462,INV0004840,SUP00003,DPT001,2024-05-18,1165.88,Bank Transfer,Completed,Saturday,1,0,0
PAY0004463,INV0004842,SUP00044,DPT003,2025-01-31,868.4,Check,Completed,Friday,0,0,0
PAY0004464,INV0004843,SUP00214,DPT004,2024-06-02,6019.27,Card,Completed,Sunday,1,0,0
PAY0004465,INV0004844,SUP00012,DPT003,2024-02-19,490.78,Bank Transfer,Failed,Monday,0,0,1
PAY0004466,INV0004845,SUP00297,DPT003,2024-08-26,799.93,Bank Transfer,Completed,Monday,0,0,0
PAY0004467,INV0004846,SUP00179,DPT007,2024-11-26,10205.98,Bank Transfer,Completed,Tuesday,0,0,0
PAY0004468,INV0004848,SUP00223,DPT009,2024-03-28,14747.62,Card,Completed,Thursday,0,0,0
PAY0004469,INV0004849,SUP00009,DPT001,2025-02-08,4268.18,Bank Transfer,Completed,Saturday,1,0,0
PAY0004470,INV0004850,SUP00013,DPT010,2024-11-01,74996.79,Card,Completed,Friday,0,0,0
PAY0004471,INV0004851,SUP00004,DPT011,2024-10-06,3289.88,Bank Transfer,Completed,Sunday,1,0,0
PAY0004472,INV0004852,SUP00018,DPT012,2024-10-28,3248.61,Bank Transfer,Completed,Monday,0,0,0
PAY0004473,INV0004853,SUP00002,DPT001,2025-01-11,3216.91,Bank Transfer,Completed,Saturday,1,0,0
PAY0004474,INV0004854,SUP00174,DPT004,2024-08-06,33504.38,Bank Transfer,Completed,Tuesday,0,0,0
PAY0004475,INV0004855,SUP00204,DPT011,2025-01-26,11321.17,Bank Transfer,Completed,Sunday,1,0,0
PAY0004476,INV0004856,SUP00008,DPT008,2024-05-06,11287.55,Bank Transfer,Completed,Monday,0,0,0
PAY0004477,INV0004857,SUP00029,DPT001,2024-02-06,8814.26,Bank Transfer,Completed,Tuesday,0,0,0
PAY0004478,INV0004858,SUP00127,DPT010,2024-09-26,3540.94,Check,Completed,Thursday,0,0,0
PAY0004479,INV0004859,SUP00169,DPT009,2024-05-08,4071.09,Bank Transfer,Pending,Wednesday,0,0,1
PAY0004480,INV0004860,SUP00302,DPT009,2024-11-25,10083.03,Bank Transfer,Completed,Monday,0,0,0
PAY0004481,INV0004861,SUP00007,DPT004,2024-03-02,3847.08,Bank Transfer,Completed,Saturday,1,0,0
PAY0004482,INV0004862,SUP00009,DPT006,2024-11-15,8137.2,Bank Transfer,Completed,Friday,0,0,0
PAY0004483,INV0004863,SUP00234,DPT007,2025-03-04,4782.45,Check,Completed,Tuesday,0,0,0
PAY0004484,INV0004864,SUP00004,DPT004,2025-02-07,15389.83,Bank Transfer,Completed,Friday,0,0,0
PAY0004485,INV0004865,SUP00194,DPT009,2024-09-23,8075.85,Check,Completed,Monday,0,0,0
PAY0004486,INV0004866,SUP00005,DPT003,2024-11-27,7472.43,Bank Transfer,Completed,Wednesday,0,0,0
PAY0004487,INV0004867,SUP00026,DPT002,2024-09-16,2243.43,Check,Completed,Monday,0,0,0
PAY0004488,INV0004868,SUP00080,DPT010,2024-02-19,1466.02,Bank Transfer,Completed,Monday,0,0,0
PAY0004489,INV0004869,SUP00184,DPT003,2024-09-11,1587.52,Bank Transfer,Completed,Wednesday,0,0,0
PAY0004490,INV0004870,SUP00004,DPT001,2024-11-28,21338.08,Bank Transfer,Completed,Thursday,0,0,0
PAY0004491,INV0004871,SUP00217,DPT009,2024-11-23,829.32,Bank Transfer,Completed,Saturday,1,0,0
PAY0004492,INV0004872,SUP00232,DPT009,2024-05-22,7292.33,Bank Transfer,Completed,Wednesday,0,0,0
PAY0004493,INV0004873,SUP00199,DPT009,2024-06-10,7575.63,Bank Transfer,Completed,Monday,0,0,0
PAY0004494,INV0004874,SUP00284,DPT003,2024-12-05,2697.56,Check,Pending,Thursday,0,0,1
PAY0004495,INV0004875,SUP00245,DPT006,2024-03-06,5836.63,Check,Completed,Wednesday,0,0,0
PAY0004496,INV0004876,SUP00184,DPT001,2024-11-27,7161.09,Bank Transfer,Completed,Wednesday,0,0,0
PAY0004497,INV0004877,SUP00072,DPT001,2024-08-05,1604.2,Bank Transfer,Completed,Monday,0,0,0
PAY0004498,INV0004878,SUP00208,DPT002,2024-10-09,2430.47,Bank Transfer,Completed,Wednesday,0,0,0
PAY0004499,INV0004879,SUP00306,DPT005,2024-07-30,5067.87,Bank Transfer,Completed,Tuesday,0,0,0
PAY0004500,INV0004880,SUP00107,DPT006,2024-07-12,5334.98,Bank Transfer,Completed,Friday,0,0,0
PAY0004501,INV0004881,SUP00008,DPT002,2024-08-10,1197.3,Bank Transfer,Completed,Saturday,1,0,0
PAY0004502,INV0004882,SUP00009,DPT010,2024-11-09,6201.18,Cash,Completed,Saturday,1,1,0
PAY0004503,INV0004883,SUP00200,DPT011,2024-07-07,6266.21,Bank Transfer,Completed,Sunday,1,0,0
PAY0004504,INV0004885,SUP00007,DPT009,2024-03-20,5400.98,Bank Transfer,Completed,Wednesday,0,0,0
PAY0004505,INV0004886,SUP00303,DPT006,2024-08-03,3348.56,Bank Transfer,Completed,Saturday,1,0,0
PAY0004506,INV0004887,SUP00009,DPT004,2024-05-12,13442.69,Bank Transfer,Completed,Sunday,1,0,0
PAY0004507,INV0004888,SUP00021,DPT004,2024-07-13,19927.1,Bank Transfer,Completed,Saturday,1,0,0
PAY0004508,INV0004889,SUP00266,DPT008,2025-02-02,1136.73,Bank Transfer,Completed,Sunday,1,0,0
PAY0004509,INV0004890,SUP00298,DPT002,2024-12-09,2956.51,Bank Transfer,Completed,Monday,0,0,0
PAY0004510,INV0004891,SUP00065,DPT006,2024-04-13,474.22,Bank Transfer,Completed,Saturday,1,0,0
PAY0004511,INV0004892,SUP00291,DPT002,2024-10-03,1829.42,Bank Transfer,Completed,Thursday,0,0,0
PAY0004512,INV0004893,SUP00228,DPT001,2024-08-06,30080.61,Bank Transfer,Completed,Tuesday,0,0,0
PAY0004513,INV0004894,SUP00242,DPT005,2024-07-27,1576.94,Bank Transfer,Completed,Saturday,1,0,0
PAY0004514,INV0004895,SUP00243,DPT002,2024-03-30,9362.83,Check,Completed,Saturday,1,0,0
PAY0004515,INV0004896,SUP00018,DPT008,2024-08-21,8760.78,Bank Transfer,Failed,Wednesday,0,0,1
PAY0004516,INV0004897,SUP00002,DPT006,2024-05-14,50041.92,Bank Transfer,Completed,Tuesday,0,0,0
PAY0004517,INV0004898,SUP00006,DPT002,2024-10-22,3253.68,Bank Transfer,Completed,Tuesday,0,0,0
PAY0004518,INV0004900,SUP00008,DPT003,2025-01-06,16115.08,Card,Completed,Monday,0,0,0
PAY0004519,INV0004901,SUP00002,DPT007,2025-03-04,70836.4,Bank Transfer,Completed,Tuesday,0,0,0
PAY0004520,INV0004902,SUP00010,DPT002,2025-01-01,280.18,Card,Completed,Wednesday,0,0,0
PAY0004521,INV0004903,SUP00078,DPT002,2024-06-15,9928.7,Bank Transfer,Completed,Saturday,1,0,0
PAY0004522,INV0004904,SUP00005,DPT010,2024-04-25,349.69,Bank Transfer,Completed,Thursday,0,0,0
PAY0004523,INV0004905,SUP00012,DPT011,2024-10-24,5039.39,Cash,Completed,Thursday,0,1,0
PAY0004524,INV0004906,SUP00008,DPT003,2024-06-27,4088.19,Bank Transfer,Completed,Thursday,0,0,0
PAY0004525,INV0004907,SUP00004,DPT003,2024-11-01,1407.74,Bank Transfer,Completed,Friday,0,0,0
PAY0004526,INV0004908,SUP00129,DPT007,2025-01-12,2676.17,Check,Completed,Sunday,1,0,0
PAY0004527,INV0004909,SUP00257,DPT002,2024-09-29,3799.98,Bank Transfer,Completed,Sunday,1,0,0
PAY0004528,INV0004910,SUP00153,DPT010,2024-08-25,8697.05,Bank Transfer,Completed,Sunday,1,0,0
PAY0004529,INV0004911,SUP00134,DPT001,2024-12-15,1414.24,Check,Completed,Sunday,1,0,0
PAY0004530,INV0004912,SUP00310,DPT002,2024-10-27,2337.72,Bank Transfer,Completed,Sunday,1,0,0
PAY0004531,INV0004913,SUP00162,DPT001,2024-04-14,9833.33,Bank Transfer,Completed,Sunday,1,0,0
PAY0004532,INV0004915,SUP00008,DPT010,2024-03-01,111249.12,Bank Transfer,Completed,Friday,0,0,0
PAY0004533,INV0004916,SUP00107,DPT006,2024-03-23,6371.63,Bank Transfer,Completed,Saturday,1,0,0
PAY0004534,INV0004917,SUP00108,DPT001,2024-08-05,11175.4,Bank Transfer,Completed,Monday,0,0,0
PAY0004535,INV0004918,SUP00222,DPT001,2024-09-11,4111.08,Bank Transfer,Completed,Wednesday,0,0,0
PAY0004536,INV0004919,SUP00006,DPT003,2024-09-14,26274.86,Bank Transfer,Completed,Saturday,1,0,0
PAY0004537,INV0004920,SUP00309,DPT006,2024-07-03,1797.46,Bank Transfer,Completed,Wednesday,0,0,0
PAY0004538,INV0004921,SUP00035,DPT006,2024-06-22,5033.83,Bank Transfer,Completed,Saturday,1,0,0
PAY0004539,INV0004922,SUP00274,DPT001,2024-09-07,6961.61,Card,Completed,Saturday,1,0,0
PAY0004540,INV0004923,SUP00043,DPT008,2025-04-03,9754.22,Bank Transfer,Completed,Thursday,0,0,0
PAY0004541,INV0004924,SUP00007,DPT006,2024-11-15,15259.86,Bank Transfer,Completed,Friday,0,0,0
PAY0004542,INV0004925,SUP00015,DPT012,2024-03-09,4303.73,Bank Transfer,Completed,Saturday,1,0,0
PAY0004543,INV0004926,SUP00008,DPT005,2024-06-20,15006.93,Check,Completed,Thursday,0,0,0
PAY0004544,INV0004927,SUP00009,DPT003,2025-01-21,1064.23,Bank Transfer,Pending,Tuesday,0,0,1
PAY0004545,INV0004928,SUP00256,DPT001,2025-01-20,7222.17,Bank Transfer,Completed,Monday,0,0,0
PAY0004546,INV0004929,SUP00018,DPT011,2024-07-17,620.15,Bank Transfer,Completed,Wednesday,0,0,0
PAY0004547,INV0004931,SUP00016,DPT003,2024-11-16,94824.39,Bank Transfer,Pending,Saturday,1,0,1
PAY0004548,INV0004932,SUP00095,DPT005,2024-11-17,7306.62,Check,Completed,Sunday,1,0,0
PAY0004549,INV0004933,SUP00007,DPT005,2024-07-06,3107.35,Bank Transfer,Completed,Saturday,1,0,0
PAY0004550,INV0004934,SUP00002,DPT005,2024-05-31,9753.55,Bank Transfer,Completed,Friday,0,0,0
PAY0004551,INV0004935,SUP00245,DPT007,2024-09-27,5079.97,Bank Transfer,Pending,Friday,0,0,1
PAY0004552,INV0004936,SUP00008,DPT001,2024-10-07,1491.68,Cash,Completed,Monday,0,1,0
PAY0004553,INV0004937,SUP00283,DPT007,2024-10-19,629.51,Bank Transfer,Completed,Saturday,1,0,0
PAY0004554,INV0004938,SUP00002,DPT010,2025-03-20,5327.57,Bank Transfer,Completed,Thursday,0,0,0
PAY0004555,INV0004939,SUP00114,DPT001,2024-09-04,4248.13,Bank Transfer,Completed,Wednesday,0,0,0
PAY0004556,INV0004940,SUP00123,DPT001,2024-12-05,4000.06,Bank Transfer,Pending,Thursday,0,0,1
PAY0004557,INV0004941,SUP00006,DPT012,2024-12-27,14599.28,Bank Transfer,Completed,Friday,0,0,0
PAY0004558,INV0004942,SUP00123,DPT003,2024-02-06,27046.75,Bank Transfer,Failed,Tuesday,0,0,1
PAY0004559,INV0004943,SUP00019,DPT004,2024-09-06,12286.49,Bank Transfer,Completed,Friday,0,0,0
PAY0004560,INV0004944,SUP00018,DPT003,2024-05-07,3698.96,Bank Transfer,Completed,Tuesday,0,0,0
PAY0004561,INV0004945,SUP00248,DPT005,2024-01-30,6319.82,Bank Transfer,Completed,Tuesday,0,0,0
PAY0004562,INV0004946,SUP00292,DPT007,2024-02-27,19885.45,Bank Transfer,Completed,Tuesday,0,0,0
PAY0004563,INV0004947,SUP00006,DPT008,2024-12-30,15536.77,Check,Completed,Monday,0,0,0
PAY0004564,INV0004948,SUP00134,DPT003,2024-11-15,10620.02,Bank Transfer,Completed,Friday,0,0,0
PAY0004565,INV0004949,SUP00006,DPT002,2024-10-17,3173.48,Bank Transfer,Completed,Thursday,0,0,0
PAY0004566,INV0004950,SUP00002,DPT005,2025-02-25,19820.07,Bank Transfer,Completed,Tuesday,0,0,0
PAY0004567,INV0004951,SUP00005,DPT003,2024-10-05,27945.29,Bank Transfer,Completed,Saturday,1,0,0
PAY0004568,INV0004952,SUP00105,DPT006,2024-03-11,15441.13,Bank Transfer,Completed,Monday,0,0,0
PAY0004569,INV0004953,SUP00159,DPT006,2024-06-13,179228.71,Check,Completed,Thursday,0,0,0
PAY0004570,INV0004954,SUP00030,DPT010,2024-10-16,14310.74,Bank Transfer,Completed,Wednesday,0,0,0
PAY0004571,INV0004955,SUP00292,DPT001,2024-11-11,22282.51,Bank Transfer,Completed,Monday,0,0,0
PAY0004572,INV0004956,SUP00181,DPT001,2024-10-23,12833.87,Bank Transfer,Completed,Wednesday,0,0,0
PAY0004573,INV0004957,SUP00006,DPT009,2024-11-30,5000.37,Bank Transfer,Completed,Saturday,1,0,0
PAY0004574,INV0004958,SUP00007,DPT005,2024-09-07,1502.38,Bank Transfer,Completed,Saturday,1,0,0
PAY0004575,INV0004959,SUP00082,DPT001,2025-01-23,2461.05,Bank Transfer,Completed,Thursday,0,0,0
PAY0004576,INV0004960,SUP00013,DPT011,2024-08-31,2520.41,Bank Transfer,Completed,Saturday,1,0,0
PAY0004577,INV0004962,SUP00001,DPT004,2024-06-24,4248.5,Bank Transfer,Completed,Monday,0,0,0
PAY0004578,INV0004963,SUP00021,DPT009,2024-07-01,6244.14,Bank Transfer,Completed,Monday,0,0,0
PAY0004579,INV0004964,SUP00039,DPT006,2024-07-14,23680.69,Bank Transfer,Completed,Sunday,1,0,0
PAY0004580,INV0004965,SUP00116,DPT003,2024-09-21,1497.51,Bank Transfer,Completed,Saturday,1,0,0
PAY0004581,INV0004966,SUP00181,DPT003,2024-03-23,16994.27,Bank Transfer,Completed,Saturday,1,0,0
PAY0004582,INV0004967,SUP00302,DPT004,2024-10-29,7981.74,Bank Transfer,Completed,Tuesday,0,0,0
PAY0004583,INV0004968,SUP00225,DPT004,2024-07-31,9455.0,Bank Transfer,Pending,Wednesday,0,0,1
PAY0004584,INV0004969,SUP00016,DPT007,2024-07-27,5277.82,Bank Transfer,Completed,Saturday,1,0,0
PAY0004585,INV0004970,SUP00046,DPT004,2024-10-30,65274.44,Bank Transfer,Completed,Wednesday,0,0,0
PAY0004586,INV0004971,SUP00008,DPT001,2024-12-01,2435.0,Bank Transfer,Completed,Sunday,1,0,0
PAY0004587,INV0004972,SUP00302,DPT007,2024-08-18,3132.8,Check,Completed,Sunday,1,0,0
PAY0004588,INV0004973,SUP00046,DPT001,2025-02-05,6952.12,Bank Transfer,Completed,Wednesday,0,0,0
PAY0004589,INV0004974,SUP00009,DPT009,2024-10-22,49698.99,Bank Transfer,Completed,Tuesday,0,0,0
PAY0004590,INV0004975,SUP00158,DPT007,2025-01-21,7878.59,Bank Transfer,Completed,Tuesday,0,0,0
PAY0004591,INV0004976,SUP00028,DPT006,2024-07-02,5721.75,Bank Transfer,Completed,Tuesday,0,0,0
PAY0004592,INV0004977,SUP00319,DPT004,2024-04-16,11057.12,Bank Transfer,Completed,Tuesday,0,0,0
PAY0004593,INV0004978,SUP00003,DPT002,2024-05-31,11993.86,Bank Transfer,Completed,Friday,0,0,0
PAY0004594,INV0004979,SUP00013,DPT006,2024-04-04,5707.73,Bank Transfer,Completed,Thursday,0,0,0
PAY0004595,INV0004981,SUP00026,DPT006,2024-06-09,9945.3,Bank Transfer,Completed,Sunday,1,0,0
PAY0004596,INV0004982,SUP00011,DPT002,2024-10-26,4375.5,Bank Transfer,Completed,Saturday,1,0,0
PAY0004597,INV0004983,SUP00087,DPT006,2025-02-28,25393.2,Bank Transfer,Completed,Friday,0,0,0
PAY0004598,INV0004984,SUP00123,DPT002,2024-02-03,583.35,Bank Transfer,Completed,Saturday,1,0,0
PAY0004599,INV0004985,SUP00004,DPT001,2024-12-04,1630.16,Card,Completed,Wednesday,0,0,0
PAY0004600,INV0004986,SUP00009,DPT004,2024-09-03,4801.15,Bank Transfer,Completed,Tuesday,0,0,0
PAY0004601,INV0004987,SUP00011,DPT007,2024-03-16,1538.1,Bank Transfer,Completed,Saturday,1,0,0
PAY0004602,INV0004988,SUP00009,DPT002,2024-12-14,15450.91,Check,Completed,Saturday,1,0,0
PAY0004603,INV0004989,SUP00018,DPT004,2024-08-19,14655.83,Bank Transfer,Completed,Monday,0,0,0
PAY0004604,INV0004990,SUP00013,DPT009,2024-09-25,39991.34,Bank Transfer,Completed,Wednesday,0,0,0
PAY0004605,INV0004991,SUP00162,DPT005,2025-03-04,3088.64,Bank Transfer,Completed,Tuesday,0,0,0
PAY0004606,INV0004992,SUP00084,DPT006,2024-04-01,11642.05,Bank Transfer,Completed,Monday,0,0,0
PAY0004607,INV0004993,SUP00023,DPT002,2024-04-18,26137.96,Bank Transfer,Completed,Thursday,0,0,0
PAY0004608,INV0004994,SUP00007,DPT001,2024-05-11,7172.47,Bank Transfer,Completed,Saturday,1,0,0
PAY0004609,INV0004995,SUP00022,DPT002,2024-08-10,18850.36,Bank Transfer,Completed,Saturday,1,0,0
PAY0004610,INV0004996,SUP00006,DPT012,2025-03-13,24784.39,Bank Transfer,Completed,Thursday,0,0,0
PAY0004611,INV0004997,SUP00292,DPT001,2024-09-20,26985.41,Bank Transfer,Completed,Friday,0,0,0
PAY0004612,INV0004998,SUP00006,DPT002,2024-09-24,2437.65,Check,Completed,Tuesday,0,0,0
PAY0004613,INV0004999,SUP00237,DPT002,2024-02-16,1028.3,Bank Transfer,Completed,Friday,0,0,0
PAY0004614,INV0005000,SUP00094,DPT009,2024-06-20,3861.11,Bank Transfer,Completed,Thursday,0,0,0
PAY0004615,INV0005001,SUP00209,DPT004,2024-07-01,5392.8,Bank Transfer,Completed,Monday,0,0,0
PAY0004616,INV0005002,SUP00255,DPT009,2024-07-09,9844.67,Bank Transfer,Completed,Tuesday,0,0,0
PAY0004617,INV0005003,SUP00205,DPT004,2025-01-02,10024.6,Check,Completed,Thursday,0,0,0
PAY0004618,INV0005005,SUP00009,DPT010,2024-01-25,1883.9,Bank Transfer,Completed,Thursday,0,0,0
PAY0004619,INV0005006,SUP00120,DPT004,2024-06-21,38308.63,Bank Transfer,Completed,Friday,0,0,0
PAY0004620,INV0005007,SUP00001,DPT012,2024-10-07,5170.57,Card,Completed,Monday,0,0,0
PAY0004621,INV0005008,SUP00018,DPT011,2024-08-01,3440.66,Bank Transfer,Completed,Thursday,0,0,0
PAY0004622,INV0005009,SUP00237,DPT001,2024-12-29,8790.99,Bank Transfer,Completed,Sunday,1,0,0
PAY0004623,INV0005010,SUP00073,DPT005,2024-11-13,1970.9,Bank Transfer,Pending,Wednesday,0,0,1
PAY0004624,INV0005011,SUP00009,DPT006,2024-06-27,2556.27,Bank Transfer,Completed,Thursday,0,0,0
PAY0004625,INV0005012,SUP00257,DPT009,2025-02-08,15059.2,Bank Transfer,Completed,Saturday,1,0,0
PAY0004626,INV0005013,SUP00001,DPT007,2024-06-04,1869.68,Bank Transfer,Completed,Tuesday,0,0,0
PAY0004627,INV0005015,SUP00179,DPT003,2024-12-15,3993.09,Bank Transfer,Completed,Sunday,1,0,0
PAY0004628,INV0005016,SUP00005,DPT009,2024-04-22,8169.04,Bank Transfer,Completed,Monday,0,0,0
PAY0004629,INV0005017,SUP00003,DPT001,2024-06-26,28810.05,Bank Transfer,Completed,Wednesday,0,0,0
PAY0004630,INV0005018,SUP00292,DPT006,2024-09-27,9049.9,Bank Transfer,Completed,Friday,0,0,0
PAY0004631,INV0005019,SUP00003,DPT002,2024-06-27,10805.92,Bank Transfer,Completed,Thursday,0,0,0
PAY0004632,INV0005022,SUP00015,DPT002,2024-12-11,1698.42,Bank Transfer,Completed,Wednesday,0,0,0
PAY0004633,INV0005023,SUP00114,DPT009,2025-03-11,16893.57,Bank Transfer,Completed,Tuesday,0,0,0
PAY0004634,INV0005025,SUP00019,DPT001,2024-10-31,5568.04,Bank Transfer,Completed,Thursday,0,0,0
PAY0004635,INV0005026,SUP00108,DPT004,2024-10-08,10767.94,Bank Transfer,Pending,Tuesday,0,0,1
PAY0004636,INV0005028,SUP00002,DPT001,2024-12-09,3455.62,Bank Transfer,Completed,Monday,0,0,0
PAY0004637,INV0005029,SUP00217,DPT009,2024-05-08,2008.71,Card,Completed,Wednesday,0,0,0
PAY0004638,INV0005030,SUP00034,DPT003,2024-11-15,46653.77,Bank Transfer,Completed,Friday,0,0,0
PAY0004639,INV0005031,SUP00136,DPT006,2025-02-23,4683.64,Bank Transfer,Completed,Sunday,1,0,0
PAY0004640,INV0005032,SUP00070,DPT001,2024-04-03,4156.41,Check,Completed,Wednesday,0,0,0
PAY0004641,INV0005033,SUP00093,DPT001,2024-12-14,13115.02,Bank Transfer,Completed,Saturday,1,0,0
PAY0004642,INV0005034,SUP00008,DPT006,2025-02-08,6210.77,Bank Transfer,Completed,Saturday,1,0,0
PAY0004643,INV0005035,SUP00282,DPT003,2024-07-13,422.98,Bank Transfer,Completed,Saturday,1,0,0
PAY0004644,INV0005036,SUP00025,DPT010,2025-01-19,62399.02,Bank Transfer,Completed,Sunday,1,0,0
PAY0004645,INV0005037,SUP00273,DPT001,2024-09-27,3394.44,Bank Transfer,Completed,Friday,0,0,0
PAY0004646,INV0005038,SUP00207,DPT006,2024-07-30,2255.99,Bank Transfer,Completed,Tuesday,0,0,0
PAY0004647,INV0005039,SUP00155,DPT007,2024-02-15,5017.31,Bank Transfer,Completed,Thursday,0,0,0
PAY0004648,INV0005040,SUP00026,DPT006,2024-09-07,3404.89,Bank Transfer,Completed,Saturday,1,0,0
PAY0004649,INV0005041,SUP00001,DPT007,2024-04-25,3465.21,Bank Transfer,Completed,Thursday,0,0,0
PAY0004650,INV0005042,SUP00011,DPT002,2024-05-16,6844.66,Bank Transfer,Completed,Thursday,0,0,0
PAY0004651,INV0005043,SUP00123,DPT008,2025-01-21,698.17,Bank Transfer,Completed,Tuesday,0,0,0
PAY0004652,INV0005044,SUP00013,DPT005,2024-02-21,13750.71,Bank Transfer,Completed,Wednesday,0,0,0
PAY0004653,INV0005045,SUP00004,DPT009,2024-09-22,17905.99,Check,Completed,Sunday,1,0,0
PAY0004654,INV0005046,SUP00036,DPT001,2025-02-01,895.67,Cash,Completed,Saturday,1,1,0
PAY0004655,INV0005047,SUP00006,DPT001,2024-05-25,9979.16,Bank Transfer,Completed,Saturday,1,0,0
PAY0004656,INV0005048,SUP00011,DPT004,2024-06-08,2243.3,Bank Transfer,Completed,Saturday,1,0,0
PAY0004657,INV0005049,SUP00030,DPT003,2024-08-21,3585.08,Bank Transfer,Failed,Wednesday,0,0,1
PAY0004658,INV0005051,SUP00004,DPT001,2024-08-03,16326.87,Cash,Pending,Saturday,1,1,1
PAY0004659,INV0005052,SUP00007,DPT001,2024-06-10,8543.14,Bank Transfer,Completed,Monday,0,0,0
PAY0004660,INV0005053,SUP00080,DPT001,2025-02-06,1193.59,Bank Transfer,Completed,Thursday,0,0,0
PAY0004661,INV0005054,SUP00281,DPT001,2024-03-15,6366.67,Bank Transfer,Completed,Friday,0,0,0
PAY0004662,INV0005056,SUP00155,DPT011,2024-04-25,2423.55,Bank Transfer,Completed,Thursday,0,0,0
PAY0004663,INV0005057,SUP00007,DPT004,2024-11-16,2239.92,Bank Transfer,Completed,Saturday,1,0,0
PAY0004664,INV0005058,SUP00105,DPT002,2024-05-20,5529.44,Bank Transfer,Completed,Monday,0,0,0
PAY0004665,INV0005059,SUP00005,DPT003,2024-12-03,11851.47,Check,Completed,Tuesday,0,0,0
PAY0004666,INV0005060,SUP00229,DPT009,2024-05-22,3117.08,Bank Transfer,Completed,Wednesday,0,0,0
PAY0004667,INV0005061,SUP00169,DPT011,2024-11-08,7819.81,Bank Transfer,Completed,Friday,0,0,0
PAY0004668,INV0005062,SUP00132,DPT002,2024-07-26,1418.74,Check,Completed,Friday,0,0,0
PAY0004669,INV0005064,SUP00224,DPT003,2024-03-05,750.11,Bank Transfer,Completed,Tuesday,0,0,0
PAY0004670,INV0005065,SUP00005,DPT003,2024-10-11,8417.97,Bank Transfer,Completed,Friday,0,0,0
PAY0004671,INV0005066,SUP00045,DPT001,2024-03-20,16334.52,Bank Transfer,Completed,Wednesday,0,0,0
PAY0004672,INV0005067,SUP00189,DPT007,2024-06-23,4899.83,Bank Transfer,Completed,Sunday,1,0,0
PAY0004673,INV0005068,SUP00103,DPT001,2024-10-22,9954.35,Bank Transfer,Completed,Tuesday,0,0,0
PAY0004674,INV0005069,SUP00214,DPT001,2024-02-26,7933.34,Bank Transfer,Completed,Monday,0,0,0
PAY0004675,INV0005070,SUP00149,DPT007,2025-01-20,1234.29,Check,Completed,Monday,0,0,0
PAY0004676,INV0005071,SUP00177,DPT009,2025-01-20,14917.69,Bank Transfer,Completed,Monday,0,0,0
PAY0004677,INV0005074,SUP00030,DPT003,2024-11-13,2460.85,Bank Transfer,Completed,Wednesday,0,0,0
PAY0004678,INV0005075,SUP00076,DPT003,2024-05-15,1468.28,Bank Transfer,Completed,Wednesday,0,0,0
PAY0004679,INV0005076,SUP00139,DPT001,2024-11-26,219.42,Bank Transfer,Completed,Tuesday,0,0,0
PAY0004680,INV0005077,SUP00058,DPT002,2024-04-02,41467.81,Bank Transfer,Completed,Tuesday,0,0,0
PAY0004681,INV0005078,SUP00150,DPT001,2024-08-22,42074.73,Bank Transfer,Completed,Thursday,0,0,0
PAY0004682,INV0005079,SUP00005,DPT007,2024-05-04,2255.67,Bank Transfer,Completed,Saturday,1,0,0
PAY0004683,INV0005080,SUP00019,DPT010,2024-08-14,1158.44,Bank Transfer,Completed,Wednesday,0,0,0
PAY0004684,INV0005081,SUP00269,DPT001,2024-05-07,32171.67,Bank Transfer,Pending,Tuesday,0,0,1
PAY0004685,INV0005082,SUP00008,DPT002,2024-05-01,520.07,Check,Completed,Wednesday,0,0,0
PAY0004686,INV0005084,SUP00170,DPT004,2025-02-17,12700.23,Bank Transfer,Completed,Monday,0,0,0
PAY0004687,INV0005085,SUP00007,DPT009,2024-06-02,4080.61,Bank Transfer,Completed,Sunday,1,0,0
PAY0004688,INV0005086,SUP00025,DPT001,2024-10-19,29197.04,Bank Transfer,Completed,Saturday,1,0,0
PAY0004689,INV0005087,SUP00150,DPT006,2024-08-30,2688.49,Bank Transfer,Completed,Friday,0,0,0
PAY0004690,INV0005088,SUP00028,DPT005,2025-01-11,15770.53,Bank Transfer,Completed,Saturday,1,0,0
PAY0004691,INV0005089,SUP00262,DPT009,2025-01-15,4491.53,Bank Transfer,Completed,Wednesday,0,0,0
PAY0004692,INV0005090,SUP00249,DPT003,2024-06-07,1500.31,Bank Transfer,Completed,Friday,0,0,0
PAY0004693,INV0005091,SUP00030,DPT001,2024-07-21,64228.23,Bank Transfer,Completed,Sunday,1,0,0
PAY0004694,INV0005092,SUP00297,DPT002,2025-02-03,2719.73,Bank Transfer,Completed,Monday,0,0,0
PAY0004695,INV0005093,SUP00010,DPT006,2025-01-16,3774.52,Bank Transfer,Completed,Thursday,0,0,0
PAY0004696,INV0005094,SUP00008,DPT005,2024-07-03,15048.35,Bank Transfer,Completed,Wednesday,0,0,0
PAY0004697,INV0005095,SUP00126,DPT006,2024-02-08,5109.63,Bank Transfer,Completed,Thursday,0,0,0
PAY0004698,INV0005096,SUP00068,DPT002,2024-06-21,1284.48,Bank Transfer,Completed,Friday,0,0,0
PAY0004699,INV0005097,SUP00009,DPT001,2024-05-25,30240.78,Check,Completed,Saturday,1,0,0
PAY0004700,INV0005098,SUP00017,DPT005,2024-08-18,5844.36,Bank Transfer,Completed,Sunday,1,0,0
PAY0004701,INV0005099,SUP00008,DPT001,2024-02-16,5432.59,Card,Completed,Friday,0,0,0
PAY0004702,INV0005101,SUP00017,DPT009,2024-12-22,5924.07,Bank Transfer,Completed,Sunday,1,0,0
PAY0004703,INV0005103,SUP00223,DPT006,2025-01-20,9520.64,Bank Transfer,Completed,Monday,0,0,0
PAY0004704,INV0005104,SUP00033,DPT002,2025-02-08,7580.38,Bank Transfer,Completed,Saturday,1,0,0
PAY0004705,INV0005105,SUP00027,DPT011,2024-05-27,3944.1,Bank Transfer,Completed,Monday,0,0,0
PAY0004706,INV0005106,SUP00002,DPT005,2024-06-06,7601.58,Bank Transfer,Completed,Thursday,0,0,0
PAY0004707,INV0005107,SUP00026,DPT003,2024-12-02,4662.75,Bank Transfer,Failed,Monday,0,0,1
PAY0004708,INV0005108,SUP00099,DPT007,2025-01-08,5523.22,Bank Transfer,Completed,Wednesday,0,0,0
PAY0004709,INV0005109,SUP00190,DPT001,2024-09-26,9919.01,Bank Transfer,Completed,Thursday,0,0,0
PAY0004710,INV0005110,SUP00016,DPT003,2024-11-30,4616.24,Bank Transfer,Completed,Saturday,1,0,0
PAY0004711,INV0005111,SUP00273,DPT002,2024-07-04,2405.8,Bank Transfer,Completed,Thursday,0,0,0
PAY0004712,INV0005112,SUP00226,DPT003,2024-03-05,14741.97,Bank Transfer,Completed,Tuesday,0,0,0
PAY0004713,INV0005113,SUP00003,DPT001,2024-07-30,1745.52,Bank Transfer,Completed,Tuesday,0,0,0
PAY0004714,INV0005114,SUP00263,DPT012,2024-11-01,20037.23,Bank Transfer,Completed,Friday,0,0,0
PAY0004715,INV0005115,SUP00008,DPT004,2024-04-07,4139.98,Card,Completed,Sunday,1,0,0
PAY0004716,INV0005117,SUP00103,DPT001,2024-06-11,30981.21,Check,Completed,Tuesday,0,0,0
PAY0004717,INV0005118,SUP00021,DPT009,2024-11-12,5632.5,Bank Transfer,Completed,Tuesday,0,0,0
PAY0004718,INV0005119,SUP00023,DPT006,2024-11-11,15937.59,Bank Transfer,Completed,Monday,0,0,0
PAY0004719,INV0005120,SUP00063,DPT007,2024-11-28,12255.34,Bank Transfer,Completed,Thursday,0,0,0
PAY0004720,INV0005121,SUP00228,DPT009,2024-04-12,7244.21,Bank Transfer,Completed,Friday,0,0,0
PAY0004721,INV0005122,SUP00224,DPT005,2024-05-23,11974.33,Check,Completed,Thursday,0,0,0
PAY0004722,INV0005123,SUP00021,DPT006,2025-02-10,4384.74,Bank Transfer,Completed,Monday,0,0,0
PAY0004723,INV0005124,SUP00231,DPT010,2024-03-25,39553.78,Check,Completed,Monday,0,0,0
PAY0004724,INV0005125,SUP00027,DPT001,2024-12-29,6667.96,Bank Transfer,Completed,Sunday,1,0,0
PAY0004725,INV0005126,SUP00022,DPT001,2024-01-30,2591.52,Bank Transfer,Completed,Tuesday,0,0,0
PAY0004726,INV0005127,SUP00008,DPT012,2024-07-21,3588.54,Bank Transfer,Completed,Sunday,1,0,0
PAY0004727,INV0005128,SUP00219,DPT010,2024-08-12,16894.36,Bank Transfer,Completed,Monday,0,0,0
PAY0004728,INV0005129,SUP00096,DPT005,2024-06-21,2103.22,Bank Transfer,Completed,Friday,0,0,0
PAY0004729,INV0005130,SUP00023,DPT009,2024-03-30,53413.92,Bank Transfer,Completed,Saturday,1,0,0
PAY0004730,INV0005131,SUP00121,DPT010,2024-09-06,26690.28,Bank Transfer,Completed,Friday,0,0,0
PAY0004731,INV0005132,SUP00238,DPT004,2024-07-12,1421.99,Bank Transfer,Completed,Friday,0,0,0
PAY0004732,INV0005133,SUP00007,DPT001,2024-09-03,100051.15,Card,Completed,Tuesday,0,0,0
PAY0004733,INV0005134,SUP00019,DPT004,2024-11-08,2000.14,Bank Transfer,Completed,Friday,0,0,0
PAY0004734,INV0005135,SUP00018,DPT003,2024-08-21,2286.35,Bank Transfer,Completed,Wednesday,0,0,0
PAY0004735,INV0005136,SUP00003,DPT001,2024-08-17,3465.73,Bank Transfer,Completed,Saturday,1,0,0
PAY0004736,INV0005137,SUP00013,DPT011,2024-06-29,2568.77,Bank Transfer,Completed,Saturday,1,0,0
PAY0004737,INV0005138,SUP00180,DPT007,2024-09-26,9742.65,Card,Completed,Thursday,0,0,0
PAY0004738,INV0005139,SUP00009,DPT009,2024-12-10,7803.54,Bank Transfer,Completed,Tuesday,0,0,0
PAY0004739,INV0005140,SUP00209,DPT006,2024-04-10,9867.61,Bank Transfer,Completed,Wednesday,0,0,0
PAY0004740,INV0005141,SUP00294,DPT002,2024-04-06,6036.66,Bank Transfer,Completed,Saturday,1,0,0
PAY0004741,INV0005142,SUP00008,DPT005,2024-11-21,3291.67,Bank Transfer,Completed,Thursday,0,0,0
PAY0004742,INV0005143,SUP00021,DPT007,2024-11-07,3304.53,Bank Transfer,Completed,Thursday,0,0,0
PAY0004743,INV0005144,SUP00005,DPT006,2024-08-23,20940.14,Check,Pending,Friday,0,0,1
PAY0004744,INV0005145,SUP00139,DPT001,2024-05-05,3975.25,Bank Transfer,Completed,Sunday,1,0,0
PAY0004745,INV0005146,SUP00028,DPT009,2024-08-09,29729.07,Bank Transfer,Completed,Friday,0,0,0
PAY0004746,INV0005147,SUP00078,DPT003,2024-07-19,2912.27,Bank Transfer,Completed,Friday,0,0,0
PAY0004747,INV0005148,SUP00190,DPT004,2024-10-20,6282.07,Bank Transfer,Completed,Sunday,1,0,0
PAY0004748,INV0005149,SUP00188,DPT005,2024-04-07,8627.22,Bank Transfer,Completed,Sunday,1,0,0
PAY0004749,INV0005150,SUP00035,DPT012,2024-10-06,23085.62,Bank Transfer,Completed,Sunday,1,0,0
PAY0004750,INV0005151,SUP00251,DPT003,2024-03-26,18709.16,Bank Transfer,Completed,Tuesday,0,0,0
PAY0004751,INV0005153,SUP00103,DPT012,2024-02-21,6553.92,Bank Transfer,Completed,Wednesday,0,0,0
PAY0004752,INV0005154,SUP00002,DPT011,2024-11-15,2123.36,Bank Transfer,Completed,Friday,0,0,0
PAY0004753,INV0005155,SUP00188,DPT002,2025-02-03,4846.54,Check,Completed,Monday,0,0,0
PAY0004754,INV0005156,SUP00257,DPT009,2024-08-04,77941.75,Bank Transfer,Completed,Sunday,1,0,0
PAY0004755,INV0005157,SUP00059,DPT011,2024-02-16,2004.48,Bank Transfer,Pending,Friday,0,0,1
PAY0004756,INV0005158,SUP00144,DPT001,2024-09-25,3138.28,Bank Transfer,Completed,Wednesday,0,0,0
PAY0004757,INV0005160,SUP00030,DPT002,2024-09-26,14926.68,Bank Transfer,Completed,Thursday,0,0,0
PAY0004758,INV0005161,SUP00201,DPT009,2024-06-21,1547.97,Bank Transfer,Completed,Friday,0,0,0
PAY0004759,INV0005162,SUP00247,DPT001,2024-06-13,1455.46,Card,Completed,Thursday,0,0,0
PAY0004760,INV0005163,SUP00004,DPT007,2024-03-04,8870.45,Card,Completed,Monday,0,0,0
PAY0004761,INV0005164,SUP00001,DPT009,2024-06-27,14278.72,Bank Transfer,Completed,Thursday,0,0,0
PAY0004762,INV0005165,SUP00017,DPT001,2025-04-06,9026.1,Bank Transfer,Completed,Sunday,1,0,0
PAY0004763,INV0005166,SUP00019,DPT008,2024-12-25,1875.21,Bank Transfer,Completed,Wednesday,0,0,0
PAY0004764,INV0005167,SUP00187,DPT001,2024-03-18,860.81,Bank Transfer,Completed,Monday,0,0,0
PAY0004765,INV0005168,SUP00001,DPT001,2024-06-08,561.84,Bank Transfer,Completed,Saturday,1,0,0
PAY0004766,INV0005169,SUP00181,DPT011,2025-01-03,100583.58,Bank Transfer,Completed,Friday,0,0,0
PAY0004767,INV0005171,SUP00142,DPT008,2024-04-27,3483.18,Bank Transfer,Completed,Saturday,1,0,0
PAY0004768,INV0005172,SUP00031,DPT010,2024-10-17,8031.0,Card,Completed,Thursday,0,0,0
PAY0004769,INV0005173,SUP00197,DPT001,2024-07-12,3846.07,Bank Transfer,Completed,Friday,0,0,0
PAY0004770,INV0005174,SUP00023,DPT005,2025-01-31,37058.15,Bank Transfer,Completed,Friday,0,0,0
PAY0004771,INV0005175,SUP00015,DPT010,2024-10-06,85128.62,Bank Transfer,Completed,Sunday,1,0,0
PAY0004772,INV0005177,SUP00024,DPT003,2024-04-04,675.21,Check,Completed,Thursday,0,0,0
PAY0004773,INV0005178,SUP00010,DPT003,2024-10-09,3285.38,Bank Transfer,Completed,Wednesday,0,0,0
PAY0004774,INV0005179,SUP00269,DPT007,2024-11-28,4480.99,Bank Transfer,Completed,Thursday,0,0,0
PAY0004775,INV0005180,SUP00157,DPT001,2024-07-06,13247.68,Bank Transfer,Completed,Saturday,1,0,0
PAY0004776,INV0005181,SUP00007,DPT009,2024-07-13,1266.69,Bank Transfer,Completed,Saturday,1,0,0
PAY0004777,INV0005182,SUP00167,DPT002,2024-06-27,923.87,Bank Transfer,Completed,Thursday,0,0,0
PAY0004778,INV0005183,SUP00009,DPT005,2024-07-13,8035.36,Bank Transfer,Completed,Saturday,1,0,0
PAY0004779,INV0005184,SUP00023,DPT002,2024-05-22,3206.62,Bank Transfer,Completed,Wednesday,0,0,0
PAY0004780,INV0005185,SUP00008,DPT008,2024-07-21,3195.86,Bank Transfer,Completed,Sunday,1,0,0
PAY0004781,INV0005186,SUP00004,DPT011,2025-03-13,2193.93,Bank Transfer,Pending,Thursday,0,0,1
PAY0004782,INV0005187,SUP00020,DPT005,2024-04-21,3764.76,Bank Transfer,Completed,Sunday,1,0,0
PAY0004783,INV0005189,SUP00010,DPT004,2024-12-28,382.57,Bank Transfer,Completed,Saturday,1,0,0
PAY0004784,INV0005190,SUP00003,DPT003,2024-04-14,6110.09,Bank Transfer,Completed,Sunday,1,0,0
PAY0004785,INV0005191,SUP00009,DPT009,2024-02-04,13201.91,Bank Transfer,Completed,Sunday,1,0,0
PAY0004786,INV0005192,SUP00009,DPT001,2024-09-01,10144.35,Bank Transfer,Completed,Sunday,1,0,0
PAY0004787,INV0005193,SUP00079,DPT003,2024-07-28,68193.33,Bank Transfer,Completed,Sunday,1,0,0
PAY0004788,INV0005195,SUP00045,DPT002,2024-05-29,5341.07,Bank Transfer,Completed,Wednesday,0,0,0
PAY0004789,INV0005196,SUP00027,DPT010,2024-04-10,25411.91,Bank Transfer,Completed,Wednesday,0,0,0
PAY0004790,INV0005197,SUP00009,DPT004,2024-05-12,6404.28,Check,Completed,Sunday,1,0,0
PAY0004791,INV0005198,SUP00168,DPT002,2024-07-30,33731.27,Bank Transfer,Completed,Tuesday,0,0,0
PAY0004792,INV0005199,SUP00124,DPT003,2024-06-05,15255.74,Bank Transfer,Completed,Wednesday,0,0,0
PAY0004793,INV0005200,SUP00132,DPT003,2024-10-23,7026.83,Bank Transfer,Failed,Wednesday,0,0,1
PAY0004794,INV0005201,SUP00023,DPT007,2024-04-02,5914.23,Card,Completed,Tuesday,0,0,0
PAY0004795,INV0005202,SUP00012,DPT001,2024-09-25,4585.4,Bank Transfer,Failed,Wednesday,0,0,1
PAY0004796,INV0005203,SUP00079,DPT010,2024-04-26,5719.9,Check,Completed,Friday,0,0,0
PAY0004797,INV0005204,SUP00296,DPT002,2024-11-14,2242.04,Bank Transfer,Completed,Thursday,0,0,0
PAY0004798,INV0005205,SUP00023,DPT003,2024-10-07,12744.03,Bank Transfer,Completed,Monday,0,0,0
PAY0004799,INV0005206,SUP00123,DPT006,2024-03-28,54280.3,Cash,Completed,Thursday,0,1,0
PAY0004800,INV0005208,SUP00281,DPT005,2025-01-12,23544.46,Bank Transfer,Completed,Sunday,1,0,0
PAY0004801,INV0005209,SUP00009,DPT005,2024-12-14,7944.89,Bank Transfer,Completed,Saturday,1,0,0
PAY0004802,INV0005210,SUP00026,DPT002,2024-11-12,19521.61,Bank Transfer,Completed,Tuesday,0,0,0
PAY0004803,INV0005211,SUP00029,DPT005,2024-07-27,3016.67,Bank Transfer,Completed,Saturday,1,0,0
PAY0004804,INV0005212,SUP00160,DPT011,2025-01-15,4795.7,Bank Transfer,Failed,Wednesday,0,0,1
PAY0004805,INV0005213,SUP00156,DPT001,2024-07-03,25378.5,Bank Transfer,Completed,Wednesday,0,0,0
PAY0004806,INV0005215,SUP00163,DPT003,2024-05-12,15329.94,Bank Transfer,Completed,Sunday,1,0,0
PAY0004807,INV0005216,SUP00027,DPT010,2024-11-04,3020.9,Bank Transfer,Pending,Monday,0,0,1
PAY0004808,INV0005217,SUP00006,DPT001,2024-11-02,4942.3,Bank Transfer,Completed,Saturday,1,0,0
PAY0004809,INV0005218,SUP00244,DPT001,2025-02-16,10691.76,Check,Pending,Sunday,1,0,1
PAY0004810,INV0005219,SUP00012,DPT004,2024-07-30,9277.14,Bank Transfer,Completed,Tuesday,0,0,0
PAY0004811,INV0005220,SUP00004,DPT007,2024-11-05,15769.36,Bank Transfer,Completed,Tuesday,0,0,0
PAY0004812,INV0005221,SUP00005,DPT001,2024-11-21,4062.5,Bank Transfer,Completed,Thursday,0,0,0
PAY0004813,INV0005222,SUP00029,DPT009,2024-05-13,6078.54,Bank Transfer,Completed,Monday,0,0,0
PAY0004814,INV0005223,SUP00022,DPT003,2024-03-11,18273.87,Bank Transfer,Completed,Monday,0,0,0
PAY0004815,INV0005224,SUP00122,DPT011,2024-07-19,32168.4,Bank Transfer,Completed,Friday,0,0,0
PAY0004816,INV0005225,SUP00092,DPT011,2024-09-09,2292.68,Bank Transfer,Completed,Monday,0,0,0
PAY0004817,INV0005226,SUP00004,DPT008,2024-03-20,20286.08,Bank Transfer,Completed,Wednesday,0,0,0
PAY0004818,INV0005227,SUP00010,DPT008,2024-10-19,2514.12,Bank Transfer,Completed,Saturday,1,0,0
PAY0004819,INV0005228,SUP00259,DPT006,2024-08-18,7580.0,Bank Transfer,Completed,Sunday,1,0,0
PAY0004820,INV0005229,SUP00183,DPT009,2024-07-04,8328.13,Bank Transfer,Completed,Thursday,0,0,0
PAY0004821,INV0005230,SUP00244,DPT002,2024-09-29,3487.25,Bank Transfer,Completed,Sunday,1,0,0
PAY0004822,INV0005231,SUP00001,DPT009,2024-08-29,4930.34,Bank Transfer,Completed,Thursday,0,0,0
PAY0004823,INV0005232,SUP00269,DPT005,2024-10-15,796.69,Bank Transfer,Completed,Tuesday,0,0,0
PAY0004824,INV0005233,SUP00239,DPT009,2024-02-13,14315.86,Card,Completed,Tuesday,0,0,0
PAY0004825,INV0005234,SUP00025,DPT004,2024-11-14,4330.04,Check,Completed,Thursday,0,0,0
PAY0004826,INV0005235,SUP00128,DPT006,2024-05-04,5692.8,Bank Transfer,Completed,Saturday,1,0,0
PAY0004827,INV0005238,SUP00202,DPT003,2024-08-06,7255.33,Bank Transfer,Completed,Tuesday,0,0,0
PAY0004828,INV0005239,SUP00028,DPT008,2024-07-08,1575.71,Card,Completed,Monday,0,0,0
PAY0004829,INV0005240,SUP00001,DPT002,2024-05-18,5217.99,Bank Transfer,Completed,Saturday,1,0,0
PAY0004830,INV0005241,SUP00021,DPT011,2024-03-27,1834.99,Bank Transfer,Completed,Wednesday,0,0,0
PAY0004831,INV0005242,SUP00158,DPT009,2024-02-13,6122.85,Bank Transfer,Completed,Tuesday,0,0,0
PAY0004832,INV0005243,SUP00146,DPT010,2025-01-07,13049.97,Bank Transfer,Completed,Tuesday,0,0,0
PAY0004833,INV0005244,SUP00028,DPT011,2024-03-23,7469.96,Bank Transfer,Completed,Saturday,1,0,0
PAY0004834,INV0005245,SUP00312,DPT004,2024-12-29,9806.1,Bank Transfer,Completed,Sunday,1,0,0
PAY0004835,INV0005246,SUP00004,DPT010,2024-03-10,20154.21,Bank Transfer,Completed,Sunday,1,0,0
PAY0004836,INV0005247,SUP00006,DPT004,2025-01-25,2289.54,Bank Transfer,Completed,Saturday,1,0,0
PAY0004837,INV0005249,SUP00205,DPT001,2024-12-06,773.19,Bank Transfer,Completed,Friday,0,0,0
PAY0004838,INV0005250,SUP00181,DPT001,2024-07-15,3865.4,Bank Transfer,Completed,Monday,0,0,0
PAY0004839,INV0005251,SUP00186,DPT002,2024-09-30,2938.49,Check,Pending,Monday,0,0,1
PAY0004840,INV0005252,SUP00249,DPT003,2024-08-08,12686.26,Bank Transfer,Completed,Thursday,0,0,0
PAY0004841,INV0005253,SUP00024,DPT012,2024-10-23,10068.68,Bank Transfer,Completed,Wednesday,0,0,0
PAY0004842,INV0005254,SUP00012,DPT002,2024-05-14,34287.52,Bank Transfer,Completed,Tuesday,0,0,0
PAY0004843,INV0005255,SUP00085,DPT011,2024-09-08,3300.06,Bank Transfer,Completed,Sunday,1,0,0
PAY0004844,INV0005256,SUP00021,DPT009,2024-06-10,9485.52,Bank Transfer,Completed,Monday,0,0,0
PAY0004845,INV0005257,SUP00040,DPT010,2025-01-23,14403.45,Bank Transfer,Completed,Thursday,0,0,0
PAY0004846,INV0005258,SUP00005,DPT009,2024-12-12,82717.38,Bank Transfer,Completed,Thursday,0,0,0
PAY0004847,INV0005259,SUP00019,DPT012,2024-09-08,9589.91,Bank Transfer,Completed,Sunday,1,0,0
PAY0004848,INV0005260,SUP00027,DPT001,2024-10-01,5668.43,Check,Completed,Tuesday,0,0,0
PAY0004849,INV0005261,SUP00003,DPT004,2024-11-08,6915.24,Bank Transfer,Completed,Friday,0,0,0
PAY0004850,INV0005262,SUP00317,DPT003,2024-08-05,10228.84,Bank Transfer,Completed,Monday,0,0,0
PAY0004851,INV0005263,SUP00002,DPT003,2024-06-15,28845.99,Bank Transfer,Completed,Saturday,1,0,0
PAY0004852,INV0005264,SUP00273,DPT004,2025-01-18,3693.57,Bank Transfer,Completed,Saturday,1,0,0
PAY0004853,INV0005265,SUP00003,DPT004,2024-11-03,2683.31,Bank Transfer,Completed,Sunday,1,0,0
PAY0004854,INV0005266,SUP00237,DPT012,2024-02-24,121331.24,Bank Transfer,Completed,Saturday,1,0,0
PAY0004855,INV0005267,SUP00054,DPT002,2024-10-08,1647.86,Bank Transfer,Completed,Tuesday,0,0,0
PAY0004856,INV0005268,SUP00007,DPT011,2024-07-19,15883.33,Bank Transfer,Completed,Friday,0,0,0
PAY0004857,INV0005269,SUP00008,DPT002,2024-04-16,9993.05,Bank Transfer,Completed,Tuesday,0,0,0
PAY0004858,INV0005270,SUP00015,DPT007,2024-11-23,8829.46,Bank Transfer,Completed,Saturday,1,0,0
PAY0004859,INV0005271,SUP00199,DPT003,2024-10-11,1504.87,Cash,Completed,Friday,0,1,0
PAY0004860,INV0005272,SUP00005,DPT012,2024-08-13,137109.77,Bank Transfer,Completed,Tuesday,0,0,0
PAY0004861,INV0005273,SUP00008,DPT006,2024-07-02,7210.51,Bank Transfer,Pending,Tuesday,0,0,1
PAY0004862,INV0005274,SUP00139,DPT001,2024-06-21,3282.46,Card,Completed,Friday,0,0,0
PAY0004863,INV0005275,SUP00093,DPT011,2024-09-13,1314.1,Bank Transfer,Completed,Friday,0,0,0
PAY0004864,INV0005276,SUP00022,DPT003,2024-12-20,591.51,Bank Transfer,Completed,Friday,0,0,0
PAY0004865,INV0005277,SUP00002,DPT011,2024-12-06,13627.12,Bank Transfer,Completed,Friday,0,0,0
PAY0004866,INV0005278,SUP00060,DPT001,2024-01-11,2284.27,Bank Transfer,Completed,Thursday,0,0,0
PAY0004867,INV0005279,SUP00008,DPT002,2024-08-26,4463.33,Bank Transfer,Completed,Monday,0,0,0
PAY0004868,INV0005280,SUP00092,DPT003,2024-07-06,3090.98,Bank Transfer,Pending,Saturday,1,0,1
PAY0004869,INV0005281,SUP00009,DPT007,2024-09-23,10920.15,Bank Transfer,Completed,Monday,0,0,0
PAY0004870,INV0005282,SUP00309,DPT009,2024-05-28,9167.49,Bank Transfer,Completed,Tuesday,0,0,0
PAY0004871,INV0005283,SUP00079,DPT006,2024-08-11,14196.27,Bank Transfer,Completed,Sunday,1,0,0
PAY0004872,INV0005284,SUP00068,DPT001,2024-06-26,14881.75,Bank Transfer,Completed,Wednesday,0,0,0
PAY0004873,INV0005285,SUP00224,DPT004,2024-09-30,2613.92,Bank Transfer,Completed,Monday,0,0,0
PAY0004874,INV0005286,SUP00316,DPT004,2024-12-21,1283.11,Bank Transfer,Completed,Saturday,1,0,0
PAY0004875,INV0005287,SUP00190,DPT003,2024-12-25,5034.96,Bank Transfer,Completed,Wednesday,0,0,0
PAY0004876,INV0005288,SUP00081,DPT004,2024-06-26,10751.42,Bank Transfer,Completed,Wednesday,0,0,0
PAY0004877,INV0005289,SUP00240,DPT004,2024-03-29,6825.99,Bank Transfer,Completed,Friday,0,0,0
PAY0004878,INV0005290,SUP00006,DPT005,2024-12-17,707.73,Bank Transfer,Completed,Tuesday,0,0,0
PAY0004879,INV0005291,SUP00181,DPT006,2024-12-13,6433.57,Bank Transfer,Completed,Friday,0,0,0
PAY0004880,INV0005292,SUP00132,DPT002,2024-06-01,1953.67,Bank Transfer,Completed,Saturday,1,0,0
PAY0004881,INV0005293,SUP00063,DPT011,2024-03-28,6126.44,Bank Transfer,Completed,Thursday,0,0,0
PAY0004882,INV0005294,SUP00242,DPT009,2024-04-01,17955.32,Card,Completed,Monday,0,0,0
PAY0004883,INV0005295,SUP00149,DPT009,2024-07-08,342.63,Check,Completed,Monday,0,0,0
PAY0004884,INV0005296,SUP00153,DPT009,2024-06-28,33068.48,Bank Transfer,Completed,Friday,0,0,0
PAY0004885,INV0005297,SUP00267,DPT005,2024-05-05,1856.18,Bank Transfer,Completed,Sunday,1,0,0
PAY0004886,INV0005299,SUP00009,DPT003,2024-12-03,16186.15,Card,Completed,Tuesday,0,0,0
PAY0004887,INV0005300,SUP00007,DPT004,2024-08-07,4330.23,Check,Completed,Wednesday,0,0,0
PAY0004888,INV0005301,SUP00033,DPT009,2024-02-29,9772.77,Bank Transfer,Completed,Thursday,0,0,0
PAY0004889,INV0005302,SUP00008,DPT010,2024-02-22,2662.4,Bank Transfer,Completed,Thursday,0,0,0
PAY0004890,INV0005303,SUP00143,DPT004,2024-11-04,824.42,Bank Transfer,Completed,Monday,0,0,0
PAY0004891,INV0005304,SUP00228,DPT009,2024-05-19,22240.86,Bank Transfer,Completed,Sunday,1,0,0
PAY0004892,INV0005305,SUP00010,DPT006,2024-06-08,2764.04,Bank Transfer,Completed,Saturday,1,0,0
PAY0004893,INV0005306,SUP00269,DPT003,2024-12-07,48372.11,Bank Transfer,Completed,Saturday,1,0,0
PAY0004894,INV0005307,SUP00171,DPT011,2024-05-09,16976.34,Bank Transfer,Completed,Thursday,0,0,0
PAY0004895,INV0005308,SUP00314,DPT004,2025-04-12,2298.26,Bank Transfer,Completed,Saturday,1,0,0
PAY0004896,INV0005309,SUP00007,DPT009,2025-01-11,11786.89,Bank Transfer,Completed,Saturday,1,0,0
PAY0004897,INV0005310,SUP00026,DPT009,2024-10-02,11008.6,Bank Transfer,Completed,Wednesday,0,0,0
PAY0004898,INV0005311,SUP00108,DPT001,2024-06-04,43993.57,Bank Transfer,Completed,Tuesday,0,0,0
PAY0004899,INV0005312,SUP00181,DPT010,2025-01-17,3359.78,Check,Completed,Friday,0,0,0
PAY0004900,INV0005313,SUP00269,DPT002,2024-03-28,4584.11,Bank Transfer,Completed,Thursday,0,0,0
PAY0004901,INV0005314,SUP00256,DPT009,2025-01-20,10121.75,Bank Transfer,Completed,Monday,0,0,0
PAY0004902,INV0005315,SUP00008,DPT008,2024-06-29,6190.8,Bank Transfer,Completed,Saturday,1,0,0
PAY0004903,INV0005316,SUP00022,DPT008,2024-11-27,1232.79,Bank Transfer,Completed,Wednesday,0,0,0
PAY0004904,INV0005317,SUP00154,DPT011,2024-04-18,19371.1,Bank Transfer,Completed,Thursday,0,0,0
PAY0004905,INV0005318,SUP00005,DPT006,2024-10-20,38281.21,Cash,Completed,Sunday,1,1,0
PAY0004906,INV0005319,SUP00297,DPT003,2024-11-13,7216.43,Bank Transfer,Completed,Wednesday,0,0,0
PAY0004907,INV0005320,SUP00171,DPT006,2024-07-05,102812.5,Bank Transfer,Completed,Friday,0,0,0
PAY0004908,INV0005321,SUP00220,DPT007,2024-02-20,5237.5,Bank Transfer,Completed,Tuesday,0,0,0
PAY0004909,INV0005322,SUP00266,DPT003,2024-06-30,2086.56,Bank Transfer,Completed,Sunday,1,0,0
PAY0004910,INV0005323,SUP00006,DPT002,2024-11-12,4340.0,Bank Transfer,Completed,Tuesday,0,0,0
PAY0004911,INV0005324,SUP00022,DPT004,2024-11-01,7427.09,Bank Transfer,Completed,Friday,0,0,0
PAY0004912,INV0005325,SUP00115,DPT010,2024-05-27,12940.97,Bank Transfer,Completed,Monday,0,0,0
PAY0004913,INV0005326,SUP00216,DPT006,2024-11-17,30779.77,Bank Transfer,Completed,Sunday,1,0,0
PAY0004914,INV0005327,SUP00166,DPT010,2024-12-14,12355.21,Bank Transfer,Completed,Saturday,1,0,0
PAY0004915,INV0005329,SUP00111,DPT011,2024-06-21,13420.9,Bank Transfer,Completed,Friday,0,0,0
PAY0004916,INV0005330,SUP00010,DPT009,2024-07-07,4341.5,Bank Transfer,Completed,Sunday,1,0,0
PAY0004917,INV0005331,SUP00020,DPT003,2024-02-22,4834.77,Bank Transfer,Completed,Thursday,0,0,0
PAY0004918,INV0005332,SUP00317,DPT004,2024-04-29,5987.06,Bank Transfer,Completed,Monday,0,0,0
PAY0004919,INV0005335,SUP00021,DPT004,2024-05-18,14868.52,Bank Transfer,Completed,Saturday,1,0,0
PAY0004920,INV0005336,SUP00240,DPT009,2024-08-17,1525.55,Cash,Failed,Saturday,1,1,1
PAY0004921,INV0005337,SUP00006,DPT011,2024-08-20,1087.97,Bank Transfer,Completed,Tuesday,0,0,0
PAY0004922,INV0005338,SUP00003,DPT002,2024-12-16,12929.72,Bank Transfer,Completed,Monday,0,0,0
PAY0004923,INV0005339,SUP00022,DPT005,2024-12-19,11224.95,Bank Transfer,Completed,Thursday,0,0,0
PAY0004924,INV0005340,SUP00104,DPT008,2025-01-05,25316.14,Bank Transfer,Completed,Sunday,1,0,0
PAY0004925,INV0005341,SUP00006,DPT001,2025-03-07,5273.17,Bank Transfer,Completed,Friday,0,0,0
PAY0004926,INV0005342,SUP00205,DPT009,2024-12-31,8344.39,Bank Transfer,Completed,Tuesday,0,0,0
PAY0004927,INV0005343,SUP00230,DPT002,2024-05-16,10437.64,Bank Transfer,Completed,Thursday,0,0,0
PAY0004928,INV0005344,SUP00039,DPT004,2024-05-11,999.77,Bank Transfer,Completed,Saturday,1,0,0
PAY0004929,INV0005345,SUP00001,DPT003,2024-11-26,947.52,Bank Transfer,Completed,Tuesday,0,0,0
PAY0004930,INV0005346,SUP00035,DPT008,2024-11-11,14023.21,Bank Transfer,Completed,Monday,0,0,0
PAY0004931,INV0005347,SUP00008,DPT002,2024-12-22,9106.21,Check,Completed,Sunday,1,0,0
PAY0004932,INV0005348,SUP00024,DPT004,2024-07-09,27797.31,Bank Transfer,Completed,Tuesday,0,0,0
PAY0004933,INV0005349,SUP00179,DPT002,2025-02-26,49992.01,Bank Transfer,Completed,Wednesday,0,0,0
PAY0004934,INV0005350,SUP00002,DPT001,2024-06-01,4226.97,Bank Transfer,Completed,Saturday,1,0,0
PAY0004935,INV0005351,SUP00001,DPT009,2025-01-14,3982.11,Check,Completed,Tuesday,0,0,0
PAY0004936,INV0005352,SUP00005,DPT002,2024-05-17,1259.76,Bank Transfer,Completed,Friday,0,0,0
PAY0004937,INV0005353,SUP00002,DPT002,2024-05-12,10893.34,Bank Transfer,Completed,Sunday,1,0,0
PAY0004938,INV0005354,SUP00009,DPT001,2024-11-18,558.34,Check,Completed,Monday,0,0,0
PAY0004939,INV0005355,SUP00020,DPT004,2025-01-06,1985.43,Bank Transfer,Completed,Monday,0,0,0
PAY0004940,INV0005358,SUP00015,DPT008,2024-07-26,5657.58,Bank Transfer,Completed,Friday,0,0,0
PAY0004941,INV0005359,SUP00279,DPT001,2024-06-20,4754.4,Bank Transfer,Completed,Thursday,0,0,0
PAY0004942,INV0005360,SUP00071,DPT002,2024-05-28,1649.39,Bank Transfer,Completed,Tuesday,0,0,0
PAY0004943,INV0005361,SUP00218,DPT004,2024-07-12,553.81,Bank Transfer,Completed,Friday,0,0,0
PAY0004944,INV0005362,SUP00028,DPT010,2024-03-10,13535.97,Check,Completed,Sunday,1,0,0
PAY0004945,INV0005363,SUP00004,DPT001,2024-08-29,4793.71,Check,Completed,Thursday,0,0,0
PAY0004946,INV0005364,SUP00007,DPT008,2024-03-07,50958.66,Bank Transfer,Pending,Thursday,0,0,1
PAY0004947,INV0005365,SUP00178,DPT011,2024-08-03,5660.71,Bank Transfer,Completed,Saturday,1,0,0
PAY0004948,INV0005366,SUP00240,DPT001,2024-10-21,5501.87,Bank Transfer,Completed,Monday,0,0,0
PAY0004949,INV0005367,SUP00026,DPT003,2024-04-08,7300.82,Bank Transfer,Completed,Monday,0,0,0
PAY0004950,INV0005368,SUP00029,DPT008,2024-10-02,4724.69,Check,Completed,Wednesday,0,0,0
PAY0004951,INV0005369,SUP00025,DPT011,2024-12-12,4088.95,Bank Transfer,Completed,Thursday,0,0,0
PAY0004952,INV0005370,SUP00001,DPT002,2025-03-02,1841.7,Bank Transfer,Pending,Sunday,1,0,1
PAY0004953,INV0005371,SUP00004,DPT006,2024-09-18,105731.92,Check,Completed,Wednesday,0,0,0
PAY0004954,INV0005372,SUP00316,DPT008,2024-12-22,19725.52,Bank Transfer,Completed,Sunday,1,0,0
PAY0004955,INV0005373,SUP00002,DPT004,2024-09-15,33749.83,Bank Transfer,Completed,Sunday,1,0,0
PAY0004956,INV0005374,SUP00015,DPT007,2025-01-21,25455.68,Bank Transfer,Completed,Tuesday,0,0,0
PAY0004957,INV0005375,SUP00138,DPT005,2024-12-11,4357.08,Bank Transfer,Completed,Wednesday,0,0,0
PAY0004958,INV0005376,SUP00022,DPT011,2024-12-14,4876.81,Bank Transfer,Completed,Saturday,1,0,0
PAY0004959,INV0005377,SUP00310,DPT005,2025-03-16,6027.45,Bank Transfer,Completed,Sunday,1,0,0
PAY0004960,INV0005378,SUP00002,DPT005,2025-02-10,3983.58,Bank Transfer,Completed,Monday,0,0,0
PAY0004961,INV0005379,SUP00246,DPT007,2024-04-15,16213.2,Bank Transfer,Completed,Monday,0,0,0
PAY0004962,INV0005380,SUP00005,DPT002,2024-02-22,2290.42,Bank Transfer,Completed,Thursday,0,0,0
PAY0004963,INV0005381,SUP00007,DPT005,2024-06-09,1741.28,Bank Transfer,Completed,Sunday,1,0,0
PAY0004964,INV0005382,SUP00042,DPT001,2024-10-04,1373.33,Bank Transfer,Completed,Friday,0,0,0
PAY0004965,INV0005383,SUP00245,DPT006,2025-04-06,4111.54,Bank Transfer,Completed,Sunday,1,0,0
PAY0004966,INV0005384,SUP00021,DPT005,2024-04-16,3455.78,Bank Transfer,Completed,Tuesday,0,0,0
PAY0004967,INV0005385,SUP00010,DPT009,2024-07-19,3026.44,Bank Transfer,Completed,Friday,0,0,0
PAY0004968,INV0005386,SUP00020,DPT009,2025-02-20,6505.69,Bank Transfer,Completed,Thursday,0,0,0
PAY0004969,INV0005387,SUP00004,DPT004,2024-05-31,1592.43,Bank Transfer,Completed,Friday,0,0,0
PAY0004970,INV0005388,SUP00225,DPT006,2024-09-30,13879.45,Bank Transfer,Completed,Monday,0,0,0
PAY0004971,INV0005390,SUP00129,DPT003,2024-07-17,1533.83,Bank Transfer,Completed,Wednesday,0,0,0
PAY0004972,INV0005391,SUP00024,DPT001,2025-03-14,2900.37,Bank Transfer,Completed,Friday,0,0,0
PAY0004973,INV0005392,SUP00093,DPT001,2024-09-28,5171.11,Bank Transfer,Completed,Saturday,1,0,0
PAY0004974,INV0005393,SUP00056,DPT009,2024-09-12,15947.78,Bank Transfer,Pending,Thursday,0,0,1
PAY0004975,INV0005394,SUP00002,DPT012,2025-03-21,5338.66,Bank Transfer,Completed,Friday,0,0,0
PAY0004976,INV0005397,SUP00231,DPT001,2024-10-09,10264.32,Bank Transfer,Completed,Wednesday,0,0,0
PAY0004977,INV0005398,SUP00016,DPT001,2024-10-09,3071.88,Bank Transfer,Completed,Wednesday,0,0,0
PAY0004978,INV0005399,SUP00214,DPT010,2024-06-27,7517.41,Bank Transfer,Completed,Thursday,0,0,0
PAY0004979,INV0005400,SUP00177,DPT004,2024-04-10,30666.91,Bank Transfer,Failed,Wednesday,0,0,1
PAY0004980,INV0005401,SUP00279,DPT010,2024-12-26,2213.94,Bank Transfer,Completed,Thursday,0,0,0
PAY0004981,INV0005402,SUP00314,DPT003,2024-03-10,18086.37,Bank Transfer,Completed,Sunday,1,0,0
PAY0004982,INV0005403,SUP00002,DPT005,2024-08-16,25701.69,Bank Transfer,Completed,Friday,0,0,0
PAY0004983,INV0005404,SUP00024,DPT007,2024-05-27,7279.04,Bank Transfer,Completed,Monday,0,0,0
PAY0004984,INV0005405,SUP00187,DPT001,2024-12-04,1449.54,Bank Transfer,Completed,Wednesday,0,0,0
PAY0004985,INV0005406,SUP00216,DPT007,2024-03-18,26913.1,Bank Transfer,Completed,Monday,0,0,0
PAY0004986,INV0005407,SUP00003,DPT009,2024-08-27,17290.65,Bank Transfer,Completed,Tuesday,0,0,0
PAY0004987,INV0005408,SUP00088,DPT001,2024-12-03,11429.19,Bank Transfer,Pending,Tuesday,0,0,1
PAY0004988,INV0005409,SUP00261,DPT001,2024-12-03,5677.96,Bank Transfer,Completed,Tuesday,0,0,0
PAY0004989,INV0005410,SUP00008,DPT005,2024-04-21,22530.83,Check,Completed,Sunday,1,0,0
PAY0004990,INV0005411,SUP00015,DPT012,2024-08-21,2295.99,Cash,Pending,Wednesday,0,1,1
PAY0004991,INV0005412,SUP00019,DPT012,2024-07-26,16158.64,Bank Transfer,Completed,Friday,0,0,0
PAY0004992,INV0005413,SUP00019,DPT001,2024-05-31,4164.03,Bank Transfer,Completed,Friday,0,0,0
PAY0004993,INV0005414,SUP00062,DPT008,2024-11-13,862.56,Bank Transfer,Completed,Wednesday,0,0,0
PAY0004994,INV0005415,SUP00002,DPT009,2025-01-14,1924.16,Bank Transfer,Completed,Tuesday,0,0,0
PAY0004995,INV0005416,SUP00190,DPT010,2024-03-03,9562.53,Bank Transfer,Completed,Sunday,1,0,0
PAY0004996,INV0005417,SUP00005,DPT001,2024-12-07,7852.31,Bank Transfer,Completed,Saturday,1,0,0
PAY0004997,INV0005418,SUP00210,DPT012,2024-05-29,9935.09,Bank Transfer,Pending,Wednesday,0,0,1
PAY0004998,INV0005420,SUP00195,DPT006,2024-12-24,7565.2,Bank Transfer,Completed,Tuesday,0,0,0
PAY0004999,INV0005421,SUP00015,DPT001,2024-07-09,12041.44,Bank Transfer,Completed,Tuesday,0,0,0
PAY0005000,INV0005422,SUP00117,DPT002,2024-09-25,90708.45,Bank Transfer,Completed,Wednesday,0,0,0
PAY0005001,INV0005423,SUP00006,DPT003,2024-08-07,3766.58,Bank Transfer,Completed,Wednesday,0,0,0
PAY0005002,INV0005424,SUP00047,DPT010,2024-11-17,19213.06,Check,Completed,Sunday,1,0,0
PAY0005003,INV0005425,SUP00010,DPT008,2024-03-08,12791.72,Bank Transfer,Completed,Friday,0,0,0
PAY0005004,INV0005426,SUP00001,DPT011,2024-09-27,6963.49,Bank Transfer,Completed,Friday,0,0,0
PAY0005005,INV0005427,SUP00158,DPT004,2024-02-14,1326.36,Bank Transfer,Completed,Wednesday,0,0,0
PAY0005006,INV0005428,SUP00005,DPT011,2024-11-06,28473.28,Bank Transfer,Completed,Wednesday,0,0,0
PAY0005007,INV0005429,SUP00285,DPT010,2025-02-15,7845.93,Bank Transfer,Completed,Saturday,1,0,0
PAY0005008,INV0005430,SUP00051,DPT001,2024-11-09,3139.17,Bank Transfer,Completed,Saturday,1,0,0
PAY0005009,INV0005431,SUP00001,DPT002,2024-09-26,2174.81,Bank Transfer,Completed,Thursday,0,0,0
PAY0005010,INV0005432,SUP00288,DPT009,2024-11-30,8016.09,Card,Completed,Saturday,1,0,0
PAY0005011,INV0005433,SUP00005,DPT007,2024-08-21,2065.24,Bank Transfer,Completed,Wednesday,0,0,0
PAY0005012,INV0005434,SUP00223,DPT002,2024-08-20,3088.29,Bank Transfer,Completed,Tuesday,0,0,0
PAY0005013,INV0005435,SUP00013,DPT009,2024-09-04,2994.86,Bank Transfer,Completed,Wednesday,0,0,0
PAY0005014,INV0005436,SUP00066,DPT003,2024-10-14,6352.12,Bank Transfer,Completed,Monday,0,0,0
PAY0005015,INV0005437,SUP00224,DPT006,2024-04-01,11991.29,Bank Transfer,Completed,Monday,0,0,0
PAY0005016,INV0005438,SUP00002,DPT011,2024-05-26,4081.38,Check,Completed,Sunday,1,0,0
PAY0005017,INV0005439,SUP00132,DPT002,2024-08-16,4677.69,Bank Transfer,Completed,Friday,0,0,0
PAY0005018,INV0005440,SUP00005,DPT001,2024-06-12,6689.32,Bank Transfer,Completed,Wednesday,0,0,0
PAY0005019,INV0005441,SUP00153,DPT007,2025-02-17,2550.16,Bank Transfer,Completed,Monday,0,0,0
PAY0005020,INV0005442,SUP00006,DPT008,2025-03-01,3048.11,Bank Transfer,Completed,Saturday,1,0,0
PAY0005021,INV0005443,SUP00001,DPT003,2024-07-04,3561.77,Bank Transfer,Completed,Thursday,0,0,0
PAY0005022,INV0005444,SUP00006,DPT004,2024-10-31,8205.77,Bank Transfer,Completed,Thursday,0,0,0
PAY0005023,INV0005445,SUP00100,DPT004,2024-07-26,38354.39,Bank Transfer,Completed,Friday,0,0,0
PAY0005024,INV0005446,SUP00312,DPT009,2024-05-13,1419.38,Bank Transfer,Completed,Monday,0,0,0
PAY0005025,INV0005447,SUP00303,DPT007,2024-07-22,7987.61,Bank Transfer,Pending,Monday,0,0,1
PAY0005026,INV0005448,SUP00170,DPT003,2024-05-09,4457.73,Bank Transfer,Completed,Thursday,0,0,0
PAY0005027,INV0005449,SUP00217,DPT003,2024-03-30,5027.52,Bank Transfer,Completed,Saturday,1,0,0
PAY0005028,INV0005450,SUP00246,DPT003,2024-03-21,3470.57,Bank Transfer,Completed,Thursday,0,0,0
PAY0005029,INV0005451,SUP00042,DPT002,2024-05-30,22357.02,Bank Transfer,Completed,Thursday,0,0,0
PAY0005030,INV0005452,SUP00008,DPT002,2025-01-03,377.62,Bank Transfer,Completed,Friday,0,0,0
PAY0005031,INV0005453,SUP00121,DPT009,2024-02-04,1614.1,Check,Completed,Sunday,1,0,0
PAY0005032,INV0005454,SUP00005,DPT009,2024-09-21,21466.95,Bank Transfer,Completed,Saturday,1,0,0
PAY0005033,INV0005455,SUP00222,DPT002,2024-08-11,23155.62,Card,Completed,Sunday,1,0,0
PAY0005034,INV0005456,SUP00021,DPT010,2024-10-18,45297.18,Bank Transfer,Completed,Friday,0,0,0
PAY0005035,INV0005457,SUP00009,DPT005,2025-01-20,8745.38,Bank Transfer,Completed,Monday,0,0,0
PAY0005036,INV0005458,SUP00228,DPT007,2024-06-28,10506.38,Bank Transfer,Completed,Friday,0,0,0
PAY0005037,INV0005459,SUP00004,DPT010,2024-06-24,99565.02,Bank Transfer,Completed,Monday,0,0,0
PAY0005038,INV0005460,SUP00306,DPT003,2024-07-11,6098.62,Bank Transfer,Completed,Thursday,0,0,0
PAY0005039,INV0005461,SUP00291,DPT007,2024-12-15,11360.12,Bank Transfer,Completed,Sunday,1,0,0
PAY0005040,INV0005462,SUP00090,DPT003,2024-07-25,3368.42,Bank Transfer,Completed,Thursday,0,0,0
PAY0005041,INV0005463,SUP00151,DPT011,2024-02-24,5428.27,Bank Transfer,Completed,Saturday,1,0,0
PAY0005042,INV0005464,SUP00002,DPT003,2024-10-14,24872.62,Bank Transfer,Completed,Monday,0,0,0
PAY0005043,INV0005465,SUP00023,DPT006,2024-07-31,100120.25,Bank Transfer,Completed,Wednesday,0,0,0
PAY0005044,INV0005466,SUP00252,DPT002,2024-12-31,8001.2,Card,Completed,Tuesday,0,0,0
PAY0005045,INV0005467,SUP00001,DPT003,2024-10-18,5619.17,Bank Transfer,Pending,Friday,0,0,1
PAY0005046,INV0005468,SUP00010,DPT003,2024-12-23,13713.19,Bank Transfer,Completed,Monday,0,0,0
PAY0005047,INV0005470,SUP00129,DPT003,2025-02-08,20255.28,Bank Transfer,Completed,Saturday,1,0,0
PAY0005048,INV0005471,SUP00146,DPT003,2024-02-27,3290.65,Bank Transfer,Completed,Tuesday,0,0,0
PAY0005049,INV0005472,SUP00003,DPT001,2024-07-17,14240.45,Bank Transfer,Completed,Wednesday,0,0,0
PAY0005050,INV0005473,SUP00008,DPT003,2024-04-20,5745.45,Bank Transfer,Completed,Saturday,1,0,0
PAY0005051,INV0005474,SUP00218,DPT003,2024-07-03,2980.12,Bank Transfer,Completed,Wednesday,0,0,0
PAY0005052,INV0005475,SUP00007,DPT005,2024-02-07,8980.75,Bank Transfer,Completed,Wednesday,0,0,0
PAY0005053,INV0005476,SUP00010,DPT004,2024-08-17,3793.99,Bank Transfer,Completed,Saturday,1,0,0
PAY0005054,INV0005479,SUP00001,DPT001,2024-02-23,7840.49,Bank Transfer,Completed,Friday,0,0,0
PAY0005055,INV0005480,SUP00010,DPT009,2024-04-20,2558.91,Bank Transfer,Completed,Saturday,1,0,0
PAY0005056,INV0005481,SUP00045,DPT001,2024-03-07,23890.87,Bank Transfer,Completed,Thursday,0,0,0
PAY0005057,INV0005482,SUP00001,DPT009,2024-10-31,13678.95,Bank Transfer,Completed,Thursday,0,0,0
PAY0005058,INV0005483,SUP00293,DPT004,2024-11-30,5718.97,Bank Transfer,Completed,Saturday,1,0,0
PAY0005059,INV0005484,SUP00243,DPT001,2024-08-12,5911.38,Bank Transfer,Completed,Monday,0,0,0
PAY0005060,INV0005485,SUP00112,DPT012,2024-05-29,41846.7,Bank Transfer,Completed,Wednesday,0,0,0
PAY0005061,INV0005486,SUP00024,DPT004,2024-07-13,14573.43,Bank Transfer,Completed,Saturday,1,0,0
PAY0005062,INV0005487,SUP00006,DPT010,2024-07-13,2527.39,Bank Transfer,Completed,Saturday,1,0,0
PAY0005063,INV0005488,SUP00057,DPT004,2024-10-23,25573.9,Check,Completed,Wednesday,0,0,0
PAY0005064,INV0005489,SUP00008,DPT004,2024-06-25,3131.56,Bank Transfer,Completed,Tuesday,0,0,0
PAY0005065,INV0005490,SUP00107,DPT003,2024-08-08,7159.67,Bank Transfer,Completed,Thursday,0,0,0
PAY0005066,INV0005491,SUP00005,DPT003,2024-12-03,555.84,Bank Transfer,Completed,Tuesday,0,0,0
PAY0005067,INV0005492,SUP00154,DPT009,2024-12-11,15159.44,Card,Completed,Wednesday,0,0,0
PAY0005068,INV0005494,SUP00030,DPT004,2024-06-12,4687.88,Bank Transfer,Completed,Wednesday,0,0,0
PAY0005069,INV0005495,SUP00006,DPT002,2025-02-20,1203.48,Bank Transfer,Completed,Thursday,0,0,0
PAY0005070,INV0005496,SUP00009,DPT005,2024-05-17,7569.18,Bank Transfer,Completed,Friday,0,0,0
PAY0005071,INV0005497,SUP00025,DPT002,2024-05-29,6562.11,Check,Completed,Wednesday,0,0,0
PAY0005072,INV0005498,SUP00026,DPT003,2025-02-12,1404.32,Bank Transfer,Completed,Wednesday,0,0,0
PAY0005073,INV0005499,SUP00320,DPT005,2024-04-21,6208.45,Card,Completed,Sunday,1,0,0
PAY0005074,INV0005500,SUP00013,DPT008,2024-12-05,4369.55,Bank Transfer,Completed,Thursday,0,0,0
PAY0005075,INV0005501,SUP00003,DPT011,2024-12-22,24174.17,Check,Completed,Sunday,1,0,0
PAY0005076,INV0005502,SUP00040,DPT002,2025-01-28,2645.85,Bank Transfer,Completed,Tuesday,0,0,0
PAY0005077,INV0005503,SUP00012,DPT004,2024-11-22,10575.77,Bank Transfer,Completed,Friday,0,0,0
PAY0005078,INV0005504,SUP00248,DPT003,2024-11-04,1104.14,Bank Transfer,Completed,Monday,0,0,0
PAY0005079,INV0005505,SUP00007,DPT006,2024-07-08,6620.91,Bank Transfer,Completed,Monday,0,0,0
PAY0005080,INV0005507,SUP00122,DPT001,2024-08-22,9306.0,Bank Transfer,Completed,Thursday,0,0,0
PAY0005081,INV0005508,SUP00007,DPT006,2024-05-13,5207.76,Bank Transfer,Pending,Monday,0,0,1
PAY0005082,INV0005509,SUP00020,DPT001,2024-07-10,43560.25,Bank Transfer,Completed,Wednesday,0,0,0
PAY0005083,INV0005510,SUP00029,DPT001,2024-10-29,3979.89,Check,Completed,Tuesday,0,0,0
PAY0005084,INV0005511,SUP00038,DPT010,2024-04-28,10711.86,Bank Transfer,Completed,Sunday,1,0,0
PAY0005085,INV0005512,SUP00020,DPT010,2024-03-27,4242.73,Bank Transfer,Completed,Wednesday,0,0,0
PAY0005086,INV0005513,SUP00075,DPT005,2024-07-02,2274.24,Bank Transfer,Completed,Tuesday,0,0,0
PAY0005087,INV0005514,SUP00153,DPT001,2024-10-31,1501.72,Bank Transfer,Completed,Thursday,0,0,0
PAY0005088,INV0005516,SUP00086,DPT003,2024-09-27,12104.48,Bank Transfer,Completed,Friday,0,0,0
PAY0005089,INV0005517,SUP00238,DPT008,2024-11-20,27678.89,Bank Transfer,Completed,Wednesday,0,0,0
PAY0005090,INV0005519,SUP00021,DPT003,2024-02-03,4096.57,Bank Transfer,Completed,Saturday,1,0,0
PAY0005091,INV0005520,SUP00009,DPT004,2024-07-30,2891.28,Bank Transfer,Completed,Tuesday,0,0,0
PAY0005092,INV0005521,SUP00005,DPT002,2024-09-09,15164.23,Bank Transfer,Completed,Monday,0,0,0
PAY0005093,INV0005524,SUP00181,DPT007,2024-05-28,9149.62,Bank Transfer,Completed,Tuesday,0,0,0
PAY0005094,INV0005526,SUP00145,DPT002,2024-09-13,32723.56,Bank Transfer,Completed,Friday,0,0,0
PAY0005095,INV0005527,SUP00003,DPT010,2024-07-17,1529.49,Bank Transfer,Completed,Wednesday,0,0,0
PAY0005096,INV0005528,SUP00006,DPT009,2025-02-12,5022.61,Bank Transfer,Completed,Wednesday,0,0,0
PAY0005097,INV0005529,SUP00013,DPT005,2024-02-18,15943.52,Bank Transfer,Completed,Sunday,1,0,0
PAY0005098,INV0005530,SUP00027,DPT001,2024-04-20,14138.76,Bank Transfer,Completed,Saturday,1,0,0
PAY0005099,INV0005531,SUP00006,DPT002,2025-02-24,2959.93,Bank Transfer,Completed,Monday,0,0,0
PAY0005100,INV0005532,SUP00004,DPT001,2024-08-10,3864.46,Check,Completed,Saturday,1,0,0
PAY0005101,INV0005533,SUP00064,DPT004,2024-11-18,2023.65,Bank Transfer,Completed,Monday,0,0,0
PAY0005102,INV0005534,SUP00021,DPT002,2024-09-14,7569.09,Card,Completed,Saturday,1,0,0
PAY0005103,INV0005535,SUP00021,DPT009,2025-03-10,15185.4,Card,Completed,Monday,0,0,0
PAY0005104,INV0005536,SUP00011,DPT004,2024-08-02,665.13,Bank Transfer,Completed,Friday,0,0,0
PAY0005105,INV0005538,SUP00007,DPT011,2024-12-31,19565.26,Check,Completed,Tuesday,0,0,0
PAY0005106,INV0005539,SUP00009,DPT005,2024-11-22,5294.93,Bank Transfer,Completed,Friday,0,0,0
PAY0005107,INV0005540,SUP00050,DPT003,2024-05-25,1798.78,Bank Transfer,Completed,Saturday,1,0,0
PAY0005108,INV0005541,SUP00039,DPT012,2024-11-24,2983.7,Card,Completed,Sunday,1,0,0
PAY0005109,INV0005542,SUP00265,DPT004,2024-06-16,20244.88,Cash,Failed,Sunday,1,1,1
PAY0005110,INV0005543,SUP00222,DPT005,2024-09-25,4028.26,Bank Transfer,Completed,Wednesday,0,0,0
PAY0005111,INV0005544,SUP00001,DPT003,2024-11-02,5848.58,Bank Transfer,Completed,Saturday,1,0,0
PAY0005112,INV0005545,SUP00008,DPT007,2024-04-17,2087.16,Bank Transfer,Completed,Wednesday,0,0,0
PAY0005113,INV0005546,SUP00254,DPT009,2024-06-08,118783.57,Bank Transfer,Completed,Saturday,1,0,0
PAY0005114,INV0005548,SUP00027,DPT002,2024-03-10,5841.49,Bank Transfer,Completed,Sunday,1,0,0
PAY0005115,INV0005550,SUP00051,DPT005,2024-04-27,9133.12,Bank Transfer,Completed,Saturday,1,0,0
PAY0005116,INV0005551,SUP00001,DPT009,2024-10-10,5046.82,Bank Transfer,Completed,Thursday,0,0,0
PAY0005117,INV0005552,SUP00007,DPT001,2024-05-29,5155.2,Bank Transfer,Completed,Wednesday,0,0,0
PAY0005118,INV0005553,SUP00004,DPT005,2024-04-02,1004.88,Bank Transfer,Completed,Tuesday,0,0,0
PAY0005119,INV0005554,SUP00006,DPT011,2024-04-28,4050.35,Bank Transfer,Completed,Sunday,1,0,0
PAY0005120,INV0005556,SUP00098,DPT001,2024-02-19,8750.68,Bank Transfer,Completed,Monday,0,0,0
PAY0005121,INV0005557,SUP00020,DPT007,2025-01-15,4641.31,Bank Transfer,Completed,Wednesday,0,0,0
PAY0005122,INV0005558,SUP00003,DPT001,2024-12-25,13057.42,Bank Transfer,Completed,Wednesday,0,0,0
PAY0005123,INV0005560,SUP00291,DPT002,2024-12-08,2317.63,Bank Transfer,Completed,Sunday,1,0,0
PAY0005124,INV0005561,SUP00006,DPT002,2024-06-22,33157.4,Bank Transfer,Completed,Saturday,1,0,0
PAY0005125,INV0005562,SUP00009,DPT001,2024-12-22,3787.26,Bank Transfer,Completed,Sunday,1,0,0
PAY0005126,INV0005563,SUP00069,DPT006,2025-01-25,11157.36,Bank Transfer,Completed,Saturday,1,0,0
PAY0005127,INV0005565,SUP00007,DPT003,2024-06-24,14714.55,Bank Transfer,Completed,Monday,0,0,0
PAY0005128,INV0005568,SUP00088,DPT012,2024-08-04,13307.03,Bank Transfer,Completed,Sunday,1,0,0
PAY0005129,INV0005569,SUP00043,DPT009,2024-10-22,4790.59,Bank Transfer,Completed,Tuesday,0,0,0
PAY0005130,INV0005570,SUP00255,DPT011,2024-08-19,11142.37,Bank Transfer,Completed,Monday,0,0,0
PAY0005131,INV0005571,SUP00081,DPT009,2025-02-02,1399.75,Bank Transfer,Completed,Sunday,1,0,0
PAY0005132,INV0005572,SUP00009,DPT006,2024-03-06,4697.89,Check,Completed,Wednesday,0,0,0
PAY0005133,INV0005573,SUP00027,DPT001,2024-05-22,13833.74,Bank Transfer,Completed,Wednesday,0,0,0
PAY0005134,INV0005574,SUP00027,DPT010,2025-03-19,11574.98,Bank Transfer,Completed,Wednesday,0,0,0
PAY0005135,INV0005575,SUP00020,DPT008,2024-05-13,5982.64,Bank Transfer,Completed,Monday,0,0,0
PAY0005136,INV0005576,SUP00175,DPT003,2024-07-30,8762.99,Check,Completed,Tuesday,0,0,0
PAY0005137,INV0005578,SUP00006,DPT005,2024-05-14,14153.56,Card,Completed,Tuesday,0,0,0
PAY0005138,INV0005579,SUP00017,DPT003,2024-10-18,681.51,Bank Transfer,Completed,Friday,0,0,0
PAY0005139,INV0005580,SUP00003,DPT012,2025-01-31,5972.46,Bank Transfer,Completed,Friday,0,0,0
PAY0005140,INV0005581,SUP00313,DPT002,2025-01-04,6086.5,Bank Transfer,Completed,Saturday,1,0,0
PAY0005141,INV0005583,SUP00002,DPT001,2025-04-14,1747.72,Bank Transfer,Completed,Monday,0,0,0
PAY0005142,INV0005584,SUP00089,DPT005,2024-09-02,34183.68,Bank Transfer,Completed,Monday,0,0,0
PAY0005143,INV0005585,SUP00191,DPT008,2024-12-08,2644.64,Bank Transfer,Completed,Sunday,1,0,0
PAY0005144,INV0005586,SUP00021,DPT005,2024-12-22,3708.7,Bank Transfer,Completed,Sunday,1,0,0
PAY0005145,INV0005587,SUP00028,DPT002,2024-05-28,2411.97,Bank Transfer,Completed,Tuesday,0,0,0
PAY0005146,INV0005588,SUP00144,DPT011,2024-02-25,9600.37,Bank Transfer,Completed,Sunday,1,0,0
PAY0005147,INV0005589,SUP00008,DPT003,2024-12-03,8320.63,Bank Transfer,Completed,Tuesday,0,0,0
PAY0005148,INV0005591,SUP00103,DPT002,2024-11-09,3247.33,Bank Transfer,Completed,Saturday,1,0,0
PAY0005149,INV0005592,SUP00205,DPT004,2024-08-07,10922.54,Bank Transfer,Completed,Wednesday,0,0,0
PAY0005150,INV0005593,SUP00256,DPT005,2024-08-05,693.29,Bank Transfer,Completed,Monday,0,0,0
PAY0005151,INV0005594,SUP00286,DPT006,2024-11-21,1164.64,Bank Transfer,Completed,Thursday,0,0,0
PAY0005152,INV0005595,SUP00005,DPT001,2024-09-25,28190.93,Bank Transfer,Completed,Wednesday,0,0,0
PAY0005153,INV0005596,SUP00212,DPT010,2024-09-15,21804.07,Card,Completed,Sunday,1,0,0
PAY0005154,INV0005597,SUP00129,DPT003,2024-07-14,10089.74,Check,Completed,Sunday,1,0,0
PAY0005155,INV0005598,SUP00017,DPT002,2025-02-01,20044.99,Bank Transfer,Completed,Saturday,1,0,0
PAY0005156,INV0005599,SUP00275,DPT007,2024-10-06,1736.41,Bank Transfer,Completed,Sunday,1,0,0
PAY0005157,INV0005600,SUP00238,DPT006,2024-08-17,39913.47,Bank Transfer,Completed,Saturday,1,0,0
PAY0005158,INV0005601,SUP00187,DPT012,2024-11-19,1835.77,Check,Completed,Tuesday,0,0,0
PAY0005159,INV0005603,SUP00006,DPT002,2024-03-06,143534.33,Bank Transfer,Completed,Wednesday,0,0,0
PAY0005160,INV0005604,SUP00272,DPT012,2024-01-19,2145.24,Bank Transfer,Completed,Friday,0,0,0
PAY0005161,INV0005605,SUP00310,DPT004,2024-11-08,27907.41,Bank Transfer,Completed,Friday,0,0,0
PAY0005162,INV0005606,SUP00010,DPT007,2024-10-28,18132.56,Bank Transfer,Completed,Monday,0,0,0
PAY0005163,INV0005607,SUP00010,DPT001,2024-07-05,3205.94,Bank Transfer,Completed,Friday,0,0,0
PAY0005164,INV0005608,SUP00091,DPT003,2024-06-15,65233.43,Bank Transfer,Completed,Saturday,1,0,0
PAY0005165,INV0005609,SUP00003,DPT012,2024-06-10,4945.81,Bank Transfer,Completed,Monday,0,0,0
PAY0005166,INV0005610,SUP00082,DPT012,2024-11-30,5746.49,Bank Transfer,Completed,Saturday,1,0,0
PAY0005167,INV0005612,SUP00010,DPT009,2024-08-21,5354.36,Bank Transfer,Completed,Wednesday,0,0,0
PAY0005168,INV0005613,SUP00169,DPT004,2025-01-14,214963.13,Bank Transfer,Completed,Tuesday,0,0,0
PAY0005169,INV0005614,SUP00040,DPT005,2024-11-06,1433.88,Bank Transfer,Completed,Wednesday,0,0,0
PAY0005170,INV0005615,SUP00010,DPT001,2024-06-07,38743.23,Bank Transfer,Completed,Friday,0,0,0
PAY0005171,INV0005616,SUP00021,DPT009,2024-04-05,437.78,Bank Transfer,Completed,Friday,0,0,0
PAY0005172,INV0005617,SUP00056,DPT008,2024-12-24,219.3,Bank Transfer,Completed,Tuesday,0,0,0
PAY0005173,INV0005618,SUP00180,DPT007,2024-10-18,6369.1,Card,Completed,Friday,0,0,0
PAY0005174,INV0005619,SUP00050,DPT003,2024-06-30,14063.85,Bank Transfer,Completed,Sunday,1,0,0
PAY0005175,INV0005621,SUP00004,DPT009,2024-04-05,38376.76,Bank Transfer,Completed,Friday,0,0,0
PAY0005176,INV0005622,SUP00296,DPT012,2025-03-27,7580.5,Bank Transfer,Completed,Thursday,0,0,0
PAY0005177,INV0005623,SUP00055,DPT004,2024-07-08,10935.25,Bank Transfer,Completed,Monday,0,0,0
PAY0005178,INV0005624,SUP00019,DPT001,2024-04-21,7921.69,Bank Transfer,Completed,Sunday,1,0,0
PAY0005179,INV0005625,SUP00003,DPT011,2024-03-27,35224.17,Bank Transfer,Completed,Wednesday,0,0,0
PAY0005180,INV0005626,SUP00010,DPT007,2024-01-13,1450.47,Bank Transfer,Completed,Saturday,1,0,0
PAY0005181,INV0005627,SUP00024,DPT007,2025-02-19,2798.65,Bank Transfer,Completed,Wednesday,0,0,0
PAY0005182,INV0005628,SUP00283,DPT011,2024-03-08,15993.44,Bank Transfer,Completed,Friday,0,0,0
PAY0005183,INV0005630,SUP00002,DPT006,2024-06-06,27578.83,Bank Transfer,Completed,Thursday,0,0,0
PAY0005184,INV0005631,SUP00013,DPT007,2024-10-14,5584.95,Bank Transfer,Completed,Monday,0,0,0
PAY0005185,INV0005632,SUP00029,DPT004,2024-06-29,3421.4,Bank Transfer,Pending,Saturday,1,0,1
PAY0005186,INV0005633,SUP00232,DPT003,2024-11-14,12925.88,Bank Transfer,Completed,Thursday,0,0,0
PAY0005187,INV0005634,SUP00189,DPT002,2024-06-02,1699.57,Bank Transfer,Completed,Sunday,1,0,0
PAY0005188,INV0005636,SUP00002,DPT002,2024-08-27,3371.79,Bank Transfer,Completed,Tuesday,0,0,0
PAY0005189,INV0005637,SUP00005,DPT011,2024-06-26,4366.04,Check,Completed,Wednesday,0,0,0
PAY0005190,INV0005638,SUP00030,DPT004,2024-06-06,14337.91,Check,Completed,Thursday,0,0,0
PAY0005191,INV0005639,SUP00003,DPT006,2024-08-24,2588.51,Bank Transfer,Completed,Saturday,1,0,0
PAY0005192,INV0005640,SUP00009,DPT001,2025-01-12,1605.29,Bank Transfer,Completed,Sunday,1,0,0
PAY0005193,INV0005641,SUP00215,DPT004,2024-11-22,23190.25,Check,Completed,Friday,0,0,0
PAY0005194,INV0005643,SUP00318,DPT008,2024-12-12,7891.88,Bank Transfer,Completed,Thursday,0,0,0
PAY0005195,INV0005644,SUP00177,DPT001,2024-02-24,15116.51,Bank Transfer,Completed,Saturday,1,0,0
PAY0005196,INV0005645,SUP00009,DPT004,2024-09-09,672.32,Bank Transfer,Completed,Monday,0,0,0
PAY0005197,INV0005646,SUP00001,DPT010,2024-11-08,1787.64,Bank Transfer,Completed,Friday,0,0,0
PAY0005198,INV0005647,SUP00042,DPT007,2024-03-23,9203.01,Bank Transfer,Completed,Saturday,1,0,0
PAY0005199,INV0005648,SUP00147,DPT009,2024-10-30,24810.14,Bank Transfer,Completed,Wednesday,0,0,0
PAY0005200,INV0005649,SUP00027,DPT008,2024-10-14,2491.5,Bank Transfer,Completed,Monday,0,0,0
PAY0005201,INV0005650,SUP00265,DPT007,2024-08-02,2171.47,Bank Transfer,Completed,Friday,0,0,0
PAY0005202,INV0005651,SUP00184,DPT004,2025-01-08,12201.09,Bank Transfer,Completed,Wednesday,0,0,0
PAY0005203,INV0005652,SUP00037,DPT004,2025-01-24,15380.68,Bank Transfer,Completed,Friday,0,0,0
PAY0005204,INV0005654,SUP00014,DPT002,2024-05-01,7801.38,Bank Transfer,Completed,Wednesday,0,0,0
PAY0005205,INV0005655,SUP00029,DPT005,2024-06-15,3229.72,Bank Transfer,Completed,Saturday,1,0,0
PAY0005206,INV0005656,SUP00009,DPT010,2025-02-10,14676.68,Bank Transfer,Completed,Monday,0,0,0
PAY0005207,INV0005657,SUP00225,DPT006,2024-09-04,5455.51,Bank Transfer,Completed,Wednesday,0,0,0
PAY0005208,INV0005658,SUP00022,DPT003,2025-01-25,13158.84,Bank Transfer,Completed,Saturday,1,0,0
PAY0005209,INV0005659,SUP00007,DPT009,2024-10-11,3261.08,Bank Transfer,Completed,Friday,0,0,0
PAY0005210,INV0005660,SUP00190,DPT004,2024-04-19,4657.35,Card,Completed,Friday,0,0,0
PAY0005211,INV0005661,SUP00089,DPT002,2024-09-19,11204.42,Bank Transfer,Completed,Thursday,0,0,0
PAY0005212,INV0005662,SUP00007,DPT001,2025-04-01,558.85,Bank Transfer,Completed,Tuesday,0,0,0
PAY0005213,INV0005664,SUP00140,DPT006,2024-05-18,5635.35,Bank Transfer,Completed,Saturday,1,0,0
PAY0005214,INV0005665,SUP00025,DPT005,2024-12-31,236.01,Bank Transfer,Completed,Tuesday,0,0,0
PAY0005215,INV0005666,SUP00010,DPT008,2024-03-14,7118.09,Bank Transfer,Completed,Thursday,0,0,0
PAY0005216,INV0005667,SUP00137,DPT006,2024-12-13,3693.45,Cash,Completed,Friday,0,1,0
PAY0005217,INV0005668,SUP00136,DPT003,2024-03-28,1792.32,Bank Transfer,Completed,Thursday,0,0,0
PAY0005218,INV0005669,SUP00001,DPT006,2024-02-27,58697.17,Bank Transfer,Completed,Tuesday,0,0,0
PAY0005219,INV0005670,SUP00008,DPT002,2024-08-17,16155.81,Bank Transfer,Completed,Saturday,1,0,0
PAY0005220,INV0005671,SUP00112,DPT003,2024-03-01,5111.38,Bank Transfer,Pending,Friday,0,0,1
PAY0005221,INV0005672,SUP00008,DPT005,2024-10-30,6317.17,Bank Transfer,Completed,Wednesday,0,0,0
PAY0005222,INV0005673,SUP00298,DPT001,2024-08-01,8032.6,Card,Completed,Thursday,0,0,0
PAY0005223,INV0005674,SUP00006,DPT009,2024-12-09,919.48,Bank Transfer,Completed,Monday,0,0,0
PAY0005224,INV0005675,SUP00172,DPT001,2024-11-23,124957.34,Bank Transfer,Completed,Saturday,1,0,0
PAY0005225,INV0005676,SUP00320,DPT003,2024-11-15,6395.53,Bank Transfer,Completed,Friday,0,0,0
PAY0005226,INV0005677,SUP00015,DPT004,2024-03-14,47912.62,Bank Transfer,Completed,Thursday,0,0,0
PAY0005227,INV0005678,SUP00086,DPT007,2024-11-30,2180.86,Bank Transfer,Completed,Saturday,1,0,0
PAY0005228,INV0005679,SUP00004,DPT002,2025-02-06,11813.45,Card,Completed,Thursday,0,0,0
PAY0005229,INV0005680,SUP00097,DPT009,2024-09-27,1503.3,Check,Completed,Friday,0,0,0
PAY0005230,INV0005681,SUP00313,DPT004,2024-04-13,219.23,Bank Transfer,Completed,Saturday,1,0,0
PAY0005231,INV0005682,SUP00304,DPT002,2024-10-20,16979.33,Bank Transfer,Completed,Sunday,1,0,0
PAY0005232,INV0005683,SUP00021,DPT001,2024-12-17,7396.08,Bank Transfer,Completed,Tuesday,0,0,0
PAY0005233,INV0005684,SUP00215,DPT011,2024-05-05,3349.49,Bank Transfer,Completed,Sunday,1,0,0
PAY0005234,INV0005685,SUP00218,DPT004,2024-11-11,123.95,Bank Transfer,Completed,Monday,0,0,0
PAY0005235,INV0005686,SUP00013,DPT003,2024-11-20,3531.25,Bank Transfer,Completed,Wednesday,0,0,0
PAY0005236,INV0005687,SUP00216,DPT002,2024-03-04,8353.45,Bank Transfer,Completed,Monday,0,0,0
PAY0005237,INV0005688,SUP00006,DPT004,2024-12-19,1719.18,Bank Transfer,Completed,Thursday,0,0,0
PAY0005238,INV0005689,SUP00308,DPT003,2025-01-11,7013.56,Bank Transfer,Completed,Saturday,1,0,0
PAY0005239,INV0005690,SUP00240,DPT002,2025-02-16,2830.75,Bank Transfer,Completed,Sunday,1,0,0
PAY0005240,INV0005691,SUP00032,DPT008,2025-03-10,1504.68,Bank Transfer,Completed,Monday,0,0,0
PAY0005241,INV0005692,SUP00018,DPT010,2024-12-27,5041.57,Bank Transfer,Completed,Friday,0,0,0
PAY0005242,INV0005693,SUP00289,DPT003,2024-04-28,494.37,Bank Transfer,Completed,Sunday,1,0,0
PAY0005243,INV0005694,SUP00003,DPT003,2024-02-17,10661.7,Bank Transfer,Pending,Saturday,1,0,1
PAY0005244,INV0005695,SUP00030,DPT003,2024-04-13,6642.14,Bank Transfer,Completed,Saturday,1,0,0
PAY0005245,INV0005696,SUP00028,DPT011,2025-02-25,12202.82,Bank Transfer,Completed,Tuesday,0,0,0
PAY0005246,INV0005698,SUP00004,DPT002,2024-03-30,4523.14,Bank Transfer,Completed,Saturday,1,0,0
PAY0005247,INV0005699,SUP00009,DPT006,2025-01-31,272.38,Bank Transfer,Completed,Friday,0,0,0
PAY0005248,INV0005700,SUP00311,DPT004,2024-06-20,4639.45,Check,Completed,Thursday,0,0,0
PAY0005249,INV0005701,SUP00207,DPT001,2024-08-09,1581.51,Bank Transfer,Completed,Friday,0,0,0
PAY0005250,INV0005702,SUP00225,DPT012,2024-11-07,30594.44,Bank Transfer,Completed,Thursday,0,0,0
PAY0005251,INV0005703,SUP00031,DPT001,2024-02-25,4004.93,Bank Transfer,Completed,Sunday,1,0,0
PAY0005252,INV0005704,SUP00121,DPT004,2024-07-01,16012.6,Bank Transfer,Completed,Monday,0,0,0
PAY0005253,INV0005705,SUP00030,DPT006,2024-05-14,32768.15,Bank Transfer,Completed,Tuesday,0,0,0
PAY0005254,INV0005706,SUP00130,DPT005,2024-07-08,2595.7,Bank Transfer,Completed,Monday,0,0,0
PAY0005255,INV0005707,SUP00240,DPT001,2024-05-13,6684.58,Bank Transfer,Completed,Monday,0,0,0
PAY0005256,INV0005708,SUP00008,DPT006,2024-06-22,4939.35,Card,Completed,Saturday,1,0,0
PAY0005257,INV0005709,SUP00292,DPT008,2024-09-21,75749.82,Bank Transfer,Completed,Saturday,1,0,0
PAY0005258,INV0005710,SUP00270,DPT009,2024-04-01,26022.31,Bank Transfer,Completed,Monday,0,0,0
PAY0005259,INV0005712,SUP00307,DPT001,2024-02-24,2915.1,Bank Transfer,Completed,Saturday,1,0,0
PAY0005260,INV0005713,SUP00251,DPT011,2024-10-03,3484.27,Bank Transfer,Completed,Thursday,0,0,0
PAY0005261,INV0005714,SUP00002,DPT007,2024-06-22,2422.26,Bank Transfer,Completed,Saturday,1,0,0
PAY0005262,INV0005715,SUP00002,DPT004,2025-02-21,4098.88,Bank Transfer,Completed,Friday,0,0,0
PAY0005263,INV0005716,SUP00148,DPT008,2024-07-05,3288.43,Bank Transfer,Completed,Friday,0,0,0
PAY0005264,INV0005717,SUP00193,DPT002,2024-03-15,6265.03,Check,Completed,Friday,0,0,0
PAY0005265,INV0005718,SUP00009,DPT011,2024-02-22,5294.85,Bank Transfer,Completed,Thursday,0,0,0
PAY0005266,INV0005719,SUP00030,DPT006,2024-06-25,22205.16,Bank Transfer,Completed,Tuesday,0,0,0
PAY0005267,INV0005720,SUP00049,DPT010,2025-06-03,2518.7,Bank Transfer,Completed,Tuesday,0,0,0
PAY0005268,INV0005721,SUP00024,DPT005,2024-07-13,858.2,Bank Transfer,Completed,Saturday,1,0,0
PAY0005269,INV0005722,SUP00003,DPT009,2024-09-07,3387.61,Cash,Completed,Saturday,1,1,0
PAY0005270,INV0005723,SUP00008,DPT003,2024-10-19,2960.16,Bank Transfer,Completed,Saturday,1,0,0
PAY0005271,INV0005724,SUP00211,DPT002,2024-06-08,32791.01,Bank Transfer,Completed,Saturday,1,0,0
PAY0005272,INV0005725,SUP00003,DPT003,2024-10-01,16160.9,Bank Transfer,Completed,Tuesday,0,0,0
PAY0005273,INV0005726,SUP00098,DPT010,2024-06-27,26357.72,Bank Transfer,Completed,Thursday,0,0,0
PAY0005274,INV0005727,SUP00105,DPT007,2025-01-06,18411.59,Bank Transfer,Completed,Monday,0,0,0
PAY0005275,INV0005728,SUP00295,DPT004,2024-10-02,634.61,Bank Transfer,Pending,Wednesday,0,0,1
PAY0005276,INV0005729,SUP00313,DPT002,2024-08-07,2227.39,Bank Transfer,Completed,Wednesday,0,0,0
PAY0005277,INV0005730,SUP00288,DPT006,2024-07-19,1044.73,Check,Completed,Friday,0,0,0
PAY0005278,INV0005731,SUP00050,DPT006,2024-11-12,36218.18,Bank Transfer,Completed,Tuesday,0,0,0
PAY0005279,INV0005732,SUP00002,DPT005,2024-08-09,16048.4,Bank Transfer,Completed,Friday,0,0,0
PAY0005280,INV0005733,SUP00010,DPT008,2024-08-25,9670.38,Bank Transfer,Completed,Sunday,1,0,0
PAY0005281,INV0005734,SUP00027,DPT002,2024-12-31,3087.8,Bank Transfer,Pending,Tuesday,0,0,1
PAY0005282,INV0005735,SUP00002,DPT005,2024-07-09,50120.05,Bank Transfer,Completed,Tuesday,0,0,0
PAY0005283,INV0005736,SUP00002,DPT003,2025-02-25,2257.24,Bank Transfer,Completed,Tuesday,0,0,0
PAY0005284,INV0005737,SUP00012,DPT002,2024-12-07,12866.43,Bank Transfer,Completed,Saturday,1,0,0
PAY0005285,INV0005738,SUP00019,DPT003,2024-08-10,6838.55,Bank Transfer,Completed,Saturday,1,0,0
PAY0005286,INV0005739,SUP00073,DPT009,2024-03-20,13616.59,Bank Transfer,Completed,Wednesday,0,0,0
PAY0005287,INV0005741,SUP00019,DPT003,2024-11-18,15698.64,Bank Transfer,Completed,Monday,0,0,0
PAY0005288,INV0005742,SUP00002,DPT005,2024-08-11,10867.5,Bank Transfer,Completed,Sunday,1,0,0
PAY0005289,INV0005744,SUP00016,DPT009,2024-03-08,14111.51,Bank Transfer,Completed,Friday,0,0,0
PAY0005290,INV0005745,SUP00262,DPT009,2024-08-30,3334.66,Bank Transfer,Completed,Friday,0,0,0
PAY0005291,INV0005746,SUP00023,DPT007,2024-03-04,10645.64,Bank Transfer,Completed,Monday,0,0,0
PAY0005292,INV0005747,SUP00012,DPT003,2024-07-08,8385.19,Bank Transfer,Completed,Monday,0,0,0
PAY0005293,INV0005748,SUP00158,DPT001,2025-01-19,49561.35,Card,Completed,Sunday,1,0,0
PAY0005294,INV0005749,SUP00029,DPT003,2025-01-18,5916.69,Check,Completed,Saturday,1,0,0
PAY0005295,INV0005750,SUP00058,DPT006,2024-11-30,19361.3,Bank Transfer,Completed,Saturday,1,0,0
PAY0005296,INV0005751,SUP00005,DPT001,2024-10-19,11341.04,Bank Transfer,Completed,Saturday,1,0,0
PAY0005297,INV0005752,SUP00017,DPT009,2025-01-04,16886.32,Bank Transfer,Completed,Saturday,1,0,0
PAY0005298,INV0005753,SUP00002,DPT012,2024-05-29,6401.98,Bank Transfer,Completed,Wednesday,0,0,0
PAY0005299,INV0005754,SUP00176,DPT008,2024-09-28,22574.12,Bank Transfer,Completed,Saturday,1,0,0
PAY0005300,INV0005755,SUP00009,DPT004,2025-01-06,14281.49,Cash,Completed,Monday,0,1,0
PAY0005301,INV0005756,SUP00004,DPT009,2024-04-06,2351.41,Bank Transfer,Pending,Saturday,1,0,1
PAY0005302,INV0005757,SUP00078,DPT003,2024-08-29,3881.39,Bank Transfer,Completed,Thursday,0,0,0
PAY0005303,INV0005758,SUP00072,DPT011,2025-02-26,2271.16,Bank Transfer,Completed,Wednesday,0,0,0
PAY0005304,INV0005759,SUP00012,DPT003,2024-06-22,1724.88,Check,Completed,Saturday,1,0,0
PAY0005305,INV0005760,SUP00298,DPT007,2024-11-27,129863.29,Bank Transfer,Completed,Wednesday,0,0,0
PAY0005306,INV0005761,SUP00105,DPT001,2025-04-13,42268.43,Bank Transfer,Completed,Sunday,1,0,0
PAY0005307,INV0005762,SUP00277,DPT006,2024-12-09,22871.33,Bank Transfer,Completed,Monday,0,0,0
PAY0005308,INV0005763,SUP00010,DPT003,2024-02-26,10214.89,Bank Transfer,Completed,Monday,0,0,0
PAY0005309,INV0005764,SUP00056,DPT001,2024-07-30,3207.65,Bank Transfer,Completed,Tuesday,0,0,0
PAY0005310,INV0005766,SUP00021,DPT001,2024-12-31,4719.78,Bank Transfer,Completed,Tuesday,0,0,0
PAY0005311,INV0005767,SUP00002,DPT002,2025-03-09,2619.35,Bank Transfer,Completed,Sunday,1,0,0
PAY0005312,INV0005768,SUP00008,DPT010,2025-01-10,13840.91,Check,Completed,Friday,0,0,0
PAY0005313,INV0005769,SUP00243,DPT001,2024-04-26,7252.85,Bank Transfer,Completed,Friday,0,0,0
PAY0005314,INV0005770,SUP00232,DPT006,2024-09-02,16102.69,Bank Transfer,Completed,Monday,0,0,0
PAY0005315,INV0005771,SUP00004,DPT001,2024-08-08,7831.86,Bank Transfer,Completed,Thursday,0,0,0
PAY0005316,INV0005772,SUP00001,DPT007,2025-02-01,876.77,Bank Transfer,Completed,Saturday,1,0,0
PAY0005317,INV0005773,SUP00004,DPT012,2024-04-22,4933.32,Bank Transfer,Completed,Monday,0,0,0
PAY0005318,INV0005774,SUP00107,DPT004,2024-03-27,9120.94,Bank Transfer,Completed,Wednesday,0,0,0
PAY0005319,INV0005775,SUP00008,DPT012,2024-09-10,8542.42,Cash,Completed,Tuesday,0,1,0
PAY0005320,INV0005776,SUP00180,DPT006,2024-05-14,3190.36,Check,Completed,Tuesday,0,0,0
PAY0005321,INV0005777,SUP00001,DPT006,2024-11-06,3422.29,Bank Transfer,Completed,Wednesday,0,0,0
PAY0005322,INV0005778,SUP00153,DPT002,2024-04-19,2716.67,Bank Transfer,Completed,Friday,0,0,0
PAY0005323,INV0005780,SUP00002,DPT010,2024-03-25,5877.39,Bank Transfer,Completed,Monday,0,0,0
PAY0005324,INV0005781,SUP00242,DPT002,2024-09-04,14402.06,Bank Transfer,Completed,Wednesday,0,0,0
PAY0005325,INV0005782,SUP00272,DPT001,2024-08-10,3567.79,Bank Transfer,Completed,Saturday,1,0,0
PAY0005326,INV0005783,SUP00047,DPT003,2024-06-20,1390.97,Bank Transfer,Completed,Thursday,0,0,0
PAY0005327,INV0005784,SUP00010,DPT002,2024-04-11,101274.55,Bank Transfer,Completed,Thursday,0,0,0
PAY0005328,INV0005785,SUP00063,DPT003,2024-02-24,29433.3,Bank Transfer,Completed,Saturday,1,0,0
PAY0005329,INV0005786,SUP00011,DPT011,2024-05-15,3631.06,Bank Transfer,Completed,Wednesday,0,0,0
PAY0005330,INV0005787,SUP00281,DPT010,2024-05-30,2045.7,Bank Transfer,Completed,Thursday,0,0,0
PAY0005331,INV0005788,SUP00051,DPT004,2024-04-27,5106.1,Bank Transfer,Completed,Saturday,1,0,0
PAY0005332,INV0005790,SUP00090,DPT005,2025-02-09,3485.76,Bank Transfer,Completed,Sunday,1,0,0
PAY0005333,INV0005792,SUP00030,DPT009,2024-12-09,17972.16,Bank Transfer,Completed,Monday,0,0,0
PAY0005334,INV0005793,SUP00250,DPT010,2024-08-09,7966.11,Bank Transfer,Completed,Friday,0,0,0
PAY0005335,INV0005794,SUP00018,DPT008,2024-12-01,36105.72,Bank Transfer,Completed,Sunday,1,0,0
PAY0005336,INV0005795,SUP00014,DPT004,2024-04-14,6386.24,Bank Transfer,Completed,Sunday,1,0,0
PAY0005337,INV0005796,SUP00295,DPT002,2024-10-06,32144.77,Cash,Completed,Sunday,1,1,0
PAY0005338,INV0005797,SUP00013,DPT009,2024-10-03,4681.14,Bank Transfer,Completed,Thursday,0,0,0
PAY0005339,INV0005798,SUP00238,DPT006,2024-07-24,3028.33,Bank Transfer,Completed,Wednesday,0,0,0
PAY0005340,INV0005799,SUP00006,DPT009,2025-01-18,3273.65,Bank Transfer,Completed,Saturday,1,0,0
PAY0005341,INV0005800,SUP00198,DPT008,2024-06-11,47792.85,Bank Transfer,Pending,Tuesday,0,0,1
PAY0005342,INV0005801,SUP00094,DPT002,2024-10-22,4906.35,Bank Transfer,Completed,Tuesday,0,0,0
PAY0005343,INV0005802,SUP00004,DPT003,2024-08-21,37011.3,Bank Transfer,Completed,Wednesday,0,0,0
PAY0005344,INV0005803,SUP00003,DPT010,2024-10-01,3591.73,Bank Transfer,Completed,Tuesday,0,0,0
PAY0005345,INV0005804,SUP00010,DPT004,2024-05-26,1257.32,Bank Transfer,Completed,Sunday,1,0,0
PAY0005346,INV0005805,SUP00118,DPT002,2024-11-20,13669.34,Bank Transfer,Completed,Wednesday,0,0,0
PAY0005347,INV0005806,SUP00016,DPT006,2024-11-10,2849.79,Bank Transfer,Completed,Sunday,1,0,0
PAY0005348,INV0005807,SUP00009,DPT003,2024-04-06,8459.43,Bank Transfer,Pending,Saturday,1,0,1
PAY0005349,INV0005808,SUP00074,DPT006,2024-07-19,7553.97,Bank Transfer,Completed,Friday,0,0,0
PAY0005350,INV0005809,SUP00293,DPT006,2024-09-28,7502.69,Bank Transfer,Completed,Saturday,1,0,0
PAY0005351,INV0005810,SUP00004,DPT007,2024-04-18,40704.68,Bank Transfer,Completed,Thursday,0,0,0
PAY0005352,INV0005811,SUP00111,DPT012,2024-03-18,7819.19,Card,Completed,Monday,0,0,0
PAY0005353,INV0005812,SUP00269,DPT003,2024-09-16,6902.63,Bank Transfer,Completed,Monday,0,0,0
PAY0005354,INV0005813,SUP00050,DPT012,2024-04-15,4048.48,Bank Transfer,Completed,Monday,0,0,0
PAY0005355,INV0005814,SUP00299,DPT008,2024-11-02,11359.8,Bank Transfer,Completed,Saturday,1,0,0
PAY0005356,INV0005815,SUP00083,DPT010,2024-05-19,101933.53,Bank Transfer,Completed,Sunday,1,0,0
PAY0005357,INV0005817,SUP00197,DPT001,2024-09-20,17287.05,Bank Transfer,Completed,Friday,0,0,0
PAY0005358,INV0005818,SUP00007,DPT004,2024-10-10,4621.39,Bank Transfer,Completed,Thursday,0,0,0
PAY0005359,INV0005819,SUP00061,DPT001,2025-01-06,11786.48,Bank Transfer,Failed,Monday,0,0,1
PAY0005360,INV0005820,SUP00093,DPT007,2024-10-11,1340.78,Bank Transfer,Completed,Friday,0,0,0
PAY0005361,INV0005821,SUP00004,DPT001,2024-04-29,17238.76,Bank Transfer,Completed,Monday,0,0,0
PAY0005362,INV0005823,SUP00185,DPT011,2024-07-12,13051.49,Bank Transfer,Completed,Friday,0,0,0
PAY0005363,INV0005824,SUP00002,DPT011,2025-02-20,25723.33,Bank Transfer,Completed,Thursday,0,0,0
PAY0005364,INV0005825,SUP00021,DPT006,2025-01-24,9519.78,Bank Transfer,Completed,Friday,0,0,0
PAY0005365,INV0005826,SUP00005,DPT004,2024-08-11,22287.12,Check,Completed,Sunday,1,0,0
PAY0005366,INV0005827,SUP00006,DPT009,2025-01-12,1730.5,Bank Transfer,Completed,Sunday,1,0,0
PAY0005367,INV0005828,SUP00033,DPT012,2025-02-15,5407.63,Bank Transfer,Completed,Saturday,1,0,0
PAY0005368,INV0005830,SUP00022,DPT001,2024-02-22,2833.27,Bank Transfer,Completed,Thursday,0,0,0
PAY0005369,INV0005831,SUP00001,DPT011,2024-11-13,996.65,Check,Completed,Wednesday,0,0,0
PAY0005370,INV0005832,SUP00277,DPT001,2025-01-07,6558.57,Bank Transfer,Completed,Tuesday,0,0,0
PAY0005371,INV0005833,SUP00251,DPT007,2024-03-25,17573.69,Bank Transfer,Completed,Monday,0,0,0
PAY0005372,INV0005834,SUP00007,DPT005,2025-02-10,19828.3,Bank Transfer,Completed,Monday,0,0,0
PAY0005373,INV0005835,SUP00003,DPT005,2024-12-07,1828.59,Bank Transfer,Completed,Saturday,1,0,0
PAY0005374,INV0005836,SUP00009,DPT001,2024-04-19,4917.57,Card,Completed,Friday,0,0,0
PAY0005375,INV0005837,SUP00001,DPT008,2024-12-07,2567.56,Bank Transfer,Completed,Saturday,1,0,0
PAY0005376,INV0005838,SUP00164,DPT006,2024-10-18,2327.83,Bank Transfer,Completed,Friday,0,0,0
PAY0005377,INV0005839,SUP00069,DPT011,2024-09-08,4146.4,Bank Transfer,Completed,Sunday,1,0,0
PAY0005378,INV0005840,SUP00051,DPT004,2024-09-02,6102.3,Check,Completed,Monday,0,0,0
PAY0005379,INV0005841,SUP00233,DPT011,2024-03-25,4305.47,Card,Completed,Monday,0,0,0
PAY0005380,INV0005843,SUP00021,DPT002,2024-06-13,18046.68,Bank Transfer,Completed,Thursday,0,0,0
PAY0005381,INV0005844,SUP00091,DPT011,2024-05-23,7257.18,Bank Transfer,Completed,Thursday,0,0,0
PAY0005382,INV0005845,SUP00024,DPT001,2024-04-27,9267.55,Bank Transfer,Completed,Saturday,1,0,0
PAY0005383,INV0005846,SUP00099,DPT002,2024-04-08,10045.69,Bank Transfer,Completed,Monday,0,0,0
PAY0005384,INV0005847,SUP00005,DPT002,2024-02-24,12163.32,Check,Completed,Saturday,1,0,0
PAY0005385,INV0005848,SUP00010,DPT007,2024-11-23,7317.22,Card,Completed,Saturday,1,0,0
PAY0005386,INV0005849,SUP00009,DPT009,2024-12-11,50662.72,Bank Transfer,Completed,Wednesday,0,0,0
PAY0005387,INV0005851,SUP00021,DPT002,2024-05-05,12499.15,Bank Transfer,Completed,Sunday,1,0,0
PAY0005388,INV0005852,SUP00159,DPT003,2024-10-22,2096.66,Bank Transfer,Completed,Tuesday,0,0,0
PAY0005389,INV0005853,SUP00019,DPT003,2024-05-03,2134.37,Check,Completed,Friday,0,0,0
PAY0005390,INV0005854,SUP00310,DPT012,2024-06-30,59631.8,Bank Transfer,Completed,Sunday,1,0,0
PAY0005391,INV0005855,SUP00010,DPT005,2024-09-14,5149.46,Bank Transfer,Completed,Saturday,1,0,0
PAY0005392,INV0005856,SUP00290,DPT003,2025-01-31,2744.67,Bank Transfer,Completed,Friday,0,0,0
PAY0005393,INV0005857,SUP00007,DPT003,2024-05-05,3177.07,Bank Transfer,Completed,Sunday,1,0,0
PAY0005394,INV0005858,SUP00012,DPT003,2024-07-25,10186.17,Check,Completed,Thursday,0,0,0
PAY0005395,INV0005859,SUP00006,DPT007,2024-06-20,3534.93,Bank Transfer,Completed,Thursday,0,0,0
PAY0005396,INV0005860,SUP00008,DPT005,2024-06-02,7032.51,Bank Transfer,Completed,Sunday,1,0,0
PAY0005397,INV0005861,SUP00006,DPT006,2024-03-10,85374.77,Bank Transfer,Completed,Sunday,1,0,0
PAY0005398,INV0005862,SUP00099,DPT004,2024-11-27,974.19,Bank Transfer,Completed,Wednesday,0,0,0
PAY0005399,INV0005863,SUP00007,DPT001,2025-02-07,3712.03,Bank Transfer,Completed,Friday,0,0,0
PAY0005400,INV0005864,SUP00003,DPT007,2024-11-27,6484.24,Bank Transfer,Completed,Wednesday,0,0,0
PAY0005401,INV0005865,SUP00009,DPT008,2025-01-25,778.81,Bank Transfer,Completed,Saturday,1,0,0
PAY0005402,INV0005866,SUP00131,DPT002,2024-10-15,10934.33,Card,Completed,Tuesday,0,0,0
PAY0005403,INV0005867,SUP00023,DPT006,2024-06-04,16603.48,Bank Transfer,Completed,Tuesday,0,0,0
PAY0005404,INV0005868,SUP00006,DPT010,2024-11-27,1233.11,Bank Transfer,Completed,Wednesday,0,0,0
PAY0005405,INV0005869,SUP00003,DPT006,2024-04-26,5433.15,Card,Completed,Friday,0,0,0
PAY0005406,INV0005870,SUP00161,DPT007,2024-07-08,7397.67,Bank Transfer,Completed,Monday,0,0,0
PAY0005407,INV0005871,SUP00146,DPT007,2024-11-22,11703.82,Bank Transfer,Completed,Friday,0,0,0
PAY0005408,INV0005872,SUP00026,DPT003,2024-06-01,131527.49,Card,Completed,Saturday,1,0,0
PAY0005409,INV0005873,SUP00042,DPT002,2024-09-29,2588.83,Bank Transfer,Completed,Sunday,1,0,0
PAY0005410,INV0005874,SUP00008,DPT004,2024-04-03,11152.6,Bank Transfer,Pending,Wednesday,0,0,1
PAY0005411,INV0005875,SUP00028,DPT002,2024-04-13,5188.48,Bank Transfer,Completed,Saturday,1,0,0
PAY0005412,INV0005876,SUP00160,DPT007,2024-12-10,4189.29,Bank Transfer,Completed,Tuesday,0,0,0
PAY0005413,INV0005877,SUP00186,DPT007,2024-08-27,6092.73,Cash,Completed,Tuesday,0,1,0
PAY0005414,INV0005878,SUP00014,DPT001,2025-01-13,9835.7,Bank Transfer,Completed,Monday,0,0,0
PAY0005415,INV0005879,SUP00131,DPT011,2024-06-25,6081.43,Bank Transfer,Completed,Tuesday,0,0,0
PAY0005416,INV0005880,SUP00028,DPT011,2024-12-11,8147.02,Bank Transfer,Completed,Wednesday,0,0,0
PAY0005417,INV0005881,SUP00167,DPT002,2024-06-18,20229.38,Bank Transfer,Completed,Tuesday,0,0,0
PAY0005418,INV0005883,SUP00173,DPT002,2024-08-15,15554.49,Bank Transfer,Completed,Thursday,0,0,0
PAY0005419,INV0005884,SUP00006,DPT012,2025-01-27,18992.21,Bank Transfer,Completed,Monday,0,0,0
PAY0005420,INV0005885,SUP00012,DPT005,2024-06-14,18315.68,Bank Transfer,Completed,Friday,0,0,0
PAY0005421,INV0005886,SUP00009,DPT007,2024-06-04,12802.04,Bank Transfer,Completed,Tuesday,0,0,0
PAY0005422,INV0005887,SUP00024,DPT012,2024-07-23,2421.37,Bank Transfer,Completed,Tuesday,0,0,0
PAY0005423,INV0005888,SUP00026,DPT007,2025-02-21,1985.6,Bank Transfer,Completed,Friday,0,0,0
PAY0005424,INV0005889,SUP00124,DPT010,2024-06-13,17374.13,Bank Transfer,Completed,Thursday,0,0,0
PAY0005425,INV0005890,SUP00067,DPT002,2024-08-10,1481.24,Bank Transfer,Completed,Saturday,1,0,0
PAY0005426,INV0005891,SUP00073,DPT002,2024-02-26,2674.53,Bank Transfer,Completed,Monday,0,0,0
PAY0005427,INV0005892,SUP00104,DPT004,2024-08-31,71614.39,Bank Transfer,Completed,Saturday,1,0,0
PAY0005428,INV0005893,SUP00009,DPT010,2024-02-18,10744.74,Bank Transfer,Completed,Sunday,1,0,0
PAY0005429,INV0005894,SUP00008,DPT001,2024-01-15,7303.12,Bank Transfer,Completed,Monday,0,0,0
PAY0005430,INV0005895,SUP00008,DPT004,2024-05-02,714.96,Bank Transfer,Completed,Thursday,0,0,0
PAY0005431,INV0005896,SUP00190,DPT009,2024-05-25,10558.07,Bank Transfer,Completed,Saturday,1,0,0
PAY0005432,INV0005897,SUP00004,DPT002,2024-12-17,15663.37,Bank Transfer,Completed,Tuesday,0,0,0
PAY0005433,INV0005898,SUP00012,DPT006,2024-04-13,1076.56,Bank Transfer,Completed,Saturday,1,0,0
PAY0005434,INV0005899,SUP00010,DPT001,2024-05-11,9573.57,Bank Transfer,Completed,Saturday,1,0,0
PAY0005435,INV0005900,SUP00080,DPT001,2025-03-21,1218.84,Bank Transfer,Completed,Friday,0,0,0
PAY0005436,INV0005901,SUP00276,DPT003,2024-09-28,2944.0,Bank Transfer,Completed,Saturday,1,0,0
PAY0005437,INV0005902,SUP00249,DPT009,2024-02-24,978.26,Bank Transfer,Completed,Saturday,1,0,0
PAY0005438,INV0005903,SUP00004,DPT001,2024-11-23,6817.79,Bank Transfer,Completed,Saturday,1,0,0
PAY0005439,INV0005904,SUP00049,DPT003,2024-12-07,865.19,Card,Completed,Saturday,1,0,0
PAY0005440,INV0005905,SUP00002,DPT008,2025-02-04,5402.62,Bank Transfer,Completed,Tuesday,0,0,0
PAY0005441,INV0005906,SUP00198,DPT003,2024-08-04,12647.2,Bank Transfer,Completed,Sunday,1,0,0
PAY0005442,INV0005907,SUP00017,DPT004,2025-03-06,5066.8,Bank Transfer,Completed,Thursday,0,0,0
PAY0005443,INV0005908,SUP00008,DPT004,2025-01-08,101567.41,Bank Transfer,Completed,Wednesday,0,0,0
PAY0005444,INV0005909,SUP00028,DPT011,2024-06-28,7621.77,Bank Transfer,Completed,Friday,0,0,0
PAY0005445,INV0005910,SUP00023,DPT010,2024-04-27,5441.07,Bank Transfer,Completed,Saturday,1,0,0
PAY0005446,INV0005911,SUP00287,DPT001,2025-01-06,5461.82,Bank Transfer,Completed,Monday,0,0,0
PAY0005447,INV0005913,SUP00291,DPT005,2024-12-29,1697.19,Bank Transfer,Completed,Sunday,1,0,0
PAY0005448,INV0005914,SUP00008,DPT003,2024-02-13,3812.58,Card,Completed,Tuesday,0,0,0
PAY0005449,INV0005915,SUP00005,DPT004,2024-06-24,61685.63,Bank Transfer,Completed,Monday,0,0,0
PAY0005450,INV0005916,SUP00168,DPT010,2024-03-08,10484.21,Cash,Pending,Friday,0,1,1
PAY0005451,INV0005917,SUP00039,DPT009,2024-06-12,25571.93,Bank Transfer,Completed,Wednesday,0,0,0
PAY0005452,INV0005918,SUP00259,DPT005,2024-10-28,8919.41,Check,Completed,Monday,0,0,0
PAY0005453,INV0005919,SUP00051,DPT002,2024-03-06,2568.95,Bank Transfer,Completed,Wednesday,0,0,0
PAY0005454,INV0005920,SUP00030,DPT006,2024-06-23,4240.24,Bank Transfer,Pending,Sunday,1,0,1
PAY0005455,INV0005921,SUP00007,DPT004,2024-12-13,812.09,Bank Transfer,Completed,Friday,0,0,0
PAY0005456,INV0005922,SUP00291,DPT004,2024-06-20,29411.81,Bank Transfer,Completed,Thursday,0,0,0
PAY0005457,INV0005923,SUP00123,DPT011,2024-08-06,16569.9,Bank Transfer,Completed,Tuesday,0,0,0
PAY0005458,INV0005924,SUP00085,DPT012,2024-07-01,2284.65,Bank Transfer,Completed,Monday,0,0,0
PAY0005459,INV0005926,SUP00004,DPT008,2025-02-09,13043.23,Bank Transfer,Completed,Sunday,1,0,0
PAY0005460,INV0005928,SUP00030,DPT003,2024-05-19,10625.79,Bank Transfer,Completed,Sunday,1,0,0
PAY0005461,INV0005929,SUP00204,DPT011,2024-12-26,11427.24,Bank Transfer,Completed,Thursday,0,0,0
PAY0005462,INV0005930,SUP00151,DPT004,2024-08-20,9380.03,Check,Completed,Tuesday,0,0,0
PAY0005463,INV0005931,SUP00025,DPT002,2024-10-04,7089.22,Card,Completed,Friday,0,0,0
PAY0005464,INV0005932,SUP00185,DPT001,2024-05-12,6523.63,Bank Transfer,Completed,Sunday,1,0,0
PAY0005465,INV0005933,SUP00156,DPT009,2024-07-09,3145.51,Bank Transfer,Completed,Tuesday,0,0,0
PAY0005466,INV0005935,SUP00149,DPT008,2024-04-16,58102.02,Bank Transfer,Completed,Tuesday,0,0,0
PAY0005467,INV0005937,SUP00226,DPT003,2024-11-19,6338.4,Bank Transfer,Completed,Tuesday,0,0,0
PAY0005468,INV0005938,SUP00208,DPT010,2024-07-02,2796.97,Bank Transfer,Completed,Tuesday,0,0,0
PAY0005469,INV0005940,SUP00001,DPT002,2024-06-27,9789.57,Bank Transfer,Completed,Thursday,0,0,0
PAY0005470,INV0005942,SUP00168,DPT006,2025-02-13,3052.63,Bank Transfer,Completed,Thursday,0,0,0
PAY0005471,INV0005943,SUP00245,DPT002,2024-12-10,3484.11,Bank Transfer,Completed,Tuesday,0,0,0
PAY0005472,INV0005944,SUP00144,DPT003,2024-12-31,2450.2,Bank Transfer,Completed,Tuesday,0,0,0
PAY0005473,INV0005945,SUP00215,DPT011,2024-05-03,812.51,Bank Transfer,Completed,Friday,0,0,0
PAY0005474,INV0005946,SUP00077,DPT002,2024-11-27,24855.09,Bank Transfer,Completed,Wednesday,0,0,0
PAY0005475,INV0005947,SUP00030,DPT004,2024-08-10,13194.51,Bank Transfer,Completed,Saturday,1,0,0
PAY0005476,INV0005948,SUP00303,DPT003,2024-12-13,25975.14,Bank Transfer,Completed,Friday,0,0,0
PAY0005477,INV0005949,SUP00003,DPT003,2024-04-23,3877.28,Bank Transfer,Completed,Tuesday,0,0,0
PAY0005478,INV0005950,SUP00022,DPT003,2024-10-16,10611.89,Bank Transfer,Pending,Wednesday,0,0,1
PAY0005479,INV0005951,SUP00010,DPT002,2025-01-09,2284.13,Bank Transfer,Completed,Thursday,0,0,0
PAY0005480,INV0005952,SUP00005,DPT008,2024-07-31,3156.65,Bank Transfer,Completed,Wednesday,0,0,0
PAY0005481,INV0005953,SUP00088,DPT009,2024-06-27,63747.83,Bank Transfer,Completed,Thursday,0,0,0
PAY0005482,INV0005954,SUP00009,DPT005,2024-08-14,5051.75,Bank Transfer,Completed,Wednesday,0,0,0
PAY0005483,INV0005955,SUP00026,DPT010,2024-05-27,18366.38,Bank Transfer,Completed,Monday,0,0,0
PAY0005484,INV0005956,SUP00005,DPT002,2024-09-28,7936.63,Bank Transfer,Completed,Saturday,1,0,0
PAY0005485,INV0005957,SUP00019,DPT004,2024-04-14,1228.03,Bank Transfer,Completed,Sunday,1,0,0
PAY0005486,INV0005958,SUP00007,DPT009,2024-10-02,5283.92,Check,Completed,Wednesday,0,0,0
PAY0005487,INV0005959,SUP00260,DPT006,2025-02-24,9283.97,Bank Transfer,Completed,Monday,0,0,0
PAY0005488,INV0005960,SUP00039,DPT012,2024-11-04,49843.45,Bank Transfer,Completed,Monday,0,0,0
PAY0005489,INV0005961,SUP00202,DPT006,2025-03-24,762.13,Bank Transfer,Completed,Monday,0,0,0
PAY0005490,INV0005962,SUP00028,DPT012,2024-08-13,1938.67,Bank Transfer,Completed,Tuesday,0,0,0
PAY0005491,INV0005963,SUP00002,DPT001,2025-01-21,8185.34,Bank Transfer,Completed,Tuesday,0,0,0
PAY0005492,INV0005966,SUP00019,DPT009,2024-10-07,5683.84,Bank Transfer,Completed,Monday,0,0,0
PAY0005493,INV0005967,SUP00053,DPT001,2024-08-24,10432.28,Bank Transfer,Completed,Saturday,1,0,0
PAY0005494,INV0005968,SUP00191,DPT002,2024-03-04,26576.06,Cash,Completed,Monday,0,1,0
PAY0005495,INV0005969,SUP00261,DPT012,2024-11-02,1462.98,Bank Transfer,Completed,Saturday,1,0,0
PAY0005496,INV0005970,SUP00007,DPT006,2024-07-06,10192.63,Bank Transfer,Completed,Saturday,1,0,0
PAY0005497,INV0005971,SUP00122,DPT004,2024-03-15,7123.8,Bank Transfer,Completed,Friday,0,0,0
PAY0005498,INV0005972,SUP00027,DPT001,2024-05-13,7188.43,Bank Transfer,Completed,Monday,0,0,0
PAY0005499,INV0005973,SUP00183,DPT008,2024-04-22,4772.52,Bank Transfer,Completed,Monday,0,0,0
PAY0005500,INV0005974,SUP00285,DPT011,2025-01-19,7186.07,Bank Transfer,Completed,Sunday,1,0,0
PAY0005501,INV0005975,SUP00045,DPT008,2024-06-14,207.89,Card,Completed,Friday,0,0,0
PAY0005502,INV0005976,SUP00010,DPT001,2024-06-30,25484.17,Bank Transfer,Completed,Sunday,1,0,0
PAY0005503,INV0005977,SUP00202,DPT005,2024-08-14,1308.21,Check,Completed,Wednesday,0,0,0
PAY0005504,INV0005978,SUP00041,DPT004,2024-12-27,46820.3,Bank Transfer,Completed,Friday,0,0,0
PAY0005505,INV0005979,SUP00251,DPT011,2024-08-17,2092.09,Bank Transfer,Completed,Saturday,1,0,0
PAY0005506,INV0005980,SUP00064,DPT008,2025-01-08,1941.59,Bank Transfer,Completed,Wednesday,0,0,0
PAY0005507,INV0005981,SUP00283,DPT009,2024-05-13,9587.48,Check,Completed,Monday,0,0,0
PAY0005508,INV0005982,SUP00001,DPT004,2025-01-16,8310.61,Bank Transfer,Pending,Thursday,0,0,1
PAY0005509,INV0005983,SUP00166,DPT001,2024-10-27,9956.9,Bank Transfer,Completed,Sunday,1,0,0
PAY0005510,INV0005984,SUP00015,DPT008,2024-09-13,9127.65,Bank Transfer,Completed,Friday,0,0,0
PAY0005511,INV0005985,SUP00125,DPT006,2024-11-12,5166.74,Bank Transfer,Completed,Tuesday,0,0,0
PAY0005512,INV0005987,SUP00116,DPT008,2025-01-16,11657.67,Cash,Completed,Thursday,0,1,0
PAY0005513,INV0005988,SUP00170,DPT002,2024-12-26,2740.24,Bank Transfer,Completed,Thursday,0,0,0
PAY0005514,INV0005989,SUP00006,DPT008,2024-09-02,6827.15,Check,Completed,Monday,0,0,0
PAY0005515,INV0005990,SUP00006,DPT007,2025-01-12,844.03,Bank Transfer,Completed,Sunday,1,0,0
PAY0005516,INV0005991,SUP00069,DPT001,2024-05-11,7978.3,Bank Transfer,Completed,Saturday,1,0,0
PAY0005517,INV0005992,SUP00023,DPT009,2024-08-12,6894.39,Bank Transfer,Completed,Monday,0,0,0
PAY0005518,INV0005993,SUP00004,DPT004,2024-05-05,5762.49,Bank Transfer,Completed,Sunday,1,0,0
PAY0005519,INV0005994,SUP00160,DPT004,2024-07-21,42543.15,Bank Transfer,Completed,Sunday,1,0,0
PAY0005520,INV0005995,SUP00143,DPT012,2024-09-29,33363.77,Bank Transfer,Completed,Sunday,1,0,0
PAY0005521,INV0005996,SUP00004,DPT011,2024-12-21,49822.9,Bank Transfer,Completed,Saturday,1,0,0
PAY0005522,INV0005997,SUP00002,DPT003,2024-03-26,16789.42,Bank Transfer,Completed,Tuesday,0,0,0
PAY0005523,INV0005998,SUP00018,DPT007,2024-10-31,6690.86,Bank Transfer,Completed,Thursday,0,0,0
PAY0005524,INV0006000,SUP00258,DPT009,2024-10-29,9949.18,Bank Transfer,Completed,Tuesday,0,0,0
PAY0005525,INV0006001,SUP00023,DPT003,2024-07-03,12196.81,Bank Transfer,Completed,Wednesday,0,0,0
PAY0005526,INV0006002,SUP00003,DPT004,2024-07-10,6507.42,Bank Transfer,Completed,Wednesday,0,0,0
PAY0005527,INV0006003,SUP00226,DPT001,2024-10-01,10975.87,Bank Transfer,Completed,Tuesday,0,0,0
PAY0005528,INV0006004,SUP00005,DPT011,2024-10-29,6490.8,Bank Transfer,Completed,Tuesday,0,0,0
PAY0005529,INV0006005,SUP00107,DPT011,2024-08-03,24537.04,Bank Transfer,Completed,Saturday,1,0,0
PAY0005530,INV0006006,SUP00021,DPT003,2024-10-08,16871.49,Bank Transfer,Completed,Tuesday,0,0,0
PAY0005531,INV0006007,SUP00267,DPT005,2024-02-09,2852.87,Bank Transfer,Completed,Friday,0,0,0
PAY0005532,INV0006008,SUP00146,DPT003,2024-07-21,6742.19,Bank Transfer,Completed,Sunday,1,0,0
PAY0005533,INV0006009,SUP00001,DPT002,2024-11-28,20048.78,Bank Transfer,Completed,Thursday,0,0,0
PAY0005534,INV0006010,SUP00017,DPT001,2024-10-29,1885.51,Bank Transfer,Completed,Tuesday,0,0,0
PAY0005535,INV0006011,SUP00006,DPT009,2024-08-16,30688.06,Bank Transfer,Completed,Friday,0,0,0
PAY0005536,INV0006012,SUP00010,DPT003,2025-01-16,2264.35,Bank Transfer,Completed,Thursday,0,0,0
PAY0005537,INV0006013,SUP00020,DPT005,2024-06-26,31006.73,Bank Transfer,Completed,Wednesday,0,0,0
PAY0005538,INV0006014,SUP00050,DPT011,2024-06-19,1266.52,Check,Completed,Wednesday,0,0,0
PAY0005539,INV0006015,SUP00202,DPT001,2024-12-14,1081.78,Bank Transfer,Completed,Saturday,1,0,0
PAY0005540,INV0006016,SUP00003,DPT005,2024-12-04,4017.94,Bank Transfer,Completed,Wednesday,0,0,0
PAY0005541,INV0006017,SUP00024,DPT011,2024-07-19,9800.84,Check,Completed,Friday,0,0,0
PAY0005542,INV0006018,SUP00232,DPT009,2024-03-22,9287.5,Bank Transfer,Completed,Friday,0,0,0
PAY0005543,INV0006019,SUP00023,DPT002,2024-09-28,26592.73,Bank Transfer,Completed,Saturday,1,0,0
PAY0005544,INV0006020,SUP00037,DPT002,2024-04-04,2499.58,Bank Transfer,Completed,Thursday,0,0,0
PAY0005545,INV0006021,SUP00190,DPT008,2024-11-19,17554.22,Bank Transfer,Completed,Tuesday,0,0,0
PAY0005546,INV0006022,SUP00151,DPT001,2024-08-07,888.29,Bank Transfer,Completed,Wednesday,0,0,0
PAY0005547,INV0006023,SUP00031,DPT006,2025-01-26,1924.98,Bank Transfer,Completed,Sunday,1,0,0
PAY0005548,INV0006024,SUP00301,DPT002,2024-05-01,4417.48,Check,Completed,Wednesday,0,0,0
PAY0005549,INV0006025,SUP00002,DPT009,2025-04-30,1653.86,Bank Transfer,Completed,Wednesday,0,0,0
PAY0005550,INV0006026,SUP00002,DPT003,2024-04-04,11247.38,Bank Transfer,Completed,Thursday,0,0,0
PAY0005551,INV0006027,SUP00023,DPT004,2024-01-28,2852.45,Check,Completed,Sunday,1,0,0
PAY0005552,INV0006028,SUP00006,DPT009,2024-08-18,18877.02,Bank Transfer,Completed,Sunday,1,0,0
PAY0005553,INV0006029,SUP00008,DPT001,2024-10-02,16189.08,Card,Completed,Wednesday,0,0,0
PAY0005554,INV0006030,SUP00005,DPT006,2024-05-07,24574.16,Bank Transfer,Completed,Tuesday,0,0,0
PAY0005555,INV0006031,SUP00139,DPT012,2024-10-25,4163.74,Bank Transfer,Completed,Friday,0,0,0
PAY0005556,INV0006032,SUP00022,DPT006,2024-09-11,5462.24,Bank Transfer,Completed,Wednesday,0,0,0
PAY0005557,INV0006033,SUP00223,DPT001,2024-02-09,27973.62,Bank Transfer,Completed,Friday,0,0,0
PAY0005558,INV0006034,SUP00009,DPT011,2024-12-03,1997.93,Bank Transfer,Completed,Tuesday,0,0,0
PAY0005559,INV0006035,SUP00098,DPT001,2024-12-18,394.28,Bank Transfer,Completed,Wednesday,0,0,0
PAY0005560,INV0006036,SUP00007,DPT003,2024-05-28,3580.61,Check,Completed,Tuesday,0,0,0
PAY0005561,INV0006037,SUP00001,DPT002,2024-06-09,2059.5,Bank Transfer,Completed,Sunday,1,0,0
PAY0005562,INV0006038,SUP00137,DPT008,2024-06-09,1044.68,Card,Completed,Sunday,1,0,0
PAY0005563,INV0006039,SUP00005,DPT002,2024-08-16,5837.11,Bank Transfer,Completed,Friday,0,0,0
PAY0005564,INV0006040,SUP00140,DPT002,2024-10-28,1563.88,Bank Transfer,Completed,Monday,0,0,0
PAY0005565,INV0006041,SUP00138,DPT004,2024-05-22,8851.01,Bank Transfer,Completed,Wednesday,0,0,0
PAY0005566,INV0006042,SUP00125,DPT003,2024-09-17,1541.22,Bank Transfer,Completed,Tuesday,0,0,0
PAY0005567,INV0006043,SUP00080,DPT009,2024-03-22,176206.65,Bank Transfer,Completed,Friday,0,0,0
PAY0005568,INV0006044,SUP00253,DPT005,2024-05-25,20086.13,Bank Transfer,Completed,Saturday,1,0,0
PAY0005569,INV0006045,SUP00003,DPT005,2024-07-09,2649.02,Bank Transfer,Pending,Tuesday,0,0,1
PAY0005570,INV0006046,SUP00280,DPT002,2024-06-14,2468.99,Check,Completed,Friday,0,0,0
PAY0005571,INV0006047,SUP00003,DPT011,2024-07-08,4862.18,Bank Transfer,Completed,Monday,0,0,0
PAY0005572,INV0006048,SUP00029,DPT003,2024-02-18,14019.03,Check,Completed,Sunday,1,0,0
PAY0005573,INV0006049,SUP00275,DPT003,2025-01-14,3737.61,Bank Transfer,Completed,Tuesday,0,0,0
PAY0005574,INV0006050,SUP00009,DPT002,2024-08-04,1566.0,Bank Transfer,Completed,Sunday,1,0,0
PAY0005575,INV0006051,SUP00225,DPT012,2024-11-06,1148.08,Bank Transfer,Completed,Wednesday,0,0,0
PAY0005576,INV0006052,SUP00080,DPT006,2024-12-24,5719.41,Bank Transfer,Pending,Tuesday,0,0,1
PAY0005577,INV0006053,SUP00239,DPT001,2024-02-22,2620.14,Bank Transfer,Completed,Thursday,0,0,0
PAY0005578,INV0006054,SUP00002,DPT002,2024-09-02,8458.76,Bank Transfer,Completed,Monday,0,0,0
PAY0005579,INV0006055,SUP00059,DPT004,2024-05-10,527.48,Card,Completed,Friday,0,0,0
PAY0005580,INV0006056,SUP00007,DPT002,2024-09-20,10419.53,Bank Transfer,Completed,Friday,0,0,0
PAY0005581,INV0006057,SUP00001,DPT006,2025-01-15,4200.6,Bank Transfer,Completed,Wednesday,0,0,0
PAY0005582,INV0006058,SUP00137,DPT003,2024-11-10,790.52,Bank Transfer,Failed,Sunday,1,0,1
PAY0005583,INV0006059,SUP00173,DPT003,2024-08-16,9216.71,Bank Transfer,Completed,Friday,0,0,0
PAY0005584,INV0006060,SUP00165,DPT009,2024-05-18,10968.93,Bank Transfer,Completed,Saturday,1,0,0
PAY0005585,INV0006061,SUP00159,DPT005,2024-08-14,2351.38,Bank Transfer,Completed,Wednesday,0,0,0
PAY0005586,INV0006062,SUP00202,DPT001,2025-01-12,12939.39,Card,Completed,Sunday,1,0,0
PAY0005587,INV0006063,SUP00027,DPT003,2024-09-03,1250.4,Bank Transfer,Completed,Tuesday,0,0,0
PAY0005588,INV0006064,SUP00015,DPT010,2024-10-05,431.46,Bank Transfer,Completed,Saturday,1,0,0
PAY0005589,INV0006065,SUP00185,DPT009,2024-06-10,14447.68,Bank Transfer,Completed,Monday,0,0,0
PAY0005590,INV0006066,SUP00124,DPT008,2024-06-26,2125.66,Bank Transfer,Completed,Wednesday,0,0,0
PAY0005591,INV0006067,SUP00007,DPT009,2024-06-29,1431.72,Bank Transfer,Completed,Saturday,1,0,0
PAY0005592,INV0006068,SUP00023,DPT001,2024-08-21,11774.51,Cash,Completed,Wednesday,0,1,0
PAY0005593,INV0006069,SUP00006,DPT001,2024-06-15,7623.42,Bank Transfer,Completed,Saturday,1,0,0
PAY0005594,INV0006070,SUP00190,DPT001,2024-10-02,39156.88,Bank Transfer,Completed,Wednesday,0,0,0
PAY0005595,INV0006071,SUP00009,DPT001,2024-10-06,9626.69,Card,Completed,Sunday,1,0,0
PAY0005596,INV0006072,SUP00098,DPT009,2024-10-21,11688.34,Bank Transfer,Completed,Monday,0,0,0
PAY0005597,INV0006073,SUP00164,DPT001,2024-04-23,2233.09,Bank Transfer,Completed,Tuesday,0,0,0
PAY0005598,INV0006074,SUP00316,DPT004,2024-07-07,510.48,Bank Transfer,Completed,Sunday,1,0,0
PAY0005599,INV0006075,SUP00023,DPT002,2024-06-27,58387.26,Bank Transfer,Completed,Thursday,0,0,0
PAY0005600,INV0006076,SUP00245,DPT009,2025-03-03,10233.77,Bank Transfer,Completed,Monday,0,0,0
PAY0005601,INV0006077,SUP00122,DPT009,2024-11-27,37395.62,Bank Transfer,Completed,Wednesday,0,0,0
PAY0005602,INV0006078,SUP00001,DPT008,2024-07-23,1519.47,Card,Completed,Tuesday,0,0,0
PAY0005603,INV0006079,SUP00019,DPT003,2024-07-19,19031.38,Card,Completed,Friday,0,0,0
PAY0005604,INV0006080,SUP00019,DPT011,2024-02-12,8526.31,Bank Transfer,Completed,Monday,0,0,0
PAY0005605,INV0006081,SUP00004,DPT010,2024-07-07,20271.57,Bank Transfer,Pending,Sunday,1,0,1
PAY0005606,INV0006083,SUP00004,DPT006,2024-07-14,4533.84,Bank Transfer,Completed,Sunday,1,0,0
PAY0005607,INV0006084,SUP00223,DPT003,2024-07-11,8242.6,Bank Transfer,Completed,Thursday,0,0,0
PAY0005608,INV0006085,SUP00016,DPT008,2024-05-12,3981.09,Bank Transfer,Completed,Sunday,1,0,0
PAY0005609,INV0006086,SUP00007,DPT011,2025-01-06,15677.65,Bank Transfer,Completed,Monday,0,0,0
PAY0005610,INV0006087,SUP00086,DPT003,2024-09-30,2400.43,Bank Transfer,Completed,Monday,0,0,0
PAY0005611,INV0006088,SUP00236,DPT003,2024-10-02,2695.83,Bank Transfer,Completed,Wednesday,0,0,0
PAY0005612,INV0006089,SUP00282,DPT002,2025-01-30,4913.87,Bank Transfer,Completed,Thursday,0,0,0
PAY0005613,INV0006090,SUP00258,DPT012,2024-07-08,12441.08,Bank Transfer,Completed,Monday,0,0,0
PAY0005614,INV0006091,SUP00251,DPT005,2024-05-05,6300.18,Bank Transfer,Completed,Sunday,1,0,0
PAY0005615,INV0006092,SUP00015,DPT012,2024-11-09,4145.03,Bank Transfer,Completed,Saturday,1,0,0
PAY0005616,INV0006093,SUP00030,DPT006,2024-06-05,19905.31,Bank Transfer,Completed,Wednesday,0,0,0
PAY0005617,INV0006094,SUP00017,DPT003,2024-12-04,11632.34,Bank Transfer,Completed,Wednesday,0,0,0
PAY0005618,INV0006095,SUP00275,DPT005,2024-08-28,3599.27,Bank Transfer,Completed,Wednesday,0,0,0
PAY0005619,INV0006096,SUP00004,DPT002,2024-02-27,1831.67,Bank Transfer,Completed,Tuesday,0,0,0
PAY0005620,INV0006097,SUP00058,DPT004,2024-11-16,4994.35,Bank Transfer,Completed,Saturday,1,0,0
PAY0005621,INV0006098,SUP00009,DPT004,2024-01-16,2976.93,Bank Transfer,Completed,Tuesday,0,0,0
PAY0005622,INV0006099,SUP00232,DPT005,2024-05-28,2397.54,Bank Transfer,Completed,Tuesday,0,0,0
PAY0005623,INV0006100,SUP00014,DPT003,2024-12-11,14332.31,Bank Transfer,Completed,Wednesday,0,0,0
PAY0005624,INV0006101,SUP00240,DPT004,2024-12-24,22002.28,Bank Transfer,Completed,Tuesday,0,0,0
PAY0005625,INV0006103,SUP00006,DPT002,2025-03-12,5869.26,Check,Completed,Wednesday,0,0,0
PAY0005626,INV0006104,SUP00176,DPT011,2024-10-28,2535.52,Bank Transfer,Completed,Monday,0,0,0
PAY0005627,INV0006105,SUP00015,DPT005,2024-06-07,1739.48,Bank Transfer,Completed,Friday,0,0,0
PAY0005628,INV0006106,SUP00020,DPT006,2024-03-21,15100.68,Bank Transfer,Completed,Thursday,0,0,0
PAY0005629,INV0006107,SUP00009,DPT001,2024-10-23,1413.97,Bank Transfer,Completed,Wednesday,0,0,0
PAY0005630,INV0006109,SUP00014,DPT008,2024-10-29,2839.04,Bank Transfer,Completed,Tuesday,0,0,0
PAY0005631,INV0006110,SUP00167,DPT011,2024-08-30,9504.63,Bank Transfer,Completed,Friday,0,0,0
PAY0005632,INV0006111,SUP00190,DPT005,2024-04-27,4769.36,Bank Transfer,Completed,Saturday,1,0,0
PAY0005633,INV0006112,SUP00019,DPT002,2024-05-29,3043.15,Bank Transfer,Completed,Wednesday,0,0,0
PAY0005634,INV0006113,SUP00001,DPT009,2025-02-24,29644.02,Bank Transfer,Completed,Monday,0,0,0
PAY0005635,INV0006114,SUP00003,DPT011,2024-06-08,39748.17,Bank Transfer,Completed,Saturday,1,0,0
PAY0005636,INV0006115,SUP00009,DPT007,2024-11-24,9523.33,Bank Transfer,Completed,Sunday,1,0,0
PAY0005637,INV0006117,SUP00019,DPT004,2024-06-19,3288.75,Bank Transfer,Completed,Wednesday,0,0,0
PAY0005638,INV0006118,SUP00170,DPT011,2024-10-18,5964.22,Bank Transfer,Completed,Friday,0,0,0
PAY0005639,INV0006119,SUP00283,DPT002,2024-09-10,1507.25,Bank Transfer,Completed,Tuesday,0,0,0
PAY0005640,INV0006120,SUP00014,DPT002,2024-10-11,18656.29,Bank Transfer,Completed,Friday,0,0,0
PAY0005641,INV0006121,SUP00062,DPT007,2024-05-11,5193.31,Bank Transfer,Completed,Saturday,1,0,0
PAY0005642,INV0006122,SUP00233,DPT005,2025-01-10,2630.29,Bank Transfer,Completed,Friday,0,0,0
PAY0005643,INV0006123,SUP00093,DPT002,2024-04-29,4108.97,Card,Completed,Monday,0,0,0
PAY0005644,INV0006124,SUP00004,DPT006,2024-08-15,13456.39,Bank Transfer,Completed,Thursday,0,0,0
PAY0005645,INV0006125,SUP00185,DPT011,2024-12-15,4425.28,Bank Transfer,Completed,Sunday,1,0,0
PAY0005646,INV0006126,SUP00264,DPT010,2024-11-19,2393.84,Bank Transfer,Completed,Tuesday,0,0,0
PAY0005647,INV0006127,SUP00184,DPT001,2024-10-03,539.2,Bank Transfer,Completed,Thursday,0,0,0
PAY0005648,INV0006128,SUP00174,DPT010,2024-04-17,5459.32,Bank Transfer,Completed,Wednesday,0,0,0
PAY0005649,INV0006130,SUP00092,DPT002,2024-06-21,3438.89,Bank Transfer,Completed,Friday,0,0,0
PAY0005650,INV0006131,SUP00009,DPT001,2024-12-12,2396.29,Bank Transfer,Completed,Thursday,0,0,0
PAY0005651,INV0006132,SUP00268,DPT012,2025-01-12,1573.57,Card,Completed,Sunday,1,0,0
PAY0005652,INV0006133,SUP00005,DPT001,2024-08-01,3861.28,Bank Transfer,Completed,Thursday,0,0,0
PAY0005653,INV0006134,SUP00219,DPT002,2024-06-28,1663.84,Bank Transfer,Completed,Friday,0,0,0
PAY0005654,INV0006135,SUP00016,DPT007,2024-04-23,1652.47,Bank Transfer,Completed,Tuesday,0,0,0
PAY0005655,INV0006136,SUP00128,DPT008,2024-08-13,3552.8,Bank Transfer,Completed,Tuesday,0,0,0
PAY0005656,INV0006137,SUP00206,DPT002,2024-04-10,51639.37,Bank Transfer,Completed,Wednesday,0,0,0
PAY0005657,INV0006138,SUP00202,DPT008,2024-06-20,48904.52,Bank Transfer,Completed,Thursday,0,0,0
PAY0005658,INV0006139,SUP00006,DPT008,2025-01-23,23563.52,Bank Transfer,Completed,Thursday,0,0,0
PAY0005659,INV0006140,SUP00091,DPT009,2024-08-16,12618.94,Bank Transfer,Completed,Friday,0,0,0
PAY0005660,INV0006141,SUP00008,DPT008,2024-06-19,655.51,Bank Transfer,Completed,Wednesday,0,0,0
PAY0005661,INV0006142,SUP00004,DPT001,2024-08-05,125843.63,Bank Transfer,Completed,Monday,0,0,0
PAY0005662,INV0006143,SUP00034,DPT010,2024-06-28,9328.74,Bank Transfer,Completed,Friday,0,0,0
PAY0005663,INV0006144,SUP00313,DPT005,2024-11-24,1709.04,Check,Completed,Sunday,1,0,0
PAY0005664,INV0006145,SUP00310,DPT004,2024-10-10,130527.45,Bank Transfer,Completed,Thursday,0,0,0
PAY0005665,INV0006146,SUP00069,DPT001,2024-09-30,5468.75,Bank Transfer,Pending,Monday,0,0,1
PAY0005666,INV0006147,SUP00186,DPT006,2024-09-28,15415.63,Bank Transfer,Completed,Saturday,1,0,0
PAY0005667,INV0006148,SUP00009,DPT002,2024-08-15,4298.34,Bank Transfer,Completed,Thursday,0,0,0
PAY0005668,INV0006149,SUP00008,DPT005,2024-07-01,11458.76,Cash,Completed,Monday,0,1,0
PAY0005669,INV0006150,SUP00147,DPT002,2024-12-27,13297.27,Bank Transfer,Completed,Friday,0,0,0
PAY0005670,INV0006152,SUP00168,DPT001,2024-05-30,25902.75,Bank Transfer,Completed,Thursday,0,0,0
PAY0005671,INV0006153,SUP00004,DPT006,2024-06-11,7135.55,Bank Transfer,Completed,Tuesday,0,0,0
PAY0005672,INV0006154,SUP00016,DPT006,2024-11-15,7841.46,Bank Transfer,Completed,Friday,0,0,0
PAY0005673,INV0006155,SUP00002,DPT004,2024-06-02,5622.27,Bank Transfer,Completed,Sunday,1,0,0
PAY0005674,INV0006156,SUP00194,DPT011,2024-07-09,1805.69,Bank Transfer,Pending,Tuesday,0,0,1
PAY0005675,INV0006157,SUP00011,DPT005,2025-01-02,2164.15,Bank Transfer,Completed,Thursday,0,0,0
PAY0005676,INV0006158,SUP00023,DPT008,2024-10-21,4157.34,Bank Transfer,Completed,Monday,0,0,0
PAY0005677,INV0006159,SUP00072,DPT004,2024-04-26,25958.71,Bank Transfer,Completed,Friday,0,0,0
PAY0005678,INV0006160,SUP00001,DPT009,2024-09-07,10266.86,Bank Transfer,Completed,Saturday,1,0,0
PAY0005679,INV0006161,SUP00015,DPT010,2025-01-12,14639.53,Bank Transfer,Pending,Sunday,1,0,1
PAY0005680,INV0006162,SUP00160,DPT004,2024-09-03,4493.5,Bank Transfer,Completed,Tuesday,0,0,0
PAY0005681,INV0006163,SUP00010,DPT012,2024-12-12,1627.11,Check,Completed,Thursday,0,0,0
PAY0005682,INV0006164,SUP00067,DPT002,2024-11-22,2174.54,Bank Transfer,Completed,Friday,0,0,0
PAY0005683,INV0006165,SUP00307,DPT009,2024-11-21,20100.94,Bank Transfer,Completed,Thursday,0,0,0
PAY0005684,INV0006166,SUP00004,DPT005,2024-10-20,6008.77,Bank Transfer,Completed,Sunday,1,0,0
PAY0005685,INV0006167,SUP00009,DPT002,2024-04-23,14751.49,Bank Transfer,Completed,Tuesday,0,0,0
PAY0005686,INV0006168,SUP00134,DPT006,2024-06-28,4740.03,Bank Transfer,Pending,Friday,0,0,1
PAY0005687,INV0006169,SUP00084,DPT002,2024-03-02,11313.34,Card,Completed,Saturday,1,0,0
PAY0005688,INV0006170,SUP00308,DPT010,2024-08-08,14472.83,Bank Transfer,Completed,Thursday,0,0,0
PAY0005689,INV0006171,SUP00002,DPT009,2024-04-29,1966.29,Bank Transfer,Pending,Monday,0,0,1
PAY0005690,INV0006172,SUP00249,DPT006,2024-09-22,8036.9,Bank Transfer,Completed,Sunday,1,0,0
PAY0005691,INV0006173,SUP00029,DPT002,2024-10-06,6083.16,Bank Transfer,Completed,Sunday,1,0,0
PAY0005692,INV0006174,SUP00008,DPT012,2024-12-18,13920.43,Bank Transfer,Completed,Wednesday,0,0,0
PAY0005693,INV0006175,SUP00030,DPT010,2024-12-29,23172.68,Bank Transfer,Completed,Sunday,1,0,0
PAY0005694,INV0006176,SUP00021,DPT007,2024-06-22,24081.51,Bank Transfer,Completed,Saturday,1,0,0
PAY0005695,INV0006177,SUP00006,DPT003,2024-07-20,37283.63,Bank Transfer,Completed,Saturday,1,0,0
PAY0005696,INV0006178,SUP00008,DPT004,2024-08-14,48459.0,Bank Transfer,Completed,Wednesday,0,0,0
PAY0005697,INV0006180,SUP00056,DPT009,2024-11-10,83767.4,Card,Completed,Sunday,1,0,0
PAY0005698,INV0006181,SUP00003,DPT003,2024-03-21,166433.31,Check,Completed,Thursday,0,0,0
PAY0005699,INV0006183,SUP00013,DPT002,2024-06-12,3021.3,Bank Transfer,Completed,Wednesday,0,0,0
PAY0005700,INV0006184,SUP00148,DPT004,2024-07-20,9276.26,Bank Transfer,Completed,Saturday,1,0,0
PAY0005701,INV0006185,SUP00308,DPT006,2024-02-18,7779.32,Bank Transfer,Completed,Sunday,1,0,0
PAY0005702,INV0006186,SUP00001,DPT009,2024-09-21,861.37,Cash,Completed,Saturday,1,1,0
PAY0005703,INV0006187,SUP00304,DPT011,2024-11-06,2060.5,Bank Transfer,Completed,Wednesday,0,0,0
PAY0005704,INV0006188,SUP00135,DPT001,2024-10-18,7618.94,Bank Transfer,Completed,Friday,0,0,0
PAY0005705,INV0006189,SUP00262,DPT001,2024-05-08,4740.02,Bank Transfer,Completed,Wednesday,0,0,0
PAY0005706,INV0006190,SUP00047,DPT003,2025-02-03,49619.05,Bank Transfer,Completed,Monday,0,0,0
PAY0005707,INV0006191,SUP00026,DPT009,2024-09-26,58699.09,Bank Transfer,Pending,Thursday,0,0,1
PAY0005708,INV0006192,SUP00194,DPT011,2024-09-03,1424.19,Bank Transfer,Completed,Tuesday,0,0,0
PAY0005709,INV0006193,SUP00056,DPT002,2024-10-19,84438.04,Bank Transfer,Completed,Saturday,1,0,0
PAY0005710,INV0006194,SUP00260,DPT003,2024-08-22,53104.42,Bank Transfer,Completed,Thursday,0,0,0
PAY0005711,INV0006195,SUP00257,DPT011,2024-09-23,103344.86,Bank Transfer,Completed,Monday,0,0,0
PAY0005712,INV0006196,SUP00043,DPT005,2024-11-03,1533.87,Bank Transfer,Completed,Sunday,1,0,0
PAY0005713,INV0006197,SUP00069,DPT004,2024-11-28,3754.51,Bank Transfer,Completed,Thursday,0,0,0
PAY0005714,INV0006198,SUP00025,DPT002,2024-11-14,1963.96,Bank Transfer,Completed,Thursday,0,0,0
PAY0005715,INV0006199,SUP00137,DPT001,2024-12-20,11770.41,Bank Transfer,Completed,Friday,0,0,0
PAY0005716,INV0006200,SUP00133,DPT001,2024-05-26,12783.51,Bank Transfer,Completed,Sunday,1,0,0
PAY0005717,INV0006201,SUP00114,DPT007,2024-07-23,7136.66,Bank Transfer,Completed,Tuesday,0,0,0
PAY0005718,INV0006202,SUP00003,DPT008,2024-03-22,9184.16,Bank Transfer,Completed,Friday,0,0,0
PAY0005719,INV0006203,SUP00299,DPT003,2024-02-04,5113.95,Bank Transfer,Completed,Sunday,1,0,0
PAY0005720,INV0006204,SUP00014,DPT006,2024-08-07,9516.58,Bank Transfer,Completed,Wednesday,0,0,0
PAY0005721,INV0006205,SUP00009,DPT002,2024-11-23,53358.84,Bank Transfer,Completed,Saturday,1,0,0
PAY0005722,INV0006206,SUP00007,DPT001,2024-02-14,387.36,Bank Transfer,Completed,Wednesday,0,0,0
PAY0005723,INV0006207,SUP00003,DPT001,2024-11-02,6227.46,Bank Transfer,Completed,Saturday,1,0,0
PAY0005724,INV0006208,SUP00025,DPT001,2024-11-12,10316.81,Bank Transfer,Completed,Tuesday,0,0,0
PAY0005725,INV0006209,SUP00002,DPT012,2025-03-17,5370.39,Bank Transfer,Completed,Monday,0,0,0
PAY0005726,INV0006210,SUP00006,DPT002,2024-12-25,8463.76,Bank Transfer,Completed,Wednesday,0,0,0
PAY0005727,INV0006211,SUP00001,DPT002,2024-03-16,23990.51,Check,Completed,Saturday,1,0,0
PAY0005728,INV0006212,SUP00006,DPT009,2024-04-17,3269.4,Bank Transfer,Completed,Wednesday,0,0,0
PAY0005729,INV0006213,SUP00318,DPT003,2025-01-31,77038.2,Bank Transfer,Completed,Friday,0,0,0
PAY0005730,INV0006214,SUP00050,DPT002,2024-03-06,1101.27,Card,Completed,Wednesday,0,0,0
PAY0005731,INV0006215,SUP00003,DPT002,2025-05-22,11997.12,Bank Transfer,Completed,Thursday,0,0,0
PAY0005732,INV0006216,SUP00063,DPT002,2025-02-03,5832.64,Bank Transfer,Completed,Monday,0,0,0
PAY0005733,INV0006217,SUP00085,DPT001,2024-05-18,8072.27,Check,Completed,Saturday,1,0,0
PAY0005734,INV0006218,SUP00054,DPT007,2024-10-30,14272.27,Cash,Completed,Wednesday,0,1,0
PAY0005735,INV0006219,SUP00014,DPT004,2024-03-09,2924.11,Bank Transfer,Completed,Saturday,1,0,0
PAY0005736,INV0006220,SUP00118,DPT002,2024-03-31,21571.36,Bank Transfer,Completed,Sunday,1,0,0
PAY0005737,INV0006221,SUP00005,DPT009,2024-06-02,58762.67,Bank Transfer,Completed,Sunday,1,0,0
PAY0005738,INV0006222,SUP00008,DPT001,2024-05-10,4346.99,Bank Transfer,Completed,Friday,0,0,0
PAY0005739,INV0006224,SUP00021,DPT001,2024-07-07,25984.56,Bank Transfer,Completed,Sunday,1,0,0
PAY0005740,INV0006225,SUP00005,DPT001,2024-05-05,19075.2,Card,Completed,Sunday,1,0,0
PAY0005741,INV0006226,SUP00008,DPT005,2024-06-05,988.35,Card,Completed,Wednesday,0,0,0
PAY0005742,INV0006227,SUP00158,DPT002,2024-03-08,11448.66,Bank Transfer,Completed,Friday,0,0,0
PAY0005743,INV0006229,SUP00015,DPT004,2024-11-07,5442.34,Bank Transfer,Completed,Thursday,0,0,0
PAY0005744,INV0006230,SUP00013,DPT009,2024-07-08,33013.95,Bank Transfer,Completed,Monday,0,0,0
PAY0005745,INV0006231,SUP00008,DPT004,2024-05-26,100987.72,Bank Transfer,Completed,Sunday,1,0,0
PAY0005746,INV0006232,SUP00027,DPT001,2025-01-11,506.71,Bank Transfer,Completed,Saturday,1,0,0
PAY0005747,INV0006233,SUP00004,DPT003,2024-12-31,20423.37,Bank Transfer,Completed,Tuesday,0,0,0
PAY0005748,INV0006234,SUP00025,DPT004,2024-07-21,2351.42,Bank Transfer,Completed,Sunday,1,0,0
PAY0005749,INV0006235,SUP00002,DPT003,2024-06-29,5587.04,Bank Transfer,Pending,Saturday,1,0,1
PAY0005750,INV0006236,SUP00303,DPT003,2024-11-13,1607.48,Bank Transfer,Completed,Wednesday,0,0,0
PAY0005751,INV0006237,SUP00087,DPT004,2025-02-25,15986.67,Bank Transfer,Completed,Tuesday,0,0,0
PAY0005752,INV0006238,SUP00003,DPT011,2024-03-10,9057.77,Bank Transfer,Completed,Sunday,1,0,0
PAY0005753,INV0006239,SUP00007,DPT009,2024-05-29,5171.33,Bank Transfer,Completed,Wednesday,0,0,0
PAY0005754,INV0006240,SUP00165,DPT002,2025-02-09,1447.53,Bank Transfer,Completed,Sunday,1,0,0
PAY0005755,INV0006241,SUP00162,DPT009,2024-03-16,4986.61,Check,Completed,Saturday,1,0,0
PAY0005756,INV0006242,SUP00016,DPT004,2024-04-20,8714.86,Bank Transfer,Completed,Saturday,1,0,0
PAY0005757,INV0006243,SUP00005,DPT009,2024-11-11,5110.97,Bank Transfer,Completed,Monday,0,0,0
PAY0005758,INV0006244,SUP00047,DPT006,2025-01-02,3373.97,Bank Transfer,Completed,Thursday,0,0,0
PAY0005759,INV0006245,SUP00010,DPT007,2024-05-15,6224.86,Bank Transfer,Pending,Wednesday,0,0,1
PAY0005760,INV0006246,SUP00004,DPT003,2024-12-31,12965.68,Bank Transfer,Completed,Tuesday,0,0,0
PAY0005761,INV0006247,SUP00015,DPT007,2024-05-17,9762.62,Check,Completed,Friday,0,0,0
PAY0005762,INV0006249,SUP00015,DPT006,2024-06-29,5405.23,Check,Completed,Saturday,1,0,0
PAY0005763,INV0006250,SUP00002,DPT005,2024-11-15,19319.01,Bank Transfer,Completed,Friday,0,0,0
PAY0005764,INV0006251,SUP00004,DPT001,2024-10-31,1537.44,Bank Transfer,Completed,Thursday,0,0,0
PAY0005765,INV0006252,SUP00082,DPT004,2024-05-09,9493.21,Bank Transfer,Completed,Thursday,0,0,0
PAY0005766,INV0006253,SUP00039,DPT001,2024-09-09,8842.33,Bank Transfer,Completed,Monday,0,0,0
PAY0005767,INV0006254,SUP00129,DPT002,2024-02-03,90228.25,Bank Transfer,Completed,Saturday,1,0,0
PAY0005768,INV0006255,SUP00068,DPT004,2024-03-14,2761.62,Cash,Completed,Thursday,0,1,0
PAY0005769,INV0006256,SUP00029,DPT004,2024-05-24,1469.82,Bank Transfer,Completed,Friday,0,0,0
PAY0005770,INV0006257,SUP00027,DPT001,2025-03-06,2461.54,Bank Transfer,Completed,Thursday,0,0,0
PAY0005771,INV0006258,SUP00298,DPT002,2024-12-20,2941.17,Bank Transfer,Completed,Friday,0,0,0
PAY0005772,INV0006260,SUP00018,DPT012,2024-02-18,1404.84,Bank Transfer,Completed,Sunday,1,0,0
PAY0005773,INV0006261,SUP00116,DPT004,2025-01-06,8856.34,Bank Transfer,Completed,Monday,0,0,0
PAY0005774,INV0006262,SUP00001,DPT009,2024-08-15,6046.62,Card,Completed,Thursday,0,0,0
PAY0005775,INV0006264,SUP00012,DPT002,2024-05-10,12160.37,Bank Transfer,Completed,Friday,0,0,0
PAY0005776,INV0006265,SUP00176,DPT001,2024-05-05,15632.22,Bank Transfer,Completed,Sunday,1,0,0
PAY0005777,INV0006266,SUP00277,DPT003,2024-05-08,10758.05,Bank Transfer,Completed,Wednesday,0,0,0
PAY0005778,INV0006267,SUP00133,DPT011,2024-08-24,21917.87,Bank Transfer,Completed,Saturday,1,0,0
PAY0005779,INV0006268,SUP00147,DPT003,2024-09-01,1102.24,Bank Transfer,Completed,Sunday,1,0,0
PAY0005780,INV0006269,SUP00002,DPT003,2025-05-24,1135.74,Bank Transfer,Completed,Saturday,1,0,0
PAY0005781,INV0006270,SUP00279,DPT007,2024-09-26,5848.89,Bank Transfer,Completed,Thursday,0,0,0
PAY0005782,INV0006272,SUP00289,DPT006,2024-11-20,1827.63,Bank Transfer,Completed,Wednesday,0,0,0
PAY0005783,INV0006273,SUP00005,DPT003,2024-03-25,11589.61,Bank Transfer,Completed,Monday,0,0,0
PAY0005784,INV0006274,SUP00002,DPT011,2024-10-26,1342.01,Bank Transfer,Completed,Saturday,1,0,0
PAY0005785,INV0006275,SUP00063,DPT003,2025-01-30,4310.86,Bank Transfer,Completed,Thursday,0,0,0
PAY0005786,INV0006276,SUP00004,DPT003,2024-10-21,5956.87,Card,Completed,Monday,0,0,0
PAY0005787,INV0006277,SUP00001,DPT009,2024-04-02,11650.82,Check,Completed,Tuesday,0,0,0
PAY0005788,INV0006278,SUP00125,DPT011,2024-07-30,3433.93,Bank Transfer,Completed,Tuesday,0,0,0
PAY0005789,INV0006279,SUP00166,DPT011,2024-04-03,24434.36,Bank Transfer,Completed,Wednesday,0,0,0
PAY0005790,INV0006280,SUP00010,DPT005,2024-09-25,42508.3,Bank Transfer,Completed,Wednesday,0,0,0
PAY0005791,INV0006282,SUP00076,DPT002,2024-07-29,49097.19,Bank Transfer,Completed,Monday,0,0,0
PAY0005792,INV0006283,SUP00006,DPT010,2025-03-08,20326.53,Bank Transfer,Completed,Saturday,1,0,0
PAY0005793,INV0006284,SUP00024,DPT008,2025-02-16,25530.76,Bank Transfer,Completed,Sunday,1,0,0
PAY0005794,INV0006285,SUP00106,DPT004,2024-03-29,2501.53,Bank Transfer,Completed,Friday,0,0,0
PAY0005795,INV0006286,SUP00253,DPT002,2024-12-31,3063.22,Bank Transfer,Completed,Tuesday,0,0,0
PAY0005796,INV0006287,SUP00022,DPT008,2025-01-23,17750.93,Bank Transfer,Completed,Thursday,0,0,0
PAY0005797,INV0006288,SUP00143,DPT004,2024-03-08,791.88,Bank Transfer,Completed,Friday,0,0,0
PAY0005798,INV0006289,SUP00030,DPT012,2024-12-15,27675.14,Cash,Pending,Sunday,1,1,1
PAY0005799,INV0006290,SUP00148,DPT010,2024-11-13,2998.1,Bank Transfer,Completed,Wednesday,0,0,0
PAY0005800,INV0006291,SUP00196,DPT009,2024-06-17,3291.38,Bank Transfer,Completed,Monday,0,0,0
PAY0005801,INV0006292,SUP00044,DPT003,2024-09-21,14429.78,Cash,Completed,Saturday,1,1,0
PAY0005802,INV0006293,SUP00003,DPT007,2024-02-18,8242.71,Bank Transfer,Completed,Sunday,1,0,0
PAY0005803,INV0006295,SUP00085,DPT004,2024-07-02,2112.95,Bank Transfer,Completed,Tuesday,0,0,0
PAY0005804,INV0006296,SUP00085,DPT001,2024-04-18,1071.69,Bank Transfer,Completed,Thursday,0,0,0
PAY0005805,INV0006297,SUP00031,DPT008,2024-12-08,498.94,Bank Transfer,Completed,Sunday,1,0,0
PAY0005806,INV0006298,SUP00006,DPT003,2025-01-23,31485.89,Bank Transfer,Completed,Thursday,0,0,0
PAY0005807,INV0006300,SUP00047,DPT001,2024-03-18,2135.94,Bank Transfer,Completed,Monday,0,0,0
PAY0005808,INV0006301,SUP00018,DPT003,2024-10-07,14192.3,Bank Transfer,Completed,Monday,0,0,0
PAY0005809,INV0006302,SUP00005,DPT004,2024-12-20,2407.21,Bank Transfer,Completed,Friday,0,0,0
PAY0005810,INV0006303,SUP00180,DPT001,2024-12-06,2462.97,Bank Transfer,Completed,Friday,0,0,0
PAY0005811,INV0006304,SUP00025,DPT005,2024-06-17,23720.18,Bank Transfer,Completed,Monday,0,0,0
PAY0005812,INV0006305,SUP00144,DPT010,2024-10-23,97635.52,Bank Transfer,Completed,Wednesday,0,0,0
PAY0005813,INV0006306,SUP00002,DPT006,2024-05-21,7260.71,Bank Transfer,Completed,Tuesday,0,0,0
PAY0005814,INV0006308,SUP00003,DPT002,2024-11-09,7772.66,Bank Transfer,Completed,Saturday,1,0,0
PAY0005815,INV0006309,SUP00163,DPT004,2024-11-08,11964.07,Card,Pending,Friday,0,0,1
PAY0005816,INV0006310,SUP00073,DPT006,2024-06-29,8222.86,Bank Transfer,Completed,Saturday,1,0,0
PAY0005817,INV0006311,SUP00025,DPT010,2024-12-25,23642.38,Bank Transfer,Completed,Wednesday,0,0,0
PAY0005818,INV0006312,SUP00304,DPT010,2024-04-18,1883.86,Bank Transfer,Completed,Thursday,0,0,0
PAY0005819,INV0006313,SUP00013,DPT004,2024-09-28,101294.05,Bank Transfer,Completed,Saturday,1,0,0
PAY0005820,INV0006314,SUP00022,DPT002,2024-09-23,11652.48,Bank Transfer,Completed,Monday,0,0,0
PAY0005821,INV0006315,SUP00166,DPT007,2024-09-26,3066.22,Check,Completed,Thursday,0,0,0
PAY0005822,INV0006316,SUP00040,DPT011,2024-07-16,18062.05,Bank Transfer,Completed,Tuesday,0,0,0
PAY0005823,INV0006317,SUP00119,DPT011,2024-10-21,27738.4,Bank Transfer,Completed,Monday,0,0,0
PAY0005824,INV0006318,SUP00307,DPT012,2024-05-23,6520.41,Bank Transfer,Completed,Thursday,0,0,0
PAY0005825,INV0006319,SUP00141,DPT002,2024-11-06,9264.81,Bank Transfer,Completed,Wednesday,0,0,0
PAY0005826,INV0006320,SUP00005,DPT009,2024-09-28,4707.29,Bank Transfer,Completed,Saturday,1,0,0
PAY0005827,INV0006321,SUP00007,DPT001,2024-07-04,4194.19,Bank Transfer,Completed,Thursday,0,0,0
PAY0005828,INV0006322,SUP00244,DPT001,2024-08-27,26591.06,Bank Transfer,Completed,Tuesday,0,0,0
PAY0005829,INV0006323,SUP00002,DPT007,2024-05-24,2308.21,Bank Transfer,Completed,Friday,0,0,0
PAY0005830,INV0006325,SUP00265,DPT003,2024-08-13,3418.07,Bank Transfer,Completed,Tuesday,0,0,0
PAY0005831,INV0006326,SUP00188,DPT001,2024-04-21,2254.97,Bank Transfer,Completed,Sunday,1,0,0
PAY0005832,INV0006327,SUP00004,DPT001,2024-10-13,18985.89,Bank Transfer,Completed,Sunday,1,0,0
PAY0005833,INV0006328,SUP00167,DPT002,2024-09-21,13483.64,Bank Transfer,Completed,Saturday,1,0,0
PAY0005834,INV0006329,SUP00018,DPT005,2024-04-06,2805.66,Bank Transfer,Completed,Saturday,1,0,0
PAY0005835,INV0006330,SUP00262,DPT003,2024-07-28,5008.34,Bank Transfer,Pending,Sunday,1,0,1
PAY0005836,INV0006331,SUP00068,DPT005,2024-09-29,5296.08,Check,Completed,Sunday,1,0,0
PAY0005837,INV0006332,SUP00054,DPT006,2024-07-29,7815.3,Bank Transfer,Completed,Monday,0,0,0
PAY0005838,INV0006333,SUP00001,DPT001,2024-10-22,3420.45,Bank Transfer,Completed,Tuesday,0,0,0
PAY0005839,INV0006334,SUP00009,DPT009,2025-01-05,42991.2,Bank Transfer,Completed,Sunday,1,0,0
PAY0005840,INV0006335,SUP00021,DPT001,2024-10-24,1672.2,Bank Transfer,Completed,Thursday,0,0,0
PAY0005841,INV0006336,SUP00158,DPT010,2024-07-16,1047.35,Bank Transfer,Completed,Tuesday,0,0,0
PAY0005842,INV0006337,SUP00037,DPT012,2024-10-03,5270.21,Bank Transfer,Completed,Thursday,0,0,0
PAY0005843,INV0006338,SUP00233,DPT011,2024-12-24,617.05,Bank Transfer,Completed,Tuesday,0,0,0
PAY0005844,INV0006339,SUP00002,DPT005,2024-12-19,2470.0,Bank Transfer,Completed,Thursday,0,0,0
PAY0005845,INV0006340,SUP00012,DPT008,2024-06-28,2946.9,Bank Transfer,Completed,Friday,0,0,0
PAY0005846,INV0006341,SUP00083,DPT002,2024-02-11,6111.02,Bank Transfer,Completed,Sunday,1,0,0
PAY0005847,INV0006342,SUP00119,DPT011,2024-11-11,4710.51,Bank Transfer,Completed,Monday,0,0,0
PAY0005848,INV0006343,SUP00030,DPT001,2024-11-27,8016.5,Bank Transfer,Completed,Wednesday,0,0,0
PAY0005849,INV0006344,SUP00020,DPT005,2024-10-12,2405.6,Card,Completed,Saturday,1,0,0
PAY0005850,INV0006345,SUP00003,DPT004,2024-10-09,3831.91,Check,Completed,Wednesday,0,0,0
PAY0005851,INV0006346,SUP00141,DPT009,2024-02-24,11663.28,Bank Transfer,Completed,Saturday,1,0,0
PAY0005852,INV0006347,SUP00264,DPT008,2025-02-14,433.88,Bank Transfer,Completed,Friday,0,0,0
PAY0005853,INV0006348,SUP00208,DPT003,2024-08-08,9691.22,Bank Transfer,Completed,Thursday,0,0,0
PAY0005854,INV0006349,SUP00144,DPT002,2025-01-03,497.63,Bank Transfer,Pending,Friday,0,0,1
PAY0005855,INV0006350,SUP00105,DPT009,2024-11-03,6025.93,Bank Transfer,Completed,Sunday,1,0,0
PAY0005856,INV0006351,SUP00186,DPT012,2024-12-01,10671.47,Bank Transfer,Completed,Sunday,1,0,0
PAY0005857,INV0006352,SUP00189,DPT001,2024-04-27,8618.76,Bank Transfer,Completed,Saturday,1,0,0
PAY0005858,INV0006353,SUP00001,DPT008,2024-05-13,2948.31,Bank Transfer,Completed,Monday,0,0,0
PAY0005859,INV0006354,SUP00016,DPT005,2024-07-03,7924.94,Bank Transfer,Completed,Wednesday,0,0,0
PAY0005860,INV0006355,SUP00243,DPT003,2024-07-25,1990.91,Bank Transfer,Completed,Thursday,0,0,0
PAY0005861,INV0006356,SUP00232,DPT001,2024-09-24,29167.43,Bank Transfer,Completed,Tuesday,0,0,0
PAY0005862,INV0006357,SUP00149,DPT008,2024-04-03,15538.7,Cash,Completed,Wednesday,0,1,0
PAY0005863,INV0006358,SUP00011,DPT002,2024-12-05,2038.38,Bank Transfer,Completed,Thursday,0,0,0
PAY0005864,INV0006359,SUP00201,DPT010,2024-03-10,28619.9,Bank Transfer,Completed,Sunday,1,0,0
PAY0005865,INV0006360,SUP00008,DPT002,2024-10-14,7615.66,Bank Transfer,Completed,Monday,0,0,0
PAY0005866,INV0006361,SUP00008,DPT006,2024-05-22,1625.65,Bank Transfer,Completed,Wednesday,0,0,0
PAY0005867,INV0006362,SUP00047,DPT003,2024-11-15,22809.03,Bank Transfer,Completed,Friday,0,0,0
PAY0005868,INV0006363,SUP00068,DPT007,2024-05-26,38980.68,Bank Transfer,Completed,Sunday,1,0,0
PAY0005869,INV0006364,SUP00015,DPT001,2024-12-27,4450.31,Bank Transfer,Completed,Friday,0,0,0
PAY0005870,INV0006365,SUP00087,DPT003,2025-01-04,8971.65,Bank Transfer,Completed,Saturday,1,0,0
PAY0005871,INV0006367,SUP00006,DPT005,2024-02-22,11694.54,Bank Transfer,Completed,Thursday,0,0,0
PAY0005872,INV0006368,SUP00010,DPT005,2024-09-06,15216.89,Bank Transfer,Completed,Friday,0,0,0
PAY0005873,INV0006369,SUP00143,DPT001,2024-10-06,19248.55,Bank Transfer,Completed,Sunday,1,0,0
PAY0005874,INV0006370,SUP00278,DPT001,2024-02-18,716.03,Bank Transfer,Completed,Sunday,1,0,0
PAY0005875,INV0006371,SUP00252,DPT002,2024-08-30,3319.08,Bank Transfer,Completed,Friday,0,0,0
PAY0005876,INV0006372,SUP00005,DPT001,2024-01-30,18277.84,Cash,Pending,Tuesday,0,1,1
PAY0005877,INV0006373,SUP00067,DPT002,2024-04-24,2759.91,Bank Transfer,Completed,Wednesday,0,0,0
PAY0005878,INV0006374,SUP00203,DPT001,2024-08-11,8949.78,Cash,Completed,Sunday,1,1,0
PAY0005879,INV0006375,SUP00008,DPT005,2024-08-17,2064.81,Bank Transfer,Completed,Saturday,1,0,0
PAY0005880,INV0006376,SUP00110,DPT001,2024-08-31,13047.88,Bank Transfer,Completed,Saturday,1,0,0
PAY0005881,INV0006377,SUP00023,DPT004,2024-08-15,6147.37,Bank Transfer,Completed,Thursday,0,0,0
PAY0005882,INV0006378,SUP00122,DPT008,2024-06-06,12327.91,Bank Transfer,Completed,Thursday,0,0,0
PAY0005883,INV0006380,SUP00011,DPT005,2024-11-05,50342.97,Bank Transfer,Completed,Tuesday,0,0,0
PAY0005884,INV0006384,SUP00023,DPT005,2024-11-19,508.07,Bank Transfer,Completed,Tuesday,0,0,0
PAY0005885,INV0006385,SUP00050,DPT011,2024-06-05,6421.07,Bank Transfer,Completed,Wednesday,0,0,0
PAY0005886,INV0006386,SUP00001,DPT006,2025-03-08,1198.12,Bank Transfer,Completed,Saturday,1,0,0
PAY0005887,INV0006387,SUP00010,DPT011,2024-07-20,38414.84,Bank Transfer,Completed,Saturday,1,0,0
PAY0005888,INV0006388,SUP00006,DPT002,2024-10-06,1818.04,Bank Transfer,Completed,Sunday,1,0,0
PAY0005889,INV0006390,SUP00005,DPT002,2024-09-15,6131.51,Bank Transfer,Completed,Sunday,1,0,0
PAY0005890,INV0006391,SUP00101,DPT001,2024-09-13,31239.0,Bank Transfer,Completed,Friday,0,0,0
PAY0005891,INV0006392,SUP00020,DPT001,2024-04-15,25669.43,Bank Transfer,Completed,Monday,0,0,0
PAY0005892,INV0006393,SUP00010,DPT011,2024-07-22,4709.2,Card,Completed,Monday,0,0,0
PAY0005893,INV0006394,SUP00234,DPT004,2024-07-20,4192.82,Bank Transfer,Completed,Saturday,1,0,0
PAY0005894,INV0006395,SUP00122,DPT011,2024-02-19,11182.77,Check,Completed,Monday,0,0,0
PAY0005895,INV0006396,SUP00096,DPT010,2024-07-22,5563.0,Bank Transfer,Completed,Monday,0,0,0
PAY0005896,INV0006397,SUP00004,DPT008,2024-02-27,6643.92,Bank Transfer,Completed,Tuesday,0,0,0
PAY0005897,INV0006398,SUP00009,DPT011,2025-01-09,5011.93,Bank Transfer,Completed,Thursday,0,0,0
PAY0005898,INV0006399,SUP00010,DPT002,2024-12-12,12112.69,Check,Completed,Thursday,0,0,0
PAY0005899,INV0006400,SUP00023,DPT010,2024-10-31,9978.69,Bank Transfer,Completed,Thursday,0,0,0
PAY0005900,INV0006401,SUP00274,DPT007,2024-12-31,34993.29,Bank Transfer,Completed,Tuesday,0,0,0
PAY0005901,INV0006402,SUP00020,DPT006,2024-11-23,24234.65,Bank Transfer,Completed,Saturday,1,0,0
PAY0005902,INV0006404,SUP00003,DPT011,2024-03-29,5315.76,Bank Transfer,Completed,Friday,0,0,0
PAY0005903,INV0006405,SUP00018,DPT011,2025-03-10,4862.56,Bank Transfer,Completed,Monday,0,0,0
PAY0005904,INV0006406,SUP00002,DPT002,2024-07-06,16429.49,Card,Completed,Saturday,1,0,0
PAY0005905,INV0006407,SUP00016,DPT001,2024-03-08,1786.9,Bank Transfer,Completed,Friday,0,0,0
PAY0005906,INV0006408,SUP00301,DPT003,2024-11-25,26063.41,Bank Transfer,Completed,Monday,0,0,0
PAY0005907,INV0006409,SUP00059,DPT009,2024-11-27,4348.14,Bank Transfer,Completed,Wednesday,0,0,0
PAY0005908,INV0006410,SUP00007,DPT001,2024-12-20,24176.09,Bank Transfer,Completed,Friday,0,0,0
PAY0005909,INV0006411,SUP00010,DPT007,2024-01-27,110723.17,Bank Transfer,Completed,Saturday,1,0,0
PAY0005910,INV0006412,SUP00067,DPT004,2024-04-25,19676.04,Bank Transfer,Completed,Thursday,0,0,0
PAY0005911,INV0006413,SUP00001,DPT011,2024-09-24,12222.23,Bank Transfer,Pending,Tuesday,0,0,1
PAY0005912,INV0006414,SUP00261,DPT009,2024-09-30,21682.72,Bank Transfer,Completed,Monday,0,0,0
PAY0005913,INV0006415,SUP00072,DPT004,2024-11-24,4190.14,Bank Transfer,Completed,Sunday,1,0,0
PAY0005914,INV0006416,SUP00029,DPT003,2024-04-03,8152.13,Bank Transfer,Completed,Wednesday,0,0,0
PAY0005915,INV0006417,SUP00153,DPT009,2024-10-31,2790.44,Bank Transfer,Completed,Thursday,0,0,0
PAY0005916,INV0006418,SUP00007,DPT002,2024-05-16,2993.87,Bank Transfer,Pending,Thursday,0,0,1
PAY0005917,INV0006420,SUP00093,DPT011,2024-03-01,6827.41,Bank Transfer,Completed,Friday,0,0,0
PAY0005918,INV0006421,SUP00006,DPT006,2025-01-09,10062.73,Check,Completed,Thursday,0,0,0
PAY0005919,INV0006422,SUP00001,DPT011,2024-07-19,7158.01,Bank Transfer,Completed,Friday,0,0,0
PAY0005920,INV0006423,SUP00279,DPT004,2024-08-28,4264.54,Bank Transfer,Completed,Wednesday,0,0,0
PAY0005921,INV0006424,SUP00196,DPT006,2024-02-29,17591.82,Check,Completed,Thursday,0,0,0
PAY0005922,INV0006425,SUP00004,DPT011,2024-12-26,2977.18,Bank Transfer,Pending,Thursday,0,0,1
PAY0005923,INV0006426,SUP00259,DPT008,2024-06-30,8127.39,Bank Transfer,Completed,Sunday,1,0,0
PAY0005924,INV0006427,SUP00003,DPT011,2024-08-24,22403.74,Bank Transfer,Completed,Saturday,1,0,0
PAY0005925,INV0006428,SUP00204,DPT009,2024-06-27,13594.06,Bank Transfer,Completed,Thursday,0,0,0
PAY0005926,INV0006429,SUP00021,DPT001,2024-06-23,5743.02,Card,Completed,Sunday,1,0,0
PAY0005927,INV0006430,SUP00036,DPT002,2024-07-11,776.49,Bank Transfer,Completed,Thursday,0,0,0
PAY0005928,INV0006431,SUP00125,DPT008,2024-12-19,4065.3,Check,Completed,Thursday,0,0,0
PAY0005929,INV0006432,SUP00004,DPT010,2024-03-06,70856.08,Bank Transfer,Completed,Wednesday,0,0,0
PAY0005930,INV0006433,SUP00266,DPT009,2024-12-20,4436.12,Bank Transfer,Completed,Friday,0,0,0
PAY0005931,INV0006434,SUP00005,DPT003,2024-05-25,5983.55,Bank Transfer,Completed,Saturday,1,0,0
PAY0005932,INV0006435,SUP00286,DPT006,2024-03-21,7305.25,Bank Transfer,Completed,Thursday,0,0,0
PAY0005933,INV0006437,SUP00006,DPT004,2024-11-28,2754.05,Bank Transfer,Completed,Thursday,0,0,0
PAY0005934,INV0006438,SUP00002,DPT005,2025-02-21,14510.18,Bank Transfer,Completed,Friday,0,0,0
PAY0005935,INV0006439,SUP00020,DPT012,2024-02-21,9769.57,Bank Transfer,Completed,Wednesday,0,0,0
PAY0005936,INV0006440,SUP00079,DPT005,2024-06-03,819.02,Bank Transfer,Completed,Monday,0,0,0
PAY0005937,INV0006441,SUP00099,DPT002,2024-12-14,322.04,Check,Completed,Saturday,1,0,0
PAY0005938,INV0006442,SUP00219,DPT004,2024-05-16,3198.82,Bank Transfer,Completed,Thursday,0,0,0
PAY0005939,INV0006443,SUP00042,DPT002,2024-09-16,1521.14,Bank Transfer,Completed,Monday,0,0,0
PAY0005940,INV0006444,SUP00031,DPT007,2024-03-27,24360.31,Bank Transfer,Completed,Wednesday,0,0,0
PAY0005941,INV0006445,SUP00013,DPT011,2024-06-12,3785.79,Bank Transfer,Completed,Wednesday,0,0,0
PAY0005942,INV0006446,SUP00115,DPT007,2024-12-03,10428.76,Bank Transfer,Completed,Tuesday,0,0,0
PAY0005943,INV0006447,SUP00267,DPT010,2024-03-12,10543.22,Bank Transfer,Completed,Tuesday,0,0,0
PAY0005944,INV0006448,SUP00015,DPT008,2024-12-13,1905.96,Card,Completed,Friday,0,0,0
PAY0005945,INV0006449,SUP00016,DPT004,2024-05-24,3964.88,Bank Transfer,Completed,Friday,0,0,0
PAY0005946,INV0006450,SUP00014,DPT005,2025-01-24,3224.3,Bank Transfer,Completed,Friday,0,0,0
PAY0005947,INV0006451,SUP00008,DPT005,2024-07-02,17566.18,Bank Transfer,Completed,Tuesday,0,0,0
PAY0005948,INV0006452,SUP00065,DPT004,2024-09-24,4878.51,Check,Completed,Tuesday,0,0,0
PAY0005949,INV0006453,SUP00004,DPT001,2025-03-06,26042.76,Check,Completed,Thursday,0,0,0
PAY0005950,INV0006454,SUP00223,DPT007,2024-09-21,27142.82,Bank Transfer,Pending,Saturday,1,0,1
PAY0005951,INV0006455,SUP00005,DPT001,2025-04-09,5107.91,Bank Transfer,Completed,Wednesday,0,0,0
PAY0005952,INV0006456,SUP00006,DPT002,2024-11-25,3032.11,Bank Transfer,Completed,Monday,0,0,0
PAY0005953,INV0006457,SUP00003,DPT004,2024-06-30,2157.31,Bank Transfer,Completed,Sunday,1,0,0
PAY0005954,INV0006458,SUP00018,DPT012,2025-03-01,13874.6,Bank Transfer,Failed,Saturday,1,0,1
PAY0005955,INV0006459,SUP00178,DPT003,2025-01-10,5267.34,Bank Transfer,Completed,Friday,0,0,0
PAY0005956,INV0006460,SUP00267,DPT009,2024-12-24,2596.78,Bank Transfer,Completed,Tuesday,0,0,0
PAY0005957,INV0006461,SUP00023,DPT004,2024-11-29,16943.06,Bank Transfer,Completed,Friday,0,0,0
PAY0005958,INV0006462,SUP00008,DPT002,2024-03-21,16722.66,Cash,Completed,Thursday,0,1,0
PAY0005959,INV0006463,SUP00159,DPT001,2024-09-29,2007.47,Check,Completed,Sunday,1,0,0
PAY0005960,INV0006464,SUP00137,DPT001,2024-05-21,9103.6,Bank Transfer,Completed,Tuesday,0,0,0
PAY0005961,INV0006465,SUP00133,DPT004,2024-05-26,11689.03,Bank Transfer,Completed,Sunday,1,0,0
PAY0005962,INV0006466,SUP00024,DPT004,2024-12-10,42232.9,Bank Transfer,Completed,Tuesday,0,0,0
PAY0005963,INV0006467,SUP00064,DPT006,2024-10-30,5011.17,Check,Completed,Wednesday,0,0,0
PAY0005964,INV0006468,SUP00003,DPT001,2024-03-02,6110.36,Bank Transfer,Failed,Saturday,1,0,1
PAY0005965,INV0006469,SUP00009,DPT003,2025-01-23,12897.34,Check,Completed,Thursday,0,0,0
PAY0005966,INV0006470,SUP00277,DPT001,2024-10-22,25207.03,Bank Transfer,Completed,Tuesday,0,0,0
PAY0005967,INV0006471,SUP00002,DPT010,2025-02-02,9433.59,Bank Transfer,Completed,Sunday,1,0,0
PAY0005968,INV0006472,SUP00010,DPT004,2024-12-09,7703.53,Bank Transfer,Completed,Monday,0,0,0
PAY0005969,INV0006473,SUP00008,DPT005,2024-08-22,3089.63,Bank Transfer,Completed,Thursday,0,0,0
PAY0005970,INV0006474,SUP00005,DPT007,2024-06-23,4046.77,Bank Transfer,Completed,Sunday,1,0,0
PAY0005971,INV0006475,SUP00276,DPT002,2024-03-03,5074.04,Bank Transfer,Completed,Sunday,1,0,0
PAY0005972,INV0006476,SUP00005,DPT002,2024-10-26,13320.97,Check,Completed,Saturday,1,0,0
PAY0005973,INV0006477,SUP00029,DPT005,2024-07-14,10161.45,Check,Completed,Sunday,1,0,0
PAY0005974,INV0006478,SUP00226,DPT011,2024-06-26,2763.25,Bank Transfer,Completed,Wednesday,0,0,0
PAY0005975,INV0006479,SUP00001,DPT010,2024-12-18,15427.65,Bank Transfer,Pending,Wednesday,0,0,1
PAY0005976,INV0006480,SUP00004,DPT003,2024-08-05,5082.34,Bank Transfer,Completed,Monday,0,0,0
PAY0005977,INV0006481,SUP00014,DPT002,2024-05-14,5067.42,Bank Transfer,Completed,Tuesday,0,0,0
PAY0005978,INV0006483,SUP00006,DPT002,2024-08-04,16901.69,Check,Completed,Sunday,1,0,0
PAY0005979,INV0006484,SUP00079,DPT012,2024-11-16,9013.39,Bank Transfer,Pending,Saturday,1,0,1
PAY0005980,INV0006485,SUP00006,DPT001,2024-11-20,51530.67,Bank Transfer,Completed,Wednesday,0,0,0
PAY0005981,INV0006486,SUP00107,DPT002,2024-05-06,681.34,Bank Transfer,Completed,Monday,0,0,0
PAY0005982,INV0006487,SUP00271,DPT001,2025-01-13,18185.99,Bank Transfer,Completed,Monday,0,0,0
PAY0005983,INV0006488,SUP00008,DPT010,2025-01-30,1820.65,Bank Transfer,Failed,Thursday,0,0,1
PAY0005984,INV0006489,SUP00007,DPT004,2024-11-19,6039.6,Bank Transfer,Completed,Tuesday,0,0,0
PAY0005985,INV0006490,SUP00001,DPT002,2024-11-26,6107.66,Bank Transfer,Completed,Tuesday,0,0,0
PAY0005986,INV0006491,SUP00001,DPT004,2024-08-16,5690.64,Bank Transfer,Pending,Friday,0,0,1
PAY0005987,INV0006492,SUP00020,DPT001,2024-04-30,2082.22,Cash,Completed,Tuesday,0,1,0
PAY0005988,INV0006493,SUP00029,DPT001,2024-04-10,1294.75,Bank Transfer,Completed,Wednesday,0,0,0
PAY0005989,INV0006494,SUP00006,DPT011,2025-01-23,664.57,Bank Transfer,Completed,Thursday,0,0,0
PAY0005990,INV0006495,SUP00012,DPT007,2024-09-06,4855.27,Bank Transfer,Completed,Friday,0,0,0
PAY0005991,INV0006496,SUP00005,DPT006,2024-07-12,7200.76,Bank Transfer,Completed,Friday,0,0,0
PAY0005992,INV0006497,SUP00132,DPT004,2025-01-14,11704.0,Bank Transfer,Completed,Tuesday,0,0,0
PAY0005993,INV0006498,SUP00019,DPT004,2024-08-10,22969.35,Bank Transfer,Completed,Saturday,1,0,0
PAY0005994,INV0006499,SUP00164,DPT009,2024-07-07,15834.11,Bank Transfer,Completed,Sunday,1,0,0
PAY0005995,INV0006500,SUP00055,DPT001,2024-01-07,18612.72,Bank Transfer,Pending,Sunday,1,0,1
PAY0005996,INV0006501,SUP00018,DPT007,2024-04-03,1941.54,Bank Transfer,Completed,Wednesday,0,0,0
PAY0005997,INV0006502,SUP00100,DPT005,2024-07-01,21573.64,Bank Transfer,Completed,Monday,0,0,0
PAY0005998,INV0006503,SUP00001,DPT003,2024-10-01,9356.3,Bank Transfer,Completed,Tuesday,0,0,0
PAY0005999,INV0006504,SUP00138,DPT002,2024-09-24,1356.82,Bank Transfer,Completed,Tuesday,0,0,0
PAY0006000,INV0006506,SUP00034,DPT011,2024-12-20,2203.2,Bank Transfer,Completed,Friday,0,0,0
PAY0006001,INV0006507,SUP00039,DPT001,2024-11-06,1829.13,Bank Transfer,Completed,Wednesday,0,0,0
PAY0006002,INV0006508,SUP00060,DPT002,2024-12-04,36339.07,Bank Transfer,Completed,Wednesday,0,0,0
PAY0006003,INV0006509,SUP00145,DPT007,2024-09-30,8022.7,Bank Transfer,Completed,Monday,0,0,0
PAY0006004,INV0006510,SUP00004,DPT009,2024-08-26,1785.98,Card,Completed,Monday,0,0,0
PAY0006005,INV0006511,SUP00029,DPT004,2024-06-14,3277.49,Bank Transfer,Completed,Friday,0,0,0
PAY0006006,INV0006512,SUP00003,DPT011,2024-08-09,20411.12,Bank Transfer,Completed,Friday,0,0,0
PAY0006007,INV0006513,SUP00008,DPT010,2024-08-18,1534.54,Cash,Completed,Sunday,1,1,0
PAY0006008,INV0006514,SUP00007,DPT001,2025-02-27,5144.48,Bank Transfer,Completed,Thursday,0,0,0
PAY0006009,INV0006515,SUP00084,DPT002,2024-05-08,5162.68,Bank Transfer,Completed,Wednesday,0,0,0
PAY0006010,INV0006516,SUP00088,DPT001,2024-06-16,139882.34,Check,Completed,Sunday,1,0,0
PAY0006011,INV0006517,SUP00221,DPT010,2024-05-07,1154.4,Bank Transfer,Completed,Tuesday,0,0,0
PAY0006012,INV0006518,SUP00038,DPT005,2024-02-28,100067.42,Bank Transfer,Completed,Wednesday,0,0,0
PAY0006013,INV0006519,SUP00170,DPT011,2024-06-21,3166.69,Bank Transfer,Completed,Friday,0,0,0
PAY0006014,INV0006520,SUP00255,DPT008,2024-08-15,2976.85,Bank Transfer,Completed,Thursday,0,0,0
PAY0006015,INV0006521,SUP00005,DPT008,2024-07-02,6362.17,Bank Transfer,Completed,Tuesday,0,0,0
PAY0006016,INV0006522,SUP00156,DPT001,2025-01-01,3320.46,Bank Transfer,Completed,Wednesday,0,0,0
PAY0006017,INV0006523,SUP00013,DPT001,2024-03-13,15776.27,Bank Transfer,Failed,Wednesday,0,0,1
PAY0006018,INV0006524,SUP00010,DPT011,2024-09-28,6696.26,Bank Transfer,Completed,Saturday,1,0,0
PAY0006019,INV0006525,SUP00299,DPT004,2024-06-01,2016.61,Bank Transfer,Completed,Saturday,1,0,0
PAY0006020,INV0006526,SUP00007,DPT012,2024-02-19,4701.32,Bank Transfer,Completed,Monday,0,0,0
PAY0006021,INV0006527,SUP00270,DPT003,2025-01-09,4329.79,Check,Completed,Thursday,0,0,0
PAY0006022,INV0006529,SUP00249,DPT005,2024-07-25,98863.41,Bank Transfer,Completed,Thursday,0,0,0
PAY0006023,INV0006530,SUP00076,DPT001,2024-09-01,13844.73,Bank Transfer,Completed,Sunday,1,0,0
PAY0006024,INV0006531,SUP00075,DPT005,2024-08-21,2616.0,Bank Transfer,Completed,Wednesday,0,0,0
PAY0006025,INV0006532,SUP00020,DPT011,2024-10-02,8702.2,Bank Transfer,Completed,Wednesday,0,0,0
PAY0006026,INV0006533,SUP00020,DPT004,2024-11-11,1608.75,Bank Transfer,Completed,Monday,0,0,0
PAY0006027,INV0006534,SUP00232,DPT004,2024-04-29,12933.51,Bank Transfer,Completed,Monday,0,0,0
PAY0006028,INV0006535,SUP00019,DPT007,2024-09-16,25203.06,Bank Transfer,Completed,Monday,0,0,0
PAY0006029,INV0006536,SUP00028,DPT009,2024-12-12,548.65,Bank Transfer,Pending,Thursday,0,0,1
PAY0006030,INV0006538,SUP00015,DPT004,2025-01-09,5474.73,Bank Transfer,Completed,Thursday,0,0,0
PAY0006031,INV0006540,SUP00010,DPT004,2024-03-19,3114.83,Bank Transfer,Completed,Tuesday,0,0,0
PAY0006032,INV0006541,SUP00001,DPT012,2024-10-26,3055.11,Bank Transfer,Completed,Saturday,1,0,0
PAY0006033,INV0006542,SUP00081,DPT011,2024-10-13,7643.1,Bank Transfer,Completed,Sunday,1,0,0
PAY0006034,INV0006543,SUP00028,DPT006,2024-09-04,12286.6,Bank Transfer,Completed,Wednesday,0,0,0
PAY0006035,INV0006544,SUP00195,DPT003,2024-09-24,7849.65,Bank Transfer,Completed,Tuesday,0,0,0
PAY0006036,INV0006545,SUP00001,DPT011,2024-08-12,16761.3,Check,Completed,Monday,0,0,0
PAY0006037,INV0006546,SUP00003,DPT002,2024-08-27,13489.7,Bank Transfer,Completed,Tuesday,0,0,0
PAY0006038,INV0006547,SUP00238,DPT001,2024-05-18,3339.43,Bank Transfer,Completed,Saturday,1,0,0
PAY0006039,INV0006548,SUP00028,DPT004,2024-11-19,6340.91,Bank Transfer,Completed,Tuesday,0,0,0
PAY0006040,INV0006549,SUP00030,DPT007,2024-08-14,11340.04,Bank Transfer,Completed,Wednesday,0,0,0
PAY0006041,INV0006550,SUP00008,DPT001,2024-03-09,2474.59,Bank Transfer,Completed,Saturday,1,0,0
PAY0006042,INV0006551,SUP00277,DPT003,2024-04-30,2864.69,Bank Transfer,Completed,Tuesday,0,0,0
PAY0006043,INV0006552,SUP00270,DPT009,2024-07-05,1160.68,Bank Transfer,Completed,Friday,0,0,0
PAY0006044,INV0006553,SUP00035,DPT006,2025-02-22,23880.16,Bank Transfer,Completed,Saturday,1,0,0
PAY0006045,INV0006554,SUP00008,DPT001,2024-12-24,76727.92,Bank Transfer,Completed,Tuesday,0,0,0
PAY0006046,INV0006555,SUP00310,DPT002,2024-06-01,2797.2,Card,Completed,Saturday,1,0,0
PAY0006047,INV0006556,SUP00257,DPT008,2024-04-19,12240.11,Bank Transfer,Completed,Friday,0,0,0
PAY0006048,INV0006557,SUP00038,DPT001,2024-08-23,25675.68,Bank Transfer,Completed,Friday,0,0,0
PAY0006049,INV0006558,SUP00100,DPT001,2024-12-11,1624.31,Bank Transfer,Completed,Wednesday,0,0,0
PAY0006050,INV0006559,SUP00024,DPT012,2024-07-19,9108.34,Bank Transfer,Completed,Friday,0,0,0
PAY0006051,INV0006561,SUP00133,DPT004,2024-10-24,25121.62,Bank Transfer,Completed,Thursday,0,0,0
PAY0006052,INV0006562,SUP00125,DPT006,2024-01-02,5769.31,Bank Transfer,Completed,Tuesday,0,0,0
PAY0006053,INV0006563,SUP00053,DPT007,2024-08-01,30222.86,Bank Transfer,Pending,Thursday,0,0,1
PAY0006054,INV0006564,SUP00211,DPT004,2024-04-18,3910.03,Bank Transfer,Completed,Thursday,0,0,0
PAY0006055,INV0006565,SUP00025,DPT006,2025-02-14,3213.18,Check,Completed,Friday,0,0,0
PAY0006056,INV0006566,SUP00238,DPT007,2024-02-21,4991.73,Bank Transfer,Completed,Wednesday,0,0,0
PAY0006057,INV0006567,SUP00008,DPT002,2024-03-17,51864.86,Bank Transfer,Pending,Sunday,1,0,1
PAY0006058,INV0006568,SUP00298,DPT004,2024-11-12,15510.78,Bank Transfer,Completed,Tuesday,0,0,0
PAY0006059,INV0006569,SUP00007,DPT003,2024-04-03,11326.07,Bank Transfer,Completed,Wednesday,0,0,0
PAY0006060,INV0006570,SUP00006,DPT009,2024-06-23,11222.13,Bank Transfer,Completed,Sunday,1,0,0
PAY0006061,INV0006571,SUP00087,DPT008,2024-09-22,1760.5,Bank Transfer,Pending,Sunday,1,0,1
PAY0006062,INV0006572,SUP00004,DPT009,2024-10-18,11897.98,Bank Transfer,Completed,Friday,0,0,0
PAY0006063,INV0006573,SUP00006,DPT004,2025-02-28,3878.47,Bank Transfer,Completed,Friday,0,0,0
PAY0006064,INV0006574,SUP00161,DPT005,2025-03-30,5083.37,Bank Transfer,Completed,Sunday,1,0,0
PAY0006065,INV0006575,SUP00011,DPT007,2024-10-31,4908.38,Bank Transfer,Completed,Thursday,0,0,0
PAY0006066,INV0006576,SUP00203,DPT003,2024-12-20,19160.0,Bank Transfer,Completed,Friday,0,0,0
PAY0006067,INV0006577,SUP00006,DPT012,2024-12-30,53320.18,Bank Transfer,Completed,Monday,0,0,0
PAY0006068,INV0006578,SUP00018,DPT003,2024-12-20,2274.27,Bank Transfer,Completed,Friday,0,0,0
PAY0006069,INV0006579,SUP00018,DPT005,2024-11-14,22051.9,Bank Transfer,Completed,Thursday,0,0,0
PAY0006070,INV0006580,SUP00028,DPT009,2024-11-20,5397.26,Bank Transfer,Completed,Wednesday,0,0,0
PAY0006071,INV0006581,SUP00021,DPT008,2025-02-13,15886.49,Cash,Pending,Thursday,0,1,1
PAY0006072,INV0006582,SUP00019,DPT004,2024-04-12,9608.68,Bank Transfer,Completed,Friday,0,0,0
PAY0006073,INV0006583,SUP00013,DPT004,2024-06-09,3319.28,Bank Transfer,Completed,Sunday,1,0,0
PAY0006074,INV0006584,SUP00001,DPT006,2024-06-19,3324.98,Bank Transfer,Completed,Wednesday,0,0,0
PAY0006075,INV0006585,SUP00094,DPT004,2024-10-25,5291.45,Cash,Completed,Friday,0,1,0
PAY0006076,INV0006586,SUP00027,DPT006,2024-05-25,10354.74,Check,Completed,Saturday,1,0,0
PAY0006077,INV0006587,SUP00017,DPT009,2024-08-16,12340.41,Bank Transfer,Completed,Friday,0,0,0
PAY0006078,INV0006588,SUP00007,DPT001,2025-02-01,213813.46,Check,Completed,Saturday,1,0,0
PAY0006079,INV0006589,SUP00256,DPT007,2024-11-02,12747.72,Bank Transfer,Completed,Saturday,1,0,0
PAY0006080,INV0006590,SUP00008,DPT001,2024-11-29,1551.99,Bank Transfer,Completed,Friday,0,0,0
PAY0006081,INV0006591,SUP00274,DPT008,2024-05-13,28341.5,Bank Transfer,Pending,Monday,0,0,1
PAY0006082,INV0006592,SUP00008,DPT002,2024-05-26,13378.62,Bank Transfer,Completed,Sunday,1,0,0
PAY0006083,INV0006593,SUP00304,DPT004,2024-11-26,5694.57,Bank Transfer,Completed,Tuesday,0,0,0
PAY0006084,INV0006594,SUP00022,DPT002,2024-07-07,1939.64,Bank Transfer,Completed,Sunday,1,0,0
PAY0006085,INV0006595,SUP00045,DPT003,2024-10-14,4936.2,Bank Transfer,Completed,Monday,0,0,0
PAY0006086,INV0006596,SUP00010,DPT006,2024-04-30,26042.53,Bank Transfer,Completed,Tuesday,0,0,0
PAY0006087,INV0006597,SUP00285,DPT004,2024-04-06,12037.04,Bank Transfer,Completed,Saturday,1,0,0
PAY0006088,INV0006599,SUP00161,DPT012,2024-12-21,31128.32,Check,Completed,Saturday,1,0,0
PAY0006089,INV0006600,SUP00001,DPT001,2024-02-17,8715.8,Bank Transfer,Completed,Saturday,1,0,0
PAY0006090,INV0006601,SUP00060,DPT003,2024-03-08,184.44,Bank Transfer,Completed,Friday,0,0,0
PAY0006091,INV0006602,SUP00168,DPT005,2024-12-14,2441.6,Bank Transfer,Completed,Saturday,1,0,0
PAY0006092,INV0006603,SUP00027,DPT009,2024-09-16,1174.87,Bank Transfer,Completed,Monday,0,0,0
PAY0006093,INV0006604,SUP00110,DPT003,2024-08-29,35012.56,Bank Transfer,Completed,Thursday,0,0,0
PAY0006094,INV0006605,SUP00184,DPT004,2024-10-17,12456.36,Bank Transfer,Completed,Thursday,0,0,0
PAY0006095,INV0006606,SUP00030,DPT009,2024-10-23,5371.58,Bank Transfer,Completed,Wednesday,0,0,0
PAY0006096,INV0006607,SUP00008,DPT005,2025-01-07,3657.37,Bank Transfer,Completed,Tuesday,0,0,0
PAY0006097,INV0006608,SUP00020,DPT010,2024-02-29,24027.12,Bank Transfer,Completed,Thursday,0,0,0
PAY0006098,INV0006609,SUP00162,DPT001,2024-10-20,2441.68,Bank Transfer,Completed,Sunday,1,0,0
PAY0006099,INV0006611,SUP00103,DPT005,2024-06-13,1405.9,Bank Transfer,Completed,Thursday,0,0,0
PAY0006100,INV0006612,SUP00005,DPT001,2024-08-11,7621.1,Bank Transfer,Completed,Sunday,1,0,0
PAY0006101,INV0006613,SUP00279,DPT004,2024-07-13,2662.86,Bank Transfer,Completed,Saturday,1,0,0
PAY0006102,INV0006614,SUP00086,DPT001,2024-04-01,21453.81,Bank Transfer,Completed,Monday,0,0,0
PAY0006103,INV0006615,SUP00027,DPT004,2024-09-06,6465.59,Check,Completed,Friday,0,0,0
PAY0006104,INV0006616,SUP00209,DPT011,2024-02-05,1349.99,Bank Transfer,Completed,Monday,0,0,0
PAY0006105,INV0006617,SUP00201,DPT011,2024-10-11,5056.24,Bank Transfer,Completed,Friday,0,0,0
PAY0006106,INV0006618,SUP00004,DPT003,2024-09-25,2178.47,Bank Transfer,Completed,Wednesday,0,0,0
PAY0006107,INV0006619,SUP00011,DPT001,2024-04-02,5697.97,Bank Transfer,Completed,Tuesday,0,0,0
PAY0006108,INV0006620,SUP00026,DPT011,2024-10-02,22979.43,Bank Transfer,Completed,Wednesday,0,0,0
PAY0006109,INV0006621,SUP00014,DPT005,2024-06-13,5490.29,Bank Transfer,Completed,Thursday,0,0,0
PAY0006110,INV0006622,SUP00012,DPT005,2024-09-08,2955.41,Bank Transfer,Completed,Sunday,1,0,0
PAY0006111,INV0006623,SUP00015,DPT009,2024-04-16,10757.79,Check,Completed,Tuesday,0,0,0
PAY0006112,INV0006625,SUP00004,DPT004,2024-09-02,12042.85,Bank Transfer,Completed,Monday,0,0,0
PAY0006113,INV0006626,SUP00009,DPT010,2025-02-18,9267.59,Bank Transfer,Completed,Tuesday,0,0,0
PAY0006114,INV0006627,SUP00003,DPT004,2024-03-28,1925.77,Bank Transfer,Completed,Thursday,0,0,0
PAY0006115,INV0006629,SUP00006,DPT011,2024-03-25,4180.35,Bank Transfer,Completed,Monday,0,0,0
PAY0006116,INV0006631,SUP00224,DPT010,2024-05-03,46612.78,Check,Completed,Friday,0,0,0
PAY0006117,INV0006632,SUP00077,DPT003,2024-04-28,1766.87,Bank Transfer,Completed,Sunday,1,0,0
PAY0006118,INV0006634,SUP00311,DPT003,2024-12-27,19238.39,Bank Transfer,Completed,Friday,0,0,0
PAY0006119,INV0006636,SUP00200,DPT008,2025-03-10,5118.28,Bank Transfer,Completed,Monday,0,0,0
PAY0006120,INV0006637,SUP00006,DPT011,2024-06-22,13373.94,Bank Transfer,Completed,Saturday,1,0,0
PAY0006121,INV0006638,SUP00143,DPT008,2025-01-20,26183.54,Check,Completed,Monday,0,0,0
PAY0006122,INV0006639,SUP00055,DPT008,2024-04-14,20237.81,Bank Transfer,Completed,Sunday,1,0,0
PAY0006123,INV0006640,SUP00130,DPT012,2024-11-01,2824.15,Bank Transfer,Completed,Friday,0,0,0
PAY0006124,INV0006641,SUP00004,DPT005,2024-09-28,10642.13,Check,Completed,Saturday,1,0,0
PAY0006125,INV0006642,SUP00283,DPT010,2024-11-26,23119.45,Bank Transfer,Completed,Tuesday,0,0,0
PAY0006126,INV0006643,SUP00022,DPT001,2024-10-05,4542.99,Bank Transfer,Completed,Saturday,1,0,0
PAY0006127,INV0006644,SUP00188,DPT002,2024-04-09,9599.42,Bank Transfer,Completed,Tuesday,0,0,0
PAY0006128,INV0006645,SUP00315,DPT003,2025-03-09,3192.5,Card,Completed,Sunday,1,0,0
PAY0006129,INV0006646,SUP00246,DPT011,2024-06-29,2130.29,Bank Transfer,Completed,Saturday,1,0,0
PAY0006130,INV0006647,SUP00011,DPT002,2025-01-25,10065.5,Bank Transfer,Completed,Saturday,1,0,0
PAY0006131,INV0006648,SUP00020,DPT003,2024-03-30,18071.9,Bank Transfer,Completed,Saturday,1,0,0
PAY0006132,INV0006649,SUP00113,DPT001,2025-01-09,14788.67,Bank Transfer,Completed,Thursday,0,0,0
PAY0006133,INV0006650,SUP00048,DPT001,2024-06-14,1342.31,Bank Transfer,Completed,Friday,0,0,0
PAY0006134,INV0006651,SUP00021,DPT005,2025-03-17,28528.29,Bank Transfer,Completed,Monday,0,0,0
PAY0006135,INV0006652,SUP00116,DPT001,2024-12-03,12128.05,Check,Completed,Tuesday,0,0,0
PAY0006136,INV0006653,SUP00267,DPT010,2025-01-08,23284.58,Bank Transfer,Completed,Wednesday,0,0,0
PAY0006137,INV0006654,SUP00011,DPT010,2024-04-13,2204.05,Bank Transfer,Completed,Saturday,1,0,0
PAY0006138,INV0006655,SUP00005,DPT006,2024-12-30,16658.28,Bank Transfer,Completed,Monday,0,0,0
PAY0006139,INV0006656,SUP00129,DPT004,2024-11-23,13391.93,Bank Transfer,Completed,Saturday,1,0,0
PAY0006140,INV0006657,SUP00078,DPT010,2025-01-27,1489.03,Bank Transfer,Completed,Monday,0,0,0
PAY0006141,INV0006658,SUP00265,DPT004,2024-11-21,10925.53,Bank Transfer,Completed,Thursday,0,0,0
PAY0006142,INV0006659,SUP00169,DPT002,2024-04-25,1920.59,Bank Transfer,Completed,Thursday,0,0,0
PAY0006143,INV0006660,SUP00020,DPT003,2025-02-14,6650.01,Bank Transfer,Completed,Friday,0,0,0
PAY0006144,INV0006661,SUP00104,DPT003,2024-04-18,93317.06,Bank Transfer,Completed,Thursday,0,0,0
PAY0006145,INV0006662,SUP00239,DPT005,2025-02-08,8870.16,Bank Transfer,Completed,Saturday,1,0,0
PAY0006146,INV0006663,SUP00015,DPT004,2024-11-11,5663.69,Bank Transfer,Completed,Monday,0,0,0
PAY0006147,INV0006664,SUP00001,DPT009,2024-11-30,1176.26,Bank Transfer,Completed,Saturday,1,0,0
PAY0006148,INV0006665,SUP00100,DPT006,2024-10-02,9175.19,Check,Completed,Wednesday,0,0,0
PAY0006149,INV0006666,SUP00001,DPT002,2024-09-21,5452.1,Bank Transfer,Completed,Saturday,1,0,0
PAY0006150,INV0006667,SUP00284,DPT004,2024-09-15,624.58,Bank Transfer,Completed,Sunday,1,0,0
PAY0006151,INV0006670,SUP00289,DPT001,2024-04-17,5001.48,Bank Transfer,Completed,Wednesday,0,0,0
PAY0006152,INV0006671,SUP00003,DPT007,2025-01-03,7124.22,Bank Transfer,Completed,Friday,0,0,0
PAY0006153,INV0006672,SUP00001,DPT004,2024-10-26,21333.86,Bank Transfer,Completed,Saturday,1,0,0
PAY0006154,INV0006673,SUP00004,DPT001,2024-10-14,6650.98,Bank Transfer,Completed,Monday,0,0,0
PAY0006155,INV0006674,SUP00312,DPT004,2025-02-01,2785.32,Bank Transfer,Completed,Saturday,1,0,0
PAY0006156,INV0006675,SUP00304,DPT005,2024-12-24,81624.79,Bank Transfer,Completed,Tuesday,0,0,0
PAY0006157,INV0006676,SUP00018,DPT001,2024-10-13,1243.8,Bank Transfer,Completed,Sunday,1,0,0
PAY0006158,INV0006677,SUP00169,DPT009,2024-03-16,10799.33,Bank Transfer,Pending,Saturday,1,0,1
PAY0006159,INV0006678,SUP00165,DPT004,2024-06-18,3030.63,Bank Transfer,Completed,Tuesday,0,0,0
PAY0006160,INV0006679,SUP00004,DPT001,2024-09-07,5165.04,Bank Transfer,Completed,Saturday,1,0,0
PAY0006161,INV0006680,SUP00008,DPT010,2024-05-25,39688.28,Bank Transfer,Completed,Saturday,1,0,0
PAY0006162,INV0006681,SUP00255,DPT005,2024-05-15,6943.63,Check,Completed,Wednesday,0,0,0
PAY0006163,INV0006682,SUP00006,DPT012,2024-03-21,4486.58,Bank Transfer,Completed,Thursday,0,0,0
PAY0006164,INV0006683,SUP00038,DPT003,2024-05-23,3427.72,Bank Transfer,Completed,Thursday,0,0,0
PAY0006165,INV0006684,SUP00009,DPT004,2024-09-20,12213.45,Bank Transfer,Completed,Friday,0,0,0
PAY0006166,INV0006685,SUP00059,DPT007,2024-11-17,2160.14,Bank Transfer,Completed,Sunday,1,0,0
PAY0006167,INV0006686,SUP00007,DPT011,2024-10-24,7146.6,Bank Transfer,Completed,Thursday,0,0,0
PAY0006168,INV0006687,SUP00008,DPT009,2024-10-22,5418.96,Bank Transfer,Completed,Tuesday,0,0,0
PAY0006169,INV0006688,SUP00002,DPT006,2024-04-27,2588.06,Bank Transfer,Completed,Saturday,1,0,0
PAY0006170,INV0006689,SUP00315,DPT009,2024-11-05,1286.72,Check,Completed,Tuesday,0,0,0
PAY0006171,INV0006690,SUP00004,DPT001,2024-08-03,6700.23,Cash,Completed,Saturday,1,1,0
PAY0006172,INV0006691,SUP00021,DPT008,2024-04-22,4240.52,Bank Transfer,Completed,Monday,0,0,0
PAY0006173,INV0006692,SUP00022,DPT005,2024-10-07,8310.0,Bank Transfer,Completed,Monday,0,0,0
PAY0006174,INV0006694,SUP00199,DPT002,2024-12-29,3888.34,Bank Transfer,Completed,Sunday,1,0,0
PAY0006175,INV0006695,SUP00014,DPT003,2024-11-21,17498.84,Bank Transfer,Completed,Thursday,0,0,0
PAY0006176,INV0006696,SUP00100,DPT001,2024-04-14,964.84,Bank Transfer,Completed,Sunday,1,0,0
PAY0006177,INV0006697,SUP00051,DPT003,2024-08-15,55251.77,Bank Transfer,Completed,Thursday,0,0,0
PAY0006178,INV0006698,SUP00240,DPT001,2024-08-13,9663.04,Bank Transfer,Completed,Tuesday,0,0,0
PAY0006179,INV0006699,SUP00214,DPT007,2024-06-22,5434.29,Bank Transfer,Completed,Saturday,1,0,0
PAY0006180,INV0006701,SUP00173,DPT001,2024-09-01,15115.83,Bank Transfer,Completed,Sunday,1,0,0
PAY0006181,INV0006702,SUP00198,DPT007,2024-06-22,32888.31,Card,Completed,Saturday,1,0,0
PAY0006182,INV0006703,SUP00273,DPT002,2024-05-26,7843.45,Check,Completed,Sunday,1,0,0
PAY0006183,INV0006704,SUP00299,DPT004,2024-05-25,6906.54,Bank Transfer,Completed,Saturday,1,0,0
PAY0006184,INV0006705,SUP00165,DPT011,2024-11-12,20876.94,Bank Transfer,Completed,Tuesday,0,0,0
PAY0006185,INV0006706,SUP00025,DPT008,2024-03-24,10021.74,Check,Completed,Sunday,1,0,0
PAY0006186,INV0006707,SUP00010,DPT005,2024-08-06,2983.08,Bank Transfer,Completed,Tuesday,0,0,0
PAY0006187,INV0006709,SUP00271,DPT001,2025-01-04,12480.06,Bank Transfer,Completed,Saturday,1,0,0
PAY0006188,INV0006710,SUP00004,DPT004,2024-07-30,6928.96,Check,Completed,Tuesday,0,0,0
PAY0006189,INV0006711,SUP00058,DPT003,2025-01-01,1362.17,Bank Transfer,Completed,Wednesday,0,0,0
PAY0006190,INV0006712,SUP00005,DPT004,2024-01-26,32960.59,Bank Transfer,Completed,Friday,0,0,0
PAY0006191,INV0006713,SUP00009,DPT011,2024-10-17,7824.65,Bank Transfer,Completed,Thursday,0,0,0
PAY0006192,INV0006714,SUP00018,DPT009,2025-03-14,4089.1,Bank Transfer,Completed,Friday,0,0,0
PAY0006193,INV0006715,SUP00011,DPT006,2024-03-30,13496.95,Bank Transfer,Completed,Saturday,1,0,0
PAY0006194,INV0006717,SUP00003,DPT008,2024-12-02,1094.91,Bank Transfer,Completed,Monday,0,0,0
PAY0006195,INV0006718,SUP00093,DPT004,2025-01-07,6531.48,Bank Transfer,Completed,Tuesday,0,0,0
PAY0006196,INV0006720,SUP00195,DPT006,2024-03-22,4773.5,Bank Transfer,Completed,Friday,0,0,0
PAY0006197,INV0006721,SUP00004,DPT008,2024-03-09,5069.93,Bank Transfer,Completed,Saturday,1,0,0
PAY0006198,INV0006722,SUP00013,DPT001,2024-06-15,5215.0,Bank Transfer,Completed,Saturday,1,0,0
PAY0006199,INV0006723,SUP00142,DPT005,2024-10-10,5760.57,Bank Transfer,Completed,Thursday,0,0,0
PAY0006200,INV0006724,SUP00150,DPT003,2024-06-03,7351.96,Bank Transfer,Completed,Monday,0,0,0
PAY0006201,INV0006725,SUP00025,DPT001,2024-02-04,16226.96,Cash,Completed,Sunday,1,1,0
PAY0006202,INV0006727,SUP00300,DPT011,2024-12-19,67449.3,Bank Transfer,Completed,Thursday,0,0,0
PAY0006203,INV0006728,SUP00013,DPT008,2024-11-04,48756.08,Bank Transfer,Completed,Monday,0,0,0
PAY0006204,INV0006729,SUP00005,DPT001,2024-12-05,2297.57,Bank Transfer,Completed,Thursday,0,0,0
PAY0006205,INV0006730,SUP00293,DPT001,2024-09-12,19491.49,Bank Transfer,Completed,Thursday,0,0,0
PAY0006206,INV0006731,SUP00208,DPT003,2024-07-06,14842.12,Cash,Completed,Saturday,1,1,0
PAY0006207,INV0006732,SUP00008,DPT002,2024-04-10,819.74,Bank Transfer,Completed,Wednesday,0,0,0
PAY0006208,INV0006733,SUP00236,DPT001,2025-02-06,9001.98,Bank Transfer,Completed,Thursday,0,0,0
PAY0006209,INV0006734,SUP00009,DPT001,2024-02-13,2410.69,Bank Transfer,Completed,Tuesday,0,0,0
PAY0006210,INV0006735,SUP00219,DPT003,2024-10-05,6002.46,Bank Transfer,Completed,Saturday,1,0,0
PAY0006211,INV0006736,SUP00101,DPT002,2024-10-29,6411.59,Bank Transfer,Completed,Tuesday,0,0,0
PAY0006212,INV0006737,SUP00028,DPT002,2024-01-20,824.37,Card,Completed,Saturday,1,0,0
PAY0006213,INV0006738,SUP00278,DPT010,2025-01-29,102109.58,Bank Transfer,Completed,Wednesday,0,0,0
PAY0006214,INV0006739,SUP00208,DPT012,2025-01-17,3398.93,Bank Transfer,Completed,Friday,0,0,0
PAY0006215,INV0006740,SUP00005,DPT009,2024-10-01,32655.08,Bank Transfer,Completed,Tuesday,0,0,0
PAY0006216,INV0006741,SUP00147,DPT002,2025-02-06,1002.81,Check,Completed,Thursday,0,0,0
PAY0006217,INV0006742,SUP00196,DPT002,2024-06-19,3080.61,Card,Completed,Wednesday,0,0,0
PAY0006218,INV0006743,SUP00050,DPT005,2025-01-07,101625.11,Bank Transfer,Completed,Tuesday,0,0,0
PAY0006219,INV0006744,SUP00010,DPT009,2024-07-15,4748.38,Bank Transfer,Completed,Monday,0,0,0
PAY0006220,INV0006745,SUP00008,DPT006,2024-11-30,15544.6,Bank Transfer,Completed,Saturday,1,0,0
PAY0006221,INV0006746,SUP00305,DPT009,2024-08-16,12672.18,Bank Transfer,Completed,Friday,0,0,0
PAY0006222,INV0006747,SUP00023,DPT004,2024-12-25,2441.35,Bank Transfer,Completed,Wednesday,0,0,0
PAY0006223,INV0006748,SUP00037,DPT012,2024-12-07,25484.19,Check,Completed,Saturday,1,0,0
PAY0006224,INV0006749,SUP00083,DPT009,2024-11-17,12454.37,Card,Completed,Sunday,1,0,0
PAY0006225,INV0006750,SUP00004,DPT001,2024-07-11,10006.6,Bank Transfer,Completed,Thursday,0,0,0
PAY0006226,INV0006751,SUP00003,DPT003,2025-02-07,7043.59,Bank Transfer,Completed,Friday,0,0,0
PAY0006227,INV0006752,SUP00007,DPT005,2024-10-06,13035.11,Check,Completed,Sunday,1,0,0
PAY0006228,INV0006753,SUP00003,DPT002,2024-07-09,5713.75,Bank Transfer,Completed,Tuesday,0,0,0
PAY0006229,INV0006754,SUP00261,DPT004,2024-05-08,6381.79,Bank Transfer,Completed,Wednesday,0,0,0
PAY0006230,INV0006755,SUP00005,DPT006,2024-11-12,10911.38,Bank Transfer,Completed,Tuesday,0,0,0
PAY0006231,INV0006756,SUP00008,DPT005,2024-01-26,940.96,Bank Transfer,Completed,Friday,0,0,0
PAY0006232,INV0006757,SUP00048,DPT010,2025-02-08,5017.57,Bank Transfer,Completed,Saturday,1,0,0
PAY0006233,INV0006758,SUP00259,DPT002,2024-10-26,4054.44,Bank Transfer,Completed,Saturday,1,0,0
PAY0006234,INV0006759,SUP00002,DPT011,2024-11-07,14681.68,Card,Completed,Thursday,0,0,0
PAY0006235,INV0006760,SUP00008,DPT003,2025-01-28,3271.79,Bank Transfer,Completed,Tuesday,0,0,0
PAY0006236,INV0006761,SUP00154,DPT011,2024-06-06,10185.07,Bank Transfer,Completed,Thursday,0,0,0
PAY0006237,INV0006762,SUP00037,DPT002,2025-01-22,3189.97,Check,Pending,Wednesday,0,0,1
PAY0006238,INV0006763,SUP00081,DPT004,2024-03-10,1720.12,Bank Transfer,Completed,Sunday,1,0,0
PAY0006239,INV0006764,SUP00001,DPT011,2025-01-01,25381.56,Check,Completed,Wednesday,0,0,0
PAY0006240,INV0006765,SUP00242,DPT003,2024-06-07,12254.9,Bank Transfer,Completed,Friday,0,0,0
PAY0006241,INV0006767,SUP00223,DPT004,2024-06-15,4791.65,Bank Transfer,Completed,Saturday,1,0,0
PAY0006242,INV0006768,SUP00299,DPT004,2024-07-03,4996.43,Bank Transfer,Completed,Wednesday,0,0,0
PAY0006243,INV0006769,SUP00162,DPT007,2024-05-14,10448.02,Bank Transfer,Completed,Tuesday,0,0,0
PAY0006244,INV0006770,SUP00002,DPT002,2025-04-03,3305.44,Bank Transfer,Pending,Thursday,0,0,1
PAY0006245,INV0006771,SUP00150,DPT006,2024-08-17,47568.97,Card,Completed,Saturday,1,0,0
PAY0006246,INV0006772,SUP00063,DPT002,2024-09-10,8188.94,Bank Transfer,Completed,Tuesday,0,0,0
PAY0006247,INV0006773,SUP00004,DPT007,2024-06-20,4396.93,Bank Transfer,Completed,Thursday,0,0,0
PAY0006248,INV0006774,SUP00009,DPT006,2024-11-03,3749.17,Bank Transfer,Completed,Sunday,1,0,0
PAY0006249,INV0006775,SUP00006,DPT002,2024-06-15,1542.18,Bank Transfer,Completed,Saturday,1,0,0
PAY0006250,INV0006776,SUP00276,DPT001,2024-09-12,13758.87,Bank Transfer,Completed,Thursday,0,0,0
PAY0006251,INV0006777,SUP00200,DPT006,2024-08-03,2508.2,Bank Transfer,Completed,Saturday,1,0,0
PAY0006252,INV0006778,SUP00144,DPT001,2025-02-13,5284.35,Bank Transfer,Completed,Thursday,0,0,0
PAY0006253,INV0006779,SUP00181,DPT006,2024-07-13,110489.62,Bank Transfer,Completed,Saturday,1,0,0
PAY0006254,INV0006780,SUP00085,DPT012,2024-10-16,781.95,Bank Transfer,Completed,Wednesday,0,0,0
PAY0006255,INV0006781,SUP00235,DPT001,2024-04-13,5278.23,Bank Transfer,Completed,Saturday,1,0,0
PAY0006256,INV0006783,SUP00009,DPT011,2024-08-20,3254.75,Bank Transfer,Completed,Tuesday,0,0,0
PAY0006257,INV0006784,SUP00080,DPT011,2024-11-16,5182.54,Bank Transfer,Completed,Saturday,1,0,0
PAY0006258,INV0006785,SUP00208,DPT001,2024-08-02,1347.47,Cash,Completed,Friday,0,1,0
PAY0006259,INV0006786,SUP00224,DPT009,2024-05-22,9707.42,Bank Transfer,Completed,Wednesday,0,0,0
PAY0006260,INV0006787,SUP00306,DPT002,2024-12-17,32176.05,Bank Transfer,Completed,Tuesday,0,0,0
PAY0006261,INV0006788,SUP00180,DPT008,2024-04-16,8756.13,Bank Transfer,Completed,Tuesday,0,0,0
PAY0006262,INV0006789,SUP00008,DPT003,2024-04-22,15866.14,Card,Completed,Monday,0,0,0
PAY0006263,INV0006790,SUP00008,DPT002,2024-07-04,39262.08,Bank Transfer,Failed,Thursday,0,0,1
PAY0006264,INV0006792,SUP00114,DPT002,2024-09-14,392.13,Bank Transfer,Completed,Saturday,1,0,0
PAY0006265,INV0006793,SUP00033,DPT004,2025-03-14,7434.16,Bank Transfer,Completed,Friday,0,0,0
PAY0006266,INV0006794,SUP00003,DPT004,2025-01-07,335.11,Bank Transfer,Completed,Tuesday,0,0,0
PAY0006267,INV0006795,SUP00028,DPT012,2024-12-26,2588.29,Bank Transfer,Completed,Thursday,0,0,0
PAY0006268,INV0006796,SUP00213,DPT005,2024-06-07,1091.48,Bank Transfer,Pending,Friday,0,0,1
PAY0006269,INV0006797,SUP00008,DPT007,2024-12-01,8192.32,Bank Transfer,Completed,Sunday,1,0,0
PAY0006270,INV0006798,SUP00105,DPT002,2025-02-04,2138.32,Bank Transfer,Completed,Tuesday,0,0,0
PAY0006271,INV0006799,SUP00009,DPT012,2024-07-16,8543.44,Bank Transfer,Completed,Tuesday,0,0,0
PAY0006272,INV0006800,SUP00058,DPT004,2024-06-02,14874.97,Bank Transfer,Completed,Sunday,1,0,0
PAY0006273,INV0006801,SUP00144,DPT001,2024-02-11,1993.17,Bank Transfer,Completed,Sunday,1,0,0
PAY0006274,INV0006802,SUP00007,DPT006,2024-07-11,8013.74,Bank Transfer,Completed,Thursday,0,0,0
PAY0006275,INV0006803,SUP00167,DPT003,2024-12-26,291.89,Bank Transfer,Completed,Thursday,0,0,0
PAY0006276,INV0006804,SUP00130,DPT003,2024-11-09,1081.92,Bank Transfer,Completed,Saturday,1,0,0
PAY0006277,INV0006805,SUP00011,DPT003,2024-09-13,25909.59,Bank Transfer,Completed,Friday,0,0,0
PAY0006278,INV0006806,SUP00259,DPT004,2024-05-23,2209.89,Bank Transfer,Completed,Thursday,0,0,0
PAY0006279,INV0006807,SUP00191,DPT003,2024-06-23,3339.07,Bank Transfer,Completed,Sunday,1,0,0
PAY0006280,INV0006809,SUP00003,DPT002,2024-04-14,810.02,Bank Transfer,Completed,Sunday,1,0,0
PAY0006281,INV0006810,SUP00024,DPT002,2024-04-24,1856.67,Bank Transfer,Completed,Wednesday,0,0,0
PAY0006282,INV0006811,SUP00013,DPT001,2024-10-13,5868.85,Bank Transfer,Completed,Sunday,1,0,0
PAY0006283,INV0006812,SUP00009,DPT004,2024-05-18,3869.64,Bank Transfer,Completed,Saturday,1,0,0
PAY0006284,INV0006813,SUP00110,DPT001,2024-03-09,20990.4,Check,Completed,Saturday,1,0,0
PAY0006285,INV0006814,SUP00274,DPT001,2024-08-25,3005.17,Bank Transfer,Completed,Sunday,1,0,0
PAY0006286,INV0006815,SUP00005,DPT003,2024-08-21,5968.47,Bank Transfer,Completed,Wednesday,0,0,0
PAY0006287,INV0006817,SUP00097,DPT001,2024-10-09,17877.08,Bank Transfer,Completed,Wednesday,0,0,0
PAY0006288,INV0006818,SUP00124,DPT001,2024-09-01,1162.23,Bank Transfer,Completed,Sunday,1,0,0
PAY0006289,INV0006819,SUP00229,DPT005,2024-12-21,10322.85,Bank Transfer,Completed,Saturday,1,0,0
PAY0006290,INV0006820,SUP00017,DPT004,2025-01-08,9739.51,Bank Transfer,Completed,Wednesday,0,0,0
PAY0006291,INV0006821,SUP00072,DPT001,2025-01-05,2251.84,Card,Completed,Sunday,1,0,0
PAY0006292,INV0006822,SUP00010,DPT010,2024-10-01,5399.37,Bank Transfer,Completed,Tuesday,0,0,0
PAY0006293,INV0006823,SUP00010,DPT007,2024-10-07,9307.45,Cash,Completed,Monday,0,1,0
PAY0006294,INV0006824,SUP00033,DPT004,2024-10-29,2710.21,Card,Completed,Tuesday,0,0,0
PAY0006295,INV0006825,SUP00001,DPT005,2024-10-27,2737.81,Bank Transfer,Completed,Sunday,1,0,0
PAY0006296,INV0006826,SUP00009,DPT009,2024-06-25,1473.63,Bank Transfer,Completed,Tuesday,0,0,0
PAY0006297,INV0006827,SUP00005,DPT001,2024-02-21,60885.7,Bank Transfer,Completed,Wednesday,0,0,0
PAY0006298,INV0006829,SUP00018,DPT001,2025-01-29,1426.15,Bank Transfer,Completed,Wednesday,0,0,0
PAY0006299,INV0006830,SUP00004,DPT004,2024-04-19,776.23,Bank Transfer,Completed,Friday,0,0,0
PAY0006300,INV0006832,SUP00125,DPT007,2024-11-08,8274.94,Bank Transfer,Completed,Friday,0,0,0
PAY0006301,INV0006833,SUP00115,DPT009,2024-05-02,4443.15,Bank Transfer,Completed,Thursday,0,0,0
PAY0006302,INV0006834,SUP00288,DPT006,2024-07-18,8967.7,Bank Transfer,Completed,Thursday,0,0,0
PAY0006303,INV0006836,SUP00246,DPT009,2024-10-26,5024.31,Bank Transfer,Completed,Saturday,1,0,0
PAY0006304,INV0006837,SUP00138,DPT011,2024-07-04,5111.09,Bank Transfer,Completed,Thursday,0,0,0
PAY0006305,INV0006838,SUP00009,DPT002,2024-09-19,37324.48,Bank Transfer,Completed,Thursday,0,0,0
PAY0006306,INV0006839,SUP00006,DPT002,2024-09-17,14049.88,Bank Transfer,Completed,Tuesday,0,0,0
PAY0006307,INV0006840,SUP00291,DPT005,2024-04-12,9401.41,Check,Completed,Friday,0,0,0
PAY0006308,INV0006841,SUP00297,DPT008,2024-03-25,4157.17,Cash,Completed,Monday,0,1,0
PAY0006309,INV0006844,SUP00001,DPT005,2024-04-18,8597.37,Bank Transfer,Completed,Thursday,0,0,0
PAY0006310,INV0006846,SUP00053,DPT003,2025-01-28,9931.83,Card,Completed,Tuesday,0,0,0
PAY0006311,INV0006847,SUP00006,DPT005,2024-11-28,1047.08,Bank Transfer,Completed,Thursday,0,0,0
PAY0006312,INV0006848,SUP00028,DPT009,2024-09-21,6262.61,Bank Transfer,Completed,Saturday,1,0,0
PAY0006313,INV0006849,SUP00200,DPT001,2024-11-04,1670.66,Bank Transfer,Completed,Monday,0,0,0
PAY0006314,INV0006850,SUP00203,DPT003,2024-02-16,12425.6,Bank Transfer,Completed,Friday,0,0,0
PAY0006315,INV0006851,SUP00239,DPT003,2024-04-13,985.47,Bank Transfer,Completed,Saturday,1,0,0
PAY0006316,INV0006852,SUP00008,DPT008,2024-10-20,101621.91,Bank Transfer,Completed,Sunday,1,0,0
PAY0006317,INV0006853,SUP00023,DPT007,2024-05-21,6434.92,Bank Transfer,Completed,Tuesday,0,0,0
PAY0006318,INV0006854,SUP00100,DPT009,2024-08-07,1612.86,Check,Completed,Wednesday,0,0,0
PAY0006319,INV0006855,SUP00073,DPT005,2024-08-19,25134.94,Check,Completed,Monday,0,0,0
PAY0006320,INV0006856,SUP00320,DPT002,2024-07-07,14607.48,Bank Transfer,Completed,Sunday,1,0,0
PAY0006321,INV0006857,SUP00010,DPT004,2024-12-03,19925.25,Bank Transfer,Completed,Tuesday,0,0,0
PAY0006322,INV0006858,SUP00003,DPT004,2024-12-08,8180.36,Check,Completed,Sunday,1,0,0
PAY0006323,INV0006859,SUP00019,DPT007,2024-03-15,10626.34,Bank Transfer,Completed,Friday,0,0,0
PAY0006324,INV0006860,SUP00036,DPT011,2024-03-30,1751.16,Bank Transfer,Completed,Saturday,1,0,0
PAY0006325,INV0006861,SUP00019,DPT004,2024-04-13,6358.2,Bank Transfer,Completed,Saturday,1,0,0
PAY0006326,INV0006862,SUP00012,DPT006,2024-02-17,4739.09,Bank Transfer,Completed,Saturday,1,0,0
PAY0006327,INV0006863,SUP00009,DPT002,2024-09-30,6020.26,Check,Completed,Monday,0,0,0
PAY0006328,INV0006864,SUP00023,DPT005,2024-05-11,949.75,Bank Transfer,Completed,Saturday,1,0,0
PAY0006329,INV0006865,SUP00137,DPT008,2024-09-11,1236.66,Bank Transfer,Completed,Wednesday,0,0,0
PAY0006330,INV0006866,SUP00005,DPT008,2025-01-05,24865.36,Bank Transfer,Completed,Sunday,1,0,0
PAY0006331,INV0006867,SUP00241,DPT012,2024-03-14,14173.46,Bank Transfer,Completed,Thursday,0,0,0
PAY0006332,INV0006868,SUP00109,DPT012,2024-04-12,9980.07,Bank Transfer,Completed,Friday,0,0,0
PAY0006333,INV0006869,SUP00004,DPT005,2024-04-29,16808.83,Bank Transfer,Completed,Monday,0,0,0
PAY0006334,INV0006870,SUP00001,DPT010,2024-12-09,1319.91,Bank Transfer,Completed,Monday,0,0,0
PAY0006335,INV0006871,SUP00002,DPT008,2025-04-06,4663.54,Bank Transfer,Completed,Sunday,1,0,0
PAY0006336,INV0006872,SUP00003,DPT005,2024-11-12,4192.89,Bank Transfer,Completed,Tuesday,0,0,0
PAY0006337,INV0006873,SUP00110,DPT001,2024-10-04,2401.61,Bank Transfer,Completed,Friday,0,0,0
PAY0006338,INV0006874,SUP00286,DPT012,2024-09-25,98850.89,Bank Transfer,Completed,Wednesday,0,0,0
PAY0006339,INV0006875,SUP00005,DPT012,2024-04-03,26872.35,Bank Transfer,Completed,Wednesday,0,0,0
PAY0006340,INV0006876,SUP00010,DPT005,2024-06-20,2915.04,Bank Transfer,Completed,Thursday,0,0,0
PAY0006341,INV0006877,SUP00241,DPT003,2025-03-01,9924.39,Bank Transfer,Completed,Saturday,1,0,0
PAY0006342,INV0006878,SUP00030,DPT001,2024-05-26,8715.02,Bank Transfer,Completed,Sunday,1,0,0
PAY0006343,INV0006879,SUP00023,DPT001,2024-02-10,19599.74,Bank Transfer,Completed,Saturday,1,0,0
PAY0006344,INV0006880,SUP00027,DPT009,2024-06-14,13998.19,Check,Completed,Friday,0,0,0
PAY0006345,INV0006881,SUP00004,DPT004,2024-08-11,4329.37,Bank Transfer,Completed,Sunday,1,0,0
PAY0006346,INV0006882,SUP00008,DPT005,2024-09-19,1417.23,Bank Transfer,Completed,Thursday,0,0,0
PAY0006347,INV0006883,SUP00298,DPT003,2024-07-04,17009.09,Bank Transfer,Completed,Thursday,0,0,0
PAY0006348,INV0006884,SUP00110,DPT006,2024-07-15,25215.38,Bank Transfer,Completed,Monday,0,0,0
PAY0006349,INV0006885,SUP00010,DPT008,2024-09-24,103242.71,Bank Transfer,Completed,Tuesday,0,0,0
PAY0006350,INV0006886,SUP00289,DPT010,2024-05-19,18621.79,Bank Transfer,Completed,Sunday,1,0,0
PAY0006351,INV0006887,SUP00020,DPT004,2024-12-29,2803.86,Bank Transfer,Completed,Sunday,1,0,0
PAY0006352,INV0006888,SUP00005,DPT003,2024-06-06,3392.69,Bank Transfer,Completed,Thursday,0,0,0
PAY0006353,INV0006890,SUP00123,DPT010,2024-03-02,2342.96,Bank Transfer,Completed,Saturday,1,0,0
PAY0006354,INV0006891,SUP00175,DPT010,2024-06-03,1403.84,Cash,Completed,Monday,0,1,0
PAY0006355,INV0006892,SUP00001,DPT003,2024-02-12,11941.59,Bank Transfer,Completed,Monday,0,0,0
PAY0006356,INV0006893,SUP00010,DPT002,2024-05-01,18002.62,Bank Transfer,Completed,Wednesday,0,0,0
PAY0006357,INV0006894,SUP00288,DPT007,2024-07-26,15023.28,Bank Transfer,Completed,Friday,0,0,0
PAY0006358,INV0006895,SUP00006,DPT008,2025-02-18,97610.1,Bank Transfer,Completed,Tuesday,0,0,0
PAY0006359,INV0006896,SUP00246,DPT008,2025-01-21,7854.43,Bank Transfer,Completed,Tuesday,0,0,0
PAY0006360,INV0006897,SUP00185,DPT001,2024-10-19,3071.63,Bank Transfer,Completed,Saturday,1,0,0
PAY0006361,INV0006898,SUP00018,DPT012,2025-02-04,3714.15,Bank Transfer,Completed,Tuesday,0,0,0
PAY0006362,INV0006899,SUP00254,DPT005,2024-09-12,2774.76,Bank Transfer,Completed,Thursday,0,0,0
PAY0006363,INV0006900,SUP00275,DPT006,2024-04-14,88689.63,Bank Transfer,Completed,Sunday,1,0,0
PAY0006364,INV0006901,SUP00242,DPT001,2024-10-30,249.45,Bank Transfer,Completed,Wednesday,0,0,0
PAY0006365,INV0006902,SUP00021,DPT001,2024-09-08,37804.15,Card,Completed,Sunday,1,0,0
PAY0006366,INV0006903,SUP00077,DPT001,2024-12-16,2029.79,Bank Transfer,Completed,Monday,0,0,0
PAY0006367,INV0006904,SUP00011,DPT004,2024-06-03,3808.46,Bank Transfer,Completed,Monday,0,0,0
PAY0006368,INV0006905,SUP00005,DPT011,2024-12-10,299.45,Bank Transfer,Completed,Tuesday,0,0,0
PAY0006369,INV0006906,SUP00263,DPT008,2024-10-14,20294.07,Bank Transfer,Completed,Monday,0,0,0
PAY0006370,INV0006907,SUP00309,DPT012,2024-11-18,15209.25,Bank Transfer,Completed,Monday,0,0,0
PAY0006371,INV0006909,SUP00136,DPT001,2025-01-20,21444.95,Bank Transfer,Completed,Monday,0,0,0
PAY0006372,INV0006910,SUP00291,DPT007,2024-09-18,17214.35,Bank Transfer,Completed,Wednesday,0,0,0
PAY0006373,INV0006911,SUP00089,DPT006,2024-10-05,3252.01,Bank Transfer,Completed,Saturday,1,0,0
PAY0006374,INV0006912,SUP00002,DPT010,2024-09-20,559.48,Check,Completed,Friday,0,0,0
PAY0006375,INV0006913,SUP00001,DPT005,2024-07-06,4667.48,Bank Transfer,Completed,Saturday,1,0,0
PAY0006376,INV0006914,SUP00030,DPT002,2024-09-09,19918.59,Bank Transfer,Completed,Monday,0,0,0
PAY0006377,INV0006915,SUP00285,DPT008,2024-11-25,2112.93,Bank Transfer,Completed,Monday,0,0,0
PAY0006378,INV0006916,SUP00010,DPT008,2024-04-25,20551.88,Bank Transfer,Completed,Thursday,0,0,0
PAY0006379,INV0006917,SUP00015,DPT005,2024-08-03,2230.17,Bank Transfer,Completed,Saturday,1,0,0
PAY0006380,INV0006918,SUP00200,DPT001,2024-09-28,5364.33,Bank Transfer,Completed,Saturday,1,0,0
PAY0006381,INV0006919,SUP00203,DPT004,2024-05-31,2560.09,Bank Transfer,Completed,Friday,0,0,0
PAY0006382,INV0006920,SUP00287,DPT009,2024-04-09,7219.11,Bank Transfer,Completed,Tuesday,0,0,0
PAY0006383,INV0006921,SUP00225,DPT003,2024-04-06,14917.89,Bank Transfer,Completed,Saturday,1,0,0
PAY0006384,INV0006922,SUP00081,DPT008,2024-07-30,39742.69,Bank Transfer,Completed,Tuesday,0,0,0
PAY0006385,INV0006923,SUP00284,DPT002,2024-06-01,7661.41,Card,Completed,Saturday,1,0,0
PAY0006386,INV0006924,SUP00093,DPT003,2024-11-26,1019.21,Bank Transfer,Completed,Tuesday,0,0,0
PAY0006387,INV0006925,SUP00085,DPT003,2024-04-02,11978.66,Card,Completed,Tuesday,0,0,0
PAY0006388,INV0006926,SUP00001,DPT002,2024-05-26,4315.96,Bank Transfer,Completed,Sunday,1,0,0
PAY0006389,INV0006927,SUP00025,DPT003,2025-01-01,4094.74,Bank Transfer,Pending,Wednesday,0,0,1
PAY0006390,INV0006928,SUP00002,DPT008,2024-09-12,6864.37,Card,Completed,Thursday,0,0,0
PAY0006391,INV0006929,SUP00261,DPT004,2024-08-04,11555.7,Bank Transfer,Completed,Sunday,1,0,0
PAY0006392,INV0006930,SUP00001,DPT003,2024-08-31,3831.53,Bank Transfer,Completed,Saturday,1,0,0
PAY0006393,INV0006932,SUP00318,DPT005,2024-07-01,9616.91,Bank Transfer,Completed,Monday,0,0,0
PAY0006394,INV0006933,SUP00200,DPT004,2024-08-31,11355.03,Bank Transfer,Completed,Saturday,1,0,0
PAY0006395,INV0006934,SUP00178,DPT009,2024-07-31,16383.21,Check,Completed,Wednesday,0,0,0
PAY0006396,INV0006935,SUP00151,DPT003,2025-02-04,477.63,Bank Transfer,Completed,Tuesday,0,0,0
PAY0006397,INV0006936,SUP00002,DPT005,2025-01-10,3824.77,Card,Completed,Friday,0,0,0
PAY0006398,INV0006938,SUP00202,DPT003,2024-11-26,4433.14,Bank Transfer,Completed,Tuesday,0,0,0
PAY0006399,INV0006939,SUP00259,DPT002,2024-11-22,2239.61,Bank Transfer,Completed,Friday,0,0,0
PAY0006400,INV0006940,SUP00015,DPT010,2024-08-01,2942.77,Bank Transfer,Completed,Thursday,0,0,0
PAY0006401,INV0006941,SUP00009,DPT001,2024-04-01,10946.73,Bank Transfer,Completed,Monday,0,0,0
PAY0006402,INV0006942,SUP00008,DPT007,2024-06-15,10364.18,Bank Transfer,Completed,Saturday,1,0,0
PAY0006403,INV0006943,SUP00054,DPT008,2024-06-24,6261.3,Cash,Completed,Monday,0,1,0
PAY0006404,INV0006944,SUP00010,DPT003,2024-04-15,1867.53,Bank Transfer,Completed,Monday,0,0,0
PAY0006405,INV0006945,SUP00001,DPT002,2024-06-07,15799.6,Bank Transfer,Completed,Friday,0,0,0
PAY0006406,INV0006946,SUP00019,DPT002,2024-11-09,14894.45,Bank Transfer,Completed,Saturday,1,0,0
PAY0006407,INV0006947,SUP00057,DPT003,2024-12-07,21642.62,Bank Transfer,Completed,Saturday,1,0,0
PAY0006408,INV0006948,SUP00105,DPT011,2024-09-14,2429.34,Bank Transfer,Completed,Saturday,1,0,0
PAY0006409,INV0006949,SUP00014,DPT001,2024-08-09,389092.07,Bank Transfer,Completed,Friday,0,0,0
PAY0006410,INV0006950,SUP00011,DPT004,2024-05-13,7607.59,Check,Completed,Monday,0,0,0
PAY0006411,INV0006951,SUP00010,DPT002,2024-08-23,2509.39,Bank Transfer,Completed,Friday,0,0,0
PAY0006412,INV0006952,SUP00098,DPT007,2024-10-26,92599.52,Bank Transfer,Completed,Saturday,1,0,0
PAY0006413,INV0006954,SUP00271,DPT003,2024-12-17,98964.8,Bank Transfer,Completed,Tuesday,0,0,0
PAY0006414,INV0006955,SUP00010,DPT001,2024-06-08,8559.8,Bank Transfer,Completed,Saturday,1,0,0
PAY0006415,INV0006956,SUP00197,DPT011,2024-08-07,25720.23,Bank Transfer,Completed,Wednesday,0,0,0
PAY0006416,INV0006957,SUP00012,DPT005,2024-07-15,8273.85,Bank Transfer,Completed,Monday,0,0,0
PAY0006417,INV0006958,SUP00105,DPT001,2024-03-14,811.77,Bank Transfer,Completed,Thursday,0,0,0
PAY0006418,INV0006959,SUP00143,DPT008,2024-12-20,5892.39,Bank Transfer,Completed,Friday,0,0,0
PAY0006419,INV0006960,SUP00006,DPT009,2025-01-09,17091.85,Bank Transfer,Completed,Thursday,0,0,0
PAY0006420,INV0006961,SUP00018,DPT004,2024-04-11,10168.69,Bank Transfer,Pending,Thursday,0,0,1
PAY0006421,INV0006962,SUP00005,DPT012,2024-12-14,1992.54,Check,Completed,Saturday,1,0,0
PAY0006422,INV0006963,SUP00032,DPT002,2024-08-19,5641.05,Bank Transfer,Completed,Monday,0,0,0
PAY0006423,INV0006964,SUP00267,DPT009,2024-12-13,16199.47,Bank Transfer,Completed,Friday,0,0,0
PAY0006424,INV0006965,SUP00082,DPT009,2024-07-25,25657.53,Bank Transfer,Completed,Thursday,0,0,0
PAY0006425,INV0006966,SUP00144,DPT005,2024-03-13,1682.31,Bank Transfer,Completed,Wednesday,0,0,0
PAY0006426,INV0006967,SUP00010,DPT005,2024-01-28,1530.28,Check,Completed,Sunday,1,0,0
PAY0006427,INV0006968,SUP00027,DPT001,2024-08-31,5614.05,Bank Transfer,Completed,Saturday,1,0,0
PAY0006428,INV0006969,SUP00168,DPT002,2024-07-01,2664.76,Bank Transfer,Completed,Monday,0,0,0
PAY0006429,INV0006970,SUP00005,DPT004,2025-02-12,3031.64,Bank Transfer,Completed,Wednesday,0,0,0
PAY0006430,INV0006972,SUP00008,DPT002,2025-01-12,14276.71,Bank Transfer,Completed,Sunday,1,0,0
PAY0006431,INV0006973,SUP00008,DPT004,2024-06-19,2233.63,Bank Transfer,Completed,Wednesday,0,0,0
PAY0006432,INV0006974,SUP00298,DPT001,2024-03-31,1577.65,Bank Transfer,Completed,Sunday,1,0,0
PAY0006433,INV0006975,SUP00006,DPT003,2025-02-05,2552.21,Bank Transfer,Completed,Wednesday,0,0,0
PAY0006434,INV0006976,SUP00004,DPT003,2024-03-07,1055.83,Bank Transfer,Completed,Thursday,0,0,0
PAY0006435,INV0006977,SUP00005,DPT012,2024-12-31,6227.33,Bank Transfer,Pending,Tuesday,0,0,1
PAY0006436,INV0006978,SUP00007,DPT002,2024-08-05,6823.37,Bank Transfer,Completed,Monday,0,0,0
PAY0006437,INV0006979,SUP00017,DPT001,2024-12-14,19058.32,Bank Transfer,Completed,Saturday,1,0,0
PAY0006438,INV0006980,SUP00007,DPT001,2024-04-03,1811.23,Bank Transfer,Completed,Wednesday,0,0,0
PAY0006439,INV0006981,SUP00003,DPT005,2024-06-30,7119.46,Bank Transfer,Completed,Sunday,1,0,0
PAY0006440,INV0006982,SUP00005,DPT005,2024-04-19,8880.58,Bank Transfer,Completed,Friday,0,0,0
PAY0006441,INV0006983,SUP00196,DPT002,2024-11-07,1023.33,Bank Transfer,Completed,Thursday,0,0,0
PAY0006442,INV0006984,SUP00037,DPT002,2024-11-09,7686.9,Bank Transfer,Completed,Saturday,1,0,0
PAY0006443,INV0006985,SUP00171,DPT003,2024-03-27,8097.82,Bank Transfer,Failed,Wednesday,0,0,1
PAY0006444,INV0006986,SUP00006,DPT001,2024-04-04,5153.36,Bank Transfer,Completed,Thursday,0,0,0
PAY0006445,INV0006987,SUP00011,DPT009,2024-11-29,1377.34,Bank Transfer,Completed,Friday,0,0,0
PAY0006446,INV0006988,SUP00310,DPT009,2024-11-14,9948.73,Bank Transfer,Completed,Thursday,0,0,0
PAY0006447,INV0006989,SUP00003,DPT003,2024-07-12,635.62,Bank Transfer,Pending,Friday,0,0,1
PAY0006448,INV0006991,SUP00010,DPT003,2024-11-22,14182.15,Bank Transfer,Completed,Friday,0,0,0
PAY0006449,INV0006992,SUP00001,DPT001,2024-04-02,4674.06,Bank Transfer,Completed,Tuesday,0,0,0
PAY0006450,INV0006993,SUP00056,DPT005,2024-12-20,26228.08,Bank Transfer,Completed,Friday,0,0,0
PAY0006451,INV0006994,SUP00055,DPT008,2024-12-05,2763.27,Bank Transfer,Completed,Thursday,0,0,0
PAY0006452,INV0006995,SUP00012,DPT003,2024-03-29,2595.88,Bank Transfer,Completed,Friday,0,0,0
PAY0006453,INV0006996,SUP00027,DPT002,2024-10-05,4408.09,Bank Transfer,Completed,Saturday,1,0,0
PAY0006454,INV0006997,SUP00019,DPT002,2024-08-01,80833.84,Bank Transfer,Completed,Thursday,0,0,0
PAY0006455,INV0006998,SUP00026,DPT003,2025-01-13,4379.26,Bank Transfer,Completed,Monday,0,0,0
PAY0006456,INV0006999,SUP00231,DPT004,2024-10-29,25360.28,Bank Transfer,Completed,Tuesday,0,0,0
PAY0006457,INV0007000,SUP00152,DPT008,2023-12-31,5831.3,Check,Completed,Sunday,1,0,0
PAY0006458,INV0007001,SUP00010,DPT002,2024-05-25,2402.12,Bank Transfer,Completed,Saturday,1,0,0
PAY0006459,INV0007002,SUP00008,DPT007,2024-09-11,57737.83,Bank Transfer,Completed,Wednesday,0,0,0
PAY0006460,INV0007003,SUP00158,DPT012,2024-07-09,7320.52,Bank Transfer,Completed,Tuesday,0,0,0
PAY0006461,INV0007004,SUP00008,DPT002,2024-07-19,4214.24,Bank Transfer,Completed,Friday,0,0,0
PAY0006462,INV0007005,SUP00266,DPT004,2025-03-31,16470.03,Bank Transfer,Completed,Monday,0,0,0
PAY0006463,INV0007007,SUP00009,DPT006,2024-05-30,3034.92,Bank Transfer,Failed,Thursday,0,0,1
PAY0006464,INV0007008,SUP00203,DPT010,2024-04-07,100300.32,Bank Transfer,Completed,Sunday,1,0,0
PAY0006465,INV0007009,SUP00007,DPT010,2025-01-05,4710.33,Bank Transfer,Completed,Sunday,1,0,0
PAY0006466,INV0007010,SUP00001,DPT004,2024-09-23,1936.45,Bank Transfer,Completed,Monday,0,0,0
PAY0006467,INV0007011,SUP00298,DPT008,2024-09-18,2641.22,Bank Transfer,Completed,Wednesday,0,0,0
PAY0006468,INV0007012,SUP00180,DPT005,2024-03-23,1533.29,Bank Transfer,Completed,Saturday,1,0,0
PAY0006469,INV0007013,SUP00029,DPT009,2024-09-23,6669.36,Bank Transfer,Completed,Monday,0,0,0
PAY0006470,INV0007014,SUP00228,DPT010,2024-12-23,6679.6,Bank Transfer,Completed,Monday,0,0,0
PAY0006471,INV0007015,SUP00003,DPT007,2024-04-07,22865.65,Bank Transfer,Completed,Sunday,1,0,0
PAY0006472,INV0007016,SUP00167,DPT001,2024-11-13,16405.51,Bank Transfer,Completed,Wednesday,0,0,0
PAY0006473,INV0007017,SUP00295,DPT002,2024-08-23,25567.06,Bank Transfer,Completed,Friday,0,0,0
PAY0006474,INV0007019,SUP00023,DPT001,2024-04-22,2895.0,Check,Completed,Monday,0,0,0
PAY0006475,INV0007020,SUP00015,DPT005,2024-10-27,6897.88,Card,Completed,Sunday,1,0,0
PAY0006476,INV0007021,SUP00257,DPT006,2024-05-20,4597.91,Bank Transfer,Completed,Monday,0,0,0
PAY0006477,INV0007022,SUP00010,DPT009,2024-04-26,6496.51,Card,Completed,Friday,0,0,0
PAY0006478,INV0007023,SUP00284,DPT009,2024-09-24,31914.97,Bank Transfer,Completed,Tuesday,0,0,0
PAY0006479,INV0007024,SUP00012,DPT001,2024-02-26,34090.02,Bank Transfer,Completed,Monday,0,0,0
PAY0006480,INV0007025,SUP00005,DPT007,2024-12-30,2900.55,Bank Transfer,Completed,Monday,0,0,0
PAY0006481,INV0007026,SUP00008,DPT009,2024-08-05,14735.22,Bank Transfer,Completed,Monday,0,0,0
PAY0006482,INV0007027,SUP00037,DPT001,2025-05-05,12591.66,Bank Transfer,Completed,Monday,0,0,0
PAY0006483,INV0007028,SUP00005,DPT004,2024-07-19,3114.95,Bank Transfer,Completed,Friday,0,0,0
PAY0006484,INV0007029,SUP00018,DPT006,2024-03-06,10438.49,Bank Transfer,Completed,Wednesday,0,0,0
PAY0006485,INV0007030,SUP00265,DPT003,2024-05-06,1075.32,Bank Transfer,Completed,Monday,0,0,0
PAY0006486,INV0007031,SUP00004,DPT003,2024-10-09,21105.96,Bank Transfer,Completed,Wednesday,0,0,0
PAY0006487,INV0007032,SUP00093,DPT001,2024-02-19,5333.18,Bank Transfer,Completed,Monday,0,0,0
PAY0006488,INV0007033,SUP00020,DPT009,2024-07-17,1767.73,Bank Transfer,Completed,Wednesday,0,0,0
PAY0006489,INV0007035,SUP00029,DPT004,2025-02-07,51907.27,Bank Transfer,Completed,Friday,0,0,0
PAY0006490,INV0007036,SUP00248,DPT005,2024-10-16,105624.74,Bank Transfer,Completed,Wednesday,0,0,0
PAY0006491,INV0007037,SUP00020,DPT001,2024-05-15,2461.58,Bank Transfer,Pending,Wednesday,0,0,1
PAY0006492,INV0007039,SUP00005,DPT002,2024-11-04,4940.35,Bank Transfer,Completed,Monday,0,0,0
PAY0006493,INV0007040,SUP00029,DPT002,2024-06-23,5935.49,Bank Transfer,Completed,Sunday,1,0,0
PAY0006494,INV0007041,SUP00004,DPT003,2025-02-02,38985.08,Bank Transfer,Completed,Sunday,1,0,0
PAY0006495,INV0007042,SUP00075,DPT004,2024-07-19,3926.81,Bank Transfer,Completed,Friday,0,0,0
PAY0006496,INV0007043,SUP00023,DPT004,2024-06-27,2473.31,Bank Transfer,Completed,Thursday,0,0,0
PAY0006497,INV0007044,SUP00193,DPT001,2024-10-07,3593.68,Bank Transfer,Pending,Monday,0,0,1
PAY0006498,INV0007045,SUP00022,DPT003,2024-12-27,4897.88,Bank Transfer,Completed,Friday,0,0,0
PAY0006499,INV0007046,SUP00103,DPT001,2025-06-03,14549.7,Check,Completed,Tuesday,0,0,0
PAY0006500,INV0007047,SUP00002,DPT002,2024-05-18,6793.03,Bank Transfer,Completed,Saturday,1,0,0
PAY0006501,INV0007048,SUP00149,DPT001,2024-05-08,13363.58,Bank Transfer,Completed,Wednesday,0,0,0
PAY0006502,INV0007049,SUP00295,DPT002,2024-12-03,20478.93,Bank Transfer,Completed,Tuesday,0,0,0
PAY0006503,INV0007050,SUP00025,DPT004,2024-12-13,4176.76,Check,Completed,Friday,0,0,0
PAY0006504,INV0007051,SUP00001,DPT011,2024-12-15,5621.93,Check,Completed,Sunday,1,0,0
PAY0006505,INV0007052,SUP00087,DPT002,2024-10-24,10779.42,Bank Transfer,Completed,Thursday,0,0,0
PAY0006506,INV0007053,SUP00005,DPT008,2024-06-24,2995.64,Bank Transfer,Completed,Monday,0,0,0
PAY0006507,INV0007054,SUP00027,DPT001,2024-09-07,6450.18,Bank Transfer,Completed,Saturday,1,0,0
PAY0006508,INV0007055,SUP00002,DPT003,2025-01-15,20473.65,Bank Transfer,Completed,Wednesday,0,0,0
PAY0006509,INV0007056,SUP00024,DPT004,2024-04-11,6845.24,Bank Transfer,Completed,Thursday,0,0,0
PAY0006510,INV0007059,SUP00030,DPT002,2024-02-06,8923.01,Bank Transfer,Completed,Tuesday,0,0,0
PAY0006511,INV0007061,SUP00009,DPT006,2024-04-13,8839.3,Bank Transfer,Completed,Saturday,1,0,0
PAY0006512,INV0007063,SUP00172,DPT002,2024-04-06,1144.18,Bank Transfer,Completed,Saturday,1,0,0
PAY0006513,INV0007064,SUP00246,DPT003,2024-07-20,21384.27,Bank Transfer,Completed,Saturday,1,0,0
PAY0006514,INV0007065,SUP00010,DPT007,2024-01-18,1211.88,Bank Transfer,Completed,Thursday,0,0,0
PAY0006515,INV0007066,SUP00003,DPT004,2024-12-19,1285.51,Bank Transfer,Completed,Thursday,0,0,0
PAY0006516,INV0007067,SUP00024,DPT006,2024-10-31,11697.07,Bank Transfer,Completed,Thursday,0,0,0
PAY0006517,INV0007068,SUP00075,DPT004,2024-10-09,3932.51,Bank Transfer,Completed,Wednesday,0,0,0
PAY0006518,INV0007069,SUP00167,DPT007,2025-02-05,7304.52,Bank Transfer,Completed,Wednesday,0,0,0
PAY0006519,INV0007070,SUP00177,DPT006,2024-03-02,1344.27,Bank Transfer,Completed,Saturday,1,0,0
PAY0006520,INV0007071,SUP00240,DPT003,2024-08-13,8353.54,Bank Transfer,Pending,Tuesday,0,0,1
PAY0006521,INV0007072,SUP00002,DPT010,2024-06-30,15879.92,Cash,Pending,Sunday,1,1,1
PAY0006522,INV0007073,SUP00309,DPT008,2024-12-12,999.67,Bank Transfer,Completed,Thursday,0,0,0
PAY0006523,INV0007074,SUP00301,DPT001,2024-08-22,25063.1,Bank Transfer,Completed,Thursday,0,0,0
PAY0006524,INV0007076,SUP00011,DPT007,2024-12-21,1317.51,Card,Completed,Saturday,1,0,0
PAY0006525,INV0007077,SUP00182,DPT006,2024-10-26,6955.7,Bank Transfer,Completed,Saturday,1,0,0
PAY0006526,INV0007078,SUP00028,DPT011,2024-10-02,6329.49,Bank Transfer,Completed,Wednesday,0,0,0
PAY0006527,INV0007079,SUP00001,DPT007,2024-04-22,9446.54,Bank Transfer,Completed,Monday,0,0,0
PAY0006528,INV0007080,SUP00015,DPT002,2024-08-10,4334.44,Bank Transfer,Pending,Saturday,1,0,1
PAY0006529,INV0007081,SUP00072,DPT001,2024-07-06,1130.41,Bank Transfer,Completed,Saturday,1,0,0
PAY0006530,INV0007082,SUP00249,DPT005,2024-06-18,3787.69,Bank Transfer,Completed,Tuesday,0,0,0
PAY0006531,INV0007083,SUP00220,DPT004,2024-04-02,3087.25,Bank Transfer,Completed,Tuesday,0,0,0
PAY0006532,INV0007084,SUP00289,DPT011,2024-04-07,5481.35,Bank Transfer,Completed,Sunday,1,0,0
PAY0006533,INV0007085,SUP00027,DPT007,2024-12-11,23700.6,Check,Completed,Wednesday,0,0,0
PAY0006534,INV0007087,SUP00004,DPT008,2024-05-25,18422.01,Bank Transfer,Completed,Saturday,1,0,0
PAY0006535,INV0007090,SUP00225,DPT005,2024-09-08,46544.59,Bank Transfer,Completed,Sunday,1,0,0
PAY0006536,INV0007091,SUP00117,DPT004,2024-01-09,7647.01,Bank Transfer,Completed,Tuesday,0,0,0
PAY0006537,INV0007094,SUP00131,DPT011,2024-02-25,4634.36,Bank Transfer,Completed,Sunday,1,0,0
PAY0006538,INV0007095,SUP00013,DPT005,2025-02-27,22293.41,Bank Transfer,Completed,Thursday,0,0,0
PAY0006539,INV0007096,SUP00013,DPT004,2024-08-04,1179.5,Bank Transfer,Completed,Sunday,1,0,0
PAY0006540,INV0007097,SUP00231,DPT002,2024-10-13,10024.22,Bank Transfer,Completed,Sunday,1,0,0
PAY0006541,INV0007098,SUP00001,DPT003,2024-12-18,6910.08,Bank Transfer,Completed,Wednesday,0,0,0
PAY0006542,INV0007100,SUP00008,DPT002,2024-04-06,49103.52,Bank Transfer,Completed,Saturday,1,0,0
PAY0006543,INV0007101,SUP00001,DPT001,2024-12-18,11901.18,Bank Transfer,Completed,Wednesday,0,0,0
PAY0006544,INV0007103,SUP00007,DPT003,2024-10-19,14894.59,Bank Transfer,Completed,Saturday,1,0,0
PAY0006545,INV0007105,SUP00023,DPT005,2024-02-28,8144.69,Bank Transfer,Completed,Wednesday,0,0,0
PAY0006546,INV0007106,SUP00027,DPT004,2024-05-15,1937.0,Bank Transfer,Completed,Wednesday,0,0,0
PAY0006547,INV0007107,SUP00248,DPT012,2024-10-26,411.67,Bank Transfer,Completed,Saturday,1,0,0
PAY0006548,INV0007108,SUP00029,DPT003,2024-06-29,5817.43,Bank Transfer,Completed,Saturday,1,0,0
PAY0006549,INV0007109,SUP00108,DPT011,2024-12-14,37099.79,Check,Completed,Saturday,1,0,0
PAY0006550,INV0007110,SUP00113,DPT011,2024-08-12,42235.68,Bank Transfer,Completed,Monday,0,0,0
PAY0006551,INV0007111,SUP00035,DPT007,2024-07-01,4894.73,Bank Transfer,Completed,Monday,0,0,0
PAY0006552,INV0007112,SUP00010,DPT005,2024-04-20,4334.72,Bank Transfer,Completed,Saturday,1,0,0
PAY0006553,INV0007113,SUP00263,DPT009,2024-02-22,1007.4,Bank Transfer,Completed,Thursday,0,0,0
PAY0006554,INV0007114,SUP00024,DPT003,2024-07-23,20662.47,Bank Transfer,Completed,Tuesday,0,0,0
PAY0006555,INV0007115,SUP00067,DPT003,2025-01-11,9884.36,Bank Transfer,Completed,Saturday,1,0,0
PAY0006556,INV0007116,SUP00060,DPT002,2024-08-30,4848.29,Bank Transfer,Completed,Friday,0,0,0
PAY0006557,INV0007117,SUP00219,DPT002,2025-01-12,613.69,Bank Transfer,Completed,Sunday,1,0,0
PAY0006558,INV0007118,SUP00046,DPT002,2024-12-30,756.4,Bank Transfer,Completed,Monday,0,0,0
PAY0006559,INV0007119,SUP00025,DPT010,2024-09-30,6870.27,Bank Transfer,Completed,Monday,0,0,0
PAY0006560,INV0007120,SUP00026,DPT001,2024-11-30,1031.87,Bank Transfer,Completed,Saturday,1,0,0
PAY0006561,INV0007121,SUP00191,DPT004,2024-08-03,11296.99,Bank Transfer,Completed,Saturday,1,0,0
PAY0006562,INV0007123,SUP00282,DPT003,2024-06-24,1314.09,Bank Transfer,Completed,Monday,0,0,0
PAY0006563,INV0007124,SUP00230,DPT009,2024-06-08,6374.61,Bank Transfer,Pending,Saturday,1,0,1
PAY0006564,INV0007125,SUP00005,DPT009,2024-02-01,2048.99,Bank Transfer,Completed,Thursday,0,0,0
PAY0006565,INV0007126,SUP00012,DPT007,2024-09-02,17776.47,Bank Transfer,Completed,Monday,0,0,0
PAY0006566,INV0007127,SUP00265,DPT007,2024-09-23,261439.73,Bank Transfer,Completed,Monday,0,0,0
PAY0006567,INV0007128,SUP00010,DPT009,2024-06-20,5186.57,Bank Transfer,Completed,Thursday,0,0,0
PAY0006568,INV0007129,SUP00012,DPT003,2024-09-21,33240.88,Bank Transfer,Completed,Saturday,1,0,0
PAY0006569,INV0007130,SUP00008,DPT004,2024-10-25,19723.94,Bank Transfer,Completed,Friday,0,0,0
PAY0006570,INV0007131,SUP00002,DPT002,2025-03-09,5554.32,Bank Transfer,Completed,Sunday,1,0,0
PAY0006571,INV0007132,SUP00028,DPT002,2025-01-04,15051.03,Bank Transfer,Completed,Saturday,1,0,0
PAY0006572,INV0007133,SUP00176,DPT011,2024-04-11,1372.22,Bank Transfer,Completed,Thursday,0,0,0
PAY0006573,INV0007134,SUP00120,DPT008,2024-06-12,7054.81,Bank Transfer,Completed,Wednesday,0,0,0
PAY0006574,INV0007135,SUP00001,DPT004,2024-08-20,4253.28,Bank Transfer,Completed,Tuesday,0,0,0
PAY0006575,INV0007136,SUP00039,DPT001,2024-06-21,28423.02,Bank Transfer,Completed,Friday,0,0,0
PAY0006576,INV0007137,SUP00013,DPT008,2024-09-22,2843.13,Bank Transfer,Completed,Sunday,1,0,0
PAY0006577,INV0007138,SUP00109,DPT011,2024-03-29,1749.66,Bank Transfer,Completed,Friday,0,0,0
PAY0006578,INV0007139,SUP00020,DPT011,2024-05-01,1844.96,Bank Transfer,Completed,Wednesday,0,0,0
PAY0006579,INV0007140,SUP00309,DPT007,2024-07-02,16062.62,Bank Transfer,Completed,Tuesday,0,0,0
PAY0006580,INV0007141,SUP00219,DPT006,2024-03-21,4920.38,Bank Transfer,Completed,Thursday,0,0,0
PAY0006581,INV0007142,SUP00144,DPT001,2024-07-06,885.61,Bank Transfer,Completed,Saturday,1,0,0
PAY0006582,INV0007143,SUP00035,DPT001,2024-04-11,19154.21,Bank Transfer,Completed,Thursday,0,0,0
PAY0006583,INV0007144,SUP00079,DPT002,2025-01-04,1066.63,Bank Transfer,Completed,Saturday,1,0,0
PAY0006584,INV0007145,SUP00024,DPT005,2024-04-20,3211.34,Bank Transfer,Completed,Saturday,1,0,0
PAY0006585,INV0007146,SUP00199,DPT011,2024-06-17,4794.6,Bank Transfer,Completed,Monday,0,0,0
PAY0006586,INV0007147,SUP00266,DPT010,2024-09-26,1741.61,Bank Transfer,Completed,Thursday,0,0,0
PAY0006587,INV0007148,SUP00320,DPT003,2024-07-15,870.61,Check,Completed,Monday,0,0,0
PAY0006588,INV0007150,SUP00133,DPT003,2024-06-19,10124.62,Bank Transfer,Completed,Wednesday,0,0,0
PAY0006589,INV0007151,SUP00020,DPT005,2024-10-26,6382.75,Bank Transfer,Completed,Saturday,1,0,0
PAY0006590,INV0007152,SUP00001,DPT009,2024-06-27,9161.82,Bank Transfer,Pending,Thursday,0,0,1
PAY0006591,INV0007153,SUP00145,DPT009,2025-04-27,100185.46,Check,Completed,Sunday,1,0,0
PAY0006592,INV0007154,SUP00282,DPT010,2024-09-28,10895.08,Check,Completed,Saturday,1,0,0
PAY0006593,INV0007155,SUP00238,DPT005,2025-01-11,9500.58,Bank Transfer,Completed,Saturday,1,0,0
PAY0006594,INV0007156,SUP00249,DPT006,2024-05-26,9685.66,Bank Transfer,Completed,Sunday,1,0,0
PAY0006595,INV0007157,SUP00020,DPT011,2024-11-05,9708.27,Bank Transfer,Completed,Tuesday,0,0,0
PAY0006596,INV0007159,SUP00107,DPT002,2024-05-09,5234.94,Bank Transfer,Completed,Thursday,0,0,0
PAY0006597,INV0007160,SUP00050,DPT003,2024-12-10,6454.94,Bank Transfer,Completed,Tuesday,0,0,0
PAY0006598,INV0007161,SUP00005,DPT001,2024-07-28,1302.02,Bank Transfer,Completed,Sunday,1,0,0
PAY0006599,INV0007162,SUP00070,DPT001,2024-09-21,13228.79,Bank Transfer,Completed,Saturday,1,0,0
PAY0006600,INV0007163,SUP00010,DPT004,2024-02-01,2814.66,Bank Transfer,Completed,Thursday,0,0,0
PAY0006601,INV0007164,SUP00146,DPT008,2024-04-24,3016.96,Bank Transfer,Completed,Wednesday,0,0,0
PAY0006602,INV0007166,SUP00160,DPT003,2024-08-26,1776.04,Bank Transfer,Completed,Monday,0,0,0
PAY0006603,INV0007167,SUP00009,DPT003,2024-05-01,5360.31,Check,Completed,Wednesday,0,0,0
PAY0006604,INV0007168,SUP00026,DPT009,2024-12-30,15346.41,Card,Completed,Monday,0,0,0
PAY0006605,INV0007169,SUP00064,DPT002,2024-04-08,1702.98,Bank Transfer,Completed,Monday,0,0,0
PAY0006606,INV0007170,SUP00159,DPT001,2024-01-28,5865.96,Bank Transfer,Completed,Sunday,1,0,0
PAY0006607,INV0007171,SUP00005,DPT006,2024-09-03,12902.46,Bank Transfer,Completed,Tuesday,0,0,0
PAY0006608,INV0007172,SUP00041,DPT005,2024-04-02,346.53,Bank Transfer,Completed,Tuesday,0,0,0
PAY0006609,INV0007173,SUP00238,DPT001,2024-10-22,51120.58,Bank Transfer,Completed,Tuesday,0,0,0
PAY0006610,INV0007174,SUP00001,DPT008,2024-08-24,3621.6,Bank Transfer,Completed,Saturday,1,0,0
PAY0006611,INV0007175,SUP00160,DPT004,2025-01-23,2023.32,Bank Transfer,Completed,Thursday,0,0,0
PAY0006612,INV0007176,SUP00250,DPT005,2024-08-21,6696.92,Bank Transfer,Completed,Wednesday,0,0,0
PAY0006613,INV0007178,SUP00280,DPT001,2024-09-06,5676.53,Bank Transfer,Completed,Friday,0,0,0
PAY0006614,INV0007179,SUP00192,DPT002,2024-10-13,2588.84,Bank Transfer,Completed,Sunday,1,0,0
PAY0006615,INV0007180,SUP00036,DPT004,2025-01-04,21716.18,Bank Transfer,Completed,Saturday,1,0,0
PAY0006616,INV0007181,SUP00027,DPT002,2024-04-28,133862.83,Bank Transfer,Completed,Sunday,1,0,0
PAY0006617,INV0007182,SUP00002,DPT001,2025-01-07,13845.33,Bank Transfer,Completed,Tuesday,0,0,0
PAY0006618,INV0007183,SUP00001,DPT003,2024-10-20,7416.49,Bank Transfer,Completed,Sunday,1,0,0
PAY0006619,INV0007184,SUP00108,DPT004,2024-12-21,3130.87,Bank Transfer,Completed,Saturday,1,0,0
PAY0006620,INV0007186,SUP00011,DPT006,2025-01-23,2431.76,Bank Transfer,Completed,Thursday,0,0,0
PAY0006621,INV0007187,SUP00207,DPT011,2024-09-20,8675.21,Bank Transfer,Completed,Friday,0,0,0
PAY0006622,INV0007188,SUP00004,DPT004,2024-02-16,3314.24,Bank Transfer,Completed,Friday,0,0,0
PAY0006623,INV0007189,SUP00010,DPT004,2024-02-05,1417.71,Bank Transfer,Completed,Monday,0,0,0
PAY0006624,INV0007190,SUP00135,DPT003,2024-02-15,4634.83,Check,Completed,Thursday,0,0,0
PAY0006625,INV0007191,SUP00002,DPT001,2025-02-05,1902.16,Card,Completed,Wednesday,0,0,0
PAY0006626,INV0007192,SUP00037,DPT002,2024-10-13,32932.83,Bank Transfer,Completed,Sunday,1,0,0
PAY0006627,INV0007193,SUP00003,DPT001,2024-09-21,2548.65,Bank Transfer,Completed,Saturday,1,0,0
PAY0006628,INV0007194,SUP00180,DPT007,2025-01-29,5172.4,Bank Transfer,Completed,Wednesday,0,0,0
PAY0006629,INV0007195,SUP00105,DPT003,2024-11-10,2807.35,Bank Transfer,Completed,Sunday,1,0,0
PAY0006630,INV0007196,SUP00090,DPT001,2024-11-05,1439.45,Bank Transfer,Completed,Tuesday,0,0,0
PAY0006631,INV0007197,SUP00008,DPT008,2024-04-20,13318.85,Bank Transfer,Completed,Saturday,1,0,0
PAY0006632,INV0007198,SUP00158,DPT002,2024-04-13,5322.74,Bank Transfer,Completed,Saturday,1,0,0
PAY0006633,INV0007199,SUP00010,DPT010,2024-09-21,89617.03,Cash,Completed,Saturday,1,1,0
PAY0006634,INV0007200,SUP00067,DPT009,2024-03-19,19933.52,Bank Transfer,Completed,Tuesday,0,0,0
PAY0006635,INV0007201,SUP00004,DPT003,2025-02-14,6487.53,Bank Transfer,Completed,Friday,0,0,0
PAY0006636,INV0007202,SUP00004,DPT002,2025-01-12,9308.13,Bank Transfer,Completed,Sunday,1,0,0
PAY0006637,INV0007203,SUP00007,DPT012,2024-07-13,5418.28,Bank Transfer,Completed,Saturday,1,0,0
PAY0006638,INV0007204,SUP00008,DPT009,2024-01-29,1821.33,Bank Transfer,Completed,Monday,0,0,0
PAY0006639,INV0007205,SUP00005,DPT011,2024-12-25,1126.01,Bank Transfer,Completed,Wednesday,0,0,0
PAY0006640,INV0007206,SUP00004,DPT001,2025-03-15,1731.87,Check,Completed,Saturday,1,0,0
PAY0006641,INV0007207,SUP00249,DPT006,2024-08-06,27996.23,Bank Transfer,Completed,Tuesday,0,0,0
PAY0006642,INV0007208,SUP00058,DPT002,2024-09-10,8061.16,Bank Transfer,Pending,Tuesday,0,0,1
PAY0006643,INV0007209,SUP00098,DPT003,2024-06-24,11406.43,Bank Transfer,Completed,Monday,0,0,0
PAY0006644,INV0007210,SUP00010,DPT001,2024-12-28,14934.05,Card,Completed,Saturday,1,0,0
PAY0006645,INV0007211,SUP00002,DPT008,2024-11-06,4807.82,Bank Transfer,Completed,Wednesday,0,0,0
PAY0006646,INV0007212,SUP00302,DPT005,2024-05-17,2968.16,Bank Transfer,Completed,Friday,0,0,0
PAY0006647,INV0007213,SUP00002,DPT009,2024-11-14,60621.43,Bank Transfer,Completed,Thursday,0,0,0
PAY0006648,INV0007214,SUP00216,DPT001,2025-01-23,11178.67,Cash,Completed,Thursday,0,1,0
PAY0006649,INV0007215,SUP00123,DPT012,2024-02-28,881.29,Bank Transfer,Completed,Wednesday,0,0,0
PAY0006650,INV0007216,SUP00021,DPT003,2024-09-17,787.14,Bank Transfer,Completed,Tuesday,0,0,0
PAY0006651,INV0007217,SUP00171,DPT011,2024-08-08,14512.6,Bank Transfer,Completed,Thursday,0,0,0
PAY0006652,INV0007218,SUP00182,DPT007,2024-12-08,2164.7,Bank Transfer,Completed,Sunday,1,0,0
PAY0006653,INV0007220,SUP00052,DPT009,2024-04-24,478.72,Bank Transfer,Completed,Wednesday,0,0,0
PAY0006654,INV0007221,SUP00008,DPT005,2024-09-14,3630.36,Check,Completed,Saturday,1,0,0
PAY0006655,INV0007222,SUP00068,DPT002,2024-04-05,16977.63,Bank Transfer,Completed,Friday,0,0,0
PAY0006656,INV0007223,SUP00004,DPT002,2024-09-17,3223.1,Bank Transfer,Completed,Tuesday,0,0,0
PAY0006657,INV0007224,SUP00017,DPT011,2024-09-03,1594.45,Bank Transfer,Completed,Tuesday,0,0,0
PAY0006658,INV0007225,SUP00091,DPT012,2025-01-19,4669.27,Bank Transfer,Completed,Sunday,1,0,0
PAY0006659,INV0007226,SUP00009,DPT005,2024-10-21,6259.75,Bank Transfer,Completed,Monday,0,0,0
PAY0006660,INV0007227,SUP00241,DPT002,2024-12-01,4104.05,Bank Transfer,Completed,Sunday,1,0,0
PAY0006661,INV0007228,SUP00306,DPT003,2024-02-04,975.71,Bank Transfer,Completed,Sunday,1,0,0
PAY0006662,INV0007229,SUP00003,DPT002,2024-08-10,9312.07,Bank Transfer,Completed,Saturday,1,0,0
PAY0006663,INV0007230,SUP00007,DPT006,2024-09-29,3054.49,Bank Transfer,Completed,Sunday,1,0,0
PAY0006664,INV0007231,SUP00027,DPT004,2024-09-12,7491.9,Bank Transfer,Completed,Thursday,0,0,0
PAY0006665,INV0007232,SUP00002,DPT003,2024-06-07,1970.13,Bank Transfer,Completed,Friday,0,0,0
PAY0006666,INV0007233,SUP00004,DPT009,2024-10-03,25276.1,Bank Transfer,Completed,Thursday,0,0,0
PAY0006667,INV0007234,SUP00262,DPT012,2024-11-03,13474.53,Bank Transfer,Completed,Sunday,1,0,0
PAY0006668,INV0007235,SUP00002,DPT002,2024-12-21,3947.52,Bank Transfer,Completed,Saturday,1,0,0
PAY0006669,INV0007236,SUP00009,DPT004,2024-04-27,8574.51,Bank Transfer,Completed,Saturday,1,0,0
PAY0006670,INV0007237,SUP00022,DPT005,2024-08-12,38799.86,Check,Completed,Monday,0,0,0
PAY0006671,INV0007238,SUP00001,DPT002,2025-01-16,22763.84,Bank Transfer,Completed,Thursday,0,0,0
PAY0006672,INV0007239,SUP00209,DPT004,2025-01-26,33827.65,Bank Transfer,Completed,Sunday,1,0,0
PAY0006673,INV0007240,SUP00220,DPT001,2024-09-03,25034.93,Bank Transfer,Completed,Tuesday,0,0,0
PAY0006674,INV0007243,SUP00257,DPT003,2024-04-17,42209.12,Bank Transfer,Completed,Wednesday,0,0,0
PAY0006675,INV0007244,SUP00131,DPT007,2024-08-28,12338.02,Bank Transfer,Completed,Wednesday,0,0,0
PAY0006676,INV0007245,SUP00040,DPT001,2024-12-12,2376.35,Bank Transfer,Pending,Thursday,0,0,1
PAY0006677,INV0007246,SUP00019,DPT007,2024-04-03,6507.62,Check,Completed,Wednesday,0,0,0
PAY0006678,INV0007247,SUP00049,DPT006,2024-08-09,14186.15,Bank Transfer,Completed,Friday,0,0,0
PAY0006679,INV0007248,SUP00009,DPT009,2024-11-15,100634.53,Bank Transfer,Completed,Friday,0,0,0
PAY0006680,INV0007249,SUP00025,DPT002,2024-03-13,14349.45,Card,Completed,Wednesday,0,0,0
PAY0006681,INV0007250,SUP00135,DPT005,2024-06-14,2821.42,Bank Transfer,Completed,Friday,0,0,0
PAY0006682,INV0007251,SUP00021,DPT011,2025-01-18,4813.99,Bank Transfer,Completed,Saturday,1,0,0
PAY0006683,INV0007252,SUP00135,DPT002,2024-10-11,8733.43,Bank Transfer,Completed,Friday,0,0,0
PAY0006684,INV0007253,SUP00166,DPT001,2024-10-27,9668.84,Bank Transfer,Completed,Sunday,1,0,0
PAY0006685,INV0007256,SUP00007,DPT002,2024-11-28,218.44,Bank Transfer,Completed,Thursday,0,0,0
PAY0006686,INV0007258,SUP00214,DPT012,2024-05-13,5097.89,Bank Transfer,Completed,Monday,0,0,0
PAY0006687,INV0007259,SUP00004,DPT004,2024-11-22,4840.68,Bank Transfer,Completed,Friday,0,0,0
PAY0006688,INV0007260,SUP00259,DPT002,2024-04-25,6337.42,Bank Transfer,Failed,Thursday,0,0,1
PAY0006689,INV0007261,SUP00286,DPT005,2024-09-20,38028.89,Bank Transfer,Completed,Friday,0,0,0
PAY0006690,INV0007262,SUP00125,DPT001,2024-12-29,3400.63,Bank Transfer,Completed,Sunday,1,0,0
PAY0006691,INV0007263,SUP00004,DPT004,2024-10-19,9165.53,Bank Transfer,Completed,Saturday,1,0,0
PAY0006692,INV0007264,SUP00116,DPT001,2024-08-24,40812.97,Card,Completed,Saturday,1,0,0
PAY0006693,INV0007265,SUP00016,DPT005,2024-03-23,1804.78,Bank Transfer,Completed,Saturday,1,0,0
PAY0006694,INV0007266,SUP00010,DPT006,2024-09-12,44655.62,Bank Transfer,Pending,Thursday,0,0,1
PAY0006695,INV0007267,SUP00002,DPT001,2024-09-27,18229.42,Bank Transfer,Completed,Friday,0,0,0
PAY0006696,INV0007268,SUP00158,DPT005,2025-02-06,4110.17,Bank Transfer,Completed,Thursday,0,0,0
PAY0006697,INV0007269,SUP00065,DPT011,2024-08-04,328.33,Bank Transfer,Completed,Sunday,1,0,0
PAY0006698,INV0007270,SUP00025,DPT004,2024-02-29,28736.73,Bank Transfer,Completed,Thursday,0,0,0
PAY0006699,INV0007271,SUP00019,DPT011,2025-01-17,45788.58,Bank Transfer,Completed,Friday,0,0,0
PAY0006700,INV0007272,SUP00021,DPT012,2024-06-21,2709.63,Card,Completed,Friday,0,0,0
PAY0006701,INV0007273,SUP00025,DPT002,2024-11-08,49617.74,Bank Transfer,Completed,Friday,0,0,0
PAY0006702,INV0007274,SUP00027,DPT005,2024-05-05,838.79,Bank Transfer,Completed,Sunday,1,0,0
PAY0006703,INV0007275,SUP00004,DPT009,2025-02-11,8568.3,Bank Transfer,Completed,Tuesday,0,0,0
PAY0006704,INV0007277,SUP00003,DPT008,2024-03-17,1289.71,Bank Transfer,Pending,Sunday,1,0,1
PAY0006705,INV0007278,SUP00188,DPT002,2025-01-09,4472.01,Bank Transfer,Completed,Thursday,0,0,0
PAY0006706,INV0007279,SUP00039,DPT011,2024-11-14,5697.41,Bank Transfer,Completed,Thursday,0,0,0
PAY0006707,INV0007280,SUP00202,DPT002,2025-03-02,1525.09,Bank Transfer,Completed,Sunday,1,0,0
PAY0006708,INV0007282,SUP00006,DPT010,2024-07-03,2676.67,Bank Transfer,Completed,Wednesday,0,0,0
PAY0006709,INV0007283,SUP00010,DPT003,2024-07-07,3977.36,Bank Transfer,Completed,Sunday,1,0,0
PAY0006710,INV0007284,SUP00008,DPT005,2024-07-22,30856.15,Bank Transfer,Completed,Monday,0,0,0
PAY0006711,INV0007285,SUP00024,DPT007,2024-12-08,99168.51,Bank Transfer,Pending,Sunday,1,0,1
PAY0006712,INV0007287,SUP00004,DPT004,2025-01-21,4469.76,Bank Transfer,Completed,Tuesday,0,0,0
PAY0006713,INV0007288,SUP00020,DPT006,2024-11-22,6725.9,Card,Completed,Friday,0,0,0
PAY0006714,INV0007289,SUP00004,DPT002,2024-06-23,4507.03,Bank Transfer,Completed,Sunday,1,0,0
PAY0006715,INV0007290,SUP00019,DPT001,2024-02-10,16002.74,Bank Transfer,Completed,Saturday,1,0,0
PAY0006716,INV0007291,SUP00074,DPT001,2024-05-25,9510.86,Bank Transfer,Completed,Saturday,1,0,0
PAY0006717,INV0007292,SUP00003,DPT004,2024-04-21,3057.9,Check,Completed,Sunday,1,0,0
PAY0006718,INV0007293,SUP00003,DPT005,2024-11-09,13652.99,Check,Failed,Saturday,1,0,1
PAY0006719,INV0007294,SUP00162,DPT001,2024-07-17,10383.91,Bank Transfer,Completed,Wednesday,0,0,0
PAY0006720,INV0007295,SUP00021,DPT002,2024-08-03,10085.78,Bank Transfer,Completed,Saturday,1,0,0
PAY0006721,INV0007296,SUP00015,DPT002,2024-10-31,5076.26,Bank Transfer,Failed,Thursday,0,0,1
PAY0006722,INV0007297,SUP00135,DPT010,2024-03-10,8326.92,Bank Transfer,Completed,Sunday,1,0,0
PAY0006723,INV0007298,SUP00003,DPT001,2024-07-28,6773.27,Bank Transfer,Completed,Sunday,1,0,0
PAY0006724,INV0007299,SUP00238,DPT004,2024-07-23,4364.48,Bank Transfer,Completed,Tuesday,0,0,0
PAY0006725,INV0007300,SUP00188,DPT009,2024-04-30,10420.69,Bank Transfer,Completed,Tuesday,0,0,0
PAY0006726,INV0007301,SUP00019,DPT010,2024-05-21,11196.24,Bank Transfer,Completed,Tuesday,0,0,0
PAY0006727,INV0007302,SUP00027,DPT007,2024-11-25,11484.16,Bank Transfer,Completed,Monday,0,0,0
PAY0006728,INV0007304,SUP00194,DPT001,2024-05-27,462.91,Bank Transfer,Completed,Monday,0,0,0
PAY0006729,INV0007305,SUP00001,DPT002,2025-01-21,17203.68,Bank Transfer,Pending,Tuesday,0,0,1
PAY0006730,INV0007307,SUP00010,DPT003,2024-12-17,21704.31,Bank Transfer,Completed,Tuesday,0,0,0
PAY0006731,INV0007308,SUP00190,DPT003,2024-09-05,1277.87,Bank Transfer,Completed,Thursday,0,0,0
PAY0006732,INV0007309,SUP00311,DPT002,2024-04-16,36439.38,Bank Transfer,Completed,Tuesday,0,0,0
PAY0006733,INV0007310,SUP00010,DPT004,2024-10-16,490.36,Bank Transfer,Completed,Wednesday,0,0,0
PAY0006734,INV0007311,SUP00024,DPT003,2024-05-04,8669.56,Bank Transfer,Completed,Saturday,1,0,0
PAY0006735,INV0007312,SUP00054,DPT003,2024-08-27,3902.42,Bank Transfer,Completed,Tuesday,0,0,0
PAY0006736,INV0007313,SUP00056,DPT001,2024-12-27,10109.01,Bank Transfer,Completed,Friday,0,0,0
PAY0006737,INV0007315,SUP00075,DPT001,2024-04-24,7904.26,Cash,Completed,Wednesday,0,1,0
PAY0006738,INV0007316,SUP00158,DPT005,2025-05-04,17685.25,Check,Completed,Sunday,1,0,0
PAY0006739,INV0007317,SUP00287,DPT007,2024-03-17,35595.0,Bank Transfer,Completed,Sunday,1,0,0
PAY0006740,INV0007318,SUP00158,DPT005,2024-04-14,2901.56,Bank Transfer,Completed,Sunday,1,0,0
PAY0006741,INV0007319,SUP00086,DPT002,2024-06-19,9487.56,Bank Transfer,Completed,Wednesday,0,0,0
PAY0006742,INV0007320,SUP00008,DPT006,2024-11-13,29061.11,Cash,Completed,Wednesday,0,1,0
PAY0006743,INV0007321,SUP00004,DPT004,2024-05-29,9057.46,Card,Completed,Wednesday,0,0,0
PAY0006744,INV0007322,SUP00105,DPT003,2024-04-21,3095.33,Bank Transfer,Completed,Sunday,1,0,0
PAY0006745,INV0007323,SUP00099,DPT002,2024-11-20,10606.28,Bank Transfer,Completed,Wednesday,0,0,0
PAY0006746,INV0007324,SUP00226,DPT012,2024-02-17,7063.0,Bank Transfer,Completed,Saturday,1,0,0
PAY0006747,INV0007325,SUP00024,DPT004,2024-09-26,10676.48,Bank Transfer,Completed,Thursday,0,0,0
PAY0006748,INV0007326,SUP00006,DPT004,2024-11-20,3317.09,Bank Transfer,Pending,Wednesday,0,0,1
PAY0006749,INV0007327,SUP00008,DPT001,2024-11-22,7991.98,Card,Completed,Friday,0,0,0
PAY0006750,INV0007329,SUP00011,DPT003,2024-08-05,3381.21,Bank Transfer,Completed,Monday,0,0,0
PAY0006751,INV0007330,SUP00006,DPT008,2024-07-09,27385.04,Bank Transfer,Completed,Tuesday,0,0,0
PAY0006752,INV0007331,SUP00004,DPT001,2024-05-03,3317.86,Check,Completed,Friday,0,0,0
PAY0006753,INV0007332,SUP00021,DPT003,2024-05-03,2533.69,Check,Completed,Friday,0,0,0
PAY0006754,INV0007333,SUP00014,DPT008,2024-05-16,1549.76,Bank Transfer,Completed,Thursday,0,0,0
PAY0006755,INV0007335,SUP00236,DPT001,2024-07-19,20010.93,Bank Transfer,Completed,Friday,0,0,0
PAY0006756,INV0007336,SUP00007,DPT009,2024-03-01,13837.19,Cash,Completed,Friday,0,1,0
PAY0006757,INV0007337,SUP00175,DPT012,2024-06-04,99149.24,Bank Transfer,Completed,Tuesday,0,0,0
PAY0006758,INV0007338,SUP00028,DPT003,2024-04-22,853.55,Bank Transfer,Completed,Monday,0,0,0
PAY0006759,INV0007339,SUP00277,DPT006,2024-05-29,720.99,Bank Transfer,Pending,Wednesday,0,0,1
PAY0006760,INV0007340,SUP00089,DPT003,2024-12-15,10021.98,Bank Transfer,Completed,Sunday,1,0,0
PAY0006761,INV0007341,SUP00007,DPT005,2024-12-20,20177.92,Bank Transfer,Completed,Friday,0,0,0
PAY0006762,INV0007343,SUP00301,DPT006,2024-07-30,3326.32,Bank Transfer,Completed,Tuesday,0,0,0
PAY0006763,INV0007345,SUP00028,DPT002,2024-09-04,453.31,Bank Transfer,Completed,Wednesday,0,0,0
PAY0006764,INV0007346,SUP00063,DPT005,2024-06-04,38955.1,Check,Pending,Tuesday,0,0,1
PAY0006765,INV0007347,SUP00053,DPT006,2024-05-24,23099.31,Bank Transfer,Completed,Friday,0,0,0
PAY0006766,INV0007348,SUP00181,DPT005,2024-02-17,17023.67,Check,Completed,Saturday,1,0,0
PAY0006767,INV0007349,SUP00027,DPT001,2025-01-26,2205.05,Card,Completed,Sunday,1,0,0
PAY0006768,INV0007350,SUP00005,DPT003,2024-10-08,3855.96,Bank Transfer,Completed,Tuesday,0,0,0
PAY0006769,INV0007351,SUP00012,DPT008,2025-01-02,4666.75,Bank Transfer,Completed,Thursday,0,0,0
PAY0006770,INV0007352,SUP00066,DPT002,2025-04-30,41452.46,Bank Transfer,Completed,Wednesday,0,0,0
PAY0006771,INV0007353,SUP00015,DPT010,2024-06-13,18517.2,Bank Transfer,Completed,Thursday,0,0,0
PAY0006772,INV0007354,SUP00210,DPT004,2024-12-30,4749.29,Bank Transfer,Completed,Monday,0,0,0
PAY0006773,INV0007355,SUP00290,DPT009,2024-04-08,11658.09,Bank Transfer,Completed,Monday,0,0,0
PAY0006774,INV0007356,SUP00008,DPT003,2024-10-05,2087.11,Bank Transfer,Completed,Saturday,1,0,0
PAY0006775,INV0007357,SUP00255,DPT003,2025-01-15,1213.1,Bank Transfer,Completed,Wednesday,0,0,0
PAY0006776,INV0007358,SUP00153,DPT012,2024-09-01,5445.09,Bank Transfer,Completed,Sunday,1,0,0
PAY0006777,INV0007359,SUP00077,DPT005,2024-10-12,1622.97,Bank Transfer,Completed,Saturday,1,0,0
PAY0006778,INV0007360,SUP00005,DPT001,2024-08-12,867.83,Bank Transfer,Completed,Monday,0,0,0
PAY0006779,INV0007361,SUP00021,DPT011,2025-01-15,6191.09,Bank Transfer,Completed,Wednesday,0,0,0
PAY0006780,INV0007362,SUP00318,DPT003,2024-07-25,4408.06,Bank Transfer,Completed,Thursday,0,0,0
PAY0006781,INV0007363,SUP00113,DPT007,2024-06-22,1909.21,Bank Transfer,Completed,Saturday,1,0,0
PAY0006782,INV0007364,SUP00080,DPT001,2024-06-19,3834.61,Bank Transfer,Completed,Wednesday,0,0,0
PAY0006783,INV0007365,SUP00002,DPT010,2025-02-19,9211.72,Bank Transfer,Completed,Wednesday,0,0,0
PAY0006784,INV0007366,SUP00012,DPT011,2024-03-15,4713.59,Bank Transfer,Completed,Friday,0,0,0
PAY0006785,INV0007367,SUP00029,DPT003,2024-10-17,7017.93,Bank Transfer,Failed,Thursday,0,0,1
PAY0006786,INV0007368,SUP00109,DPT002,2024-09-12,4982.66,Check,Completed,Thursday,0,0,0
PAY0006787,INV0007369,SUP00236,DPT005,2024-06-21,43110.72,Bank Transfer,Completed,Friday,0,0,0
PAY0006788,INV0007370,SUP00026,DPT002,2024-07-04,27354.48,Bank Transfer,Completed,Thursday,0,0,0
PAY0006789,INV0007371,SUP00009,DPT004,2024-11-03,6734.51,Cash,Completed,Sunday,1,1,0
PAY0006790,INV0007372,SUP00010,DPT006,2024-06-20,99915.94,Bank Transfer,Completed,Thursday,0,0,0
PAY0006791,INV0007373,SUP00005,DPT002,2024-06-28,3126.79,Check,Completed,Friday,0,0,0
PAY0006792,INV0007374,SUP00005,DPT011,2025-01-16,1343.43,Bank Transfer,Completed,Thursday,0,0,0
PAY0006793,INV0007375,SUP00011,DPT007,2024-06-23,2407.97,Bank Transfer,Completed,Sunday,1,0,0
PAY0006794,INV0007376,SUP00183,DPT003,2024-12-13,13121.52,Bank Transfer,Completed,Friday,0,0,0
PAY0006795,INV0007377,SUP00021,DPT004,2024-05-31,3025.4,Bank Transfer,Completed,Friday,0,0,0
PAY0006796,INV0007378,SUP00238,DPT009,2025-03-09,4924.5,Bank Transfer,Completed,Sunday,1,0,0
PAY0006797,INV0007379,SUP00291,DPT004,2024-07-19,23326.29,Cash,Completed,Friday,0,1,0
PAY0006798,INV0007380,SUP00003,DPT012,2024-06-11,11173.03,Bank Transfer,Completed,Tuesday,0,0,0
PAY0006799,INV0007382,SUP00003,DPT003,2024-11-19,5227.2,Bank Transfer,Completed,Tuesday,0,0,0
PAY0006800,INV0007383,SUP00003,DPT005,2024-05-19,15310.79,Bank Transfer,Completed,Sunday,1,0,0
PAY0006801,INV0007384,SUP00010,DPT002,2025-03-19,17412.45,Bank Transfer,Completed,Wednesday,0,0,0
PAY0006802,INV0007385,SUP00004,DPT003,2024-07-23,8706.05,Bank Transfer,Completed,Tuesday,0,0,0
PAY0006803,INV0007386,SUP00122,DPT005,2024-12-18,4435.85,Bank Transfer,Completed,Wednesday,0,0,0
PAY0006804,INV0007387,SUP00153,DPT002,2024-08-28,1372.32,Bank Transfer,Completed,Wednesday,0,0,0
PAY0006805,INV0007388,SUP00108,DPT002,2024-09-07,10784.84,Bank Transfer,Completed,Saturday,1,0,0
PAY0006806,INV0007389,SUP00070,DPT002,2024-04-28,9084.39,Bank Transfer,Completed,Sunday,1,0,0
PAY0006807,INV0007390,SUP00191,DPT001,2024-05-23,964.49,Bank Transfer,Completed,Thursday,0,0,0
PAY0006808,INV0007391,SUP00186,DPT002,2024-05-28,5013.25,Bank Transfer,Completed,Tuesday,0,0,0
PAY0006809,INV0007392,SUP00244,DPT001,2024-05-29,8537.68,Bank Transfer,Completed,Wednesday,0,0,0
PAY0006810,INV0007393,SUP00139,DPT011,2024-11-23,4489.4,Bank Transfer,Completed,Saturday,1,0,0
PAY0006811,INV0007394,SUP00015,DPT002,2024-10-02,47936.34,Bank Transfer,Completed,Wednesday,0,0,0
PAY0006812,INV0007395,SUP00040,DPT001,2024-11-10,34696.87,Bank Transfer,Pending,Sunday,1,0,1
PAY0006813,INV0007396,SUP00029,DPT011,2025-01-12,1380.89,Bank Transfer,Completed,Sunday,1,0,0
PAY0006814,INV0007397,SUP00004,DPT008,2025-01-28,4592.1,Bank Transfer,Completed,Tuesday,0,0,0
PAY0006815,INV0007398,SUP00209,DPT002,2024-08-05,18091.35,Bank Transfer,Completed,Monday,0,0,0
PAY0006816,INV0007399,SUP00269,DPT010,2024-12-17,5484.42,Check,Completed,Tuesday,0,0,0
PAY0006817,INV0007400,SUP00311,DPT010,2024-03-24,19959.1,Bank Transfer,Completed,Sunday,1,0,0
PAY0006818,INV0007401,SUP00009,DPT008,2024-08-26,2913.11,Bank Transfer,Completed,Monday,0,0,0
PAY0006819,INV0007402,SUP00004,DPT006,2024-07-27,999.08,Bank Transfer,Completed,Saturday,1,0,0
PAY0006820,INV0007403,SUP00004,DPT005,2024-06-02,13341.75,Bank Transfer,Completed,Sunday,1,0,0
PAY0006821,INV0007405,SUP00103,DPT004,2024-04-21,116039.78,Bank Transfer,Completed,Sunday,1,0,0
PAY0006822,INV0007406,SUP00177,DPT009,2024-08-31,17405.35,Bank Transfer,Completed,Saturday,1,0,0
PAY0006823,INV0007407,SUP00265,DPT001,2024-08-06,1729.01,Bank Transfer,Completed,Tuesday,0,0,0
PAY0006824,INV0007408,SUP00008,DPT007,2024-03-29,12760.69,Bank Transfer,Completed,Friday,0,0,0
PAY0006825,INV0007409,SUP00016,DPT012,2024-11-12,5559.16,Bank Transfer,Completed,Tuesday,0,0,0
PAY0006826,INV0007410,SUP00198,DPT001,2024-04-30,11119.3,Check,Completed,Tuesday,0,0,0
PAY0006827,INV0007411,SUP00009,DPT002,2024-06-30,2657.04,Bank Transfer,Completed,Sunday,1,0,0
PAY0006828,INV0007412,SUP00030,DPT009,2024-12-21,8589.47,Bank Transfer,Completed,Saturday,1,0,0
PAY0006829,INV0007413,SUP00024,DPT008,2024-08-05,20308.89,Cash,Completed,Monday,0,1,0
PAY0006830,INV0007414,SUP00082,DPT008,2024-09-09,15344.7,Bank Transfer,Completed,Monday,0,0,0
PAY0006831,INV0007415,SUP00314,DPT012,2024-04-25,21010.83,Bank Transfer,Completed,Thursday,0,0,0
PAY0006832,INV0007416,SUP00004,DPT001,2025-01-20,218143.9,Bank Transfer,Completed,Monday,0,0,0
PAY0006833,INV0007417,SUP00028,DPT007,2024-08-21,3471.1,Bank Transfer,Completed,Wednesday,0,0,0
PAY0006834,INV0007418,SUP00296,DPT006,2024-08-03,48017.46,Bank Transfer,Completed,Saturday,1,0,0
PAY0006835,INV0007419,SUP00015,DPT002,2024-05-12,8449.86,Bank Transfer,Completed,Sunday,1,0,0
PAY0006836,INV0007420,SUP00167,DPT002,2025-02-15,3843.87,Bank Transfer,Completed,Saturday,1,0,0
PAY0006837,INV0007421,SUP00279,DPT006,2024-10-09,5945.41,Bank Transfer,Completed,Wednesday,0,0,0
PAY0006838,INV0007422,SUP00008,DPT006,2024-03-08,17236.0,Bank Transfer,Completed,Friday,0,0,0
PAY0006839,INV0007423,SUP00003,DPT006,2024-09-09,3961.67,Check,Completed,Monday,0,0,0
PAY0006840,INV0007424,SUP00003,DPT004,2024-05-31,633.44,Bank Transfer,Completed,Friday,0,0,0
PAY0006841,INV0007425,SUP00003,DPT007,2025-01-10,15931.89,Check,Failed,Friday,0,0,1
PAY0006842,INV0007426,SUP00015,DPT003,2024-03-20,7746.38,Bank Transfer,Completed,Wednesday,0,0,0
PAY0006843,INV0007427,SUP00005,DPT002,2024-11-02,3358.39,Bank Transfer,Completed,Saturday,1,0,0
PAY0006844,INV0007428,SUP00020,DPT006,2024-05-18,1430.81,Bank Transfer,Completed,Saturday,1,0,0
PAY0006845,INV0007429,SUP00175,DPT006,2024-10-31,9515.5,Bank Transfer,Completed,Thursday,0,0,0
PAY0006846,INV0007430,SUP00010,DPT009,2024-04-18,26528.43,Bank Transfer,Completed,Thursday,0,0,0
PAY0006847,INV0007431,SUP00028,DPT004,2025-01-04,2133.41,Bank Transfer,Completed,Saturday,1,0,0
PAY0006848,INV0007432,SUP00005,DPT008,2024-09-09,8387.28,Bank Transfer,Completed,Monday,0,0,0
PAY0006849,INV0007433,SUP00142,DPT011,2024-06-12,76978.23,Bank Transfer,Completed,Wednesday,0,0,0
PAY0006850,INV0007434,SUP00012,DPT004,2024-11-22,17601.93,Bank Transfer,Completed,Friday,0,0,0
PAY0006851,INV0007436,SUP00294,DPT011,2024-07-17,5366.32,Check,Completed,Wednesday,0,0,0
PAY0006852,INV0007437,SUP00185,DPT003,2024-06-25,3578.03,Bank Transfer,Completed,Tuesday,0,0,0
PAY0006853,INV0007438,SUP00115,DPT008,2024-03-13,6570.59,Bank Transfer,Completed,Wednesday,0,0,0
PAY0006854,INV0007440,SUP00022,DPT004,2024-10-25,4529.87,Bank Transfer,Completed,Friday,0,0,0
PAY0006855,INV0007441,SUP00010,DPT010,2024-04-18,5447.09,Bank Transfer,Completed,Thursday,0,0,0
PAY0006856,INV0007442,SUP00030,DPT002,2024-09-23,960.36,Bank Transfer,Completed,Monday,0,0,0
PAY0006857,INV0007443,SUP00217,DPT001,2024-07-27,5285.15,Bank Transfer,Completed,Saturday,1,0,0
PAY0006858,INV0007444,SUP00299,DPT002,2024-05-13,136866.15,Bank Transfer,Completed,Monday,0,0,0
PAY0006859,INV0007445,SUP00088,DPT010,2024-12-24,1274.66,Bank Transfer,Completed,Tuesday,0,0,0
PAY0006860,INV0007446,SUP00018,DPT003,2024-11-17,37003.41,Card,Completed,Sunday,1,0,0
PAY0006861,INV0007447,SUP00154,DPT007,2024-04-06,21049.62,Check,Completed,Saturday,1,0,0
PAY0006862,INV0007448,SUP00142,DPT002,2024-10-14,13303.3,Bank Transfer,Completed,Monday,0,0,0
PAY0006863,INV0007449,SUP00009,DPT004,2024-09-03,3502.63,Cash,Completed,Tuesday,0,1,0
PAY0006864,INV0007450,SUP00023,DPT005,2024-03-18,18627.0,Bank Transfer,Completed,Monday,0,0,0
PAY0006865,INV0007451,SUP00005,DPT002,2024-06-22,54078.34,Bank Transfer,Completed,Saturday,1,0,0
PAY0006866,INV0007452,SUP00020,DPT003,2024-11-17,23805.77,Check,Completed,Sunday,1,0,0
PAY0006867,INV0007453,SUP00181,DPT002,2024-03-11,8805.81,Bank Transfer,Completed,Monday,0,0,0
PAY0006868,INV0007454,SUP00011,DPT001,2024-12-12,6667.49,Bank Transfer,Completed,Thursday,0,0,0
PAY0006869,INV0007456,SUP00013,DPT005,2024-06-21,7464.17,Bank Transfer,Completed,Friday,0,0,0
PAY0006870,INV0007457,SUP00005,DPT001,2024-12-14,12526.74,Check,Completed,Saturday,1,0,0
PAY0006871,INV0007458,SUP00168,DPT003,2024-07-11,6903.91,Bank Transfer,Completed,Thursday,0,0,0
PAY0006872,INV0007459,SUP00078,DPT004,2024-11-13,6185.46,Bank Transfer,Completed,Wednesday,0,0,0
PAY0006873,INV0007460,SUP00218,DPT011,2024-05-22,6398.44,Bank Transfer,Completed,Wednesday,0,0,0
PAY0006874,INV0007461,SUP00131,DPT006,2024-05-17,57022.45,Bank Transfer,Completed,Friday,0,0,0
PAY0006875,INV0007464,SUP00093,DPT009,2024-08-22,429.07,Cash,Completed,Thursday,0,1,0
PAY0006876,INV0007465,SUP00017,DPT001,2024-10-30,20717.5,Bank Transfer,Completed,Wednesday,0,0,0
PAY0006877,INV0007466,SUP00171,DPT005,2025-01-30,13476.33,Bank Transfer,Completed,Thursday,0,0,0
PAY0006878,INV0007467,SUP00073,DPT003,2024-04-29,13105.3,Bank Transfer,Completed,Monday,0,0,0
PAY0006879,INV0007468,SUP00002,DPT008,2024-04-30,13613.77,Check,Completed,Tuesday,0,0,0
PAY0006880,INV0007469,SUP00045,DPT010,2024-05-08,2240.12,Cash,Completed,Wednesday,0,1,0
PAY0006881,INV0007470,SUP00170,DPT007,2025-03-02,4818.03,Bank Transfer,Completed,Sunday,1,0,0
PAY0006882,INV0007471,SUP00009,DPT001,2024-08-06,50681.36,Cash,Completed,Tuesday,0,1,0
PAY0006883,INV0007472,SUP00117,DPT006,2024-05-17,1357.47,Bank Transfer,Completed,Friday,0,0,0
PAY0006884,INV0007473,SUP00227,DPT008,2024-05-02,1464.13,Bank Transfer,Completed,Thursday,0,0,0
PAY0006885,INV0007474,SUP00003,DPT001,2024-11-23,1248.59,Check,Completed,Saturday,1,0,0
PAY0006886,INV0007475,SUP00072,DPT002,2025-01-27,49429.05,Bank Transfer,Completed,Monday,0,0,0
PAY0006887,INV0007479,SUP00100,DPT010,2024-02-11,672.21,Bank Transfer,Completed,Sunday,1,0,0
PAY0006888,INV0007480,SUP00076,DPT011,2024-04-01,2603.52,Bank Transfer,Completed,Monday,0,0,0
PAY0006889,INV0007481,SUP00199,DPT003,2024-06-23,3060.61,Bank Transfer,Completed,Sunday,1,0,0
PAY0006890,INV0007482,SUP00102,DPT012,2024-04-16,44263.91,Bank Transfer,Completed,Tuesday,0,0,0
PAY0006891,INV0007483,SUP00070,DPT010,2024-08-20,7852.22,Card,Completed,Tuesday,0,0,0
PAY0006892,INV0007484,SUP00025,DPT005,2024-09-21,6287.18,Bank Transfer,Completed,Saturday,1,0,0
PAY0006893,INV0007485,SUP00003,DPT008,2024-06-25,8342.89,Bank Transfer,Completed,Tuesday,0,0,0
PAY0006894,INV0007486,SUP00079,DPT011,2025-02-24,5239.93,Bank Transfer,Completed,Monday,0,0,0
PAY0006895,INV0007487,SUP00006,DPT008,2025-01-18,66322.07,Bank Transfer,Completed,Saturday,1,0,0
PAY0006896,INV0007489,SUP00003,DPT002,2024-08-06,24387.8,Bank Transfer,Completed,Tuesday,0,0,0
PAY0006897,INV0007490,SUP00003,DPT004,2024-04-19,22133.27,Bank Transfer,Completed,Friday,0,0,0
PAY0006898,INV0007491,SUP00195,DPT002,2024-06-19,3613.19,Bank Transfer,Completed,Wednesday,0,0,0
PAY0006899,INV0007492,SUP00004,DPT001,2025-03-01,11648.44,Bank Transfer,Pending,Saturday,1,0,1
PAY0006900,INV0007493,SUP00020,DPT004,2024-08-02,672.84,Bank Transfer,Completed,Friday,0,0,0
PAY0006901,INV0007494,SUP00278,DPT003,2024-10-06,4281.17,Bank Transfer,Completed,Sunday,1,0,0
PAY0006902,INV0007495,SUP00195,DPT001,2024-11-30,1125.27,Bank Transfer,Completed,Saturday,1,0,0
PAY0006903,INV0007496,SUP00008,DPT010,2024-05-01,11889.75,Bank Transfer,Completed,Wednesday,0,0,0
PAY0006904,INV0007497,SUP00009,DPT001,2024-06-01,6082.54,Bank Transfer,Completed,Saturday,1,0,0
PAY0006905,INV0007498,SUP00080,DPT006,2024-07-09,16432.18,Cash,Completed,Tuesday,0,1,0
PAY0006906,INV0007499,SUP00028,DPT005,2025-01-31,14494.7,Bank Transfer,Failed,Friday,0,0,1
PAY0006907,INV0007500,SUP00004,DPT012,2024-11-07,24520.57,Bank Transfer,Failed,Thursday,0,0,1
PAY0006908,INV0007501,SUP00006,DPT002,2024-03-20,2779.18,Bank Transfer,Completed,Wednesday,0,0,0
PAY0006909,INV0007502,SUP00204,DPT002,2024-07-26,844.63,Bank Transfer,Completed,Friday,0,0,0
PAY0006910,INV0007503,SUP00014,DPT006,2024-05-08,63396.43,Bank Transfer,Completed,Wednesday,0,0,0
PAY0006911,INV0007506,SUP00084,DPT002,2024-06-21,23283.88,Bank Transfer,Completed,Friday,0,0,0
PAY0006912,INV0007507,SUP00030,DPT003,2024-05-29,4860.99,Bank Transfer,Completed,Wednesday,0,0,0
PAY0006913,INV0007508,SUP00013,DPT001,2024-07-13,1884.02,Bank Transfer,Completed,Saturday,1,0,0
PAY0006914,INV0007510,SUP00005,DPT003,2024-04-09,3686.72,Bank Transfer,Completed,Tuesday,0,0,0
PAY0006915,INV0007511,SUP00236,DPT002,2024-02-09,56719.36,Bank Transfer,Completed,Friday,0,0,0
PAY0006916,INV0007512,SUP00169,DPT006,2025-01-18,10307.14,Cash,Completed,Saturday,1,1,0
PAY0006917,INV0007513,SUP00010,DPT002,2024-10-12,22070.95,Bank Transfer,Completed,Saturday,1,0,0
PAY0006918,INV0007514,SUP00073,DPT001,2024-02-08,21433.99,Bank Transfer,Completed,Thursday,0,0,0
PAY0006919,INV0007516,SUP00022,DPT009,2024-03-17,13687.53,Bank Transfer,Completed,Sunday,1,0,0
PAY0006920,INV0007517,SUP00016,DPT006,2024-11-02,66827.05,Bank Transfer,Completed,Saturday,1,0,0
PAY0006921,INV0007518,SUP00202,DPT004,2024-05-03,30767.14,Bank Transfer,Completed,Friday,0,0,0
PAY0006922,INV0007519,SUP00001,DPT004,2024-10-14,101247.49,Bank Transfer,Completed,Monday,0,0,0
PAY0006923,INV0007520,SUP00135,DPT012,2024-09-04,4959.86,Bank Transfer,Completed,Wednesday,0,0,0
PAY0006924,INV0007521,SUP00008,DPT001,2024-10-30,6101.77,Bank Transfer,Completed,Wednesday,0,0,0
PAY0006925,INV0007522,SUP00140,DPT002,2024-11-24,2594.54,Bank Transfer,Completed,Sunday,1,0,0
PAY0006926,INV0007523,SUP00024,DPT010,2025-01-03,5069.69,Bank Transfer,Completed,Friday,0,0,0
PAY0006927,INV0007524,SUP00001,DPT005,2024-06-01,3460.12,Bank Transfer,Completed,Saturday,1,0,0
PAY0006928,INV0007526,SUP00053,DPT007,2024-06-12,7186.39,Card,Completed,Wednesday,0,0,0
PAY0006929,INV0007527,SUP00011,DPT008,2024-04-13,1294.78,Bank Transfer,Completed,Saturday,1,0,0
PAY0006930,INV0007528,SUP00145,DPT005,2025-01-08,4427.65,Bank Transfer,Completed,Wednesday,0,0,0
PAY0006931,INV0007529,SUP00029,DPT001,2025-02-03,2870.59,Bank Transfer,Completed,Monday,0,0,0
PAY0006932,INV0007531,SUP00114,DPT005,2024-08-01,1628.99,Bank Transfer,Completed,Thursday,0,0,0
PAY0006933,INV0007532,SUP00303,DPT001,2024-07-22,6571.08,Bank Transfer,Completed,Monday,0,0,0
PAY0006934,INV0007534,SUP00240,DPT003,2024-05-16,6011.01,Bank Transfer,Completed,Thursday,0,0,0
PAY0006935,INV0007535,SUP00097,DPT003,2024-08-04,1908.1,Bank Transfer,Completed,Sunday,1,0,0
PAY0006936,INV0007536,SUP00003,DPT001,2024-07-13,3220.97,Bank Transfer,Completed,Saturday,1,0,0
PAY0006937,INV0007539,SUP00199,DPT005,2024-10-12,20172.51,Bank Transfer,Completed,Saturday,1,0,0
PAY0006938,INV0007540,SUP00106,DPT003,2024-05-24,8965.23,Bank Transfer,Completed,Friday,0,0,0
PAY0006939,INV0007541,SUP00001,DPT001,2024-11-14,39153.42,Bank Transfer,Completed,Thursday,0,0,0
PAY0006940,INV0007542,SUP00005,DPT008,2024-12-17,3717.94,Check,Completed,Tuesday,0,0,0
PAY0006941,INV0007543,SUP00015,DPT007,2024-12-17,1752.09,Bank Transfer,Completed,Tuesday,0,0,0
PAY0006942,INV0007544,SUP00028,DPT001,2025-01-19,4856.46,Bank Transfer,Completed,Sunday,1,0,0
PAY0006943,INV0007545,SUP00280,DPT012,2024-07-18,28562.87,Bank Transfer,Completed,Thursday,0,0,0
PAY0006944,INV0007546,SUP00215,DPT002,2024-09-08,15310.33,Bank Transfer,Completed,Sunday,1,0,0
PAY0006945,INV0007547,SUP00203,DPT002,2024-11-01,23553.98,Check,Completed,Friday,0,0,0
PAY0006946,INV0007548,SUP00049,DPT003,2025-04-25,6344.05,Bank Transfer,Completed,Friday,0,0,0
PAY0006947,INV0007549,SUP00004,DPT012,2024-09-01,8035.31,Bank Transfer,Completed,Sunday,1,0,0
PAY0006948,INV0007551,SUP00003,DPT006,2024-09-17,2553.57,Bank Transfer,Completed,Tuesday,0,0,0
PAY0006949,INV0007552,SUP00003,DPT004,2024-12-17,7073.11,Bank Transfer,Completed,Tuesday,0,0,0
PAY0006950,INV0007553,SUP00009,DPT003,2024-06-14,5366.99,Bank Transfer,Completed,Friday,0,0,0
PAY0006951,INV0007554,SUP00275,DPT003,2024-03-14,3829.91,Bank Transfer,Completed,Thursday,0,0,0
PAY0006952,INV0007555,SUP00173,DPT003,2024-06-01,13884.71,Bank Transfer,Completed,Saturday,1,0,0
PAY0006953,INV0007556,SUP00003,DPT010,2024-05-28,7943.94,Bank Transfer,Completed,Tuesday,0,0,0
PAY0006954,INV0007557,SUP00273,DPT007,2024-12-03,33892.78,Bank Transfer,Failed,Tuesday,0,0,1
PAY0006955,INV0007558,SUP00193,DPT004,2024-10-30,2538.61,Bank Transfer,Completed,Wednesday,0,0,0
PAY0006956,INV0007559,SUP00087,DPT012,2024-11-26,4259.62,Bank Transfer,Completed,Tuesday,0,0,0
PAY0006957,INV0007560,SUP00005,DPT002,2024-03-20,911.14,Bank Transfer,Completed,Wednesday,0,0,0
PAY0006958,INV0007561,SUP00012,DPT001,2024-10-14,2206.0,Bank Transfer,Completed,Monday,0,0,0
PAY0006959,INV0007562,SUP00010,DPT003,2024-08-30,13882.03,Bank Transfer,Completed,Friday,0,0,0
PAY0006960,INV0007563,SUP00108,DPT012,2025-01-28,17979.86,Bank Transfer,Completed,Tuesday,0,0,0
PAY0006961,INV0007564,SUP00077,DPT001,2024-05-24,14980.42,Bank Transfer,Completed,Friday,0,0,0
PAY0006962,INV0007565,SUP00010,DPT001,2024-09-28,30434.31,Bank Transfer,Completed,Saturday,1,0,0
PAY0006963,INV0007566,SUP00011,DPT003,2024-01-21,12933.95,Bank Transfer,Completed,Sunday,1,0,0
PAY0006964,INV0007567,SUP00036,DPT012,2024-11-12,7435.21,Bank Transfer,Completed,Tuesday,0,0,0
PAY0006965,INV0007568,SUP00229,DPT003,2024-11-28,15104.72,Bank Transfer,Completed,Thursday,0,0,0
PAY0006966,INV0007569,SUP00005,DPT007,2024-10-22,2836.26,Bank Transfer,Completed,Tuesday,0,0,0
PAY0006967,INV0007570,SUP00159,DPT010,2024-07-01,1045.82,Bank Transfer,Completed,Monday,0,0,0
PAY0006968,INV0007571,SUP00318,DPT007,2024-07-09,4364.73,Bank Transfer,Completed,Tuesday,0,0,0
PAY0006969,INV0007573,SUP00024,DPT002,2024-08-24,7980.94,Bank Transfer,Completed,Saturday,1,0,0
PAY0006970,INV0007574,SUP00162,DPT002,2024-10-22,2818.8,Bank Transfer,Completed,Tuesday,0,0,0
PAY0006971,INV0007575,SUP00238,DPT009,2024-12-22,3468.74,Bank Transfer,Completed,Sunday,1,0,0
PAY0006972,INV0007576,SUP00184,DPT009,2024-04-01,17216.43,Bank Transfer,Completed,Monday,0,0,0
PAY0006973,INV0007577,SUP00001,DPT002,2024-09-17,14886.18,Bank Transfer,Pending,Tuesday,0,0,1
PAY0006974,INV0007579,SUP00004,DPT002,2024-07-11,3373.48,Bank Transfer,Completed,Thursday,0,0,0
PAY0006975,INV0007580,SUP00002,DPT004,2025-01-17,1013.14,Bank Transfer,Completed,Friday,0,0,0
PAY0006976,INV0007583,SUP00156,DPT003,2024-04-19,4264.26,Bank Transfer,Completed,Friday,0,0,0
PAY0006977,INV0007584,SUP00123,DPT001,2024-03-23,7690.09,Bank Transfer,Completed,Saturday,1,0,0
PAY0006978,INV0007585,SUP00039,DPT005,2024-11-15,580.48,Bank Transfer,Completed,Friday,0,0,0
PAY0006979,INV0007586,SUP00002,DPT011,2024-07-01,22470.74,Bank Transfer,Failed,Monday,0,0,1
PAY0006980,INV0007587,SUP00011,DPT003,2024-12-28,223133.99,Bank Transfer,Failed,Saturday,1,0,1
PAY0006981,INV0007588,SUP00001,DPT009,2025-02-22,19682.07,Bank Transfer,Completed,Saturday,1,0,0
PAY0006982,INV0007589,SUP00267,DPT004,2024-11-14,3584.06,Bank Transfer,Completed,Thursday,0,0,0
PAY0006983,INV0007590,SUP00011,DPT005,2024-08-09,2732.11,Bank Transfer,Completed,Friday,0,0,0
PAY0006984,INV0007591,SUP00004,DPT004,2024-11-24,1998.22,Bank Transfer,Completed,Sunday,1,0,0
PAY0006985,INV0007592,SUP00001,DPT010,2024-04-13,69654.42,Bank Transfer,Completed,Saturday,1,0,0
PAY0006986,INV0007593,SUP00091,DPT005,2024-12-18,4941.15,Check,Completed,Wednesday,0,0,0
PAY0006987,INV0007594,SUP00097,DPT003,2024-04-19,49090.27,Bank Transfer,Completed,Friday,0,0,0
PAY0006988,INV0007595,SUP00318,DPT008,2024-07-02,27186.11,Bank Transfer,Completed,Tuesday,0,0,0
PAY0006989,INV0007596,SUP00010,DPT001,2025-01-06,98962.46,Check,Completed,Monday,0,0,0
PAY0006990,INV0007597,SUP00002,DPT003,2024-05-13,25739.68,Bank Transfer,Completed,Monday,0,0,0
PAY0006991,INV0007598,SUP00190,DPT003,2024-03-30,1491.07,Bank Transfer,Completed,Saturday,1,0,0
PAY0006992,INV0007599,SUP00010,DPT005,2024-08-21,20167.8,Bank Transfer,Completed,Wednesday,0,0,0
PAY0006993,INV0007600,SUP00013,DPT009,2025-01-15,4408.51,Bank Transfer,Completed,Wednesday,0,0,0
PAY0006994,INV0007601,SUP00266,DPT005,2025-02-04,46090.56,Card,Completed,Tuesday,0,0,0
PAY0006995,INV0007602,SUP00070,DPT004,2024-12-25,2592.58,Bank Transfer,Completed,Wednesday,0,0,0
PAY0006996,INV0007603,SUP00020,DPT001,2024-07-30,1734.36,Bank Transfer,Pending,Tuesday,0,0,1
PAY0006997,INV0007604,SUP00291,DPT012,2024-09-29,6615.99,Bank Transfer,Completed,Sunday,1,0,0
PAY0006998,INV0007605,SUP00009,DPT003,2024-12-10,13579.83,Bank Transfer,Completed,Tuesday,0,0,0
PAY0006999,INV0007606,SUP00001,DPT001,2024-03-19,853.91,Bank Transfer,Completed,Tuesday,0,0,0
PAY0007000,INV0007607,SUP00008,DPT009,2024-12-20,4131.61,Bank Transfer,Completed,Friday,0,0,0
PAY0007001,INV0007608,SUP00002,DPT010,2025-03-12,1928.61,Bank Transfer,Completed,Wednesday,0,0,0
PAY0007002,INV0007609,SUP00021,DPT003,2024-03-01,18980.52,Bank Transfer,Completed,Friday,0,0,0
PAY0007003,INV0007610,SUP00221,DPT005,2024-10-26,3460.77,Bank Transfer,Completed,Saturday,1,0,0
PAY0007004,INV0007611,SUP00306,DPT009,2024-05-25,23853.24,Bank Transfer,Completed,Saturday,1,0,0
PAY0007005,INV0007612,SUP00144,DPT001,2024-12-02,2952.75,Bank Transfer,Completed,Monday,0,0,0
PAY0007006,INV0007613,SUP00277,DPT012,2024-07-19,9294.92,Bank Transfer,Completed,Friday,0,0,0
PAY0007007,INV0007615,SUP00010,DPT004,2024-06-29,5886.18,Bank Transfer,Completed,Saturday,1,0,0
PAY0007008,INV0007616,SUP00006,DPT001,2024-09-18,1806.91,Bank Transfer,Completed,Wednesday,0,0,0
PAY0007009,INV0007617,SUP00030,DPT001,2024-04-18,37970.73,Bank Transfer,Completed,Thursday,0,0,0
PAY0007010,INV0007618,SUP00013,DPT001,2025-01-31,22333.3,Check,Completed,Friday,0,0,0
PAY0007011,INV0007619,SUP00004,DPT003,2024-07-27,8482.28,Bank Transfer,Completed,Saturday,1,0,0
PAY0007012,INV0007620,SUP00280,DPT011,2024-08-08,21624.73,Bank Transfer,Completed,Thursday,0,0,0
PAY0007013,INV0007621,SUP00005,DPT005,2024-10-06,3785.56,Bank Transfer,Completed,Sunday,1,0,0
PAY0007014,INV0007622,SUP00167,DPT003,2025-01-31,12981.64,Bank Transfer,Completed,Friday,0,0,0
PAY0007015,INV0007623,SUP00003,DPT004,2024-11-25,6075.12,Check,Completed,Monday,0,0,0
PAY0007016,INV0007626,SUP00008,DPT004,2024-11-25,6105.76,Bank Transfer,Completed,Monday,0,0,0
PAY0007017,INV0007627,SUP00003,DPT003,2024-12-12,25492.21,Bank Transfer,Failed,Thursday,0,0,1
PAY0007018,INV0007628,SUP00081,DPT007,2024-08-29,3116.41,Bank Transfer,Completed,Thursday,0,0,0
PAY0007019,INV0007629,SUP00086,DPT004,2024-11-01,53988.63,Card,Completed,Friday,0,0,0
PAY0007020,INV0007630,SUP00011,DPT009,2024-09-30,5676.41,Bank Transfer,Pending,Monday,0,0,1
PAY0007021,INV0007631,SUP00017,DPT006,2024-07-05,2924.28,Bank Transfer,Completed,Friday,0,0,0
PAY0007022,INV0007632,SUP00002,DPT002,2024-10-09,6804.85,Bank Transfer,Completed,Wednesday,0,0,0
PAY0007023,INV0007633,SUP00010,DPT002,2024-01-18,1116.31,Bank Transfer,Completed,Thursday,0,0,0
PAY0007024,INV0007634,SUP00251,DPT002,2024-03-19,3741.55,Bank Transfer,Completed,Tuesday,0,0,0
PAY0007025,INV0007636,SUP00027,DPT009,2024-11-16,11564.02,Bank Transfer,Completed,Saturday,1,0,0
PAY0007026,INV0007637,SUP00130,DPT012,2024-12-28,9757.73,Check,Completed,Saturday,1,0,0
PAY0007027,INV0007638,SUP00204,DPT008,2024-12-04,37742.21,Check,Completed,Wednesday,0,0,0
PAY0007028,INV0007639,SUP00003,DPT011,2024-06-14,3044.28,Bank Transfer,Completed,Friday,0,0,0
PAY0007029,INV0007640,SUP00080,DPT003,2024-07-28,1164.83,Bank Transfer,Completed,Sunday,1,0,0
PAY0007030,INV0007641,SUP00101,DPT006,2025-01-26,4370.69,Bank Transfer,Completed,Sunday,1,0,0
PAY0007031,INV0007642,SUP00007,DPT004,2024-02-16,3417.78,Bank Transfer,Completed,Friday,0,0,0
PAY0007032,INV0007643,SUP00002,DPT010,2024-11-17,8207.52,Bank Transfer,Completed,Sunday,1,0,0
PAY0007033,INV0007644,SUP00229,DPT012,2024-07-08,4645.07,Bank Transfer,Completed,Monday,0,0,0
PAY0007034,INV0007645,SUP00024,DPT008,2024-06-13,7798.02,Bank Transfer,Completed,Thursday,0,0,0
PAY0007035,INV0007646,SUP00002,DPT009,2024-10-18,7205.56,Bank Transfer,Completed,Friday,0,0,0
PAY0007036,INV0007647,SUP00072,DPT010,2024-10-23,18584.8,Bank Transfer,Completed,Wednesday,0,0,0
PAY0007037,INV0007649,SUP00003,DPT004,2024-10-29,8163.43,Bank Transfer,Completed,Tuesday,0,0,0
PAY0007038,INV0007650,SUP00010,DPT008,2024-07-09,49963.82,Bank Transfer,Completed,Tuesday,0,0,0
PAY0007039,INV0007651,SUP00013,DPT006,2024-08-25,1018.65,Bank Transfer,Completed,Sunday,1,0,0
PAY0007040,INV0007652,SUP00070,DPT005,2024-06-03,8017.29,Bank Transfer,Completed,Monday,0,0,0
PAY0007041,INV0007653,SUP00020,DPT003,2024-02-01,5849.2,Bank Transfer,Completed,Thursday,0,0,0
PAY0007042,INV0007654,SUP00004,DPT002,2024-06-13,6923.3,Bank Transfer,Completed,Thursday,0,0,0
PAY0007043,INV0007655,SUP00105,DPT011,2024-10-30,12444.22,Bank Transfer,Completed,Wednesday,0,0,0
PAY0007044,INV0007656,SUP00160,DPT008,2024-06-10,2499.84,Card,Completed,Monday,0,0,0
PAY0007045,INV0007657,SUP00030,DPT006,2024-01-25,3276.52,Bank Transfer,Completed,Thursday,0,0,0
PAY0007046,INV0007658,SUP00003,DPT001,2024-08-17,15326.18,Bank Transfer,Completed,Saturday,1,0,0
PAY0007047,INV0007659,SUP00004,DPT001,2024-08-24,5541.85,Bank Transfer,Completed,Saturday,1,0,0
PAY0007048,INV0007660,SUP00288,DPT004,2024-11-16,2188.75,Bank Transfer,Completed,Saturday,1,0,0
PAY0007049,INV0007661,SUP00007,DPT001,2024-12-04,15984.82,Bank Transfer,Completed,Wednesday,0,0,0
PAY0007050,INV0007662,SUP00011,DPT002,2024-09-20,13581.23,Bank Transfer,Completed,Friday,0,0,0
PAY0007051,INV0007663,SUP00136,DPT001,2024-03-10,7670.27,Check,Completed,Sunday,1,0,0
PAY0007052,INV0007664,SUP00198,DPT003,2024-11-19,10530.83,Bank Transfer,Completed,Tuesday,0,0,0
PAY0007053,INV0007665,SUP00268,DPT001,2024-09-09,20181.77,Bank Transfer,Completed,Monday,0,0,0
PAY0007054,INV0007666,SUP00019,DPT008,2024-10-08,14857.21,Bank Transfer,Completed,Tuesday,0,0,0
PAY0007055,INV0007667,SUP00316,DPT006,2024-11-17,9154.92,Bank Transfer,Completed,Sunday,1,0,0
PAY0007056,INV0007669,SUP00218,DPT012,2024-06-28,5032.22,Bank Transfer,Completed,Friday,0,0,0
PAY0007057,INV0007670,SUP00009,DPT004,2024-12-20,20105.53,Bank Transfer,Pending,Friday,0,0,1
PAY0007058,INV0007671,SUP00283,DPT010,2024-05-07,80241.04,Bank Transfer,Completed,Tuesday,0,0,0
PAY0007059,INV0007673,SUP00180,DPT002,2024-09-18,2332.94,Bank Transfer,Completed,Wednesday,0,0,0
PAY0007060,INV0007674,SUP00087,DPT003,2025-01-31,4299.94,Bank Transfer,Pending,Friday,0,0,1
PAY0007061,INV0007675,SUP00008,DPT012,2024-11-20,4892.85,Bank Transfer,Completed,Wednesday,0,0,0
PAY0007062,INV0007676,SUP00026,DPT011,2024-05-10,24736.52,Bank Transfer,Failed,Friday,0,0,1
PAY0007063,INV0007677,SUP00002,DPT004,2025-02-17,6811.76,Bank Transfer,Completed,Monday,0,0,0
PAY0007064,INV0007678,SUP00149,DPT009,2024-08-30,2139.22,Check,Completed,Friday,0,0,0
PAY0007065,INV0007680,SUP00009,DPT006,2024-09-14,14744.63,Bank Transfer,Completed,Saturday,1,0,0
PAY0007066,INV0007681,SUP00009,DPT002,2025-01-07,6819.88,Bank Transfer,Completed,Tuesday,0,0,0
PAY0007067,INV0007682,SUP00195,DPT005,2024-10-06,2940.76,Bank Transfer,Completed,Sunday,1,0,0
PAY0007068,INV0007683,SUP00020,DPT002,2024-05-26,20920.67,Bank Transfer,Completed,Sunday,1,0,0
PAY0007069,INV0007684,SUP00046,DPT005,2024-08-20,9573.87,Bank Transfer,Completed,Tuesday,0,0,0
PAY0007070,INV0007685,SUP00007,DPT004,2024-03-06,2665.82,Bank Transfer,Completed,Wednesday,0,0,0
PAY0007071,INV0007686,SUP00013,DPT005,2024-08-30,6638.82,Bank Transfer,Completed,Friday,0,0,0
PAY0007072,INV0007687,SUP00033,DPT002,2024-11-08,580.76,Check,Completed,Friday,0,0,0
PAY0007073,INV0007688,SUP00007,DPT004,2024-04-15,8723.17,Bank Transfer,Completed,Monday,0,0,0
PAY0007074,INV0007689,SUP00137,DPT003,2025-01-12,15110.02,Bank Transfer,Completed,Sunday,1,0,0
PAY0007075,INV0007690,SUP00025,DPT002,2025-01-02,22958.67,Bank Transfer,Completed,Thursday,0,0,0
PAY0007076,INV0007691,SUP00311,DPT004,2024-08-06,5240.07,Bank Transfer,Completed,Tuesday,0,0,0
PAY0007077,INV0007692,SUP00009,DPT002,2024-06-02,8447.75,Bank Transfer,Completed,Sunday,1,0,0
PAY0007078,INV0007693,SUP00019,DPT004,2024-05-17,11798.32,Bank Transfer,Completed,Friday,0,0,0
PAY0007079,INV0007694,SUP00276,DPT003,2024-03-14,12843.21,Bank Transfer,Completed,Thursday,0,0,0
PAY0007080,INV0007696,SUP00028,DPT004,2024-12-05,530.45,Bank Transfer,Completed,Thursday,0,0,0
PAY0007081,INV0007697,SUP00005,DPT002,2024-07-10,48651.17,Bank Transfer,Completed,Wednesday,0,0,0
PAY0007082,INV0007698,SUP00021,DPT003,2024-05-31,3255.7,Bank Transfer,Completed,Friday,0,0,0
PAY0007083,INV0007699,SUP00077,DPT005,2024-08-24,5657.68,Bank Transfer,Completed,Saturday,1,0,0
PAY0007084,INV0007700,SUP00009,DPT009,2024-05-13,2736.74,Bank Transfer,Completed,Monday,0,0,0
PAY0007085,INV0007701,SUP00007,DPT001,2024-08-08,12801.58,Bank Transfer,Completed,Thursday,0,0,0
PAY0007086,INV0007702,SUP00044,DPT001,2024-04-23,66652.46,Check,Completed,Tuesday,0,0,0
PAY0007087,INV0007703,SUP00006,DPT009,2024-03-21,19919.28,Bank Transfer,Completed,Thursday,0,0,0
PAY0007088,INV0007704,SUP00246,DPT003,2024-11-26,5861.12,Bank Transfer,Completed,Tuesday,0,0,0
PAY0007089,INV0007705,SUP00003,DPT002,2024-06-14,36431.74,Bank Transfer,Completed,Friday,0,0,0
PAY0007090,INV0007706,SUP00313,DPT002,2024-05-28,18826.88,Bank Transfer,Completed,Tuesday,0,0,0
PAY0007091,INV0007707,SUP00048,DPT012,2024-11-27,14803.99,Card,Completed,Wednesday,0,0,0
PAY0007092,INV0007708,SUP00311,DPT005,2024-08-05,3312.77,Bank Transfer,Completed,Monday,0,0,0
PAY0007093,INV0007709,SUP00174,DPT002,2024-03-11,5468.03,Bank Transfer,Pending,Monday,0,0,1
PAY0007094,INV0007710,SUP00006,DPT004,2024-11-25,12990.28,Bank Transfer,Completed,Monday,0,0,0
PAY0007095,INV0007711,SUP00008,DPT002,2024-01-25,78045.21,Bank Transfer,Completed,Thursday,0,0,0
PAY0007096,INV0007712,SUP00004,DPT002,2024-08-02,32775.28,Bank Transfer,Completed,Friday,0,0,0
PAY0007097,INV0007713,SUP00161,DPT012,2024-08-02,12461.96,Bank Transfer,Completed,Friday,0,0,0
PAY0007098,INV0007714,SUP00006,DPT004,2024-11-11,7771.33,Check,Completed,Monday,0,0,0
PAY0007099,INV0007715,SUP00152,DPT007,2024-09-16,15212.84,Bank Transfer,Completed,Monday,0,0,0
PAY0007100,INV0007716,SUP00238,DPT010,2024-08-30,11735.13,Bank Transfer,Completed,Friday,0,0,0
PAY0007101,INV0007717,SUP00021,DPT002,2025-01-27,36715.44,Bank Transfer,Completed,Monday,0,0,0
PAY0007102,INV0007718,SUP00121,DPT001,2024-09-08,1816.99,Bank Transfer,Completed,Sunday,1,0,0
PAY0007103,INV0007720,SUP00175,DPT007,2024-03-04,15047.67,Card,Completed,Monday,0,0,0
PAY0007104,INV0007721,SUP00005,DPT003,2024-06-10,33609.52,Bank Transfer,Completed,Monday,0,0,0
PAY0007105,INV0007722,SUP00010,DPT004,2024-01-22,61365.67,Check,Completed,Monday,0,0,0
PAY0007106,INV0007723,SUP00047,DPT001,2024-12-29,1172.79,Bank Transfer,Completed,Sunday,1,0,0
PAY0007107,INV0007724,SUP00009,DPT001,2024-10-14,2842.42,Bank Transfer,Completed,Monday,0,0,0
PAY0007108,INV0007725,SUP00030,DPT004,2024-10-13,5987.99,Check,Completed,Sunday,1,0,0
PAY0007109,INV0007726,SUP00293,DPT002,2024-09-09,1556.79,Bank Transfer,Completed,Monday,0,0,0
PAY0007110,INV0007727,SUP00025,DPT009,2024-09-30,43826.14,Check,Completed,Monday,0,0,0
PAY0007111,INV0007728,SUP00009,DPT011,2024-06-25,7430.92,Bank Transfer,Completed,Tuesday,0,0,0
PAY0007112,INV0007730,SUP00262,DPT004,2024-03-27,5287.72,Check,Completed,Wednesday,0,0,0
PAY0007113,INV0007731,SUP00008,DPT003,2024-08-27,9835.37,Check,Completed,Tuesday,0,0,0
PAY0007114,INV0007732,SUP00007,DPT004,2024-05-18,1332.33,Bank Transfer,Completed,Saturday,1,0,0
PAY0007115,INV0007734,SUP00026,DPT011,2024-11-29,1991.21,Bank Transfer,Completed,Friday,0,0,0
PAY0007116,INV0007735,SUP00018,DPT007,2024-11-12,899.71,Cash,Completed,Tuesday,0,1,0
PAY0007117,INV0007736,SUP00072,DPT003,2024-09-08,21062.59,Bank Transfer,Completed,Sunday,1,0,0
PAY0007118,INV0007737,SUP00066,DPT008,2024-12-10,6493.14,Bank Transfer,Completed,Tuesday,0,0,0
PAY0007119,INV0007738,SUP00003,DPT002,2024-07-04,21992.19,Bank Transfer,Pending,Thursday,0,0,1
PAY0007120,INV0007739,SUP00021,DPT008,2024-08-28,5819.18,Bank Transfer,Completed,Wednesday,0,0,0
PAY0007121,INV0007740,SUP00156,DPT004,2024-11-12,23451.7,Bank Transfer,Completed,Tuesday,0,0,0
PAY0007122,INV0007741,SUP00018,DPT010,2024-06-23,19187.74,Bank Transfer,Completed,Sunday,1,0,0
PAY0007123,INV0007742,SUP00319,DPT012,2024-09-12,5581.16,Card,Completed,Thursday,0,0,0
PAY0007124,INV0007743,SUP00008,DPT003,2024-05-28,8146.03,Bank Transfer,Completed,Tuesday,0,0,0
PAY0007125,INV0007746,SUP00054,DPT009,2025-02-11,6292.39,Bank Transfer,Completed,Tuesday,0,0,0
PAY0007126,INV0007748,SUP00034,DPT012,2024-03-04,1188.03,Bank Transfer,Completed,Monday,0,0,0
PAY0007127,INV0007749,SUP00301,DPT010,2024-04-22,2363.84,Bank Transfer,Completed,Monday,0,0,0
PAY0007128,INV0007751,SUP00004,DPT001,2024-10-14,11501.99,Bank Transfer,Completed,Monday,0,0,0
PAY0007129,INV0007752,SUP00001,DPT006,2024-06-14,2857.09,Bank Transfer,Completed,Friday,0,0,0
PAY0007130,INV0007754,SUP00007,DPT002,2024-03-19,5405.1,Bank Transfer,Completed,Tuesday,0,0,0
PAY0007131,INV0007755,SUP00223,DPT005,2024-06-03,6441.29,Check,Completed,Monday,0,0,0
PAY0007132,INV0007758,SUP00017,DPT003,2024-06-15,4727.01,Bank Transfer,Completed,Saturday,1,0,0
PAY0007133,INV0007759,SUP00025,DPT002,2024-09-14,10408.0,Check,Completed,Saturday,1,0,0
PAY0007134,INV0007760,SUP00011,DPT002,2024-03-24,40656.92,Bank Transfer,Completed,Sunday,1,0,0
PAY0007135,INV0007762,SUP00060,DPT004,2024-10-04,1466.47,Bank Transfer,Completed,Friday,0,0,0
PAY0007136,INV0007763,SUP00007,DPT004,2024-08-21,1323.67,Bank Transfer,Completed,Wednesday,0,0,0
PAY0007137,INV0007764,SUP00002,DPT012,2024-09-11,4231.64,Check,Completed,Wednesday,0,0,0
PAY0007138,INV0007765,SUP00232,DPT011,2025-01-08,1592.61,Bank Transfer,Completed,Wednesday,0,0,0
PAY0007139,INV0007766,SUP00202,DPT001,2024-10-01,380.62,Bank Transfer,Completed,Tuesday,0,0,0
PAY0007140,INV0007767,SUP00277,DPT009,2024-08-28,4347.43,Check,Completed,Wednesday,0,0,0
PAY0007141,INV0007768,SUP00013,DPT002,2024-10-15,9332.86,Bank Transfer,Completed,Tuesday,0,0,0
PAY0007142,INV0007769,SUP00244,DPT008,2024-10-14,30645.28,Bank Transfer,Pending,Monday,0,0,1
PAY0007143,INV0007770,SUP00020,DPT002,2024-06-21,6053.47,Bank Transfer,Completed,Friday,0,0,0
PAY0007144,INV0007771,SUP00003,DPT002,2025-02-06,8541.47,Bank Transfer,Completed,Thursday,0,0,0
PAY0007145,INV0007772,SUP00026,DPT011,2024-05-10,10892.04,Bank Transfer,Completed,Friday,0,0,0
PAY0007146,INV0007773,SUP00057,DPT005,2024-10-04,6511.12,Check,Completed,Friday,0,0,0
PAY0007147,INV0007774,SUP00023,DPT003,2024-12-14,2754.01,Bank Transfer,Completed,Saturday,1,0,0
PAY0007148,INV0007775,SUP00194,DPT010,2024-05-30,71921.69,Bank Transfer,Completed,Thursday,0,0,0
PAY0007149,INV0007776,SUP00015,DPT003,2024-05-15,1875.58,Card,Completed,Wednesday,0,0,0
PAY0007150,INV0007777,SUP00274,DPT001,2024-08-24,9534.25,Bank Transfer,Completed,Saturday,1,0,0
PAY0007151,INV0007778,SUP00003,DPT004,2024-08-07,2502.35,Bank Transfer,Failed,Wednesday,0,0,1
PAY0007152,INV0007779,SUP00156,DPT007,2024-10-02,6895.32,Check,Completed,Wednesday,0,0,0
PAY0007153,INV0007780,SUP00279,DPT007,2024-11-24,9325.01,Bank Transfer,Completed,Sunday,1,0,0
PAY0007154,INV0007781,SUP00057,DPT004,2024-05-20,4724.23,Bank Transfer,Completed,Monday,0,0,0
PAY0007155,INV0007783,SUP00139,DPT005,2025-01-01,4071.85,Bank Transfer,Completed,Wednesday,0,0,0
PAY0007156,INV0007784,SUP00001,DPT003,2024-02-26,21640.94,Bank Transfer,Completed,Monday,0,0,0
PAY0007157,INV0007785,SUP00127,DPT001,2024-05-06,1071.97,Bank Transfer,Completed,Monday,0,0,0
PAY0007158,INV0007786,SUP00118,DPT002,2024-05-02,37764.92,Bank Transfer,Completed,Thursday,0,0,0
PAY0007159,INV0007788,SUP00021,DPT009,2024-11-04,13310.09,Bank Transfer,Completed,Monday,0,0,0
PAY0007160,INV0007790,SUP00010,DPT003,2025-01-11,99035.57,Card,Completed,Saturday,1,0,0
PAY0007161,INV0007791,SUP00313,DPT006,2024-12-02,2794.07,Bank Transfer,Completed,Monday,0,0,0
PAY0007162,INV0007792,SUP00285,DPT001,2024-08-03,8469.8,Bank Transfer,Completed,Saturday,1,0,0
PAY0007163,INV0007793,SUP00135,DPT005,2024-01-31,1661.22,Bank Transfer,Completed,Wednesday,0,0,0
PAY0007164,INV0007794,SUP00017,DPT004,2024-07-18,2937.09,Bank Transfer,Completed,Thursday,0,0,0
PAY0007165,INV0007795,SUP00019,DPT004,2024-11-22,65601.59,Bank Transfer,Completed,Friday,0,0,0
PAY0007166,INV0007796,SUP00002,DPT001,2024-09-23,12385.65,Card,Completed,Monday,0,0,0
PAY0007167,INV0007797,SUP00014,DPT011,2025-01-24,9284.72,Bank Transfer,Completed,Friday,0,0,0
PAY0007168,INV0007798,SUP00193,DPT002,2024-07-01,9135.85,Bank Transfer,Completed,Monday,0,0,0
PAY0007169,INV0007799,SUP00037,DPT001,2024-04-18,32469.79,Bank Transfer,Pending,Thursday,0,0,1
PAY0007170,INV0007800,SUP00027,DPT003,2024-10-27,5214.0,Bank Transfer,Completed,Sunday,1,0,0
PAY0007171,INV0007801,SUP00003,DPT009,2025-01-05,17610.34,Card,Completed,Sunday,1,0,0
PAY0007172,INV0007802,SUP00273,DPT008,2024-08-30,395.62,Bank Transfer,Completed,Friday,0,0,0
PAY0007173,INV0007803,SUP00010,DPT005,2024-10-03,5226.17,Cash,Completed,Thursday,0,1,0
PAY0007174,INV0007804,SUP00018,DPT005,2024-09-07,4320.19,Bank Transfer,Completed,Saturday,1,0,0
PAY0007175,INV0007806,SUP00013,DPT001,2024-10-05,13798.77,Bank Transfer,Completed,Saturday,1,0,0
PAY0007176,INV0007807,SUP00084,DPT003,2025-02-08,5059.53,Bank Transfer,Completed,Saturday,1,0,0
PAY0007177,INV0007808,SUP00100,DPT003,2025-01-23,5005.34,Bank Transfer,Completed,Thursday,0,0,0
PAY0007178,INV0007809,SUP00084,DPT005,2025-02-04,2387.12,Bank Transfer,Completed,Tuesday,0,0,0
PAY0007179,INV0007810,SUP00003,DPT006,2024-08-11,48916.66,Bank Transfer,Completed,Sunday,1,0,0
PAY0007180,INV0007811,SUP00303,DPT012,2024-05-10,618.65,Bank Transfer,Completed,Friday,0,0,0
PAY0007181,INV0007812,SUP00152,DPT004,2024-06-15,4184.79,Bank Transfer,Completed,Saturday,1,0,0
PAY0007182,INV0007813,SUP00251,DPT007,2024-12-11,25186.33,Bank Transfer,Completed,Wednesday,0,0,0
PAY0007183,INV0007815,SUP00280,DPT003,2024-09-20,13929.68,Bank Transfer,Completed,Friday,0,0,0
PAY0007184,INV0007816,SUP00156,DPT004,2024-02-23,17379.49,Bank Transfer,Completed,Friday,0,0,0
PAY0007185,INV0007817,SUP00030,DPT008,2024-12-16,1319.58,Bank Transfer,Completed,Monday,0,0,0
PAY0007186,INV0007818,SUP00001,DPT005,2025-01-21,15500.95,Bank Transfer,Completed,Tuesday,0,0,0
PAY0007187,INV0007821,SUP00018,DPT011,2024-12-28,4871.99,Bank Transfer,Completed,Saturday,1,0,0
PAY0007188,INV0007822,SUP00131,DPT002,2024-05-07,1217.57,Bank Transfer,Completed,Tuesday,0,0,0
PAY0007189,INV0007823,SUP00162,DPT009,2025-03-26,1810.71,Bank Transfer,Completed,Wednesday,0,0,0
PAY0007190,INV0007825,SUP00018,DPT001,2024-12-08,14857.51,Bank Transfer,Completed,Sunday,1,0,0
PAY0007191,INV0007826,SUP00267,DPT001,2024-10-09,1208.87,Bank Transfer,Completed,Wednesday,0,0,0
PAY0007192,INV0007827,SUP00010,DPT005,2024-02-22,22411.78,Bank Transfer,Completed,Thursday,0,0,0
PAY0007193,INV0007828,SUP00224,DPT003,2024-01-27,3786.57,Bank Transfer,Completed,Saturday,1,0,0
PAY0007194,INV0007829,SUP00022,DPT002,2024-10-09,1374.87,Bank Transfer,Completed,Wednesday,0,0,0
PAY0007195,INV0007830,SUP00008,DPT006,2024-07-21,3079.21,Bank Transfer,Completed,Sunday,1,0,0
PAY0007196,INV0007831,SUP00014,DPT004,2025-02-14,1281.93,Bank Transfer,Pending,Friday,0,0,1
PAY0007197,INV0007832,SUP00202,DPT003,2025-02-24,2610.13,Check,Completed,Monday,0,0,0
PAY0007198,INV0007834,SUP00005,DPT010,2024-04-19,10824.08,Bank Transfer,Completed,Friday,0,0,0
PAY0007199,INV0007835,SUP00005,DPT008,2024-11-12,15271.88,Bank Transfer,Completed,Tuesday,0,0,0
PAY0007200,INV0007836,SUP00136,DPT004,2024-07-26,20475.07,Bank Transfer,Completed,Friday,0,0,0
PAY0007201,INV0007837,SUP00008,DPT009,2024-05-27,14944.54,Check,Completed,Monday,0,0,0
PAY0007202,INV0007838,SUP00007,DPT010,2024-06-14,680.72,Bank Transfer,Completed,Friday,0,0,0
PAY0007203,INV0007839,SUP00173,DPT003,2025-02-26,1158.94,Bank Transfer,Completed,Wednesday,0,0,0
PAY0007204,INV0007840,SUP00012,DPT002,2024-08-27,21825.46,Check,Completed,Tuesday,0,0,0
PAY0007205,INV0007841,SUP00003,DPT001,2024-03-22,3522.66,Bank Transfer,Completed,Friday,0,0,0
PAY0007206,INV0007842,SUP00022,DPT006,2024-08-20,5062.61,Card,Completed,Tuesday,0,0,0
PAY0007207,INV0007843,SUP00066,DPT011,2024-11-21,12438.34,Check,Completed,Thursday,0,0,0
PAY0007208,INV0007844,SUP00085,DPT001,2024-11-18,25570.5,Bank Transfer,Completed,Monday,0,0,0
PAY0007209,INV0007845,SUP00002,DPT004,2024-10-12,10110.12,Bank Transfer,Completed,Saturday,1,0,0
PAY0007210,INV0007846,SUP00025,DPT002,2024-10-24,2240.21,Bank Transfer,Completed,Thursday,0,0,0
PAY0007211,INV0007847,SUP00016,DPT005,2024-12-17,1463.25,Bank Transfer,Completed,Tuesday,0,0,0
PAY0007212,INV0007848,SUP00025,DPT010,2024-07-26,1767.46,Bank Transfer,Completed,Friday,0,0,0
PAY0007213,INV0007849,SUP00002,DPT009,2025-02-17,99735.39,Bank Transfer,Completed,Monday,0,0,0
PAY0007214,INV0007850,SUP00010,DPT012,2024-06-20,16176.05,Bank Transfer,Completed,Thursday,0,0,0
PAY0007215,INV0007851,SUP00110,DPT004,2025-02-13,6293.47,Bank Transfer,Completed,Thursday,0,0,0
PAY0007216,INV0007852,SUP00005,DPT007,2024-12-01,1172.92,Bank Transfer,Completed,Sunday,1,0,0
PAY0007217,INV0007853,SUP00296,DPT010,2024-05-03,16598.08,Check,Pending,Friday,0,0,1
PAY0007218,INV0007854,SUP00317,DPT007,2024-05-26,48991.91,Bank Transfer,Completed,Sunday,1,0,0
PAY0007219,INV0007856,SUP00132,DPT002,2024-08-31,5726.65,Bank Transfer,Completed,Saturday,1,0,0
PAY0007220,INV0007857,SUP00105,DPT002,2025-01-24,10839.8,Bank Transfer,Completed,Friday,0,0,0
PAY0007221,INV0007858,SUP00006,DPT002,2024-12-17,3625.36,Card,Completed,Tuesday,0,0,0
PAY0007222,INV0007859,SUP00019,DPT010,2024-09-04,1872.15,Card,Completed,Wednesday,0,0,0
PAY0007223,INV0007860,SUP00309,DPT001,2024-01-25,7330.57,Bank Transfer,Completed,Thursday,0,0,0
PAY0007224,INV0007861,SUP00005,DPT009,2025-04-05,8131.51,Bank Transfer,Completed,Saturday,1,0,0
PAY0007225,INV0007862,SUP00070,DPT004,2024-05-21,682.14,Bank Transfer,Completed,Tuesday,0,0,0
PAY0007226,INV0007863,SUP00084,DPT007,2024-05-26,5393.93,Bank Transfer,Completed,Sunday,1,0,0
PAY0007227,INV0007864,SUP00006,DPT008,2024-12-22,2286.38,Bank Transfer,Completed,Sunday,1,0,0
PAY0007228,INV0007865,SUP00046,DPT004,2024-12-15,10485.24,Bank Transfer,Completed,Sunday,1,0,0
PAY0007229,INV0007866,SUP00272,DPT002,2024-11-27,832.94,Bank Transfer,Completed,Wednesday,0,0,0
PAY0007230,INV0007867,SUP00004,DPT006,2025-01-23,1375.7,Check,Completed,Thursday,0,0,0
PAY0007231,INV0007868,SUP00007,DPT011,2024-03-09,403.06,Cash,Completed,Saturday,1,1,0
PAY0007232,INV0007869,SUP00009,DPT001,2024-03-23,9533.48,Cash,Completed,Saturday,1,1,0
PAY0007233,INV0007870,SUP00174,DPT002,2024-06-12,1084.3,Bank Transfer,Completed,Wednesday,0,0,0
PAY0007234,INV0007871,SUP00071,DPT010,2025-05-12,1337.21,Bank Transfer,Completed,Monday,0,0,0
PAY0007235,INV0007873,SUP00198,DPT001,2024-05-27,4959.25,Bank Transfer,Completed,Monday,0,0,0
PAY0007236,INV0007875,SUP00007,DPT008,2025-01-14,13985.02,Bank Transfer,Completed,Tuesday,0,0,0
PAY0007237,INV0007876,SUP00210,DPT002,2024-07-20,22110.12,Cash,Completed,Saturday,1,1,0
PAY0007238,INV0007877,SUP00017,DPT012,2024-11-07,39074.21,Bank Transfer,Completed,Thursday,0,0,0
PAY0007239,INV0007878,SUP00005,DPT007,2024-08-29,19453.1,Bank Transfer,Completed,Thursday,0,0,0
PAY0007240,INV0007879,SUP00009,DPT001,2024-11-08,8825.35,Bank Transfer,Completed,Friday,0,0,0
PAY0007241,INV0007880,SUP00020,DPT004,2024-12-30,7627.75,Card,Completed,Monday,0,0,0
PAY0007242,INV0007881,SUP00261,DPT010,2024-04-25,12196.63,Cash,Completed,Thursday,0,1,0
PAY0007243,INV0007882,SUP00028,DPT007,2024-11-05,586.11,Bank Transfer,Completed,Tuesday,0,0,0
PAY0007244,INV0007883,SUP00093,DPT005,2024-07-27,5081.15,Bank Transfer,Completed,Saturday,1,0,0
PAY0007245,INV0007885,SUP00003,DPT002,2024-08-09,2589.89,Bank Transfer,Completed,Friday,0,0,0
PAY0007246,INV0007887,SUP00225,DPT002,2024-11-02,9322.83,Bank Transfer,Completed,Saturday,1,0,0
PAY0007247,INV0007889,SUP00007,DPT002,2024-05-11,24209.86,Bank Transfer,Completed,Saturday,1,0,0
PAY0007248,INV0007891,SUP00306,DPT001,2025-02-14,2835.34,Bank Transfer,Completed,Friday,0,0,0
PAY0007249,INV0007892,SUP00001,DPT009,2024-09-11,20549.15,Bank Transfer,Completed,Wednesday,0,0,0
PAY0007250,INV0007893,SUP00008,DPT004,2024-08-21,3372.24,Bank Transfer,Completed,Wednesday,0,0,0
PAY0007251,INV0007894,SUP00134,DPT004,2024-05-21,2561.75,Bank Transfer,Pending,Tuesday,0,0,1
PAY0007252,INV0007895,SUP00284,DPT005,2024-07-22,14097.35,Check,Completed,Monday,0,0,0
PAY0007253,INV0007896,SUP00004,DPT005,2024-07-26,11137.89,Bank Transfer,Completed,Friday,0,0,0
PAY0007254,INV0007897,SUP00187,DPT010,2024-07-14,18072.33,Bank Transfer,Completed,Sunday,1,0,0
PAY0007255,INV0007898,SUP00013,DPT003,2024-11-28,10532.23,Bank Transfer,Completed,Thursday,0,0,0
PAY0007256,INV0007899,SUP00132,DPT002,2024-12-01,3793.69,Bank Transfer,Completed,Sunday,1,0,0
PAY0007257,INV0007900,SUP00004,DPT010,2024-11-11,29080.73,Bank Transfer,Completed,Monday,0,0,0
PAY0007258,INV0007901,SUP00241,DPT004,2024-08-02,16675.38,Bank Transfer,Completed,Friday,0,0,0
PAY0007259,INV0007902,SUP00148,DPT005,2024-11-25,5871.29,Bank Transfer,Completed,Monday,0,0,0
PAY0007260,INV0007903,SUP00294,DPT002,2024-04-25,16518.61,Bank Transfer,Completed,Thursday,0,0,0
PAY0007261,INV0007904,SUP00030,DPT010,2024-10-24,5983.53,Bank Transfer,Completed,Thursday,0,0,0
PAY0007262,INV0007905,SUP00254,DPT011,2024-04-18,2057.83,Bank Transfer,Completed,Thursday,0,0,0
PAY0007263,INV0007906,SUP00049,DPT004,2024-10-13,6823.34,Bank Transfer,Completed,Sunday,1,0,0
PAY0007264,INV0007907,SUP00033,DPT001,2024-11-05,54846.44,Bank Transfer,Completed,Tuesday,0,0,0
PAY0007265,INV0007908,SUP00004,DPT001,2024-09-22,19896.09,Bank Transfer,Completed,Sunday,1,0,0
PAY0007266,INV0007909,SUP00211,DPT003,2024-03-03,9687.48,Bank Transfer,Completed,Sunday,1,0,0
PAY0007267,INV0007910,SUP00021,DPT004,2024-08-21,2103.42,Bank Transfer,Completed,Wednesday,0,0,0
PAY0007268,INV0007911,SUP00085,DPT004,2024-03-28,1488.39,Check,Completed,Thursday,0,0,0
PAY0007269,INV0007912,SUP00114,DPT005,2024-06-04,4503.34,Check,Completed,Tuesday,0,0,0
PAY0007270,INV0007913,SUP00188,DPT002,2024-07-20,3017.23,Bank Transfer,Completed,Saturday,1,0,0
PAY0007271,INV0007914,SUP00070,DPT002,2024-08-23,6196.47,Bank Transfer,Completed,Friday,0,0,0
PAY0007272,INV0007915,SUP00096,DPT012,2024-08-10,7150.3,Bank Transfer,Completed,Saturday,1,0,0
PAY0007273,INV0007916,SUP00038,DPT003,2024-07-12,1151.32,Bank Transfer,Pending,Friday,0,0,1
PAY0007274,INV0007917,SUP00093,DPT011,2024-03-13,2233.07,Bank Transfer,Pending,Wednesday,0,0,1
PAY0007275,INV0007918,SUP00024,DPT005,2024-04-13,4019.97,Check,Completed,Saturday,1,0,0
PAY0007276,INV0007919,SUP00189,DPT001,2024-07-03,10100.65,Bank Transfer,Completed,Wednesday,0,0,0
PAY0007277,INV0007920,SUP00209,DPT006,2025-02-13,10361.7,Bank Transfer,Completed,Thursday,0,0,0
PAY0007278,INV0007921,SUP00036,DPT012,2024-11-24,15369.2,Bank Transfer,Completed,Sunday,1,0,0
PAY0007279,INV0007923,SUP00017,DPT003,2024-06-16,2043.18,Bank Transfer,Completed,Sunday,1,0,0
PAY0007280,INV0007926,SUP00009,DPT001,2024-09-29,6759.9,Bank Transfer,Completed,Sunday,1,0,0
PAY0007281,INV0007928,SUP00010,DPT011,2024-10-26,98229.96,Bank Transfer,Completed,Saturday,1,0,0
PAY0007282,INV0007929,SUP00273,DPT006,2024-09-20,1460.6,Bank Transfer,Completed,Friday,0,0,0
PAY0007283,INV0007930,SUP00282,DPT009,2025-02-04,23398.65,Bank Transfer,Completed,Tuesday,0,0,0
PAY0007284,INV0007931,SUP00030,DPT005,2024-08-14,11733.49,Bank Transfer,Completed,Wednesday,0,0,0
PAY0007285,INV0007932,SUP00291,DPT002,2024-03-08,41013.26,Bank Transfer,Completed,Friday,0,0,0
PAY0007286,INV0007933,SUP00055,DPT002,2024-11-24,30590.21,Check,Completed,Sunday,1,0,0
PAY0007287,INV0007934,SUP00018,DPT008,2024-11-18,6788.08,Bank Transfer,Completed,Monday,0,0,0
PAY0007288,INV0007935,SUP00208,DPT004,2024-09-26,2515.62,Bank Transfer,Completed,Thursday,0,0,0
PAY0007289,INV0007936,SUP00004,DPT004,2024-02-28,12846.66,Bank Transfer,Failed,Wednesday,0,0,1
PAY0007290,INV0007937,SUP00008,DPT002,2024-12-23,1647.88,Bank Transfer,Completed,Monday,0,0,0
PAY0007291,INV0007938,SUP00007,DPT003,2024-04-10,7784.59,Bank Transfer,Completed,Wednesday,0,0,0
PAY0007292,INV0007939,SUP00098,DPT002,2025-02-04,2602.99,Bank Transfer,Completed,Tuesday,0,0,0
PAY0007293,INV0007940,SUP00149,DPT002,2024-04-07,4507.41,Bank Transfer,Completed,Sunday,1,0,0
PAY0007294,INV0007941,SUP00225,DPT010,2024-03-18,498.97,Bank Transfer,Completed,Monday,0,0,0
PAY0007295,INV0007942,SUP00261,DPT007,2024-07-27,5549.52,Bank Transfer,Completed,Saturday,1,0,0
PAY0007296,INV0007943,SUP00247,DPT010,2024-08-15,6853.51,Bank Transfer,Completed,Thursday,0,0,0
PAY0007297,INV0007944,SUP00133,DPT010,2025-01-04,50157.94,Bank Transfer,Completed,Saturday,1,0,0
PAY0007298,INV0007945,SUP00270,DPT005,2024-02-19,5414.77,Bank Transfer,Completed,Monday,0,0,0
PAY0007299,INV0007946,SUP00010,DPT003,2024-04-14,1718.29,Bank Transfer,Failed,Sunday,1,0,1
PAY0007300,INV0007947,SUP00158,DPT004,2024-11-01,14505.95,Bank Transfer,Completed,Friday,0,0,0
PAY0007301,INV0007948,SUP00003,DPT001,2024-08-27,6084.91,Bank Transfer,Completed,Tuesday,0,0,0
PAY0007302,INV0007950,SUP00008,DPT009,2024-09-08,8425.0,Bank Transfer,Failed,Sunday,1,0,1
PAY0007303,INV0007951,SUP00004,DPT004,2024-09-25,9193.32,Bank Transfer,Completed,Wednesday,0,0,0
PAY0007304,INV0007953,SUP00026,DPT002,2024-06-26,23313.87,Bank Transfer,Completed,Wednesday,0,0,0
PAY0007305,INV0007954,SUP00265,DPT001,2024-08-05,50751.79,Bank Transfer,Completed,Monday,0,0,0
PAY0007306,INV0007955,SUP00027,DPT003,2024-10-01,44455.54,Bank Transfer,Completed,Tuesday,0,0,0
PAY0007307,INV0007956,SUP00143,DPT011,2024-12-23,42477.49,Bank Transfer,Completed,Monday,0,0,0
PAY0007308,INV0007957,SUP00012,DPT001,2024-05-08,3310.42,Bank Transfer,Completed,Wednesday,0,0,0
PAY0007309,INV0007958,SUP00291,DPT011,2024-10-27,4455.66,Bank Transfer,Completed,Sunday,1,0,0
PAY0007310,INV0007959,SUP00002,DPT005,2024-06-06,2560.73,Bank Transfer,Failed,Thursday,0,0,1
PAY0007311,INV0007960,SUP00142,DPT004,2024-08-12,1294.25,Bank Transfer,Completed,Monday,0,0,0
PAY0007312,INV0007962,SUP00196,DPT001,2024-06-25,5898.34,Bank Transfer,Completed,Tuesday,0,0,0
PAY0007313,INV0007963,SUP00219,DPT005,2024-11-28,12700.07,Bank Transfer,Completed,Thursday,0,0,0
PAY0007314,INV0007964,SUP00010,DPT006,2024-08-01,5610.2,Bank Transfer,Completed,Thursday,0,0,0
PAY0007315,INV0007965,SUP00025,DPT004,2024-12-22,16515.83,Bank Transfer,Completed,Sunday,1,0,0
PAY0007316,INV0007966,SUP00005,DPT003,2024-04-23,5625.59,Bank Transfer,Completed,Tuesday,0,0,0
PAY0007317,INV0007967,SUP00018,DPT001,2024-07-25,4773.88,Bank Transfer,Completed,Thursday,0,0,0
PAY0007318,INV0007968,SUP00001,DPT002,2024-05-05,19855.69,Bank Transfer,Completed,Sunday,1,0,0
PAY0007319,INV0007969,SUP00190,DPT007,2024-06-11,14347.38,Bank Transfer,Completed,Tuesday,0,0,0
PAY0007320,INV0007970,SUP00293,DPT006,2024-02-29,3932.29,Bank Transfer,Completed,Thursday,0,0,0
PAY0007321,INV0007971,SUP00144,DPT002,2024-05-01,16996.59,Bank Transfer,Completed,Wednesday,0,0,0
PAY0007322,INV0007972,SUP00209,DPT009,2024-03-12,2595.02,Bank Transfer,Completed,Tuesday,0,0,0
PAY0007323,INV0007973,SUP00033,DPT002,2024-12-05,4284.95,Bank Transfer,Completed,Thursday,0,0,0
PAY0007324,INV0007974,SUP00007,DPT009,2025-03-02,716.05,Bank Transfer,Completed,Sunday,1,0,0
PAY0007325,INV0007976,SUP00010,DPT007,2024-05-15,1700.75,Bank Transfer,Completed,Wednesday,0,0,0
PAY0007326,INV0007977,SUP00026,DPT001,2025-01-14,11274.19,Bank Transfer,Completed,Tuesday,0,0,0
PAY0007327,INV0007978,SUP00262,DPT008,2024-03-13,10869.72,Bank Transfer,Pending,Wednesday,0,0,1
PAY0007328,INV0007979,SUP00017,DPT008,2024-11-27,24357.74,Bank Transfer,Pending,Wednesday,0,0,1
PAY0007329,INV0007980,SUP00010,DPT002,2024-09-19,41741.15,Bank Transfer,Completed,Thursday,0,0,0
PAY0007330,INV0007981,SUP00002,DPT002,2025-02-14,5024.72,Bank Transfer,Completed,Friday,0,0,0
PAY0007331,INV0007982,SUP00144,DPT008,2024-07-31,2592.79,Bank Transfer,Completed,Wednesday,0,0,0
PAY0007332,INV0007984,SUP00108,DPT006,2024-12-18,3860.25,Bank Transfer,Completed,Wednesday,0,0,0
PAY0007333,INV0007986,SUP00195,DPT002,2024-09-09,5865.34,Check,Completed,Monday,0,0,0
PAY0007334,INV0007987,SUP00256,DPT008,2024-03-12,3154.41,Bank Transfer,Completed,Tuesday,0,0,0
PAY0007335,INV0007989,SUP00198,DPT001,2024-06-24,4353.93,Bank Transfer,Completed,Monday,0,0,0
PAY0007336,INV0007990,SUP00006,DPT002,2025-01-13,5783.07,Bank Transfer,Completed,Monday,0,0,0
PAY0007337,INV0007992,SUP00023,DPT003,2024-07-07,75510.17,Bank Transfer,Completed,Sunday,1,0,0
PAY0007338,INV0007993,SUP00012,DPT005,2025-01-17,4584.82,Bank Transfer,Completed,Friday,0,0,0
PAY0007339,INV0007994,SUP00313,DPT005,2025-02-09,694.64,Bank Transfer,Completed,Sunday,1,0,0
PAY0007340,INV0007996,SUP00256,DPT001,2024-08-26,856.6,Bank Transfer,Completed,Monday,0,0,0
PAY0007341,INV0007997,SUP00005,DPT002,2025-03-24,3305.51,Bank Transfer,Completed,Monday,0,0,0
PAY0007342,INV0007998,SUP00152,DPT002,2024-07-06,33023.77,Bank Transfer,Completed,Saturday,1,0,0
PAY0007343,INV0008000,SUP00004,DPT008,2024-06-11,1851.42,Bank Transfer,Completed,Tuesday,0,0,0
PAY0007344,INV0008001,SUP00199,DPT009,2024-12-06,16108.1,Bank Transfer,Completed,Friday,0,0,0
PAY0007345,INV0008002,SUP00234,DPT009,2024-10-19,4646.7,Bank Transfer,Completed,Saturday,1,0,0
PAY0007346,INV0008003,SUP00270,DPT001,2025-01-01,24585.52,Bank Transfer,Completed,Wednesday,0,0,0
PAY0007347,INV0008004,SUP00285,DPT008,2024-08-22,4294.39,Bank Transfer,Completed,Thursday,0,0,0
PAY0007348,INV0008005,SUP00004,DPT004,2025-01-12,12345.81,Bank Transfer,Completed,Sunday,1,0,0
PAY0007349,INV0008006,SUP00251,DPT009,2024-10-05,1015.74,Bank Transfer,Completed,Saturday,1,0,0
PAY0007350,INV0008007,SUP00288,DPT011,2024-11-02,2054.98,Bank Transfer,Completed,Saturday,1,0,0
PAY0007351,INV0008008,SUP00138,DPT003,2025-02-19,4741.23,Bank Transfer,Completed,Wednesday,0,0,0
PAY0007352,INV0008009,SUP00007,DPT006,2024-03-07,3744.93,Bank Transfer,Completed,Thursday,0,0,0
PAY0007353,INV0008012,SUP00001,DPT002,2024-05-24,18760.74,Bank Transfer,Completed,Friday,0,0,0
PAY0007354,INV0008013,SUP00273,DPT003,2024-02-28,4899.88,Bank Transfer,Completed,Wednesday,0,0,0
PAY0007355,INV0008014,SUP00304,DPT010,2024-07-16,1195.18,Bank Transfer,Completed,Tuesday,0,0,0
PAY0007356,INV0008015,SUP00273,DPT001,2024-06-30,40549.71,Cash,Completed,Sunday,1,1,0
PAY0007357,INV0008016,SUP00009,DPT004,2024-02-21,928.6,Bank Transfer,Completed,Wednesday,0,0,0
PAY0007358,INV0008017,SUP00097,DPT005,2024-05-16,3207.95,Bank Transfer,Completed,Thursday,0,0,0
PAY0007359,INV0008018,SUP00030,DPT005,2024-06-25,11572.36,Check,Completed,Tuesday,0,0,0
PAY0007360,INV0008019,SUP00029,DPT001,2024-02-26,118149.68,Bank Transfer,Completed,Monday,0,0,0
PAY0007361,INV0008020,SUP00023,DPT001,2025-01-15,44027.99,Bank Transfer,Completed,Wednesday,0,0,0
PAY0007362,INV0008021,SUP00286,DPT004,2024-07-15,12397.29,Bank Transfer,Completed,Monday,0,0,0
PAY0007363,INV0008022,SUP00197,DPT004,2024-06-15,71095.77,Bank Transfer,Completed,Saturday,1,0,0
PAY0007364,INV0008023,SUP00230,DPT011,2024-03-03,4881.09,Bank Transfer,Pending,Sunday,1,0,1
PAY0007365,INV0008024,SUP00002,DPT008,2024-05-25,10385.72,Bank Transfer,Completed,Saturday,1,0,0
PAY0007366,INV0008025,SUP00021,DPT006,2024-11-19,32497.23,Check,Completed,Tuesday,0,0,0
PAY0007367,INV0008026,SUP00083,DPT002,2024-02-07,1210.3,Bank Transfer,Completed,Wednesday,0,0,0
PAY0007368,INV0008027,SUP00119,DPT011,2024-03-20,9184.46,Bank Transfer,Completed,Wednesday,0,0,0
PAY0007369,INV0008029,SUP00006,DPT011,2024-07-03,9649.17,Bank Transfer,Completed,Wednesday,0,0,0
PAY0007370,INV0008030,SUP00003,DPT011,2024-11-30,1795.19,Bank Transfer,Completed,Saturday,1,0,0
PAY0007371,INV0008031,SUP00257,DPT012,2024-12-08,9995.22,Bank Transfer,Completed,Sunday,1,0,0
PAY0007372,INV0008032,SUP00030,DPT003,2024-09-14,8487.26,Bank Transfer,Completed,Saturday,1,0,0
PAY0007373,INV0008034,SUP00256,DPT006,2024-09-18,14292.77,Bank Transfer,Completed,Wednesday,0,0,0
PAY0007374,INV0008035,SUP00173,DPT004,2025-01-25,28919.81,Bank Transfer,Completed,Saturday,1,0,0
PAY0007375,INV0008036,SUP00162,DPT003,2024-11-06,2703.85,Bank Transfer,Completed,Wednesday,0,0,0
PAY0007376,INV0008037,SUP00007,DPT005,2025-01-20,10717.85,Bank Transfer,Completed,Monday,0,0,0
PAY0007377,INV0008038,SUP00097,DPT007,2024-10-09,29067.87,Bank Transfer,Completed,Wednesday,0,0,0
PAY0007378,INV0008039,SUP00025,DPT003,2024-12-27,30153.3,Bank Transfer,Completed,Friday,0,0,0
PAY0007379,INV0008040,SUP00091,DPT003,2024-07-18,4888.44,Bank Transfer,Completed,Thursday,0,0,0
PAY0007380,INV0008041,SUP00070,DPT006,2024-05-13,20773.42,Bank Transfer,Completed,Monday,0,0,0
PAY0007381,INV0008043,SUP00014,DPT007,2024-04-08,15346.4,Bank Transfer,Completed,Monday,0,0,0
PAY0007382,INV0008044,SUP00026,DPT009,2024-09-27,2590.94,Card,Completed,Friday,0,0,0
PAY0007383,INV0008045,SUP00030,DPT010,2025-01-15,1022.75,Bank Transfer,Completed,Wednesday,0,0,0
PAY0007384,INV0008046,SUP00004,DPT008,2024-06-13,10955.37,Bank Transfer,Completed,Thursday,0,0,0
PAY0007385,INV0008047,SUP00261,DPT004,2024-07-28,16426.98,Bank Transfer,Completed,Sunday,1,0,0
PAY0007386,INV0008048,SUP00013,DPT010,2025-01-08,13545.79,Bank Transfer,Completed,Wednesday,0,0,0
PAY0007387,INV0008049,SUP00029,DPT004,2024-09-19,2357.64,Bank Transfer,Completed,Thursday,0,0,0
PAY0007388,INV0008050,SUP00122,DPT009,2024-09-12,357.23,Bank Transfer,Completed,Thursday,0,0,0
PAY0007389,INV0008051,SUP00155,DPT001,2024-06-23,16310.13,Bank Transfer,Completed,Sunday,1,0,0
PAY0007390,INV0008052,SUP00018,DPT007,2024-02-06,31840.82,Bank Transfer,Completed,Tuesday,0,0,0
PAY0007391,INV0008053,SUP00005,DPT001,2024-03-25,20401.65,Bank Transfer,Completed,Monday,0,0,0
PAY0007392,INV0008054,SUP00007,DPT001,2024-03-03,4187.41,Bank Transfer,Completed,Sunday,1,0,0
PAY0007393,INV0008055,SUP00006,DPT004,2024-05-13,2065.64,Bank Transfer,Completed,Monday,0,0,0
PAY0007394,INV0008056,SUP00009,DPT001,2024-10-12,7851.21,Bank Transfer,Completed,Saturday,1,0,0
PAY0007395,INV0008057,SUP00087,DPT003,2024-04-14,14831.42,Bank Transfer,Completed,Sunday,1,0,0
PAY0007396,INV0008058,SUP00047,DPT009,2024-02-23,4702.89,Bank Transfer,Completed,Friday,0,0,0
PAY0007397,INV0008059,SUP00006,DPT005,2024-05-07,3397.32,Bank Transfer,Completed,Tuesday,0,0,0
PAY0007398,INV0008060,SUP00133,DPT008,2024-09-03,9482.15,Card,Completed,Tuesday,0,0,0
PAY0007399,INV0008061,SUP00003,DPT009,2024-03-14,530.8,Bank Transfer,Completed,Thursday,0,0,0
PAY0007400,INV0008062,SUP00267,DPT004,2024-01-31,15793.22,Bank Transfer,Completed,Wednesday,0,0,0
PAY0007401,INV0008064,SUP00079,DPT002,2024-12-15,6005.02,Bank Transfer,Completed,Sunday,1,0,0
PAY0007402,INV0008065,SUP00010,DPT001,2024-04-22,3596.34,Bank Transfer,Completed,Monday,0,0,0
PAY0007403,INV0008066,SUP00032,DPT003,2024-08-06,4370.63,Card,Completed,Tuesday,0,0,0
PAY0007404,INV0008067,SUP00022,DPT008,2024-10-24,4354.02,Bank Transfer,Completed,Thursday,0,0,0
PAY0007405,INV0008069,SUP00003,DPT004,2024-08-30,992.8,Bank Transfer,Completed,Friday,0,0,0
PAY0007406,INV0008070,SUP00026,DPT005,2024-12-19,9908.73,Bank Transfer,Completed,Thursday,0,0,0
PAY0007407,INV0008071,SUP00197,DPT009,2024-03-02,3973.52,Bank Transfer,Completed,Saturday,1,0,0
PAY0007408,INV0008072,SUP00052,DPT009,2024-02-28,6065.25,Bank Transfer,Completed,Wednesday,0,0,0
PAY0007409,INV0008073,SUP00064,DPT002,2024-11-18,3160.06,Bank Transfer,Completed,Monday,0,0,0
PAY0007410,INV0008074,SUP00268,DPT003,2025-04-21,9199.92,Bank Transfer,Completed,Monday,0,0,0
PAY0007411,INV0008075,SUP00017,DPT007,2024-12-05,27640.36,Bank Transfer,Completed,Thursday,0,0,0
PAY0007412,INV0008076,SUP00001,DPT010,2025-03-11,7634.12,Check,Completed,Tuesday,0,0,0
PAY0007413,INV0008077,SUP00277,DPT002,2024-12-13,925.56,Bank Transfer,Completed,Friday,0,0,0
PAY0007414,INV0008078,SUP00002,DPT008,2024-11-30,6109.02,Bank Transfer,Completed,Saturday,1,0,0
PAY0007415,INV0008079,SUP00201,DPT002,2024-02-27,7512.15,Cash,Completed,Tuesday,0,1,0
PAY0007416,INV0008080,SUP00005,DPT002,2024-11-20,5690.29,Bank Transfer,Completed,Wednesday,0,0,0
PAY0007417,INV0008081,SUP00001,DPT003,2024-07-21,2462.06,Bank Transfer,Completed,Sunday,1,0,0
PAY0007418,INV0008082,SUP00015,DPT009,2025-01-16,5720.57,Bank Transfer,Pending,Thursday,0,0,1
PAY0007419,INV0008083,SUP00240,DPT008,2024-03-08,15511.89,Bank Transfer,Pending,Friday,0,0,1
PAY0007420,INV0008084,SUP00002,DPT004,2024-09-14,4320.04,Bank Transfer,Completed,Saturday,1,0,0
PAY0007421,INV0008085,SUP00009,DPT007,2024-10-05,9878.22,Bank Transfer,Completed,Saturday,1,0,0
PAY0007422,INV0008086,SUP00010,DPT004,2024-03-27,2867.11,Bank Transfer,Completed,Wednesday,0,0,0
PAY0007423,INV0008087,SUP00004,DPT002,2024-05-13,1831.62,Bank Transfer,Completed,Monday,0,0,0
PAY0007424,INV0008089,SUP00266,DPT001,2024-09-07,587.06,Bank Transfer,Completed,Saturday,1,0,0
PAY0007425,INV0008090,SUP00141,DPT011,2024-02-23,5954.3,Bank Transfer,Completed,Friday,0,0,0
PAY0007426,INV0008091,SUP00011,DPT009,2024-04-19,4116.89,Bank Transfer,Completed,Friday,0,0,0
PAY0007427,INV0008092,SUP00008,DPT008,2024-08-16,13096.24,Bank Transfer,Completed,Friday,0,0,0
PAY0007428,INV0008093,SUP00002,DPT005,2024-09-19,842.64,Bank Transfer,Completed,Thursday,0,0,0
PAY0007429,INV0008094,SUP00016,DPT009,2024-01-24,14079.73,Bank Transfer,Completed,Wednesday,0,0,0
PAY0007430,INV0008095,SUP00010,DPT001,2025-02-24,7255.58,Bank Transfer,Completed,Monday,0,0,0
PAY0007431,INV0008096,SUP00272,DPT006,2024-08-01,38348.03,Bank Transfer,Completed,Thursday,0,0,0
PAY0007432,INV0008097,SUP00008,DPT002,2024-09-03,4949.23,Bank Transfer,Completed,Tuesday,0,0,0
PAY0007433,INV0008098,SUP00020,DPT006,2024-07-18,9017.4,Check,Completed,Thursday,0,0,0
PAY0007434,INV0008099,SUP00133,DPT007,2024-03-15,12305.21,Check,Completed,Friday,0,0,0
PAY0007435,INV0008100,SUP00012,DPT002,2025-01-12,584.98,Bank Transfer,Completed,Sunday,1,0,0
PAY0007436,INV0008101,SUP00192,DPT002,2024-12-31,21667.26,Bank Transfer,Completed,Tuesday,0,0,0
PAY0007437,INV0008102,SUP00159,DPT005,2024-02-21,5222.12,Bank Transfer,Completed,Wednesday,0,0,0
PAY0007438,INV0008104,SUP00235,DPT007,2024-10-26,5541.31,Bank Transfer,Completed,Saturday,1,0,0
PAY0007439,INV0008105,SUP00016,DPT004,2024-10-17,23091.67,Bank Transfer,Completed,Thursday,0,0,0
PAY0007440,INV0008106,SUP00004,DPT011,2024-03-09,4035.63,Bank Transfer,Completed,Saturday,1,0,0
PAY0007441,INV0008107,SUP00143,DPT009,2024-05-27,6716.33,Check,Completed,Monday,0,0,0
PAY0007442,INV0008108,SUP00171,DPT008,2024-10-13,615.16,Bank Transfer,Failed,Sunday,1,0,1
PAY0007443,INV0008109,SUP00003,DPT004,2024-10-14,2250.43,Bank Transfer,Completed,Monday,0,0,0
PAY0007444,INV0008110,SUP00015,DPT004,2024-07-13,13502.86,Bank Transfer,Completed,Saturday,1,0,0
PAY0007445,INV0008111,SUP00259,DPT002,2024-12-30,20678.26,Bank Transfer,Completed,Monday,0,0,0
PAY0007446,INV0008112,SUP00125,DPT009,2024-09-01,7726.05,Bank Transfer,Completed,Sunday,1,0,0
PAY0007447,INV0008113,SUP00046,DPT003,2025-01-15,11868.34,Bank Transfer,Completed,Wednesday,0,0,0
PAY0007448,INV0008114,SUP00030,DPT007,2024-03-19,3804.5,Bank Transfer,Completed,Tuesday,0,0,0
PAY0007449,INV0008115,SUP00089,DPT010,2024-05-31,6292.32,Check,Completed,Friday,0,0,0
PAY0007450,INV0008116,SUP00116,DPT005,2024-09-23,1762.0,Bank Transfer,Completed,Monday,0,0,0
PAY0007451,INV0008117,SUP00003,DPT002,2024-11-24,3384.58,Bank Transfer,Completed,Sunday,1,0,0
PAY0007452,INV0008118,SUP00013,DPT001,2024-08-05,5734.38,Bank Transfer,Completed,Monday,0,0,0
PAY0007453,INV0008120,SUP00161,DPT002,2025-02-27,94530.08,Bank Transfer,Completed,Thursday,0,0,0
PAY0007454,INV0008121,SUP00169,DPT001,2024-03-02,2691.83,Bank Transfer,Completed,Saturday,1,0,0
PAY0007455,INV0008122,SUP00088,DPT003,2024-01-30,7548.25,Bank Transfer,Completed,Tuesday,0,0,0
PAY0007456,INV0008123,SUP00077,DPT005,2024-05-19,1440.54,Bank Transfer,Completed,Sunday,1,0,0
PAY0007457,INV0008124,SUP00017,DPT005,2024-05-31,186.46,Bank Transfer,Completed,Friday,0,0,0
PAY0007458,INV0008125,SUP00223,DPT002,2024-05-08,43887.57,Check,Pending,Wednesday,0,0,1
PAY0007459,INV0008126,SUP00271,DPT006,2025-03-28,5130.8,Bank Transfer,Completed,Friday,0,0,0
PAY0007460,INV0008127,SUP00230,DPT004,2024-07-25,488.16,Bank Transfer,Completed,Thursday,0,0,0
PAY0007461,INV0008128,SUP00245,DPT004,2024-10-25,1830.15,Bank Transfer,Completed,Friday,0,0,0
PAY0007462,INV0008130,SUP00007,DPT001,2024-10-20,10276.7,Bank Transfer,Completed,Sunday,1,0,0
PAY0007463,INV0008131,SUP00034,DPT005,2024-07-01,307.87,Bank Transfer,Completed,Monday,0,0,0
PAY0007464,INV0008132,SUP00046,DPT002,2024-06-23,3233.25,Bank Transfer,Completed,Sunday,1,0,0
PAY0007465,INV0008133,SUP00028,DPT002,2024-01-12,4787.15,Bank Transfer,Completed,Friday,0,0,0
PAY0007466,INV0008135,SUP00012,DPT007,2024-10-09,6014.41,Bank Transfer,Completed,Wednesday,0,0,0
PAY0007467,INV0008136,SUP00006,DPT006,2024-08-07,825.71,Bank Transfer,Completed,Wednesday,0,0,0
PAY0007468,INV0008137,SUP00009,DPT011,2024-04-29,2933.42,Bank Transfer,Completed,Monday,0,0,0
PAY0007469,INV0008138,SUP00005,DPT009,2024-11-20,2123.53,Check,Completed,Wednesday,0,0,0
PAY0007470,INV0008139,SUP00020,DPT002,2025-01-27,14303.27,Bank Transfer,Failed,Monday,0,0,1
PAY0007471,INV0008140,SUP00004,DPT006,2024-08-03,3261.0,Cash,Completed,Saturday,1,1,0
PAY0007472,INV0008141,SUP00003,DPT006,2024-07-31,3151.84,Bank Transfer,Completed,Wednesday,0,0,0
PAY0007473,INV0008142,SUP00025,DPT006,2024-09-19,4486.63,Bank Transfer,Completed,Thursday,0,0,0
PAY0007474,INV0008143,SUP00085,DPT004,2024-10-06,2258.42,Bank Transfer,Completed,Sunday,1,0,0
PAY0007475,INV0008144,SUP00089,DPT011,2024-05-22,34198.28,Bank Transfer,Completed,Wednesday,0,0,0
PAY0007476,INV0008145,SUP00004,DPT004,2025-03-06,21812.87,Bank Transfer,Completed,Thursday,0,0,0
PAY0007477,INV0008147,SUP00004,DPT004,2024-03-22,1477.03,Card,Pending,Friday,0,0,1
PAY0007478,INV0008148,SUP00120,DPT009,2024-06-02,8695.01,Bank Transfer,Completed,Sunday,1,0,0
PAY0007479,INV0008149,SUP00255,DPT004,2024-12-04,14255.89,Bank Transfer,Completed,Wednesday,0,0,0
PAY0007480,INV0008150,SUP00253,DPT001,2024-09-12,1835.57,Bank Transfer,Failed,Thursday,0,0,1
PAY0007481,INV0008151,SUP00033,DPT004,2024-11-06,24413.24,Bank Transfer,Completed,Wednesday,0,0,0
PAY0007482,INV0008152,SUP00010,DPT005,2024-07-21,1968.72,Bank Transfer,Completed,Sunday,1,0,0
PAY0007483,INV0008153,SUP00219,DPT001,2024-06-10,1148.18,Check,Completed,Monday,0,0,0
PAY0007484,INV0008154,SUP00092,DPT007,2024-09-23,20082.27,Bank Transfer,Completed,Monday,0,0,0
PAY0007485,INV0008155,SUP00197,DPT010,2024-11-02,17494.11,Check,Completed,Saturday,1,0,0
PAY0007486,INV0008156,SUP00020,DPT010,2024-12-25,4065.81,Bank Transfer,Completed,Wednesday,0,0,0
PAY0007487,INV0008158,SUP00279,DPT004,2024-03-04,2707.14,Bank Transfer,Completed,Monday,0,0,0
PAY0007488,INV0008159,SUP00166,DPT010,2024-05-21,85704.41,Bank Transfer,Completed,Tuesday,0,0,0
PAY0007489,INV0008160,SUP00287,DPT012,2024-11-22,3523.91,Bank Transfer,Completed,Friday,0,0,0
PAY0007490,INV0008161,SUP00025,DPT001,2024-03-31,3342.2,Bank Transfer,Completed,Sunday,1,0,0
PAY0007491,INV0008162,SUP00007,DPT001,2024-12-28,5159.56,Bank Transfer,Completed,Saturday,1,0,0
PAY0007492,INV0008163,SUP00117,DPT001,2025-01-13,1314.59,Bank Transfer,Completed,Monday,0,0,0
PAY0007493,INV0008164,SUP00116,DPT004,2024-11-20,8213.93,Bank Transfer,Completed,Wednesday,0,0,0
PAY0007494,INV0008165,SUP00029,DPT009,2025-01-13,30858.92,Bank Transfer,Completed,Monday,0,0,0
PAY0007495,INV0008166,SUP00009,DPT001,2024-10-21,4800.28,Bank Transfer,Completed,Monday,0,0,0
PAY0007496,INV0008167,SUP00099,DPT007,2024-02-23,15386.66,Bank Transfer,Pending,Friday,0,0,1
PAY0007497,INV0008168,SUP00006,DPT002,2025-01-25,622.92,Bank Transfer,Completed,Saturday,1,0,0
PAY0007498,INV0008169,SUP00175,DPT001,2024-12-11,1994.41,Bank Transfer,Completed,Wednesday,0,0,0
PAY0007499,INV0008170,SUP00266,DPT006,2025-02-03,6822.67,Card,Completed,Monday,0,0,0
PAY0007500,INV0008171,SUP00006,DPT006,2024-05-15,701.24,Bank Transfer,Completed,Wednesday,0,0,0
PAY0007501,INV0008172,SUP00214,DPT003,2024-06-25,8693.91,Bank Transfer,Completed,Tuesday,0,0,0
PAY0007502,INV0008173,SUP00007,DPT003,2024-03-27,4288.18,Bank Transfer,Completed,Wednesday,0,0,0
PAY0007503,INV0008174,SUP00030,DPT003,2024-09-22,20021.8,Bank Transfer,Completed,Sunday,1,0,0
PAY0007504,INV0008175,SUP00279,DPT011,2024-08-30,4520.67,Bank Transfer,Completed,Friday,0,0,0
PAY0007505,INV0008177,SUP00003,DPT005,2024-04-16,298.29,Bank Transfer,Completed,Tuesday,0,0,0
PAY0007506,INV0008178,SUP00296,DPT012,2024-04-27,1691.62,Bank Transfer,Completed,Saturday,1,0,0
PAY0007507,INV0008180,SUP00014,DPT001,2024-05-07,1148.92,Bank Transfer,Completed,Tuesday,0,0,0
PAY0007508,INV0008181,SUP00026,DPT004,2025-01-19,1896.44,Bank Transfer,Completed,Sunday,1,0,0
PAY0007509,INV0008182,SUP00001,DPT010,2024-09-28,3619.94,Bank Transfer,Completed,Saturday,1,0,0
PAY0007510,INV0008183,SUP00007,DPT007,2024-02-19,3914.54,Cash,Completed,Monday,0,1,0
PAY0007511,INV0008184,SUP00219,DPT011,2024-07-18,13480.01,Bank Transfer,Completed,Thursday,0,0,0
PAY0007512,INV0008185,SUP00037,DPT005,2025-01-04,7649.91,Bank Transfer,Completed,Saturday,1,0,0
PAY0007513,INV0008186,SUP00019,DPT011,2024-10-03,2791.61,Bank Transfer,Completed,Thursday,0,0,0
PAY0007514,INV0008187,SUP00133,DPT008,2025-02-15,841.73,Cash,Completed,Saturday,1,1,0
PAY0007515,INV0008188,SUP00012,DPT009,2024-11-03,200116.96,Bank Transfer,Completed,Sunday,1,0,0
PAY0007516,INV0008189,SUP00024,DPT012,2025-01-13,14961.35,Check,Completed,Monday,0,0,0
PAY0007517,INV0008190,SUP00317,DPT003,2024-11-15,17413.62,Bank Transfer,Completed,Friday,0,0,0
PAY0007518,INV0008191,SUP00187,DPT006,2024-11-04,381.03,Bank Transfer,Completed,Monday,0,0,0
PAY0007519,INV0008192,SUP00057,DPT002,2024-05-20,3913.35,Check,Completed,Monday,0,0,0
PAY0007520,INV0008193,SUP00041,DPT010,2024-11-19,3812.07,Bank Transfer,Pending,Tuesday,0,0,1
PAY0007521,INV0008194,SUP00229,DPT005,2024-05-15,3603.26,Bank Transfer,Completed,Wednesday,0,0,0
PAY0007522,INV0008195,SUP00085,DPT002,2024-09-27,14946.47,Bank Transfer,Completed,Friday,0,0,0
PAY0007523,INV0008196,SUP00014,DPT004,2024-09-10,4370.86,Bank Transfer,Completed,Tuesday,0,0,0
PAY0007524,INV0008197,SUP00022,DPT002,2024-12-19,3619.93,Bank Transfer,Completed,Thursday,0,0,0
PAY0007525,INV0008198,SUP00007,DPT004,2024-07-06,5971.12,Bank Transfer,Completed,Saturday,1,0,0
PAY0007526,INV0008199,SUP00297,DPT001,2024-09-06,6262.68,Bank Transfer,Completed,Friday,0,0,0
PAY0007527,INV0008200,SUP00115,DPT012,2025-01-27,1510.34,Bank Transfer,Pending,Monday,0,0,1
PAY0007528,INV0008202,SUP00016,DPT012,2024-09-23,2991.85,Bank Transfer,Completed,Monday,0,0,0
PAY0007529,INV0008203,SUP00266,DPT002,2025-01-26,5197.55,Bank Transfer,Completed,Sunday,1,0,0
PAY0007530,INV0008204,SUP00016,DPT003,2024-05-02,34142.67,Bank Transfer,Completed,Thursday,0,0,0
PAY0007531,INV0008205,SUP00177,DPT011,2024-07-10,170370.4,Bank Transfer,Completed,Wednesday,0,0,0
PAY0007532,INV0008206,SUP00223,DPT007,2024-02-09,10304.72,Cash,Completed,Friday,0,1,0
PAY0007533,INV0008207,SUP00267,DPT001,2024-04-11,804.66,Bank Transfer,Completed,Thursday,0,0,0
PAY0007534,INV0008208,SUP00017,DPT010,2025-01-09,4258.68,Bank Transfer,Pending,Thursday,0,0,1
PAY0007535,INV0008210,SUP00013,DPT002,2024-05-29,4594.27,Bank Transfer,Completed,Wednesday,0,0,0
PAY0007536,INV0008211,SUP00287,DPT008,2024-06-19,15457.84,Bank Transfer,Failed,Wednesday,0,0,1
PAY0007537,INV0008212,SUP00001,DPT007,2024-05-25,15324.92,Card,Completed,Saturday,1,0,0
PAY0007538,INV0008213,SUP00067,DPT007,2024-12-14,2762.04,Check,Completed,Saturday,1,0,0
PAY0007539,INV0008214,SUP00031,DPT001,2024-04-19,53099.59,Bank Transfer,Completed,Friday,0,0,0
PAY0007540,INV0008215,SUP00248,DPT002,2024-07-28,9729.06,Bank Transfer,Completed,Sunday,1,0,0
PAY0007541,INV0008216,SUP00008,DPT003,2024-10-16,5768.4,Bank Transfer,Completed,Wednesday,0,0,0
PAY0007542,INV0008217,SUP00003,DPT004,2025-01-29,4962.74,Card,Completed,Wednesday,0,0,0
PAY0007543,INV0008218,SUP00230,DPT001,2024-10-14,1516.08,Bank Transfer,Completed,Monday,0,0,0
PAY0007544,INV0008219,SUP00015,DPT007,2024-06-25,2441.13,Bank Transfer,Completed,Tuesday,0,0,0
PAY0007545,INV0008220,SUP00012,DPT010,2024-02-10,1898.95,Bank Transfer,Completed,Saturday,1,0,0
PAY0007546,INV0008221,SUP00004,DPT012,2024-08-04,82630.3,Bank Transfer,Completed,Sunday,1,0,0
PAY0007547,INV0008222,SUP00273,DPT009,2024-09-21,19592.19,Bank Transfer,Completed,Saturday,1,0,0
PAY0007548,INV0008224,SUP00139,DPT005,2024-11-27,49542.43,Bank Transfer,Completed,Wednesday,0,0,0
PAY0007549,INV0008225,SUP00260,DPT011,2024-02-19,28762.2,Bank Transfer,Completed,Monday,0,0,0
PAY0007550,INV0008227,SUP00025,DPT002,2025-02-22,11072.06,Bank Transfer,Completed,Saturday,1,0,0
PAY0007551,INV0008228,SUP00006,DPT002,2024-06-01,2737.86,Bank Transfer,Completed,Saturday,1,0,0
PAY0007552,INV0008229,SUP00127,DPT006,2025-03-27,19603.31,Bank Transfer,Completed,Thursday,0,0,0
PAY0007553,INV0008230,SUP00114,DPT011,2024-07-07,10532.49,Bank Transfer,Completed,Sunday,1,0,0
PAY0007554,INV0008231,SUP00002,DPT004,2024-04-18,3744.47,Bank Transfer,Completed,Thursday,0,0,0
PAY0007555,INV0008232,SUP00261,DPT005,2024-12-31,1402.31,Bank Transfer,Completed,Tuesday,0,0,0
PAY0007556,INV0008233,SUP00013,DPT006,2024-06-07,5467.57,Bank Transfer,Completed,Friday,0,0,0
PAY0007557,INV0008234,SUP00023,DPT010,2024-06-30,10726.61,Bank Transfer,Completed,Sunday,1,0,0
PAY0007558,INV0008236,SUP00269,DPT006,2025-01-04,12299.38,Bank Transfer,Completed,Saturday,1,0,0
PAY0007559,INV0008237,SUP00006,DPT011,2024-09-15,17422.38,Bank Transfer,Completed,Sunday,1,0,0
PAY0007560,INV0008238,SUP00017,DPT011,2024-12-08,2511.24,Bank Transfer,Completed,Sunday,1,0,0
PAY0007561,INV0008239,SUP00030,DPT003,2024-05-19,603.76,Bank Transfer,Completed,Sunday,1,0,0
PAY0007562,INV0008240,SUP00316,DPT001,2024-04-08,861.16,Check,Completed,Monday,0,0,0
PAY0007563,INV0008241,SUP00024,DPT011,2024-10-28,4299.08,Bank Transfer,Completed,Monday,0,0,0
PAY0007564,INV0008242,SUP00020,DPT011,2024-08-21,2571.83,Bank Transfer,Pending,Wednesday,0,0,1
PAY0007565,INV0008243,SUP00282,DPT001,2025-01-05,5218.34,Card,Completed,Sunday,1,0,0
PAY0007566,INV0008244,SUP00121,DPT001,2024-06-03,14234.62,Bank Transfer,Completed,Monday,0,0,0
PAY0007567,INV0008245,SUP00006,DPT002,2024-04-27,12338.94,Bank Transfer,Pending,Saturday,1,0,1
PAY0007568,INV0008246,SUP00006,DPT006,2024-11-14,412.67,Bank Transfer,Failed,Thursday,0,0,1
PAY0007569,INV0008248,SUP00026,DPT002,2024-03-29,9314.7,Bank Transfer,Completed,Friday,0,0,0
PAY0007570,INV0008250,SUP00025,DPT002,2024-12-07,4972.69,Bank Transfer,Completed,Saturday,1,0,0
PAY0007571,INV0008251,SUP00285,DPT012,2024-10-03,4269.45,Bank Transfer,Completed,Thursday,0,0,0
PAY0007572,INV0008252,SUP00171,DPT004,2024-10-26,21063.61,Bank Transfer,Completed,Saturday,1,0,0
PAY0007573,INV0008253,SUP00060,DPT004,2024-04-20,1945.78,Bank Transfer,Completed,Saturday,1,0,0
PAY0007574,INV0008254,SUP00007,DPT011,2024-08-23,8399.78,Bank Transfer,Completed,Friday,0,0,0
PAY0007575,INV0008255,SUP00014,DPT001,2024-12-10,34747.73,Bank Transfer,Completed,Tuesday,0,0,0
PAY0007576,INV0008256,SUP00319,DPT001,2024-09-13,7121.74,Bank Transfer,Completed,Friday,0,0,0
PAY0007577,INV0008257,SUP00119,DPT004,2025-01-18,10922.2,Cash,Completed,Saturday,1,1,0
PAY0007578,INV0008258,SUP00010,DPT005,2025-02-09,1187.79,Check,Completed,Sunday,1,0,0
PAY0007579,INV0008259,SUP00166,DPT004,2024-09-03,15899.43,Check,Completed,Tuesday,0,0,0
PAY0007580,INV0008262,SUP00008,DPT001,2025-01-29,13734.96,Check,Completed,Wednesday,0,0,0
PAY0007581,INV0008263,SUP00259,DPT002,2024-04-10,1607.61,Bank Transfer,Completed,Wednesday,0,0,0
PAY0007582,INV0008264,SUP00164,DPT005,2024-12-05,48401.38,Bank Transfer,Pending,Thursday,0,0,1
PAY0007583,INV0008265,SUP00029,DPT011,2024-07-27,164412.34,Bank Transfer,Completed,Saturday,1,0,0
PAY0007584,INV0008266,SUP00021,DPT003,2024-06-20,3004.11,Check,Completed,Thursday,0,0,0
PAY0007585,INV0008267,SUP00237,DPT003,2025-01-21,23505.86,Check,Completed,Tuesday,0,0,0
PAY0007586,INV0008268,SUP00007,DPT002,2024-03-30,15032.88,Bank Transfer,Completed,Saturday,1,0,0
PAY0007587,INV0008269,SUP00003,DPT012,2024-11-28,1482.48,Bank Transfer,Completed,Thursday,0,0,0
PAY0007588,INV0008270,SUP00233,DPT002,2024-06-01,26430.07,Check,Completed,Saturday,1,0,0
PAY0007589,INV0008271,SUP00236,DPT005,2024-05-07,4289.84,Bank Transfer,Completed,Tuesday,0,0,0
PAY0007590,INV0008272,SUP00008,DPT001,2024-12-29,12265.01,Card,Completed,Sunday,1,0,0
PAY0007591,INV0008273,SUP00007,DPT006,2024-05-07,49383.04,Bank Transfer,Completed,Tuesday,0,0,0
PAY0007592,INV0008274,SUP00156,DPT004,2025-01-27,10894.08,Bank Transfer,Completed,Monday,0,0,0
PAY0007593,INV0008275,SUP00005,DPT005,2024-02-27,7629.34,Cash,Completed,Tuesday,0,1,0
PAY0007594,INV0008276,SUP00097,DPT001,2024-04-02,2004.05,Bank Transfer,Completed,Tuesday,0,0,0
PAY0007595,INV0008277,SUP00144,DPT001,2024-06-28,15209.26,Bank Transfer,Completed,Friday,0,0,0
PAY0007596,INV0008278,SUP00097,DPT001,2024-04-07,5128.55,Bank Transfer,Completed,Sunday,1,0,0
PAY0007597,INV0008279,SUP00022,DPT009,2024-04-12,3914.28,Bank Transfer,Completed,Friday,0,0,0
PAY0007598,INV0008280,SUP00212,DPT008,2024-11-17,13421.94,Bank Transfer,Completed,Sunday,1,0,0
PAY0007599,INV0008281,SUP00279,DPT001,2024-02-14,1740.44,Bank Transfer,Completed,Wednesday,0,0,0
PAY0007600,INV0008282,SUP00147,DPT003,2024-09-26,2453.27,Bank Transfer,Completed,Thursday,0,0,0
PAY0007601,INV0008284,SUP00318,DPT001,2024-08-22,6752.07,Bank Transfer,Completed,Thursday,0,0,0
PAY0007602,INV0008285,SUP00025,DPT009,2024-05-29,6596.54,Bank Transfer,Completed,Wednesday,0,0,0
PAY0007603,INV0008286,SUP00004,DPT003,2025-02-01,4844.58,Cash,Completed,Saturday,1,1,0
PAY0007604,INV0008288,SUP00015,DPT006,2024-08-14,11657.45,Bank Transfer,Completed,Wednesday,0,0,0
PAY0007605,INV0008289,SUP00006,DPT011,2024-08-10,24111.33,Bank Transfer,Completed,Saturday,1,0,0
PAY0007606,INV0008290,SUP00190,DPT008,2024-09-28,8752.58,Bank Transfer,Completed,Saturday,1,0,0
PAY0007607,INV0008291,SUP00001,DPT001,2024-07-14,3137.31,Bank Transfer,Completed,Sunday,1,0,0
PAY0007608,INV0008292,SUP00020,DPT002,2024-10-21,659.58,Bank Transfer,Completed,Monday,0,0,0
PAY0007609,INV0008293,SUP00249,DPT004,2024-05-23,40016.67,Bank Transfer,Completed,Thursday,0,0,0
PAY0007610,INV0008294,SUP00004,DPT001,2024-08-07,5001.01,Cash,Completed,Wednesday,0,1,0
PAY0007611,INV0008295,SUP00070,DPT004,2024-12-03,27132.96,Check,Completed,Tuesday,0,0,0
PAY0007612,INV0008296,SUP00281,DPT012,2024-10-03,38741.92,Bank Transfer,Completed,Thursday,0,0,0
PAY0007613,INV0008297,SUP00003,DPT002,2024-04-18,15271.72,Bank Transfer,Completed,Thursday,0,0,0
PAY0007614,INV0008298,SUP00015,DPT007,2024-10-13,18435.38,Bank Transfer,Completed,Sunday,1,0,0
PAY0007615,INV0008299,SUP00002,DPT002,2024-08-11,16078.95,Bank Transfer,Completed,Sunday,1,0,0
PAY0007616,INV0008300,SUP00133,DPT001,2025-01-05,4768.73,Bank Transfer,Completed,Sunday,1,0,0
PAY0007617,INV0008301,SUP00022,DPT001,2025-01-07,1584.68,Bank Transfer,Completed,Tuesday,0,0,0
PAY0007618,INV0008302,SUP00289,DPT001,2025-01-04,15129.83,Bank Transfer,Completed,Saturday,1,0,0
PAY0007619,INV0008303,SUP00138,DPT003,2024-11-20,1052.0,Bank Transfer,Completed,Wednesday,0,0,0
PAY0007620,INV0008305,SUP00268,DPT006,2024-10-23,2875.16,Bank Transfer,Completed,Wednesday,0,0,0
PAY0007621,INV0008306,SUP00005,DPT001,2024-06-08,11724.43,Bank Transfer,Completed,Saturday,1,0,0
PAY0007622,INV0008307,SUP00193,DPT001,2024-06-11,7809.57,Bank Transfer,Completed,Tuesday,0,0,0
PAY0007623,INV0008308,SUP00161,DPT012,2024-12-26,2913.84,Bank Transfer,Completed,Thursday,0,0,0
PAY0007624,INV0008309,SUP00128,DPT002,2024-09-27,3779.54,Bank Transfer,Completed,Friday,0,0,0
PAY0007625,INV0008310,SUP00107,DPT003,2024-08-30,56879.39,Bank Transfer,Completed,Friday,0,0,0
PAY0007626,INV0008311,SUP00005,DPT009,2024-04-14,2413.39,Bank Transfer,Completed,Sunday,1,0,0
PAY0007627,INV0008312,SUP00211,DPT005,2024-06-30,4827.99,Bank Transfer,Completed,Sunday,1,0,0
PAY0007628,INV0008313,SUP00105,DPT002,2024-05-20,11767.77,Bank Transfer,Completed,Monday,0,0,0
PAY0007629,INV0008314,SUP00186,DPT007,2024-10-19,6399.74,Bank Transfer,Completed,Saturday,1,0,0
PAY0007630,INV0008315,SUP00247,DPT003,2024-08-26,12199.2,Bank Transfer,Completed,Monday,0,0,0
PAY0007631,INV0008316,SUP00051,DPT005,2024-08-23,21288.17,Bank Transfer,Completed,Friday,0,0,0
PAY0007632,INV0008317,SUP00295,DPT001,2024-10-21,31611.36,Bank Transfer,Completed,Monday,0,0,0
PAY0007633,INV0008318,SUP00004,DPT010,2024-12-04,6324.39,Bank Transfer,Completed,Wednesday,0,0,0
PAY0007634,INV0008319,SUP00001,DPT006,2025-02-12,9669.36,Bank Transfer,Completed,Wednesday,0,0,0
PAY0007635,INV0008321,SUP00008,DPT005,2024-09-10,2115.99,Bank Transfer,Completed,Tuesday,0,0,0
PAY0007636,INV0008322,SUP00057,DPT003,2024-07-16,7217.53,Bank Transfer,Completed,Tuesday,0,0,0
PAY0007637,INV0008323,SUP00010,DPT011,2025-01-03,912.06,Bank Transfer,Completed,Friday,0,0,0
PAY0007638,INV0008324,SUP00137,DPT002,2024-11-02,9059.03,Bank Transfer,Completed,Saturday,1,0,0
PAY0007639,INV0008325,SUP00288,DPT003,2025-01-09,518.74,Bank Transfer,Completed,Thursday,0,0,0
PAY0007640,INV0008326,SUP00184,DPT008,2024-03-25,1892.42,Check,Completed,Monday,0,0,0
PAY0007641,INV0008327,SUP00022,DPT002,2024-08-31,16272.5,Bank Transfer,Completed,Saturday,1,0,0
PAY0007642,INV0008328,SUP00312,DPT003,2024-09-05,10139.61,Bank Transfer,Completed,Thursday,0,0,0
PAY0007643,INV0008329,SUP00185,DPT009,2024-06-19,5821.56,Bank Transfer,Completed,Wednesday,0,0,0
PAY0007644,INV0008330,SUP00209,DPT007,2024-07-24,3619.3,Bank Transfer,Completed,Wednesday,0,0,0
PAY0007645,INV0008331,SUP00007,DPT003,2024-12-16,2240.99,Check,Completed,Monday,0,0,0
PAY0007646,INV0008332,SUP00136,DPT004,2024-07-07,3145.29,Check,Completed,Sunday,1,0,0
PAY0007647,INV0008333,SUP00003,DPT005,2024-08-01,12999.32,Bank Transfer,Completed,Thursday,0,0,0
PAY0007648,INV0008334,SUP00008,DPT010,2024-03-22,4410.99,Check,Pending,Friday,0,0,1
PAY0007649,INV0008335,SUP00001,DPT007,2024-09-18,551.25,Check,Completed,Wednesday,0,0,0
PAY0007650,INV0008336,SUP00147,DPT006,2024-01-22,1450.03,Bank Transfer,Completed,Monday,0,0,0
PAY0007651,INV0008337,SUP00001,DPT009,2024-11-02,2316.88,Bank Transfer,Completed,Saturday,1,0,0
PAY0007652,INV0008338,SUP00025,DPT003,2024-08-22,4438.9,Bank Transfer,Completed,Thursday,0,0,0
PAY0007653,INV0008339,SUP00113,DPT004,2025-02-04,4441.1,Bank Transfer,Completed,Tuesday,0,0,0
PAY0007654,INV0008340,SUP00010,DPT007,2024-07-16,1771.5,Bank Transfer,Completed,Tuesday,0,0,0
PAY0007655,INV0008341,SUP00017,DPT004,2024-12-28,12021.97,Check,Completed,Saturday,1,0,0
PAY0007656,INV0008342,SUP00243,DPT004,2024-12-03,611.07,Bank Transfer,Completed,Tuesday,0,0,0
PAY0007657,INV0008343,SUP00262,DPT002,2024-05-11,2515.44,Bank Transfer,Completed,Saturday,1,0,0
PAY0007658,INV0008344,SUP00237,DPT006,2024-05-28,15030.73,Bank Transfer,Completed,Tuesday,0,0,0
PAY0007659,INV0008345,SUP00173,DPT006,2024-07-17,11458.73,Bank Transfer,Completed,Wednesday,0,0,0
PAY0007660,INV0008346,SUP00010,DPT010,2024-02-12,4433.67,Bank Transfer,Completed,Monday,0,0,0
PAY0007661,INV0008347,SUP00003,DPT001,2024-05-15,17758.06,Bank Transfer,Completed,Wednesday,0,0,0
PAY0007662,INV0008349,SUP00276,DPT001,2024-06-08,6509.06,Bank Transfer,Failed,Saturday,1,0,1
PAY0007663,INV0008350,SUP00008,DPT008,2024-02-18,12311.71,Bank Transfer,Completed,Sunday,1,0,0
PAY0007664,INV0008353,SUP00080,DPT011,2024-01-13,4437.53,Bank Transfer,Completed,Saturday,1,0,0
PAY0007665,INV0008354,SUP00020,DPT004,2024-09-27,4653.34,Bank Transfer,Completed,Friday,0,0,0
PAY0007666,INV0008355,SUP00239,DPT001,2024-06-15,7361.82,Bank Transfer,Completed,Saturday,1,0,0
PAY0007667,INV0008357,SUP00273,DPT005,2024-10-29,51895.67,Bank Transfer,Completed,Tuesday,0,0,0
PAY0007668,INV0008358,SUP00017,DPT008,2024-08-11,11085.73,Card,Completed,Sunday,1,0,0
PAY0007669,INV0008359,SUP00024,DPT003,2024-10-23,2663.14,Check,Completed,Wednesday,0,0,0
PAY0007670,INV0008360,SUP00003,DPT001,2024-12-16,51286.98,Bank Transfer,Completed,Monday,0,0,0
PAY0007671,INV0008361,SUP00017,DPT003,2024-12-11,36109.05,Bank Transfer,Completed,Wednesday,0,0,0
PAY0007672,INV0008362,SUP00006,DPT006,2024-07-12,3920.13,Check,Completed,Friday,0,0,0
PAY0007673,INV0008363,SUP00002,DPT005,2024-08-27,8641.19,Bank Transfer,Completed,Tuesday,0,0,0
PAY0007674,INV0008364,SUP00009,DPT009,2024-03-20,6012.2,Bank Transfer,Completed,Wednesday,0,0,0
PAY0007675,INV0008365,SUP00029,DPT003,2024-04-27,14972.34,Bank Transfer,Completed,Saturday,1,0,0
PAY0007676,INV0008366,SUP00009,DPT005,2024-05-17,3096.22,Bank Transfer,Completed,Friday,0,0,0
PAY0007677,INV0008367,SUP00004,DPT012,2025-01-14,6776.08,Check,Completed,Tuesday,0,0,0
PAY0007678,INV0008368,SUP00025,DPT003,2025-01-15,3174.62,Bank Transfer,Completed,Wednesday,0,0,0
PAY0007679,INV0008369,SUP00005,DPT004,2024-12-15,145185.39,Card,Completed,Sunday,1,0,0
PAY0007680,INV0008370,SUP00003,DPT012,2024-06-20,2531.75,Bank Transfer,Completed,Thursday,0,0,0
PAY0007681,INV0008371,SUP00297,DPT002,2024-09-16,11579.55,Bank Transfer,Completed,Monday,0,0,0
PAY0007682,INV0008372,SUP00027,DPT005,2024-06-19,155166.1,Bank Transfer,Completed,Wednesday,0,0,0
PAY0007683,INV0008373,SUP00204,DPT003,2024-06-11,21632.23,Bank Transfer,Completed,Tuesday,0,0,0
PAY0007684,INV0008374,SUP00006,DPT001,2024-05-11,5887.02,Bank Transfer,Completed,Saturday,1,0,0
PAY0007685,INV0008375,SUP00026,DPT008,2025-05-19,7404.19,Bank Transfer,Pending,Monday,0,0,1
PAY0007686,INV0008377,SUP00021,DPT010,2024-10-24,41575.38,Bank Transfer,Completed,Thursday,0,0,0
PAY0007687,INV0008378,SUP00218,DPT004,2024-05-02,4708.19,Bank Transfer,Completed,Thursday,0,0,0
PAY0007688,INV0008379,SUP00257,DPT002,2025-02-08,5422.85,Bank Transfer,Completed,Saturday,1,0,0
PAY0007689,INV0008380,SUP00037,DPT002,2024-04-16,2189.04,Bank Transfer,Completed,Tuesday,0,0,0
PAY0007690,INV0008381,SUP00010,DPT009,2024-04-04,49461.17,Bank Transfer,Completed,Thursday,0,0,0
PAY0007691,INV0008382,SUP00163,DPT003,2024-10-08,6533.77,Bank Transfer,Completed,Tuesday,0,0,0
PAY0007692,INV0008383,SUP00107,DPT002,2024-12-18,21190.55,Bank Transfer,Completed,Wednesday,0,0,0
PAY0007693,INV0008384,SUP00027,DPT002,2024-11-22,8257.03,Bank Transfer,Completed,Friday,0,0,0
PAY0007694,INV0008385,SUP00027,DPT005,2025-02-23,21363.86,Bank Transfer,Completed,Sunday,1,0,0
PAY0007695,INV0008386,SUP00029,DPT002,2024-09-23,439.25,Bank Transfer,Completed,Monday,0,0,0
PAY0007696,INV0008387,SUP00014,DPT011,2024-05-14,30169.94,Bank Transfer,Completed,Tuesday,0,0,0
PAY0007697,INV0008388,SUP00037,DPT001,2024-08-10,1275.4,Bank Transfer,Completed,Saturday,1,0,0
PAY0007698,INV0008389,SUP00002,DPT002,2024-10-31,14778.53,Bank Transfer,Completed,Thursday,0,0,0
PAY0007699,INV0008390,SUP00067,DPT004,2025-02-19,166.33,Bank Transfer,Completed,Wednesday,0,0,0
PAY0007700,INV0008391,SUP00029,DPT002,2024-06-18,6432.55,Bank Transfer,Completed,Tuesday,0,0,0
PAY0007701,INV0008392,SUP00022,DPT009,2024-05-15,18043.66,Check,Completed,Wednesday,0,0,0
PAY0007702,INV0008393,SUP00012,DPT011,2024-06-15,2277.1,Bank Transfer,Completed,Saturday,1,0,0
PAY0007703,INV0008394,SUP00097,DPT006,2024-06-21,6223.1,Bank Transfer,Completed,Friday,0,0,0
PAY0007704,INV0008395,SUP00028,DPT010,2024-09-26,17773.32,Bank Transfer,Pending,Thursday,0,0,1
PAY0007705,INV0008396,SUP00004,DPT009,2024-04-21,13411.43,Bank Transfer,Completed,Sunday,1,0,0
PAY0007706,INV0008397,SUP00017,DPT002,2025-01-25,1012.02,Bank Transfer,Completed,Saturday,1,0,0
PAY0007707,INV0008398,SUP00003,DPT001,2024-07-10,18335.87,Bank Transfer,Completed,Wednesday,0,0,0
PAY0007708,INV0008399,SUP00018,DPT006,2024-08-01,42818.27,Bank Transfer,Completed,Thursday,0,0,0
PAY0007709,INV0008400,SUP00045,DPT012,2024-08-24,24623.69,Bank Transfer,Completed,Saturday,1,0,0
PAY0007710,INV0008401,SUP00019,DPT009,2025-01-08,1470.51,Check,Completed,Wednesday,0,0,0
PAY0007711,INV0008402,SUP00014,DPT006,2025-03-01,14854.24,Bank Transfer,Completed,Saturday,1,0,0
PAY0007712,INV0008403,SUP00010,DPT001,2024-08-26,6598.06,Check,Completed,Monday,0,0,0
PAY0007713,INV0008404,SUP00018,DPT009,2024-08-27,11632.88,Card,Completed,Tuesday,0,0,0
PAY0007714,INV0008405,SUP00003,DPT007,2024-04-16,16023.86,Bank Transfer,Completed,Tuesday,0,0,0
PAY0007715,INV0008406,SUP00317,DPT011,2024-03-17,2380.72,Bank Transfer,Completed,Sunday,1,0,0
PAY0007716,INV0008407,SUP00058,DPT007,2025-01-09,5433.06,Bank Transfer,Completed,Thursday,0,0,0
PAY0007717,INV0008408,SUP00106,DPT001,2025-02-09,2365.68,Bank Transfer,Completed,Sunday,1,0,0
PAY0007718,INV0008409,SUP00007,DPT006,2024-05-29,1962.3,Bank Transfer,Completed,Wednesday,0,0,0
PAY0007719,INV0008410,SUP00275,DPT004,2024-05-09,9630.72,Bank Transfer,Completed,Thursday,0,0,0
PAY0007720,INV0008412,SUP00021,DPT006,2024-06-04,10057.06,Bank Transfer,Completed,Tuesday,0,0,0
PAY0007721,INV0008413,SUP00151,DPT010,2024-11-27,3050.03,Bank Transfer,Completed,Wednesday,0,0,0
PAY0007722,INV0008414,SUP00010,DPT008,2025-02-26,12835.4,Bank Transfer,Completed,Wednesday,0,0,0
PAY0007723,INV0008415,SUP00282,DPT001,2025-01-22,1613.27,Bank Transfer,Completed,Wednesday,0,0,0
PAY0007724,INV0008416,SUP00006,DPT002,2024-11-07,3498.74,Bank Transfer,Completed,Thursday,0,0,0
PAY0007725,INV0008417,SUP00222,DPT003,2024-03-08,1664.5,Bank Transfer,Completed,Friday,0,0,0
PAY0007726,INV0008418,SUP00301,DPT007,2024-12-08,8308.56,Bank Transfer,Completed,Sunday,1,0,0
PAY0007727,INV0008419,SUP00029,DPT006,2024-04-19,47580.92,Bank Transfer,Completed,Friday,0,0,0
PAY0007728,INV0008420,SUP00248,DPT004,2024-05-23,9333.23,Bank Transfer,Completed,Thursday,0,0,0
PAY0007729,INV0008421,SUP00003,DPT004,2024-03-16,5441.45,Bank Transfer,Completed,Saturday,1,0,0
PAY0007730,INV0008422,SUP00097,DPT009,2024-01-30,4776.21,Card,Completed,Tuesday,0,0,0
PAY0007731,INV0008423,SUP00016,DPT001,2024-06-19,97029.18,Bank Transfer,Completed,Wednesday,0,0,0
PAY0007732,INV0008424,SUP00016,DPT006,2024-07-06,21496.32,Bank Transfer,Completed,Saturday,1,0,0
PAY0007733,INV0008425,SUP00025,DPT009,2024-02-17,50560.27,Bank Transfer,Completed,Saturday,1,0,0
PAY0007734,INV0008426,SUP00083,DPT003,2024-08-21,862.91,Bank Transfer,Completed,Wednesday,0,0,0
PAY0007735,INV0008427,SUP00094,DPT002,2024-05-10,20551.56,Bank Transfer,Completed,Friday,0,0,0
PAY0007736,INV0008428,SUP00010,DPT007,2024-10-22,2258.74,Bank Transfer,Completed,Tuesday,0,0,0
PAY0007737,INV0008429,SUP00018,DPT002,2024-11-09,2791.05,Check,Completed,Saturday,1,0,0
PAY0007738,INV0008430,SUP00009,DPT004,2024-05-19,9446.57,Bank Transfer,Completed,Sunday,1,0,0
PAY0007739,INV0008431,SUP00104,DPT011,2025-01-24,2977.17,Bank Transfer,Completed,Friday,0,0,0
PAY0007740,INV0008432,SUP00004,DPT001,2024-03-25,78281.85,Card,Completed,Monday,0,0,0
PAY0007741,INV0008433,SUP00022,DPT011,2024-04-08,4526.68,Bank Transfer,Completed,Monday,0,0,0
PAY0007742,INV0008434,SUP00308,DPT002,2024-08-03,12406.41,Bank Transfer,Completed,Saturday,1,0,0
PAY0007743,INV0008435,SUP00314,DPT004,2025-01-09,998.02,Bank Transfer,Completed,Thursday,0,0,0
PAY0007744,INV0008436,SUP00036,DPT002,2024-08-26,2844.97,Bank Transfer,Completed,Monday,0,0,0
PAY0007745,INV0008437,SUP00009,DPT007,2025-01-24,5186.0,Bank Transfer,Completed,Friday,0,0,0
PAY0007746,INV0008438,SUP00075,DPT012,2024-04-25,18699.18,Bank Transfer,Completed,Thursday,0,0,0
PAY0007747,INV0008439,SUP00029,DPT003,2024-10-11,1705.57,Bank Transfer,Completed,Friday,0,0,0
PAY0007748,INV0008440,SUP00002,DPT011,2024-09-24,23846.63,Bank Transfer,Completed,Tuesday,0,0,0
PAY0007749,INV0008441,SUP00314,DPT008,2024-09-16,6940.86,Bank Transfer,Completed,Monday,0,0,0
PAY0007750,INV0008442,SUP00013,DPT012,2024-06-12,8880.45,Bank Transfer,Completed,Wednesday,0,0,0
PAY0007751,INV0008443,SUP00020,DPT007,2024-08-13,24035.66,Bank Transfer,Completed,Tuesday,0,0,0
PAY0007752,INV0008445,SUP00250,DPT011,2024-05-02,489.94,Bank Transfer,Completed,Thursday,0,0,0
PAY0007753,INV0008446,SUP00202,DPT008,2025-02-23,8408.27,Bank Transfer,Completed,Sunday,1,0,0
PAY0007754,INV0008448,SUP00153,DPT003,2024-09-12,3896.72,Bank Transfer,Completed,Thursday,0,0,0
PAY0007755,INV0008449,SUP00246,DPT002,2024-06-09,983.39,Bank Transfer,Completed,Sunday,1,0,0
PAY0007756,INV0008450,SUP00152,DPT006,2024-12-16,3178.41,Bank Transfer,Completed,Monday,0,0,0
PAY0007757,INV0008451,SUP00005,DPT002,2024-09-11,9206.69,Bank Transfer,Completed,Wednesday,0,0,0
PAY0007758,INV0008452,SUP00048,DPT004,2024-03-07,7319.69,Bank Transfer,Completed,Thursday,0,0,0
PAY0007759,INV0008453,SUP00225,DPT010,2024-06-20,13170.87,Bank Transfer,Completed,Thursday,0,0,0
PAY0007760,INV0008454,SUP00007,DPT006,2024-01-31,908.21,Bank Transfer,Completed,Wednesday,0,0,0
PAY0007761,INV0008455,SUP00048,DPT011,2024-06-07,3822.86,Bank Transfer,Completed,Friday,0,0,0
PAY0007762,INV0008456,SUP00126,DPT003,2024-12-05,5278.71,Check,Completed,Thursday,0,0,0
PAY0007763,INV0008457,SUP00105,DPT003,2024-04-14,12365.56,Check,Completed,Sunday,1,0,0
PAY0007764,INV0008458,SUP00004,DPT002,2024-05-09,3057.96,Bank Transfer,Completed,Thursday,0,0,0
PAY0007765,INV0008459,SUP00010,DPT012,2024-03-09,11313.84,Bank Transfer,Completed,Saturday,1,0,0
PAY0007766,INV0008460,SUP00056,DPT004,2024-11-26,2023.98,Bank Transfer,Completed,Tuesday,0,0,0
PAY0007767,INV0008461,SUP00007,DPT011,2024-08-21,50239.88,Bank Transfer,Completed,Wednesday,0,0,0
PAY0007768,INV0008462,SUP00013,DPT003,2024-03-14,4266.2,Bank Transfer,Completed,Thursday,0,0,0
PAY0007769,INV0008463,SUP00021,DPT003,2024-04-17,4063.05,Bank Transfer,Completed,Wednesday,0,0,0
PAY0007770,INV0008464,SUP00001,DPT009,2024-11-11,97046.54,Bank Transfer,Completed,Monday,0,0,0
PAY0007771,INV0008465,SUP00032,DPT006,2024-10-28,4134.63,Bank Transfer,Completed,Monday,0,0,0
PAY0007772,INV0008466,SUP00317,DPT005,2024-09-01,3634.93,Bank Transfer,Completed,Sunday,1,0,0
PAY0007773,INV0008467,SUP00021,DPT004,2024-10-10,1169.29,Card,Completed,Thursday,0,0,0
PAY0007774,INV0008468,SUP00009,DPT004,2024-09-11,18704.77,Bank Transfer,Completed,Wednesday,0,0,0
PAY0007775,INV0008469,SUP00009,DPT009,2024-11-23,24700.01,Check,Completed,Saturday,1,0,0
PAY0007776,INV0008470,SUP00034,DPT002,2024-06-12,5784.4,Bank Transfer,Completed,Wednesday,0,0,0
PAY0007777,INV0008471,SUP00025,DPT001,2024-12-25,2323.22,Bank Transfer,Failed,Wednesday,0,0,1
PAY0007778,INV0008472,SUP00239,DPT001,2024-12-23,9756.95,Bank Transfer,Completed,Monday,0,0,0
PAY0007779,INV0008473,SUP00108,DPT004,2025-03-02,24953.11,Bank Transfer,Completed,Sunday,1,0,0
PAY0007780,INV0008474,SUP00020,DPT009,2024-09-11,26877.0,Bank Transfer,Completed,Wednesday,0,0,0
PAY0007781,INV0008475,SUP00018,DPT007,2024-09-10,5216.72,Bank Transfer,Completed,Tuesday,0,0,0
PAY0007782,INV0008476,SUP00053,DPT012,2024-12-07,3040.98,Bank Transfer,Completed,Saturday,1,0,0
PAY0007783,INV0008477,SUP00009,DPT006,2024-07-20,2812.9,Bank Transfer,Completed,Saturday,1,0,0
PAY0007784,INV0008478,SUP00022,DPT004,2025-01-22,6227.21,Bank Transfer,Completed,Wednesday,0,0,0
PAY0007785,INV0008479,SUP00010,DPT005,2024-12-16,7983.48,Bank Transfer,Completed,Monday,0,0,0
PAY0007786,INV0008480,SUP00035,DPT010,2024-04-02,11399.35,Bank Transfer,Pending,Tuesday,0,0,1
PAY0007787,INV0008481,SUP00053,DPT001,2024-12-28,2250.68,Bank Transfer,Completed,Saturday,1,0,0
PAY0007788,INV0008482,SUP00230,DPT004,2024-11-06,7119.14,Bank Transfer,Pending,Wednesday,0,0,1
PAY0007789,INV0008483,SUP00009,DPT004,2024-08-29,1920.93,Bank Transfer,Completed,Thursday,0,0,0
PAY0007790,INV0008484,SUP00264,DPT011,2025-01-26,5348.52,Bank Transfer,Completed,Sunday,1,0,0
PAY0007791,INV0008485,SUP00046,DPT002,2024-03-21,30431.03,Bank Transfer,Completed,Thursday,0,0,0
PAY0007792,INV0008486,SUP00159,DPT001,2025-01-24,4767.97,Bank Transfer,Completed,Friday,0,0,0
PAY0007793,INV0008487,SUP00091,DPT006,2024-02-24,2139.49,Bank Transfer,Completed,Saturday,1,0,0
PAY0007794,INV0008488,SUP00220,DPT006,2024-04-14,8860.7,Bank Transfer,Completed,Sunday,1,0,0
PAY0007795,INV0008489,SUP00122,DPT003,2024-09-25,16830.9,Bank Transfer,Completed,Wednesday,0,0,0
PAY0007796,INV0008490,SUP00001,DPT005,2024-12-03,2502.99,Card,Completed,Tuesday,0,0,0
PAY0007797,INV0008492,SUP00284,DPT003,2024-01-13,2357.65,Check,Completed,Saturday,1,0,0
PAY0007798,INV0008493,SUP00025,DPT004,2024-12-18,3628.07,Bank Transfer,Completed,Wednesday,0,0,0
PAY0007799,INV0008494,SUP00219,DPT002,2024-10-17,34898.59,Bank Transfer,Completed,Thursday,0,0,0
PAY0007800,INV0008495,SUP00243,DPT009,2024-10-19,1191.28,Bank Transfer,Completed,Saturday,1,0,0
PAY0007801,INV0008496,SUP00013,DPT003,2024-09-02,848.36,Bank Transfer,Completed,Monday,0,0,0
PAY0007802,INV0008497,SUP00237,DPT006,2024-06-13,8270.7,Bank Transfer,Completed,Thursday,0,0,0
PAY0007803,INV0008499,SUP00001,DPT002,2024-04-27,1929.42,Bank Transfer,Completed,Saturday,1,0,0
PAY0007804,INV0008500,SUP00140,DPT007,2024-06-11,12590.96,Bank Transfer,Completed,Tuesday,0,0,0
PAY0007805,INV0008501,SUP00010,DPT009,2024-10-09,20209.76,Bank Transfer,Completed,Wednesday,0,0,0
PAY0007806,INV0008502,SUP00086,DPT004,2024-06-19,7381.71,Bank Transfer,Completed,Wednesday,0,0,0
PAY0007807,INV0008503,SUP00273,DPT005,2024-10-25,50274.94,Bank Transfer,Completed,Friday,0,0,0
PAY0007808,INV0008504,SUP00025,DPT010,2024-07-22,1715.45,Bank Transfer,Completed,Monday,0,0,0
PAY0007809,INV0008505,SUP00014,DPT011,2024-06-19,5977.28,Check,Completed,Wednesday,0,0,0
PAY0007810,INV0008506,SUP00028,DPT004,2024-04-25,6027.03,Bank Transfer,Completed,Thursday,0,0,0
PAY0007811,INV0008507,SUP00266,DPT001,2024-12-31,3756.26,Bank Transfer,Completed,Tuesday,0,0,0
PAY0007812,INV0008508,SUP00134,DPT007,2024-10-23,8306.81,Bank Transfer,Pending,Wednesday,0,0,1
PAY0007813,INV0008509,SUP00002,DPT009,2025-02-28,99509.99,Bank Transfer,Failed,Friday,0,0,1
PAY0007814,INV0008511,SUP00008,DPT004,2024-10-05,15536.99,Bank Transfer,Completed,Saturday,1,0,0
PAY0007815,INV0008512,SUP00177,DPT009,2024-08-03,17737.72,Bank Transfer,Completed,Saturday,1,0,0
PAY0007816,INV0008513,SUP00027,DPT007,2024-09-29,5540.41,Bank Transfer,Completed,Sunday,1,0,0
PAY0007817,INV0008514,SUP00249,DPT004,2024-09-22,1261.76,Bank Transfer,Completed,Sunday,1,0,0
PAY0007818,INV0008515,SUP00170,DPT001,2024-04-20,19639.75,Bank Transfer,Completed,Saturday,1,0,0
PAY0007819,INV0008516,SUP00261,DPT005,2024-12-05,1430.89,Card,Pending,Thursday,0,0,1
PAY0007820,INV0008517,SUP00246,DPT002,2024-03-15,979.21,Bank Transfer,Completed,Friday,0,0,0
PAY0007821,INV0008518,SUP00006,DPT004,2024-12-15,31279.1,Bank Transfer,Completed,Sunday,1,0,0
PAY0007822,INV0008519,SUP00003,DPT008,2024-05-19,2813.63,Bank Transfer,Completed,Sunday,1,0,0
PAY0007823,INV0008520,SUP00013,DPT009,2024-10-02,37984.13,Bank Transfer,Completed,Wednesday,0,0,0
PAY0007824,INV0008521,SUP00009,DPT001,2025-02-22,4999.36,Bank Transfer,Completed,Saturday,1,0,0
PAY0007825,INV0008523,SUP00067,DPT007,2024-11-13,2691.95,Bank Transfer,Completed,Wednesday,0,0,0
PAY0007826,INV0008524,SUP00150,DPT001,2024-12-21,42179.43,Bank Transfer,Completed,Saturday,1,0,0
PAY0007827,INV0008525,SUP00216,DPT007,2024-07-12,7936.25,Cash,Completed,Friday,0,1,0
PAY0007828,INV0008526,SUP00205,DPT004,2024-08-23,10840.06,Bank Transfer,Completed,Friday,0,0,0
PAY0007829,INV0008527,SUP00004,DPT004,2024-09-09,11957.96,Check,Completed,Monday,0,0,0
PAY0007830,INV0008528,SUP00002,DPT003,2024-06-03,1504.03,Bank Transfer,Completed,Monday,0,0,0
PAY0007831,INV0008529,SUP00242,DPT005,2024-05-12,1564.04,Bank Transfer,Completed,Sunday,1,0,0
PAY0007832,INV0008530,SUP00009,DPT011,2024-12-21,1578.3,Bank Transfer,Completed,Saturday,1,0,0
PAY0007833,INV0008531,SUP00173,DPT004,2024-12-07,27935.78,Bank Transfer,Completed,Saturday,1,0,0
PAY0007834,INV0008532,SUP00113,DPT007,2024-08-27,1827.64,Bank Transfer,Completed,Tuesday,0,0,0
PAY0007835,INV0008533,SUP00130,DPT005,2024-07-02,2500.18,Bank Transfer,Completed,Tuesday,0,0,0
PAY0007836,INV0008534,SUP00002,DPT001,2024-09-27,1927.58,Bank Transfer,Completed,Friday,0,0,0
PAY0007837,INV0008535,SUP00004,DPT006,2024-06-10,7201.94,Bank Transfer,Completed,Monday,0,0,0
PAY0007838,INV0008536,SUP00202,DPT005,2024-08-06,1298.07,Cash,Completed,Tuesday,0,1,0
PAY0007839,INV0008537,SUP00040,DPT011,2024-08-11,17644.48,Bank Transfer,Completed,Sunday,1,0,0
PAY0007840,INV0008538,SUP00185,DPT009,2024-05-06,16739.96,Bank Transfer,Completed,Monday,0,0,0
PAY0007841,INV0008539,SUP00004,DPT003,2024-10-08,2204.25,Bank Transfer,Completed,Tuesday,0,0,0
PAY0007842,INV0008540,SUP00008,DPT009,2024-12-11,4188.66,Bank Transfer,Completed,Wednesday,0,0,0
PAY0007843,INV0008541,SUP00021,DPT006,2024-11-10,12959.02,Bank Transfer,Completed,Sunday,1,0,0
PAY0007844,INV0008543,SUP00008,DPT003,2024-03-02,3674.09,Bank Transfer,Completed,Saturday,1,0,0
PAY0007845,INV0008544,SUP00006,DPT002,2024-11-11,3215.69,Check,Completed,Monday,0,0,0
PAY0007846,INV0008545,SUP00249,DPT011,2024-09-10,52131.68,Bank Transfer,Completed,Tuesday,0,0,0
PAY0007847,INV0008546,SUP00051,DPT004,2024-02-22,5119.75,Bank Transfer,Completed,Thursday,0,0,0
PAY0007848,INV0008547,SUP00015,DPT001,2024-12-12,4401.94,Bank Transfer,Completed,Thursday,0,0,0
PAY0007849,INV0008548,SUP00043,DPT004,2024-09-19,5201.79,Bank Transfer,Completed,Thursday,0,0,0
PAY0007850,INV0008549,SUP00006,DPT004,2024-06-08,7518.42,Bank Transfer,Completed,Saturday,1,0,0
PAY0007851,INV0008550,SUP00171,DPT010,2024-12-03,7310.66,Bank Transfer,Completed,Tuesday,0,0,0
PAY0007852,INV0008552,SUP00212,DPT009,2025-03-28,2877.77,Bank Transfer,Completed,Friday,0,0,0
PAY0007853,INV0008553,SUP00018,DPT002,2025-01-25,1868.74,Card,Completed,Saturday,1,0,0
PAY0007854,INV0008554,SUP00001,DPT002,2025-02-03,41565.96,Bank Transfer,Completed,Monday,0,0,0
PAY0007855,INV0008555,SUP00004,DPT002,2024-04-21,70928.78,Bank Transfer,Completed,Sunday,1,0,0
PAY0007856,INV0008556,SUP00007,DPT005,2024-12-18,10439.47,Bank Transfer,Completed,Wednesday,0,0,0
PAY0007857,INV0008557,SUP00002,DPT011,2024-09-27,1692.52,Bank Transfer,Completed,Friday,0,0,0
PAY0007858,INV0008560,SUP00185,DPT006,2024-04-17,3522.58,Bank Transfer,Completed,Wednesday,0,0,0
PAY0007859,INV0008561,SUP00015,DPT001,2025-03-07,979.33,Bank Transfer,Completed,Friday,0,0,0
PAY0007860,INV0008562,SUP00041,DPT004,2024-03-23,1083.32,Bank Transfer,Completed,Saturday,1,0,0
PAY0007861,INV0008563,SUP00079,DPT004,2024-07-27,2962.09,Bank Transfer,Completed,Saturday,1,0,0
PAY0007862,INV0008564,SUP00079,DPT002,2024-04-08,2503.7,Bank Transfer,Completed,Monday,0,0,0
PAY0007863,INV0008565,SUP00136,DPT003,2024-04-02,1796.41,Bank Transfer,Completed,Tuesday,0,0,0
PAY0007864,INV0008566,SUP00148,DPT010,2024-12-04,3001.99,Bank Transfer,Completed,Wednesday,0,0,0
PAY0007865,INV0008569,SUP00036,DPT012,2024-11-01,14580.54,Bank Transfer,Completed,Friday,0,0,0
PAY0007866,INV0008570,SUP00007,DPT010,2024-04-28,4196.26,Bank Transfer,Pending,Sunday,1,0,1
PAY0007867,INV0008571,SUP00239,DPT009,2024-02-26,14294.53,Check,Completed,Monday,0,0,0
PAY0007868,INV0008573,SUP00176,DPT008,2024-09-09,11197.39,Check,Completed,Monday,0,0,0
PAY0007869,INV0008574,SUP00028,DPT001,2025-03-12,1355.9,Cash,Completed,Wednesday,0,1,0
PAY0007870,INV0008575,SUP00051,DPT005,2024-06-29,21340.53,Bank Transfer,Completed,Saturday,1,0,0
PAY0007871,INV0008576,SUP00289,DPT006,2024-11-07,1893.3,Card,Completed,Thursday,0,0,0
PAY0007872,INV0008577,SUP00003,DPT005,2024-06-10,917.07,Bank Transfer,Completed,Monday,0,0,0
PAY0007873,INV0008578,SUP00104,DPT008,2025-02-05,25323.44,Bank Transfer,Completed,Wednesday,0,0,0
PAY0007874,INV0008580,SUP00003,DPT008,2024-06-16,9309.8,Bank Transfer,Completed,Sunday,1,0,0
PAY0007875,INV0008582,SUP00090,DPT001,2024-11-03,1455.43,Bank Transfer,Completed,Sunday,1,0,0
PAY0007876,INV0008583,SUP00215,DPT005,2024-12-15,1549.84,Bank Transfer,Completed,Sunday,1,0,0
PAY0007877,INV0008585,SUP00187,DPT001,2024-10-05,11709.03,Bank Transfer,Completed,Saturday,1,0,0
PAY0007878,INV0008586,SUP00003,DPT002,2024-10-02,20070.66,Bank Transfer,Completed,Wednesday,0,0,0
PAY0007879,INV0008587,SUP00027,DPT002,2024-12-25,3086.21,Bank Transfer,Completed,Wednesday,0,0,0
PAY0007880,INV0008588,SUP00081,DPT012,2024-09-27,1133.79,Bank Transfer,Completed,Friday,0,0,0
PAY0007881,INV0008589,SUP00020,DPT007,2025-01-08,4765.17,Bank Transfer,Completed,Wednesday,0,0,0
PAY0007882,INV0008591,SUP00213,DPT004,2024-03-11,15255.52,Bank Transfer,Completed,Monday,0,0,0
PAY0007883,INV0008592,SUP00020,DPT005,2024-03-23,7289.61,Bank Transfer,Completed,Saturday,1,0,0
PAY0007884,INV0008593,SUP00074,DPT001,2024-12-01,5189.34,Bank Transfer,Completed,Sunday,1,0,0
PAY0007885,INV0008594,SUP00165,DPT002,2024-09-09,21780.01,Bank Transfer,Completed,Monday,0,0,0
PAY0007886,INV0008595,SUP00015,DPT006,2024-09-27,5346.84,Bank Transfer,Completed,Friday,0,0,0
PAY0007887,INV0008596,SUP00012,DPT001,2024-09-24,4662.15,Bank Transfer,Pending,Tuesday,0,0,1
PAY0007888,INV0008597,SUP00102,DPT010,2024-11-16,14492.24,Bank Transfer,Completed,Saturday,1,0,0
PAY0007889,INV0008598,SUP00021,DPT003,2024-07-04,2726.2,Bank Transfer,Completed,Thursday,0,0,0
PAY0007890,INV0008599,SUP00026,DPT006,2024-04-29,11850.69,Bank Transfer,Completed,Monday,0,0,0
PAY0007891,INV0008600,SUP00030,DPT007,2024-03-13,3742.12,Bank Transfer,Completed,Wednesday,0,0,0
PAY0007892,INV0008601,SUP00219,DPT008,2024-10-27,979.04,Bank Transfer,Pending,Sunday,1,0,1
PAY0007893,INV0008603,SUP00304,DPT001,2024-04-05,10444.55,Bank Transfer,Completed,Friday,0,0,0
PAY0007894,INV0008604,SUP00010,DPT001,2024-05-05,3695.04,Cash,Completed,Sunday,1,1,0
PAY0007895,INV0008605,SUP00002,DPT008,2024-07-02,15129.94,Bank Transfer,Completed,Tuesday,0,0,0
PAY0007896,INV0008606,SUP00025,DPT006,2024-03-22,4149.71,Bank Transfer,Completed,Friday,0,0,0
PAY0007897,INV0008607,SUP00281,DPT002,2024-06-05,33380.4,Bank Transfer,Completed,Wednesday,0,0,0
PAY0007898,INV0008608,SUP00262,DPT009,2024-04-18,13232.81,Bank Transfer,Completed,Thursday,0,0,0
PAY0007899,INV0008609,SUP00163,DPT004,2024-03-27,9001.57,Bank Transfer,Completed,Wednesday,0,0,0
PAY0007900,INV0008610,SUP00184,DPT008,2024-11-12,11617.45,Bank Transfer,Completed,Tuesday,0,0,0
PAY0007901,INV0008611,SUP00019,DPT002,2024-06-26,3105.17,Bank Transfer,Completed,Wednesday,0,0,0
PAY0007902,INV0008612,SUP00005,DPT003,2024-05-13,11383.17,Bank Transfer,Completed,Monday,0,0,0
PAY0007903,INV0008613,SUP00129,DPT001,2024-08-22,3098.9,Bank Transfer,Completed,Thursday,0,0,0
PAY0007904,INV0008614,SUP00162,DPT009,2024-12-06,1826.59,Card,Completed,Friday,0,0,0
PAY0007905,INV0008615,SUP00049,DPT001,2024-10-13,2765.87,Bank Transfer,Completed,Sunday,1,0,0
PAY0007906,INV0008616,SUP00001,DPT002,2024-12-06,19683.66,Bank Transfer,Completed,Friday,0,0,0
PAY0007907,INV0008617,SUP00307,DPT009,2024-11-17,19631.35,Bank Transfer,Completed,Sunday,1,0,0
PAY0007908,INV0008618,SUP00245,DPT004,2024-11-01,9075.7,Bank Transfer,Completed,Friday,0,0,0
PAY0007909,INV0008620,SUP00063,DPT002,2024-08-24,7827.49,Bank Transfer,Completed,Saturday,1,0,0
PAY0007910,INV0008622,SUP00252,DPT002,2025-02-15,8227.47,Card,Completed,Saturday,1,0,0
PAY0007911,INV0008623,SUP00007,DPT005,2024-08-31,4522.43,Bank Transfer,Completed,Saturday,1,0,0
PAY0007912,INV0008624,SUP00006,DPT003,2024-09-13,777.36,Bank Transfer,Completed,Friday,0,0,0
PAY0007913,INV0008625,SUP00006,DPT009,2024-06-02,2301.45,Bank Transfer,Completed,Sunday,1,0,0
PAY0007914,INV0008626,SUP00244,DPT001,2024-07-14,3358.53,Cash,Completed,Sunday,1,1,0
PAY0007915,INV0008627,SUP00129,DPT006,2025-01-26,7445.82,Bank Transfer,Completed,Sunday,1,0,0
PAY0007916,INV0008628,SUP00040,DPT010,2025-02-01,14479.12,Bank Transfer,Completed,Saturday,1,0,0
PAY0007917,INV0008629,SUP00004,DPT011,2024-12-23,5352.93,Bank Transfer,Completed,Monday,0,0,0
PAY0007918,INV0008630,SUP00160,DPT003,2024-09-14,9871.39,Bank Transfer,Completed,Saturday,1,0,0
