po_id,supplier_id,department_id,po_date,po_amount,approval_status,buyer
PO0000001,SUP00236,DPT003,2024-08-01,6357.41,Approved,Buyer_F
PO0000002,SUP00103,DPT001,2024-04-30,57405.72,Approved,Buyer_B
PO0000003,SUP00015,DPT008,2024-04-24,6521.27,Approved,Buyer_B
PO0000004,SUP00121,DPT005,2024-08-22,7277.17,Pending,Buyer_A
PO0000005,SUP00127,DPT002,2024-03-26,18755.29,Approved,Buyer_D
PO0000006,SUP00297,DPT006,2024-10-26,8277.59,Approved,Buyer_E
PO0000007,SUP00017,DPT012,2024-05-08,6535.53,Approved,Buyer_F
PO0000008,SUP00022,DPT001,2024-09-30,20468.57,Approved,Buyer_A
PO0000009,SUP00210,DPT004,2024-11-14,12989.38,Pending,Buyer_A
PO0000010,SUP00030,DPT004,2024-06-20,10814.31,Approved,Buyer_E
PO0000011,SUP00165,DPT002,2024-02-03,7053.08,Approved,Buyer_B
PO0000012,SUP00026,DPT005,2024-08-22,5732.66,Approved,Buyer_C
PO0000013,SUP00008,DPT006,2024-05-21,20275.55,Approved,Buyer_A
PO0000014,SUP00170,DPT002,2024-04-23,5787.97,Rejected,Buyer_A
PO0000015,SUP00005,DPT002,2024-06-02,27757.26,Rejected,Buyer_D
PO0000016,SUP00007,DPT010,2024-04-10,2843.68,Approved,Buyer_E
PO0000017,SUP00100,DPT003,2024-04-03,33988.72,Pending,Buyer_F
PO0000018,SUP00171,DPT006,2024-11-27,12991.36,Approved,Buyer_C
PO0000019,SUP00258,DPT006,2024-04-03,3076.25,Approved,Buyer_D
PO0000020,SUP00009,DPT009,2024-06-02,13480.22,Approved,Buyer_F
PO0000021,SUP00004,DPT008,2024-08-27,4228.9,Approved,Buyer_C
PO0000022,SUP00295,DPT009,2024-03-15,8378.53,Approved,Buyer_B
PO0000023,SUP00006,DPT006,2024-07-25,4980.93,Approved,Buyer_E
PO0000024,SUP00007,DPT004,2024-10-26,7094.59,Approved,Buyer_A
PO0000025,SUP00010,DPT004,2024-09-29,20773.45,Approved,Buyer_B
PO0000026,SUP00043,DPT003,2024-01-10,13609.34,Approved,Buyer_A
PO0000027,SUP00251,DPT004,2024-05-15,2629.73,Approved,Buyer_D
PO0000028,SUP00179,DPT001,2024-01-01,2784.72,Approved,Buyer_B
PO0000029,SUP00148,DPT004,2024-07-22,10622.99,Approved,Buyer_C
PO0000030,SUP00006,DPT003,2024-04-18,11420.75,Approved,Buyer_D
PO0000031,SUP00016,DPT001,2024-10-26,4128.03,Pending,Buyer_B
PO0000032,SUP00028,DPT003,2024-02-28,39787.79,Approved,Buyer_C
PO0000033,SUP00005,DPT008,2024-10-12,18278.76,Approved,Buyer_C
PO0000034,SUP00009,DPT005,2024-04-24,4334.77,Approved,Buyer_A
PO0000035,SUP00011,DPT009,2024-11-04,3935.31,Approved,Buyer_F
PO0000036,SUP00005,DPT005,2024-03-07,6452.27,Rejected,Buyer_F
PO0000037,SUP00055,DPT010,2024-03-31,5814.71,Approved,Buyer_E
PO0000038,SUP00146,DPT009,2024-04-27,28457.23,Approved,Buyer_A
PO0000039,SUP00003,DPT001,2024-11-26,21688.19,Approved,Buyer_C
PO0000040,SUP00028,DPT012,2024-09-02,8392.3,Approved,Buyer_C
PO0000041,SUP00192,DPT001,2024-09-30,15961.03,Pending,Buyer_A
PO0000042,SUP00172,DPT006,2024-07-04,18452.87,Approved,Buyer_F
PO0000043,SUP00211,DPT009,2024-09-23,8589.2,Approved,Buyer_C
PO0000044,SUP00025,DPT003,2024-07-29,12120.08,Approved,Buyer_D
PO0000045,SUP00215,DPT006,2024-08-11,14679.21,Approved,Buyer_E
PO0000046,SUP00008,DPT003,2024-10-07,13195.16,Approved,Buyer_B
PO0000047,SUP00016,DPT001,2024-11-25,3718.95,Approved,Buyer_C
PO0000048,SUP00006,DPT001,2024-07-11,4114.57,Approved,Buyer_F
PO0000049,SUP00026,DPT001,2024-05-27,6071.77,Pending,Buyer_E
PO0000050,SUP00019,DPT001,2024-08-06,3997.15,Approved,Buyer_D
PO0000051,SUP00008,DPT006,2024-09-05,1857.34,Approved,Buyer_D
PO0000052,SUP00174,DPT005,2024-11-26,15929.88,Approved,Buyer_A
PO0000053,SUP00011,DPT004,2024-08-22,11457.6,Approved,Buyer_B
PO0000054,SUP00009,DPT007,2024-11-15,2123.1,Approved,Buyer_A
PO0000055,SUP00005,DPT001,2024-09-02,6368.27,Approved,Buyer_E
PO0000056,SUP00024,DPT003,2024-11-14,6739.32,Approved,Buyer_F
PO0000057,SUP00010,DPT009,2024-09-08,9720.03,Approved,Buyer_A
PO0000058,SUP00017,DPT011,2024-10-23,2746.49,Approved,Buyer_B
PO0000059,SUP00008,DPT004,2024-03-04,2092.27,Approved,Buyer_C
PO0000060,SUP00181,DPT001,2024-11-28,13625.86,Approved,Buyer_E
PO0000061,SUP00279,DPT009,2024-04-26,1747.67,Approved,Buyer_C
PO0000062,SUP00029,DPT010,2024-09-24,6421.05,Approved,Buyer_A
PO0000063,SUP00110,DPT004,2024-05-11,5848.4,Approved,Buyer_D
PO0000064,SUP00242,DPT002,2024-06-02,7163.23,Approved,Buyer_A
PO0000065,SUP00320,DPT001,2024-09-07,10432.88,Approved,Buyer_D
PO0000066,SUP00092,DPT006,2024-06-30,40077.51,Approved,Buyer_F
PO0000067,SUP00255,DPT011,2024-08-27,1636.82,Approved,Buyer_A
PO0000068,SUP00267,DPT007,2024-01-27,19469.06,Approved,Buyer_F
PO0000069,SUP00197,DPT003,2024-10-06,657.1,Approved,Buyer_D
PO0000070,SUP00026,DPT006,2024-05-16,32653.62,Approved,Buyer_A
PO0000071,SUP00003,DPT009,2024-09-21,1050.61,Approved,Buyer_B
PO0000072,SUP00001,DPT004,2024-04-05,92632.44,Approved,Buyer_B
PO0000073,SUP00027,DPT009,2024-07-18,5487.52,Approved,Buyer_F
PO0000074,SUP00029,DPT004,2024-07-16,29448.05,Approved,Buyer_E
PO0000075,SUP00021,DPT003,2024-02-16,23960.36,Pending,Buyer_C
PO0000076,SUP00066,DPT005,2024-06-07,5237.04,Approved,Buyer_D
PO0000077,SUP00056,DPT004,2024-07-31,5654.75,Approved,Buyer_C
PO0000078,SUP00224,DPT012,2024-10-07,3508.14,Rejected,Buyer_C
PO0000079,SUP00004,DPT005,2024-10-24,17807.41,Approved,Buyer_D
PO0000080,SUP00008,DPT003,2024-05-08,5305.67,Approved,Buyer_B
PO0000081,SUP00198,DPT004,2024-08-03,3572.48,Rejected,Buyer_E
PO0000082,SUP00231,DPT005,2024-02-28,13867.12,Approved,Buyer_F
PO0000083,SUP00317,DPT003,2024-10-27,3303.78,Approved,Buyer_F
PO0000084,SUP00246,DPT008,2024-10-17,5831.43,Approved,Buyer_B
PO0000085,SUP00256,DPT003,2024-11-30,9019.15,Approved,Buyer_C
PO0000086,SUP00011,DPT003,2024-06-11,4262.33,Approved,Buyer_B
PO0000087,SUP00020,DPT006,2024-04-30,4956.48,Approved,Buyer_D
PO0000088,SUP00009,DPT001,2024-09-10,37608.42,Approved,Buyer_B
PO0000089,SUP00088,DPT006,2024-08-30,6606.21,Approved,Buyer_C
PO0000090,SUP00284,DPT004,2024-03-12,5655.44,Pending,Buyer_A
PO0000091,SUP00014,DPT004,2024-06-29,6801.34,Approved,Buyer_D
PO0000092,SUP00059,DPT007,2024-08-03,12764.91,Pending,Buyer_D
PO0000093,SUP00010,DPT008,2024-06-01,2881.7,Approved,Buyer_D
PO0000094,SUP00006,DPT009,2024-05-04,12421.89,Approved,Buyer_C
PO0000095,SUP00007,DPT003,2024-03-21,10465.3,Approved,Buyer_E
PO0000096,SUP00002,DPT003,2024-05-17,1354.71,Approved,Buyer_D
PO0000097,SUP00291,DPT007,2024-03-23,48740.01,Approved,Buyer_B
PO0000098,SUP00020,DPT005,2024-04-10,34919.95,Approved,Buyer_C
PO0000099,SUP00223,DPT006,2024-03-02,3638.9,Approved,Buyer_D
PO0000100,SUP00132,DPT005,2024-05-06,2637.46,Approved,Buyer_A
PO0000101,SUP00007,DPT009,2024-07-30,10178.69,Approved,Buyer_C
PO0000102,SUP00006,DPT002,2024-05-06,1947.18,Rejected,Buyer_F
PO0000103,SUP00210,DPT005,2024-02-17,31706.69,Rejected,Buyer_C
PO0000104,SUP00009,DPT002,2024-09-25,5072.28,Approved,Buyer_D
PO0000105,SUP00269,DPT004,2024-05-24,41019.67,Approved,Buyer_E
PO0000106,SUP00005,DPT007,2024-07-14,3553.17,Approved,Buyer_B
PO0000107,SUP00130,DPT004,2024-06-24,7243.05,Approved,Buyer_E
PO0000108,SUP00211,DPT003,2024-06-18,28773.57,Rejected,Buyer_A
PO0000109,SUP00008,DPT010,2024-05-26,5865.02,Approved,Buyer_C
PO0000110,SUP00010,DPT009,2024-09-10,10636.98,Approved,Buyer_D
PO0000111,SUP00300,DPT005,2024-10-13,24164.96,Approved,Buyer_B
PO0000112,SUP00009,DPT011,2024-10-29,4646.89,Approved,Buyer_E
PO0000113,SUP00023,DPT004,2024-05-28,2294.48,Rejected,Buyer_A
PO0000114,SUP00023,DPT009,2024-04-24,1884.26,Approved,Buyer_D
PO0000115,SUP00009,DPT002,2024-01-28,14522.18,Approved,Buyer_D
PO0000116,SUP00188,DPT003,2024-05-28,11953.49,Approved,Buyer_E
PO0000117,SUP00186,DPT003,2024-11-28,23427.44,Approved,Buyer_B
PO0000118,SUP00018,DPT001,2024-03-28,6160.76,Approved,Buyer_A
PO0000119,SUP00223,DPT004,2024-10-10,1937.71,Approved,Buyer_D
PO0000120,SUP00007,DPT002,2024-09-10,770.66,Approved,Buyer_F
PO0000121,SUP00001,DPT006,2024-08-09,142623.35,Approved,Buyer_E
PO0000122,SUP00067,DPT002,2024-07-08,13724.3,Pending,Buyer_B
PO0000123,SUP00317,DPT001,2024-09-10,9290.91,Approved,Buyer_C
PO0000124,SUP00002,DPT012,2024-02-02,10706.86,Approved,Buyer_B
PO0000125,SUP00007,DPT006,2024-02-12,1936.55,Approved,Buyer_E
PO0000126,SUP00037,DPT011,2024-03-06,3659.67,Rejected,Buyer_D
PO0000127,SUP00208,DPT004,2024-09-13,46320.05,Approved,Buyer_C
PO0000128,SUP00003,DPT001,2024-05-24,15651.9,Pending,Buyer_A
PO0000129,SUP00019,DPT005,2024-03-10,3775.93,Approved,Buyer_D
PO0000130,SUP00171,DPT005,2024-01-16,2376.03,Approved,Buyer_C
PO0000131,SUP00017,DPT001,2024-06-12,4838.24,Approved,Buyer_A
PO0000132,SUP00007,DPT010,2024-05-13,5910.99,Approved,Buyer_B
PO0000133,SUP00007,DPT006,2024-02-29,62890.23,Approved,Buyer_E
PO0000134,SUP00021,DPT008,2024-01-08,6712.54,Approved,Buyer_E
PO0000135,SUP00028,DPT004,2024-09-09,2466.24,Rejected,Buyer_C
PO0000136,SUP00239,DPT006,2024-09-18,7641.87,Pending,Buyer_E
PO0000137,SUP00109,DPT002,2024-03-23,10554.83,Approved,Buyer_E
PO0000138,SUP00138,DPT012,2024-06-14,2251.73,Approved,Buyer_D
PO0000139,SUP00310,DPT004,2024-03-25,12114.59,Approved,Buyer_B
PO0000140,SUP00021,DPT002,2024-05-16,27144.13,Approved,Buyer_C
PO0000141,SUP00020,DPT001,2024-02-06,9308.39,Approved,Buyer_E
PO0000142,SUP00275,DPT006,2024-11-12,3651.65,Approved,Buyer_B
PO0000143,SUP00009,DPT012,2024-08-29,4774.91,Pending,Buyer_D
PO0000144,SUP00161,DPT010,2024-10-28,1542.51,Approved,Buyer_E
PO0000145,SUP00176,DPT007,2024-04-09,7088.04,Pending,Buyer_D
PO0000146,SUP00004,DPT012,2024-10-19,11056.57,Approved,Buyer_D
PO0000147,SUP00027,DPT008,2024-06-22,3305.58,Approved,Buyer_B
PO0000148,SUP00007,DPT003,2024-03-07,56370.44,Approved,Buyer_C
PO0000149,SUP00007,DPT006,2024-04-21,17895.05,Approved,Buyer_A
PO0000150,SUP00026,DPT001,2024-09-28,1349.14,Approved,Buyer_A
PO0000151,SUP00010,DPT002,2024-09-16,1377.1,Approved,Buyer_D
PO0000152,SUP00200,DPT004,2024-08-29,3028.96,Approved,Buyer_B
PO0000153,SUP00266,DPT002,2024-03-16,39072.94,Approved,Buyer_C
PO0000154,SUP00204,DPT011,2024-08-05,19750.26,Approved,Buyer_C
PO0000155,SUP00009,DPT012,2024-11-11,41097.9,Approved,Buyer_C
PO0000156,SUP00009,DPT003,2024-01-17,8186.23,Approved,Buyer_E
PO0000157,SUP00009,DPT007,2024-04-17,6571.59,Approved,Buyer_C
PO0000158,SUP00005,DPT004,2024-01-27,2327.36,Approved,Buyer_F
PO0000159,SUP00287,DPT002,2024-02-04,11495.19,Approved,Buyer_C
PO0000160,SUP00020,DPT003,2024-11-30,6659.71,Approved,Buyer_F
PO0000161,SUP00008,DPT002,2024-03-21,6408.16,Approved,Buyer_F
PO0000162,SUP00230,DPT003,2024-03-01,40865.88,Approved,Buyer_C
PO0000163,SUP00020,DPT002,2024-01-25,7141.33,Approved,Buyer_E
PO0000164,SUP00002,DPT001,2024-11-24,30668.2,Approved,Buyer_C
PO0000165,SUP00006,DPT002,2024-06-06,1655.61,Approved,Buyer_F
PO0000166,SUP00108,DPT011,2024-09-22,119146.87,Approved,Buyer_E
PO0000167,SUP00192,DPT001,2024-03-24,5578.8,Approved,Buyer_C
PO0000168,SUP00007,DPT003,2024-08-02,16435.26,Approved,Buyer_B
PO0000169,SUP00272,DPT005,2024-10-23,19269.39,Approved,Buyer_F
PO0000170,SUP00233,DPT003,2024-08-12,4927.78,Approved,Buyer_D
PO0000171,SUP00231,DPT005,2024-06-22,18380.21,Approved,Buyer_E
PO0000172,SUP00008,DPT001,2024-03-11,19360.75,Approved,Buyer_E
PO0000173,SUP00002,DPT006,2024-03-19,3971.33,Approved,Buyer_A
PO0000174,SUP00242,DPT005,2024-07-18,4018.64,Rejected,Buyer_B
PO0000175,SUP00011,DPT007,2024-05-31,8478.65,Approved,Buyer_F
PO0000176,SUP00096,DPT005,2024-01-16,7219.25,Approved,Buyer_B
PO0000177,SUP00179,DPT004,2024-03-06,32634.66,Approved,Buyer_F
PO0000178,SUP00005,DPT003,2024-05-24,16361.2,Approved,Buyer_C
PO0000179,SUP00191,DPT002,2024-02-29,7552.07,Approved,Buyer_F
PO0000180,SUP00284,DPT004,2024-07-04,14854.79,Approved,Buyer_D
PO0000181,SUP00160,DPT001,2024-04-10,1046.65,Approved,Buyer_A
PO0000182,SUP00024,DPT003,2024-04-07,4379.5,Approved,Buyer_B
PO0000183,SUP00248,DPT007,2024-02-06,10805.61,Approved,Buyer_F
PO0000184,SUP00042,DPT001,2024-06-17,24719.94,Approved,Buyer_B
PO0000185,SUP00170,DPT001,2024-03-04,9894.85,Approved,Buyer_B
PO0000186,SUP00215,DPT006,2024-07-30,34830.16,Approved,Buyer_A
PO0000187,SUP00173,DPT004,2024-11-10,19301.53,Approved,Buyer_D
PO0000188,SUP00010,DPT009,2024-11-01,4972.46,Approved,Buyer_E
PO0000189,SUP00004,DPT011,2024-08-11,7044.27,Approved,Buyer_F
PO0000190,SUP00008,DPT011,2024-09-27,12190.62,Approved,Buyer_F
PO0000191,SUP00030,DPT004,2024-11-04,5173.81,Approved,Buyer_F
PO0000192,SUP00030,DPT002,2024-08-16,37469.79,Approved,Buyer_F
PO0000193,SUP00074,DPT006,2024-03-27,2673.85,Pending,Buyer_D
PO0000194,SUP00019,DPT006,2024-06-16,11115.62,Approved,Buyer_E
PO0000195,SUP00195,DPT006,2024-10-14,16906.39,Approved,Buyer_D
PO0000196,SUP00269,DPT003,2024-08-11,5922.73,Approved,Buyer_A
PO0000197,SUP00009,DPT001,2024-05-01,4727.73,Approved,Buyer_A
PO0000198,SUP00165,DPT002,2024-02-26,7509.46,Approved,Buyer_A
PO0000199,SUP00131,DPT002,2024-02-18,18251.43,Approved,Buyer_C
PO0000200,SUP00039,DPT001,2024-05-06,4915.52,Approved,Buyer_C
PO0000201,SUP00007,DPT011,2024-09-26,2782.43,Approved,Buyer_D
PO0000202,SUP00200,DPT001,2024-07-04,25606.07,Approved,Buyer_D
PO0000203,SUP00297,DPT006,2024-01-20,12079.88,Approved,Buyer_C
PO0000204,SUP00156,DPT011,2024-11-03,22200.22,Approved,Buyer_E
PO0000205,SUP00272,DPT003,2024-05-15,17315.06,Approved,Buyer_F
PO0000206,SUP00311,DPT005,2024-05-10,71674.43,Approved,Buyer_B
PO0000207,SUP00015,DPT007,2024-10-01,24710.22,Approved,Buyer_B
PO0000208,SUP00107,DPT003,2024-05-06,3928.14,Approved,Buyer_F
PO0000209,SUP00027,DPT004,2024-07-25,12968.36,Approved,Buyer_F
PO0000210,SUP00313,DPT009,2024-11-04,4640.19,Approved,Buyer_B
PO0000211,SUP00004,DPT008,2024-06-22,5145.48,Approved,Buyer_D
PO0000212,SUP00021,DPT009,2024-07-24,1973.37,Approved,Buyer_D
PO0000213,SUP00247,DPT012,2024-04-28,6086.86,Approved,Buyer_D
PO0000214,SUP00010,DPT003,2024-10-25,13975.13,Approved,Buyer_F
PO0000215,SUP00195,DPT008,2024-01-26,7585.38,Pending,Buyer_A
PO0000216,SUP00018,DPT006,2024-04-02,2698.99,Approved,Buyer_D
PO0000217,SUP00309,DPT007,2024-11-27,1766.9,Approved,Buyer_B
PO0000218,SUP00252,DPT008,2024-06-11,66959.68,Approved,Buyer_E
PO0000219,SUP00010,DPT008,2024-02-28,11216.72,Approved,Buyer_D
PO0000220,SUP00185,DPT010,2024-05-18,3554.36,Approved,Buyer_E
PO0000221,SUP00014,DPT003,2024-03-26,12858.8,Approved,Buyer_F
PO0000222,SUP00088,DPT006,2024-06-24,72343.88,Approved,Buyer_E
PO0000223,SUP00119,DPT003,2024-03-20,15070.02,Approved,Buyer_F
PO0000224,SUP00220,DPT006,2024-05-13,499.16,Approved,Buyer_E
PO0000225,SUP00001,DPT008,2024-10-31,114954.5,Approved,Buyer_D
PO0000226,SUP00008,DPT009,2024-01-28,1275.07,Approved,Buyer_C
PO0000227,SUP00151,DPT004,2024-09-12,6594.48,Approved,Buyer_C
PO0000228,SUP00063,DPT004,2024-01-27,2608.67,Approved,Buyer_C
PO0000229,SUP00029,DPT003,2024-06-02,3866.09,Pending,Buyer_D
PO0000230,SUP00002,DPT002,2024-08-11,10768.81,Rejected,Buyer_E
PO0000231,SUP00015,DPT002,2024-11-16,1021.45,Approved,Buyer_C
PO0000232,SUP00241,DPT011,2024-03-24,7403.84,Rejected,Buyer_D
PO0000233,SUP00002,DPT003,2024-01-18,25523.18,Approved,Buyer_C
PO0000234,SUP00019,DPT012,2024-09-08,3486.87,Approved,Buyer_D
PO0000235,SUP00288,DPT002,2024-10-26,2017.7,Approved,Buyer_E
PO0000236,SUP00002,DPT008,2024-07-08,7049.38,Approved,Buyer_C
PO0000237,SUP00173,DPT005,2024-01-21,5777.11,Approved,Buyer_C
PO0000238,SUP00009,DPT007,2024-06-16,4468.34,Approved,Buyer_B
PO0000239,SUP00242,DPT006,2024-05-11,2469.21,Approved,Buyer_C
PO0000240,SUP00171,DPT007,2024-05-31,13618.5,Approved,Buyer_C
PO0000241,SUP00253,DPT011,2024-01-19,14695.01,Approved,Buyer_A
PO0000242,SUP00008,DPT005,2024-04-16,2791.55,Approved,Buyer_F
PO0000243,SUP00044,DPT001,2024-11-30,3205.89,Approved,Buyer_F
PO0000244,SUP00190,DPT003,2024-01-16,9288.13,Rejected,Buyer_B
PO0000245,SUP00009,DPT007,2024-11-02,3087.23,Approved,Buyer_F
PO0000246,SUP00008,DPT004,2024-06-22,9688.18,Approved,Buyer_B
PO0000247,SUP00001,DPT005,2024-07-14,35173.44,Approved,Buyer_C
PO0000248,SUP00296,DPT006,2024-11-08,7632.55,Rejected,Buyer_A
PO0000249,SUP00149,DPT003,2024-03-13,2407.6,Approved,Buyer_D
PO0000250,SUP00105,DPT009,2024-11-25,11993.3,Approved,Buyer_C
PO0000251,SUP00169,DPT008,2024-04-02,6784.16,Approved,Buyer_B
PO0000252,SUP00044,DPT007,2024-04-26,6973.29,Approved,Buyer_B
PO0000253,SUP00027,DPT007,2024-05-30,13034.08,Approved,Buyer_F
PO0000254,SUP00025,DPT010,2024-07-20,16172.01,Approved,Buyer_E
PO0000255,SUP00108,DPT006,2024-04-18,8395.93,Approved,Buyer_A
PO0000256,SUP00007,DPT012,2024-09-22,7626.01,Approved,Buyer_A
PO0000257,SUP00254,DPT001,2024-01-08,63802.11,Rejected,Buyer_A
PO0000258,SUP00209,DPT006,2024-08-11,26918.09,Approved,Buyer_B
PO0000259,SUP00015,DPT007,2024-08-07,18648.97,Rejected,Buyer_E
PO0000260,SUP00072,DPT004,2024-06-28,9239.16,Approved,Buyer_A
PO0000261,SUP00005,DPT003,2024-07-24,2963.89,Approved,Buyer_B
PO0000262,SUP00304,DPT005,2024-09-07,25018.89,Approved,Buyer_A
PO0000263,SUP00263,DPT003,2024-10-29,9360.88,Approved,Buyer_D
PO0000264,SUP00274,DPT011,2024-03-14,4549.77,Approved,Buyer_E
PO0000265,SUP00013,DPT003,2024-06-08,6354.13,Approved,Buyer_D
PO0000266,SUP00006,DPT002,2024-07-07,3083.49,Approved,Buyer_F
PO0000267,SUP00007,DPT005,2024-04-25,23326.12,Approved,Buyer_E
PO0000268,SUP00003,DPT004,2024-11-22,16043.15,Approved,Buyer_E
PO0000269,SUP00004,DPT001,2024-06-20,9717.0,Approved,Buyer_B
PO0000270,SUP00003,DPT005,2024-07-17,7763.7,Approved,Buyer_F
PO0000271,SUP00314,DPT005,2024-03-06,4102.42,Approved,Buyer_D
PO0000272,SUP00003,DPT002,2024-05-19,962.88,Approved,Buyer_A
PO0000273,SUP00005,DPT006,2024-07-28,1972.53,Approved,Buyer_A
PO0000274,SUP00219,DPT005,2024-05-23,3855.88,Rejected,Buyer_F
PO0000275,SUP00073,DPT009,2024-09-14,3317.72,Approved,Buyer_B
PO0000276,SUP00187,DPT003,2024-02-15,10822.26,Pending,Buyer_C
PO0000277,SUP00103,DPT002,2024-02-21,18242.22,Approved,Buyer_E
PO0000278,SUP00251,DPT011,2024-04-23,7126.4,Approved,Buyer_E
PO0000279,SUP00107,DPT005,2024-04-16,33153.94,Approved,Buyer_A
PO0000280,SUP00039,DPT001,2024-09-30,3703.75,Approved,Buyer_D
PO0000281,SUP00151,DPT009,2024-10-17,7075.99,Approved,Buyer_F
PO0000282,SUP00024,DPT002,2024-06-07,7700.29,Approved,Buyer_C
PO0000283,SUP00015,DPT009,2024-06-18,24153.54,Pending,Buyer_D
PO0000284,SUP00026,DPT007,2024-04-08,9008.17,Approved,Buyer_B
PO0000285,SUP00006,DPT012,2024-06-27,9261.01,Approved,Buyer_E
PO0000286,SUP00200,DPT012,2024-08-24,1548.68,Approved,Buyer_A
PO0000287,SUP00009,DPT003,2024-08-30,3294.78,Approved,Buyer_D
PO0000288,SUP00006,DPT008,2024-11-20,24244.67,Approved,Buyer_C
PO0000289,SUP00009,DPT003,2024-07-12,1017.05,Approved,Buyer_D
PO0000290,SUP00227,DPT006,2024-04-24,31038.78,Approved,Buyer_C
PO0000291,SUP00013,DPT006,2024-01-24,13355.25,Approved,Buyer_F
PO0000292,SUP00135,DPT001,2024-08-18,3837.13,Approved,Buyer_F
PO0000293,SUP00236,DPT001,2024-09-26,3526.11,Approved,Buyer_B
PO0000294,SUP00003,DPT001,2024-07-04,53957.68,Approved,Buyer_A
PO0000295,SUP00182,DPT001,2024-11-05,33236.56,Rejected,Buyer_C
PO0000296,SUP00011,DPT002,2024-04-16,7190.81,Approved,Buyer_D
PO0000297,SUP00008,DPT011,2024-01-18,9270.49,Approved,Buyer_E
PO0000298,SUP00137,DPT005,2024-07-31,4246.37,Pending,Buyer_D
PO0000299,SUP00267,DPT009,2024-02-10,9272.27,Approved,Buyer_D
PO0000300,SUP00010,DPT009,2024-01-29,4130.26,Approved,Buyer_A
PO0000301,SUP00066,DPT008,2024-08-23,7491.0,Approved,Buyer_E
PO0000302,SUP00010,DPT004,2024-05-25,49529.78,Approved,Buyer_B
PO0000303,SUP00058,DPT010,2024-07-21,7364.2,Approved,Buyer_C
PO0000304,SUP00097,DPT008,2024-09-07,2841.19,Approved,Buyer_C
PO0000305,SUP00091,DPT008,2024-05-08,2066.53,Approved,Buyer_A
PO0000306,SUP00098,DPT011,2024-07-23,9201.46,Approved,Buyer_C
PO0000307,SUP00005,DPT006,2024-06-29,3786.15,Approved,Buyer_C
PO0000308,SUP00140,DPT005,2024-07-13,10369.28,Approved,Buyer_B
PO0000309,SUP00129,DPT010,2024-08-23,1604.39,Approved,Buyer_B
PO0000310,SUP00133,DPT004,2024-05-07,16159.29,Approved,Buyer_A
PO0000311,SUP00003,DPT009,2024-06-17,2806.9,Approved,Buyer_F
PO0000312,SUP00024,DPT001,2024-07-17,8487.05,Approved,Buyer_B
PO0000313,SUP00021,DPT001,2024-02-16,5777.33,Approved,Buyer_F
PO0000314,SUP00003,DPT005,2024-03-11,45179.06,Approved,Buyer_F
PO0000315,SUP00008,DPT001,2024-01-30,9618.94,Approved,Buyer_C
PO0000316,SUP00024,DPT012,2024-03-07,56696.74,Approved,Buyer_E
PO0000317,SUP00169,DPT001,2024-05-27,14196.38,Approved,Buyer_B
PO0000318,SUP00008,DPT007,2024-11-05,33705.15,Approved,Buyer_B
PO0000319,SUP00220,DPT002,2024-09-12,6576.13,Approved,Buyer_F
PO0000320,SUP00053,DPT012,2024-07-05,11447.23,Approved,Buyer_D
PO0000321,SUP00179,DPT003,2024-03-08,27409.46,Approved,Buyer_E
PO0000322,SUP00027,DPT001,2024-04-30,20029.47,Pending,Buyer_F
PO0000323,SUP00030,DPT001,2024-09-13,13780.27,Approved,Buyer_A
PO0000324,SUP00096,DPT005,2024-10-31,5837.54,Approved,Buyer_B
PO0000325,SUP00278,DPT012,2024-11-18,6913.45,Approved,Buyer_F
PO0000326,SUP00029,DPT012,2024-05-10,25277.3,Approved,Buyer_A
PO0000327,SUP00042,DPT003,2024-06-12,31129.5,Approved,Buyer_C
PO0000328,SUP00086,DPT004,2024-06-19,4478.92,Approved,Buyer_A
PO0000329,SUP00166,DPT001,2024-01-19,3851.59,Approved,Buyer_B
PO0000330,SUP00003,DPT005,2024-02-09,3280.88,Approved,Buyer_B
PO0000331,SUP00035,DPT006,2024-01-16,18577.39,Approved,Buyer_B
PO0000332,SUP00028,DPT002,2024-09-04,3198.78,Approved,Buyer_E
PO0000333,SUP00274,DPT006,2024-03-16,18354.01,Approved,Buyer_B
PO0000334,SUP00029,DPT010,2024-08-22,13984.3,Approved,Buyer_E
PO0000335,SUP00027,DPT001,2024-05-05,4698.08,Approved,Buyer_F
PO0000336,SUP00298,DPT002,2024-09-23,38710.23,Approved,Buyer_D
PO0000337,SUP00025,DPT002,2024-02-08,1877.58,Approved,Buyer_D
PO0000338,SUP00006,DPT001,2024-04-18,42596.72,Approved,Buyer_C
PO0000339,SUP00008,DPT002,2024-03-09,11146.56,Approved,Buyer_E
PO0000340,SUP00004,DPT006,2024-05-26,1018.96,Approved,Buyer_E
PO0000341,SUP00001,DPT001,2024-07-07,39810.25,Approved,Buyer_F
PO0000342,SUP00023,DPT008,2024-02-26,21422.83,Approved,Buyer_B
PO0000343,SUP00184,DPT010,2024-08-11,5280.56,Approved,Buyer_E
PO0000344,SUP00163,DPT011,2024-11-19,3088.0,Rejected,Buyer_A
PO0000345,SUP00002,DPT007,2024-01-15,1687.38,Approved,Buyer_C
PO0000346,SUP00067,DPT002,2024-01-29,90712.11,Approved,Buyer_A
PO0000347,SUP00006,DPT001,2024-11-14,3218.33,Approved,Buyer_D
PO0000348,SUP00286,DPT002,2024-08-05,2290.24,Pending,Buyer_F
PO0000349,SUP00006,DPT012,2024-11-04,10592.69,Approved,Buyer_E
PO0000350,SUP00100,DPT012,2024-08-24,1575.15,Approved,Buyer_E
PO0000351,SUP00013,DPT003,2024-08-28,3036.47,Approved,Buyer_D
PO0000352,SUP00109,DPT003,2024-02-22,21915.93,Approved,Buyer_D
PO0000353,SUP00021,DPT005,2024-06-20,12890.05,Approved,Buyer_A
PO0000354,SUP00179,DPT003,2024-05-02,5506.2,Approved,Buyer_E
PO0000355,SUP00008,DPT012,2024-10-06,8252.79,Pending,Buyer_E
PO0000356,SUP00265,DPT002,2024-01-15,5205.8,Pending,Buyer_A
PO0000357,SUP00030,DPT003,2024-01-07,7615.97,Approved,Buyer_D
PO0000358,SUP00177,DPT004,2024-07-05,3782.68,Approved,Buyer_C
PO0000359,SUP00232,DPT001,2024-11-21,4535.82,Approved,Buyer_D
PO0000360,SUP00320,DPT003,2024-11-29,4399.83,Approved,Buyer_E
PO0000361,SUP00008,DPT010,2024-07-17,3921.15,Approved,Buyer_B
PO0000362,SUP00010,DPT002,2024-05-24,23015.22,Approved,Buyer_F
PO0000363,SUP00009,DPT005,2024-04-01,17502.82,Approved,Buyer_C
PO0000364,SUP00009,DPT004,2024-11-27,3189.56,Approved,Buyer_D
PO0000365,SUP00074,DPT002,2024-03-02,2454.32,Approved,Buyer_A
PO0000366,SUP00317,DPT001,2024-02-12,6923.82,Approved,Buyer_A
PO0000367,SUP00315,DPT003,2024-06-19,69932.63,Approved,Buyer_B
PO0000368,SUP00041,DPT001,2024-05-11,2899.5,Approved,Buyer_F
PO0000369,SUP00108,DPT003,2024-06-15,6896.54,Approved,Buyer_B
PO0000370,SUP00238,DPT009,2024-10-29,8854.85,Approved,Buyer_C
PO0000371,SUP00281,DPT007,2024-03-31,7268.88,Approved,Buyer_F
PO0000372,SUP00007,DPT011,2024-10-20,5124.51,Approved,Buyer_B
PO0000373,SUP00042,DPT004,2024-03-11,25721.44,Approved,Buyer_E
PO0000374,SUP00222,DPT007,2024-04-18,12764.95,Approved,Buyer_A
PO0000375,SUP00010,DPT007,2024-01-02,18879.0,Pending,Buyer_A
PO0000376,SUP00024,DPT002,2024-08-15,14608.81,Approved,Buyer_A
PO0000377,SUP00312,DPT003,2024-10-14,19810.12,Approved,Buyer_A
PO0000378,SUP00312,DPT005,2024-10-23,39513.82,Approved,Buyer_D
PO0000379,SUP00265,DPT009,2024-02-26,30670.11,Rejected,Buyer_A
PO0000380,SUP00202,DPT004,2024-09-13,82851.4,Approved,Buyer_D
PO0000381,SUP00009,DPT002,2024-02-17,27373.79,Approved,Buyer_D
PO0000382,SUP00012,DPT012,2024-07-29,4148.71,Approved,Buyer_B
PO0000383,SUP00053,DPT001,2024-08-23,18907.46,Pending,Buyer_A
PO0000384,SUP00061,DPT011,2024-02-21,16488.78,Approved,Buyer_A
PO0000385,SUP00030,DPT009,2024-02-07,55287.1,Approved,Buyer_A
PO0000386,SUP00106,DPT009,2024-01-25,3080.48,Pending,Buyer_D
PO0000387,SUP00021,DPT009,2024-08-25,14156.81,Approved,Buyer_F
PO0000388,SUP00173,DPT002,2024-07-24,4100.77,Approved,Buyer_C
PO0000389,SUP00013,DPT006,2024-02-09,13528.38,Rejected,Buyer_D
PO0000390,SUP00013,DPT008,2024-06-16,6537.13,Approved,Buyer_B
PO0000391,SUP00005,DPT008,2024-09-23,13088.23,Approved,Buyer_A
PO0000392,SUP00007,DPT003,2024-03-20,1977.64,Pending,Buyer_B
PO0000393,SUP00232,DPT002,2024-07-21,17912.01,Approved,Buyer_C
PO0000394,SUP00024,DPT003,2024-04-08,9957.28,Approved,Buyer_F
PO0000395,SUP00008,DPT004,2024-03-28,9435.11,Approved,Buyer_B
PO0000396,SUP00179,DPT005,2024-05-11,56967.05,Approved,Buyer_F
PO0000397,SUP00057,DPT009,2024-04-27,5527.64,Approved,Buyer_D
PO0000398,SUP00001,DPT008,2024-06-14,11410.23,Approved,Buyer_C
PO0000399,SUP00012,DPT007,2024-03-09,8957.72,Approved,Buyer_D
PO0000400,SUP00006,DPT002,2024-05-10,9877.74,Approved,Buyer_E
PO0000401,SUP00117,DPT004,2024-07-27,74742.48,Approved,Buyer_E
PO0000402,SUP00010,DPT003,2024-05-09,8636.97,Approved,Buyer_F
PO0000403,SUP00003,DPT002,2024-08-07,4594.98,Approved,Buyer_D
PO0000404,SUP00002,DPT001,2024-02-08,52622.7,Approved,Buyer_A
PO0000405,SUP00074,DPT003,2024-02-16,5956.93,Approved,Buyer_C
PO0000406,SUP00001,DPT002,2024-10-16,1627.53,Approved,Buyer_F
PO0000407,SUP00231,DPT005,2024-06-03,3862.83,Approved,Buyer_B
PO0000408,SUP00006,DPT001,2024-07-23,2329.51,Approved,Buyer_C
PO0000409,SUP00088,DPT003,2024-09-04,1339.48,Approved,Buyer_D
PO0000410,SUP00024,DPT001,2024-02-18,5636.31,Rejected,Buyer_D
PO0000411,SUP00024,DPT006,2024-11-21,7553.63,Approved,Buyer_F
PO0000412,SUP00003,DPT005,2024-05-21,26384.39,Approved,Buyer_D
PO0000413,SUP00204,DPT003,2024-10-25,15205.33,Approved,Buyer_A
PO0000414,SUP00257,DPT002,2024-05-19,14528.02,Approved,Buyer_B
PO0000415,SUP00001,DPT011,2024-05-15,3316.91,Approved,Buyer_D
PO0000416,SUP00006,DPT005,2024-07-20,19632.34,Approved,Buyer_E
PO0000417,SUP00264,DPT007,2024-03-04,32572.8,Approved,Buyer_D
PO0000418,SUP00055,DPT005,2024-07-22,12022.93,Approved,Buyer_E
PO0000419,SUP00005,DPT009,2024-11-25,12363.67,Approved,Buyer_B
PO0000420,SUP00007,DPT010,2024-08-04,2287.71,Approved,Buyer_A
PO0000421,SUP00120,DPT003,2024-01-24,23258.73,Approved,Buyer_F
PO0000422,SUP00158,DPT007,2024-08-21,48090.05,Approved,Buyer_D
PO0000423,SUP00084,DPT002,2024-01-12,11191.98,Approved,Buyer_E
PO0000424,SUP00293,DPT006,2024-02-04,4472.23,Pending,Buyer_F
PO0000425,SUP00029,DPT004,2024-04-05,6891.23,Approved,Buyer_B
PO0000426,SUP00010,DPT001,2024-04-12,5321.87,Approved,Buyer_F
PO0000427,SUP00027,DPT011,2024-01-02,5650.79,Approved,Buyer_C
PO0000428,SUP00016,DPT010,2024-01-06,15490.51,Approved,Buyer_D
PO0000429,SUP00008,DPT003,2024-09-21,10715.69,Approved,Buyer_C
PO0000430,SUP00002,DPT012,2024-06-01,22113.35,Approved,Buyer_B
PO0000431,SUP00015,DPT003,2024-03-07,11741.71,Approved,Buyer_F
PO0000432,SUP00150,DPT004,2024-05-23,3414.93,Pending,Buyer_C
PO0000433,SUP00001,DPT010,2024-08-20,4911.37,Approved,Buyer_A
PO0000434,SUP00024,DPT003,2024-09-02,4615.42,Approved,Buyer_A
PO0000435,SUP00110,DPT004,2024-04-06,6724.61,Approved,Buyer_F
PO0000436,SUP00091,DPT007,2024-02-25,48762.35,Approved,Buyer_E
PO0000437,SUP00189,DPT002,2024-11-17,57233.78,Approved,Buyer_D
PO0000438,SUP00209,DPT004,2024-07-30,18706.03,Pending,Buyer_E
PO0000439,SUP00150,DPT003,2024-11-25,9124.91,Approved,Buyer_D
PO0000440,SUP00004,DPT007,2024-04-12,2076.31,Approved,Buyer_F
PO0000441,SUP00027,DPT002,2024-02-07,10097.15,Approved,Buyer_A
PO0000442,SUP00087,DPT002,2024-05-07,3677.52,Approved,Buyer_A
PO0000443,SUP00009,DPT007,2024-04-19,41378.71,Approved,Buyer_E
PO0000444,SUP00002,DPT002,2024-08-28,1626.03,Approved,Buyer_F
PO0000445,SUP00008,DPT004,2024-08-27,11902.27,Approved,Buyer_D
PO0000446,SUP00025,DPT007,2024-01-24,3380.44,Approved,Buyer_F
PO0000447,SUP00021,DPT008,2024-07-15,8026.35,Approved,Buyer_C
PO0000448,SUP00006,DPT001,2024-04-24,15773.21,Approved,Buyer_E
PO0000449,SUP00217,DPT010,2024-07-24,22515.71,Approved,Buyer_D
PO0000450,SUP00277,DPT008,2024-05-11,7625.93,Approved,Buyer_F
PO0000451,SUP00007,DPT003,2024-06-29,17347.72,Approved,Buyer_D
PO0000452,SUP00279,DPT008,2024-08-27,4177.76,Approved,Buyer_C
PO0000453,SUP00001,DPT008,2024-04-08,10358.25,Approved,Buyer_B
PO0000454,SUP00276,DPT006,2024-03-07,22075.14,Approved,Buyer_B
PO0000455,SUP00292,DPT005,2024-08-24,11294.82,Approved,Buyer_A
PO0000456,SUP00001,DPT008,2024-11-13,4772.65,Approved,Buyer_A
PO0000457,SUP00181,DPT012,2024-05-28,6130.05,Approved,Buyer_D
PO0000458,SUP00303,DPT005,2024-11-30,22374.03,Approved,Buyer_A
PO0000459,SUP00265,DPT009,2024-03-02,2719.37,Approved,Buyer_C
PO0000460,SUP00303,DPT008,2024-10-01,3151.66,Approved,Buyer_A
PO0000461,SUP00055,DPT010,2024-11-27,14788.26,Approved,Buyer_A
PO0000462,SUP00003,DPT011,2024-04-10,5223.15,Approved,Buyer_E
PO0000463,SUP00232,DPT002,2024-02-19,1894.94,Approved,Buyer_A
PO0000464,SUP00093,DPT002,2024-08-10,31282.64,Approved,Buyer_C
PO0000465,SUP00093,DPT005,2024-10-18,2698.36,Approved,Buyer_B
PO0000466,SUP00022,DPT004,2024-01-28,6638.03,Approved,Buyer_A
PO0000467,SUP00068,DPT005,2024-08-02,4361.1,Approved,Buyer_B
PO0000468,SUP00006,DPT009,2024-10-18,6016.83,Approved,Buyer_A
PO0000469,SUP00167,DPT011,2024-01-11,3345.53,Approved,Buyer_A
PO0000470,SUP00003,DPT004,2024-06-21,16552.28,Pending,Buyer_D
PO0000471,SUP00161,DPT007,2024-01-26,9052.75,Rejected,Buyer_A
PO0000472,SUP00231,DPT002,2024-02-29,21669.34,Approved,Buyer_F
PO0000473,SUP00027,DPT005,2024-06-11,4406.48,Pending,Buyer_C
PO0000474,SUP00031,DPT001,2024-04-19,68392.73,Approved,Buyer_C
PO0000475,SUP00011,DPT004,2024-01-29,1206.35,Approved,Buyer_F
PO0000476,SUP00302,DPT005,2024-09-25,1660.49,Pending,Buyer_E
PO0000477,SUP00163,DPT008,2024-03-08,46774.1,Approved,Buyer_C
PO0000478,SUP00017,DPT006,2024-10-18,13017.39,Approved,Buyer_F
PO0000479,SUP00006,DPT003,2024-02-29,11400.2,Approved,Buyer_D
PO0000480,SUP00008,DPT001,2024-06-23,12472.42,Approved,Buyer_E
PO0000481,SUP00026,DPT001,2024-08-31,14345.73,Pending,Buyer_F
PO0000482,SUP00287,DPT012,2024-06-09,10935.48,Approved,Buyer_E
PO0000483,SUP00164,DPT011,2024-05-19,3084.35,Approved,Buyer_D
PO0000484,SUP00008,DPT003,2024-09-08,18364.8,Approved,Buyer_D
PO0000485,SUP00238,DPT002,2024-01-04,15688.42,Approved,Buyer_D
PO0000486,SUP00018,DPT004,2024-10-03,33807.27,Approved,Buyer_F
PO0000487,SUP00233,DPT007,2024-08-19,47298.84,Pending,Buyer_E
PO0000488,SUP00008,DPT003,2024-09-13,11276.5,Approved,Buyer_B
PO0000489,SUP00096,DPT001,2024-05-21,2374.28,Pending,Buyer_A
PO0000490,SUP00277,DPT004,2024-05-08,47692.19,Approved,Buyer_E
PO0000491,SUP00009,DPT002,2024-07-10,2927.34,Approved,Buyer_C
PO0000492,SUP00139,DPT003,2024-08-03,11361.26,Approved,Buyer_C
PO0000493,SUP00313,DPT002,2024-11-05,6268.34,Approved,Buyer_F
PO0000494,SUP00005,DPT006,2024-10-14,5267.83,Approved,Buyer_A
PO0000495,SUP00003,DPT005,2024-01-19,17401.3,Approved,Buyer_A
PO0000496,SUP00128,DPT003,2024-02-20,10347.08,Approved,Buyer_E
PO0000497,SUP00014,DPT005,2024-11-13,13537.81,Pending,Buyer_F
PO0000498,SUP00003,DPT004,2024-05-10,3584.28,Approved,Buyer_E
PO0000499,SUP00027,DPT009,2024-07-13,6808.49,Approved,Buyer_F
PO0000500,SUP00175,DPT011,2024-01-19,3753.58,Approved,Buyer_F
PO0000501,SUP00010,DPT002,2024-02-05,6640.41,Approved,Buyer_E
PO0000502,SUP00013,DPT010,2024-05-16,7195.69,Approved,Buyer_F
PO0000503,SUP00229,DPT007,2024-08-28,51241.46,Approved,Buyer_C
PO0000504,SUP00037,DPT007,2024-09-15,6251.72,Approved,Buyer_E
PO0000505,SUP00228,DPT003,2024-10-26,967.2,Approved,Buyer_A
PO0000506,SUP00024,DPT003,2024-03-07,32698.73,Approved,Buyer_D
PO0000507,SUP00293,DPT001,2024-03-08,12698.76,Approved,Buyer_B
PO0000508,SUP00114,DPT012,2024-06-30,7108.1,Approved,Buyer_F
PO0000509,SUP00004,DPT006,2024-07-02,5233.23,Approved,Buyer_C
PO0000510,SUP00253,DPT004,2024-01-13,3143.44,Approved,Buyer_B
PO0000511,SUP00029,DPT005,2024-05-29,56277.39,Approved,Buyer_D
PO0000512,SUP00005,DPT001,2024-10-27,8534.27,Approved,Buyer_A
PO0000513,SUP00006,DPT002,2024-02-24,1425.46,Approved,Buyer_A
PO0000514,SUP00136,DPT006,2024-10-01,11245.69,Approved,Buyer_C
PO0000515,SUP00002,DPT005,2024-05-29,27069.74,Pending,Buyer_D
PO0000516,SUP00010,DPT009,2024-06-24,9475.21,Approved,Buyer_D
PO0000517,SUP00005,DPT006,2024-08-02,3289.22,Approved,Buyer_A
PO0000518,SUP00024,DPT006,2024-08-24,3007.68,Pending,Buyer_E
PO0000519,SUP00021,DPT009,2024-08-01,3237.9,Approved,Buyer_A
PO0000520,SUP00038,DPT001,2024-02-04,37110.6,Rejected,Buyer_E
PO0000521,SUP00010,DPT007,2024-04-08,7542.7,Approved,Buyer_A
PO0000522,SUP00002,DPT007,2024-10-10,1512.13,Approved,Buyer_A
PO0000523,SUP00093,DPT003,2024-01-14,11898.1,Approved,Buyer_D
PO0000524,SUP00017,DPT002,2024-08-27,9330.43,Approved,Buyer_E
PO0000525,SUP00115,DPT002,2024-06-23,5172.46,Approved,Buyer_E
PO0000526,SUP00004,DPT002,2024-02-10,2920.74,Approved,Buyer_D
PO0000527,SUP00001,DPT005,2024-02-11,2796.45,Approved,Buyer_B
PO0000528,SUP00009,DPT002,2024-11-24,24019.8,Approved,Buyer_F
PO0000529,SUP00025,DPT006,2024-01-11,10378.72,Approved,Buyer_A
PO0000530,SUP00019,DPT001,2024-01-08,13077.44,Rejected,Buyer_C
PO0000531,SUP00209,DPT001,2024-01-06,10350.18,Approved,Buyer_E
PO0000532,SUP00018,DPT003,2024-07-29,11245.11,Approved,Buyer_D
PO0000533,SUP00043,DPT002,2024-11-06,5072.58,Approved,Buyer_E
PO0000534,SUP00081,DPT012,2024-02-27,6595.68,Approved,Buyer_E
PO0000535,SUP00001,DPT003,2024-09-23,25975.57,Pending,Buyer_F
PO0000536,SUP00034,DPT002,2024-08-28,33342.57,Approved,Buyer_D
PO0000537,SUP00014,DPT002,2024-03-17,2387.28,Approved,Buyer_E
PO0000538,SUP00022,DPT003,2024-01-24,6579.68,Approved,Buyer_A
PO0000539,SUP00004,DPT006,2024-06-12,18756.31,Approved,Buyer_B
PO0000540,SUP00192,DPT009,2024-01-28,53214.16,Approved,Buyer_A
PO0000541,SUP00287,DPT003,2024-02-08,48144.37,Rejected,Buyer_B
PO0000542,SUP00001,DPT006,2024-06-05,3656.43,Approved,Buyer_A
PO0000543,SUP00085,DPT004,2024-09-30,28999.86,Approved,Buyer_E
PO0000544,SUP00181,DPT009,2024-11-28,8592.43,Approved,Buyer_C
PO0000545,SUP00010,DPT005,2024-07-29,23026.86,Approved,Buyer_C
PO0000546,SUP00195,DPT003,2024-04-02,17823.6,Approved,Buyer_D
PO0000547,SUP00104,DPT007,2024-04-19,2289.38,Approved,Buyer_C
PO0000548,SUP00279,DPT009,2024-07-24,14044.33,Approved,Buyer_D
PO0000549,SUP00309,DPT004,2024-02-28,22152.3,Pending,Buyer_A
PO0000550,SUP00002,DPT012,2024-06-22,7941.4,Approved,Buyer_E
PO0000551,SUP00024,DPT010,2024-09-14,6333.98,Approved,Buyer_F
PO0000552,SUP00053,DPT002,2024-10-09,1683.0,Approved,Buyer_A
PO0000553,SUP00005,DPT009,2024-01-20,16052.46,Approved,Buyer_A
PO0000554,SUP00014,DPT006,2024-04-06,9984.09,Approved,Buyer_A
PO0000555,SUP00313,DPT005,2024-03-26,3222.19,Approved,Buyer_D
PO0000556,SUP00001,DPT005,2024-07-04,5849.78,Approved,Buyer_E
PO0000557,SUP00025,DPT010,2024-03-03,9456.93,Approved,Buyer_E
PO0000558,SUP00228,DPT006,2024-11-14,4634.87,Pending,Buyer_E
PO0000559,SUP00012,DPT005,2024-11-03,8124.81,Pending,Buyer_D
PO0000560,SUP00028,DPT001,2024-04-21,1408.2,Approved,Buyer_E
PO0000561,SUP00308,DPT004,2024-05-16,31238.97,Approved,Buyer_B
PO0000562,SUP00027,DPT011,2024-05-27,8233.03,Approved,Buyer_E
PO0000563,SUP00005,DPT007,2024-01-15,2699.03,Approved,Buyer_B
PO0000564,SUP00002,DPT001,2024-10-24,692.49,Approved,Buyer_F
PO0000565,SUP00288,DPT010,2024-09-18,22677.65,Approved,Buyer_A
PO0000566,SUP00009,DPT009,2024-04-21,14158.8,Approved,Buyer_F
PO0000567,SUP00030,DPT005,2024-07-02,10003.45,Pending,Buyer_C
PO0000568,SUP00003,DPT001,2024-05-07,19218.87,Rejected,Buyer_D
PO0000569,SUP00022,DPT005,2024-03-17,19166.1,Approved,Buyer_A
PO0000570,SUP00279,DPT001,2024-04-11,9842.23,Rejected,Buyer_B
PO0000571,SUP00030,DPT003,2024-02-05,6284.15,Approved,Buyer_F
PO0000572,SUP00303,DPT006,2024-09-28,5339.35,Approved,Buyer_A
PO0000573,SUP00009,DPT011,2024-08-07,12344.21,Approved,Buyer_B
PO0000574,SUP00030,DPT003,2024-11-07,32762.22,Approved,Buyer_D
PO0000575,SUP00238,DPT010,2024-01-03,7310.72,Approved,Buyer_E
PO0000576,SUP00025,DPT011,2024-07-06,35471.24,Approved,Buyer_C
PO0000577,SUP00010,DPT001,2024-07-27,11768.16,Approved,Buyer_A
PO0000578,SUP00235,DPT002,2024-11-27,11857.2,Pending,Buyer_A
PO0000579,SUP00019,DPT007,2024-05-10,89779.28,Approved,Buyer_F
PO0000580,SUP00044,DPT008,2024-02-17,42305.75,Approved,Buyer_B
PO0000581,SUP00307,DPT004,2024-01-05,43417.13,Approved,Buyer_D
PO0000582,SUP00007,DPT006,2024-06-13,3649.65,Approved,Buyer_F
PO0000583,SUP00010,DPT006,2024-02-28,72560.97,Approved,Buyer_C
PO0000584,SUP00002,DPT008,2024-02-17,7463.53,Approved,Buyer_A
PO0000585,SUP00019,DPT007,2024-02-19,6454.34,Approved,Buyer_E
PO0000586,SUP00007,DPT001,2024-04-02,935.19,Pending,Buyer_E
PO0000587,SUP00132,DPT002,2024-02-08,11229.4,Approved,Buyer_D
PO0000588,SUP00006,DPT002,2024-06-11,2742.56,Approved,Buyer_F
PO0000589,SUP00129,DPT011,2024-08-07,12188.57,Approved,Buyer_E
PO0000590,SUP00009,DPT011,2024-04-06,2536.23,Pending,Buyer_E
PO0000591,SUP00015,DPT009,2024-02-15,48908.17,Approved,Buyer_C
PO0000592,SUP00015,DPT001,2024-07-10,14066.82,Pending,Buyer_A
PO0000593,SUP00153,DPT005,2024-01-29,79211.09,Approved,Buyer_E
PO0000594,SUP00026,DPT002,2024-09-04,2913.11,Approved,Buyer_F
PO0000595,SUP00016,DPT003,2024-05-08,38146.12,Approved,Buyer_E
PO0000596,SUP00234,DPT002,2024-05-17,1335.8,Approved,Buyer_D
PO0000597,SUP00068,DPT009,2024-03-24,9977.38,Approved,Buyer_E
PO0000598,SUP00008,DPT002,2024-04-04,4308.64,Approved,Buyer_B
PO0000599,SUP00262,DPT006,2024-02-18,5177.32,Approved,Buyer_A
PO0000600,SUP00014,DPT012,2024-07-05,4834.36,Approved,Buyer_D
PO0000601,SUP00002,DPT007,2024-02-18,3246.34,Approved,Buyer_F
PO0000602,SUP00029,DPT001,2024-08-15,2299.19,Approved,Buyer_A
PO0000603,SUP00005,DPT011,2024-03-26,5206.03,Approved,Buyer_A
PO0000604,SUP00008,DPT006,2024-07-08,9099.99,Approved,Buyer_E
PO0000605,SUP00171,DPT004,2024-06-28,25943.97,Approved,Buyer_C
PO0000606,SUP00005,DPT006,2024-07-31,10887.28,Pending,Buyer_F
PO0000607,SUP00207,DPT010,2024-09-10,26017.9,Approved,Buyer_C
PO0000608,SUP00283,DPT004,2024-07-06,1847.93,Approved,Buyer_D
PO0000609,SUP00088,DPT005,2024-10-12,5255.5,Approved,Buyer_A
PO0000610,SUP00150,DPT004,2024-03-27,16498.17,Approved,Buyer_F
PO0000611,SUP00152,DPT001,2024-09-08,11420.79,Approved,Buyer_B
PO0000612,SUP00316,DPT009,2024-04-24,3424.89,Approved,Buyer_C
PO0000613,SUP00014,DPT001,2024-07-29,20621.08,Pending,Buyer_D
PO0000614,SUP00006,DPT004,2024-06-13,4763.45,Approved,Buyer_F
PO0000615,SUP00037,DPT003,2024-10-31,3724.31,Approved,Buyer_E
PO0000616,SUP00045,DPT003,2024-03-31,13186.49,Approved,Buyer_E
PO0000617,SUP00006,DPT004,2024-06-23,8153.23,Approved,Buyer_A
PO0000618,SUP00092,DPT006,2024-02-25,4803.44,Approved,Buyer_A
PO0000619,SUP00001,DPT003,2024-07-31,4643.07,Approved,Buyer_E
PO0000620,SUP00278,DPT002,2024-01-13,2779.99,Approved,Buyer_F
PO0000621,SUP00009,DPT010,2024-05-17,5454.8,Approved,Buyer_D
PO0000622,SUP00002,DPT012,2024-01-04,24343.24,Approved,Buyer_F
PO0000623,SUP00004,DPT004,2024-04-19,10348.02,Approved,Buyer_B
PO0000624,SUP00008,DPT003,2024-06-11,21133.06,Approved,Buyer_C
PO0000625,SUP00009,DPT001,2024-04-21,13576.13,Approved,Buyer_B
PO0000626,SUP00002,DPT001,2024-05-09,4392.94,Approved,Buyer_E
PO0000627,SUP00010,DPT004,2024-02-19,1557.53,Approved,Buyer_E
PO0000628,SUP00007,DPT011,2024-08-27,3207.17,Approved,Buyer_B
PO0000629,SUP00018,DPT008,2024-09-23,4141.3,Pending,Buyer_F
PO0000630,SUP00018,DPT003,2024-06-01,3833.05,Approved,Buyer_A
PO0000631,SUP00014,DPT012,2024-01-19,21612.34,Approved,Buyer_E
PO0000632,SUP00013,DPT004,2024-01-21,21388.07,Approved,Buyer_B
PO0000633,SUP00003,DPT003,2024-08-14,74004.39,Approved,Buyer_E
PO0000634,SUP00001,DPT004,2024-11-07,3775.46,Approved,Buyer_C
PO0000635,SUP00007,DPT002,2024-10-16,40032.56,Approved,Buyer_B
PO0000636,SUP00177,DPT010,2024-05-15,39785.87,Approved,Buyer_A
PO0000637,SUP00315,DPT003,2024-06-15,6423.61,Approved,Buyer_D
PO0000638,SUP00278,DPT006,2024-02-24,13011.06,Approved,Buyer_A
PO0000639,SUP00030,DPT003,2024-01-24,28021.67,Approved,Buyer_C
PO0000640,SUP00044,DPT011,2024-09-13,7639.41,Approved,Buyer_F
PO0000641,SUP00011,DPT006,2024-05-23,7069.95,Pending,Buyer_F
PO0000642,SUP00187,DPT004,2024-06-15,4327.14,Approved,Buyer_C
PO0000643,SUP00182,DPT002,2024-04-24,765.07,Approved,Buyer_E
PO0000644,SUP00229,DPT011,2024-04-14,8694.72,Rejected,Buyer_E
PO0000645,SUP00259,DPT005,2024-11-26,3984.35,Approved,Buyer_D
PO0000646,SUP00023,DPT003,2024-09-30,2764.6,Pending,Buyer_B
PO0000647,SUP00183,DPT010,2024-08-19,12359.64,Approved,Buyer_E
PO0000648,SUP00206,DPT001,2024-05-10,1898.25,Approved,Buyer_A
PO0000649,SUP00011,DPT003,2024-08-29,18143.72,Pending,Buyer_D
PO0000650,SUP00279,DPT005,2024-04-23,13142.41,Approved,Buyer_E
PO0000651,SUP00004,DPT003,2024-06-21,5430.61,Approved,Buyer_D
PO0000652,SUP00317,DPT004,2024-02-18,7605.98,Approved,Buyer_C
PO0000653,SUP00185,DPT002,2024-08-25,2464.59,Approved,Buyer_C
PO0000654,SUP00004,DPT002,2024-01-21,17160.04,Approved,Buyer_C
PO0000655,SUP00118,DPT001,2024-08-30,9772.86,Approved,Buyer_E
PO0000656,SUP00002,DPT002,2024-07-21,10528.59,Approved,Buyer_F
PO0000657,SUP00185,DPT011,2024-01-23,13385.01,Approved,Buyer_E
PO0000658,SUP00202,DPT005,2024-06-18,4262.39,Pending,Buyer_B
PO0000659,SUP00086,DPT004,2024-03-15,1773.91,Rejected,Buyer_A
PO0000660,SUP00236,DPT003,2024-06-08,21106.12,Approved,Buyer_C
PO0000661,SUP00004,DPT007,2024-01-05,16134.55,Approved,Buyer_F
PO0000662,SUP00010,DPT002,2024-08-29,4744.02,Approved,Buyer_D
PO0000663,SUP00021,DPT003,2024-06-19,12199.01,Approved,Buyer_B
PO0000664,SUP00002,DPT006,2024-05-01,28508.95,Approved,Buyer_A
PO0000665,SUP00025,DPT004,2024-10-20,25303.57,Approved,Buyer_B
PO0000666,SUP00009,DPT009,2024-08-04,4607.5,Pending,Buyer_E
PO0000667,SUP00019,DPT010,2024-07-23,1828.48,Approved,Buyer_E
PO0000668,SUP00022,DPT009,2024-06-16,2170.66,Approved,Buyer_C
PO0000669,SUP00249,DPT002,2024-08-22,5932.93,Pending,Buyer_C
PO0000670,SUP00009,DPT001,2024-11-06,34972.49,Approved,Buyer_B
PO0000671,SUP00258,DPT002,2024-07-21,3911.02,Approved,Buyer_F
PO0000672,SUP00022,DPT009,2024-02-27,4463.43,Approved,Buyer_C
PO0000673,SUP00013,DPT011,2024-08-15,4372.49,Rejected,Buyer_E
PO0000674,SUP00030,DPT011,2024-01-25,4761.27,Approved,Buyer_C
PO0000675,SUP00022,DPT003,2024-04-14,8012.62,Approved,Buyer_D
PO0000676,SUP00009,DPT009,2024-11-03,2252.85,Rejected,Buyer_D
PO0000677,SUP00030,DPT005,2024-09-25,23965.25,Approved,Buyer_C
PO0000678,SUP00005,DPT009,2024-10-29,7010.6,Approved,Buyer_F
PO0000679,SUP00015,DPT005,2024-04-28,96677.36,Approved,Buyer_C
PO0000680,SUP00064,DPT002,2024-08-16,2505.96,Approved,Buyer_E
PO0000681,SUP00021,DPT001,2024-08-22,39730.17,Approved,Buyer_F
PO0000682,SUP00217,DPT011,2024-03-23,32576.47,Approved,Buyer_C
PO0000683,SUP00009,DPT004,2024-11-11,5368.57,Approved,Buyer_B
PO0000684,SUP00303,DPT003,2024-11-20,5458.56,Approved,Buyer_F
PO0000685,SUP00193,DPT003,2024-02-06,3225.05,Approved,Buyer_E
PO0000686,SUP00301,DPT003,2024-09-13,3262.27,Approved,Buyer_E
PO0000687,SUP00225,DPT011,2024-05-29,8098.18,Approved,Buyer_F
PO0000688,SUP00005,DPT001,2024-08-13,8272.53,Approved,Buyer_A
PO0000689,SUP00041,DPT001,2024-07-04,1632.14,Approved,Buyer_F
PO0000690,SUP00006,DPT009,2024-03-15,80298.43,Rejected,Buyer_A
PO0000691,SUP00213,DPT005,2024-02-02,6250.92,Rejected,Buyer_A
PO0000692,SUP00075,DPT001,2024-06-20,8652.58,Approved,Buyer_B
PO0000693,SUP00009,DPT001,2024-10-07,4331.9,Pending,Buyer_A
PO0000694,SUP00279,DPT002,2024-10-02,6204.25,Approved,Buyer_A
PO0000695,SUP00004,DPT002,2024-04-02,5665.34,Approved,Buyer_A
PO0000696,SUP00063,DPT001,2024-10-15,8079.37,Approved,Buyer_C
PO0000697,SUP00156,DPT002,2024-04-29,7985.72,Approved,Buyer_C
PO0000698,SUP00002,DPT008,2024-07-07,18121.72,Approved,Buyer_C
PO0000699,SUP00083,DPT010,2024-04-18,10170.23,Approved,Buyer_B
PO0000700,SUP00212,DPT010,2024-06-24,16387.65,Approved,Buyer_F
PO0000701,SUP00003,DPT003,2024-06-26,8023.97,Approved,Buyer_B
PO0000702,SUP00033,DPT003,2024-08-21,10211.32,Rejected,Buyer_C
PO0000703,SUP00009,DPT012,2024-06-07,6365.79,Approved,Buyer_A
PO0000704,SUP00122,DPT008,2024-06-25,22095.11,Approved,Buyer_B
PO0000705,SUP00004,DPT005,2024-08-06,11188.28,Approved,Buyer_B
PO0000706,SUP00283,DPT002,2024-05-19,6918.3,Approved,Buyer_F
PO0000707,SUP00258,DPT003,2024-06-24,6714.94,Approved,Buyer_B
PO0000708,SUP00007,DPT005,2024-01-29,7264.54,Approved,Buyer_D
PO0000709,SUP00012,DPT005,2024-10-18,8353.57,Approved,Buyer_D
PO0000710,SUP00077,DPT001,2024-02-12,7659.02,Approved,Buyer_A
PO0000711,SUP00154,DPT011,2024-10-19,4633.92,Approved,Buyer_C
PO0000712,SUP00024,DPT005,2024-09-11,17411.75,Approved,Buyer_A
PO0000713,SUP00006,DPT005,2024-11-13,18547.23,Approved,Buyer_B
PO0000714,SUP00004,DPT002,2024-01-09,48235.8,Approved,Buyer_E
PO0000715,SUP00320,DPT008,2024-03-13,4430.95,Pending,Buyer_D
PO0000716,SUP00025,DPT008,2024-01-18,15779.06,Approved,Buyer_C
PO0000717,SUP00245,DPT001,2024-05-19,1200.94,Approved,Buyer_B
PO0000718,SUP00028,DPT006,2024-10-30,18565.18,Approved,Buyer_D
PO0000719,SUP00275,DPT006,2024-09-13,1888.27,Approved,Buyer_F
PO0000720,SUP00003,DPT009,2024-08-23,3028.03,Approved,Buyer_F
PO0000721,SUP00004,DPT002,2024-10-11,11296.24,Approved,Buyer_B
PO0000722,SUP00279,DPT010,2024-01-02,4352.48,Rejected,Buyer_E
PO0000723,SUP00290,DPT004,2024-09-20,3795.78,Approved,Buyer_B
PO0000724,SUP00011,DPT001,2024-04-14,4989.96,Approved,Buyer_F
PO0000725,SUP00015,DPT001,2024-08-19,16808.26,Approved,Buyer_C
PO0000726,SUP00025,DPT002,2024-09-12,3187.87,Approved,Buyer_E
PO0000727,SUP00021,DPT003,2024-08-17,7675.93,Approved,Buyer_D
PO0000728,SUP00007,DPT004,2024-05-19,5548.84,Approved,Buyer_E
PO0000729,SUP00261,DPT008,2024-07-23,18396.04,Approved,Buyer_F
PO0000730,SUP00009,DPT002,2024-06-06,18919.0,Approved,Buyer_A
PO0000731,SUP00147,DPT012,2024-07-29,1293.0,Approved,Buyer_F
PO0000732,SUP00003,DPT002,2024-06-02,23042.82,Approved,Buyer_C
PO0000733,SUP00002,DPT006,2024-05-12,4399.49,Rejected,Buyer_A
PO0000734,SUP00116,DPT011,2024-03-08,10262.92,Approved,Buyer_C
PO0000735,SUP00014,DPT009,2024-05-09,3168.75,Approved,Buyer_A
PO0000736,SUP00117,DPT006,2024-08-29,11744.43,Rejected,Buyer_D
PO0000737,SUP00004,DPT007,2024-10-18,103917.12,Approved,Buyer_C
PO0000738,SUP00291,DPT002,2024-02-04,9201.9,Approved,Buyer_C
PO0000739,SUP00172,DPT001,2024-03-02,5116.12,Approved,Buyer_C
PO0000740,SUP00247,DPT004,2024-06-18,6424.27,Approved,Buyer_D
PO0000741,SUP00005,DPT001,2024-08-23,1864.91,Approved,Buyer_E
PO0000742,SUP00012,DPT003,2024-02-26,34508.58,Pending,Buyer_C
PO0000743,SUP00017,DPT002,2024-04-18,11079.85,Approved,Buyer_A
PO0000744,SUP00047,DPT011,2024-01-16,2838.7,Approved,Buyer_D
PO0000745,SUP00010,DPT010,2024-01-18,2932.71,Approved,Buyer_F
PO0000746,SUP00002,DPT009,2024-02-17,8227.87,Approved,Buyer_C
PO0000747,SUP00017,DPT007,2024-09-01,20578.36,Approved,Buyer_A
PO0000748,SUP00009,DPT002,2024-10-18,2563.2,Approved,Buyer_F
PO0000749,SUP00018,DPT001,2024-06-16,24671.63,Approved,Buyer_C
PO0000750,SUP00007,DPT006,2024-02-29,7393.57,Approved,Buyer_C
PO0000751,SUP00009,DPT006,2024-11-04,3196.32,Approved,Buyer_B
PO0000752,SUP00100,DPT003,2024-04-03,5076.16,Approved,Buyer_E
PO0000753,SUP00019,DPT004,2024-02-21,46562.64,Approved,Buyer_A
PO0000754,SUP00014,DPT004,2024-02-16,2021.89,Approved,Buyer_D
PO0000755,SUP00046,DPT002,2024-04-28,3897.56,Approved,Buyer_C
PO0000756,SUP00186,DPT003,2024-09-03,21006.42,Approved,Buyer_C
PO0000757,SUP00018,DPT004,2024-05-13,10061.35,Approved,Buyer_B
PO0000758,SUP00077,DPT006,2024-05-29,3672.98,Approved,Buyer_E
PO0000759,SUP00301,DPT011,2024-04-23,21264.48,Approved,Buyer_C
PO0000760,SUP00038,DPT005,2024-11-12,22298.97,Approved,Buyer_F
PO0000761,SUP00267,DPT008,2024-08-17,11286.82,Approved,Buyer_E
PO0000762,SUP00199,DPT009,2024-08-10,4392.28,Approved,Buyer_E
PO0000763,SUP00002,DPT001,2024-05-26,5124.02,Approved,Buyer_C
PO0000764,SUP00023,DPT006,2024-06-27,10771.68,Approved,Buyer_F
PO0000765,SUP00143,DPT004,2024-10-23,2182.16,Approved,Buyer_D
PO0000766,SUP00313,DPT005,2024-08-07,30570.32,Rejected,Buyer_C
PO0000767,SUP00026,DPT001,2024-09-29,44365.13,Approved,Buyer_C
PO0000768,SUP00004,DPT011,2024-01-14,6399.95,Approved,Buyer_F
PO0000769,SUP00062,DPT011,2024-10-14,11569.23,Pending,Buyer_B
PO0000770,SUP00005,DPT001,2024-11-14,26523.91,Approved,Buyer_F
PO0000771,SUP00174,DPT002,2024-08-11,57271.64,Approved,Buyer_B
PO0000772,SUP00030,DPT002,2024-11-16,38444.9,Approved,Buyer_E
PO0000773,SUP00157,DPT009,2024-07-09,1428.62,Approved,Buyer_B
PO0000774,SUP00243,DPT006,2024-04-02,5910.27,Pending,Buyer_F
PO0000775,SUP00102,DPT002,2024-07-22,13368.92,Approved,Buyer_F
PO0000776,SUP00092,DPT009,2024-07-29,4943.27,Pending,Buyer_E
PO0000777,SUP00176,DPT003,2024-02-18,48183.25,Approved,Buyer_F
PO0000778,SUP00228,DPT004,2024-03-08,41331.29,Approved,Buyer_D
PO0000779,SUP00243,DPT003,2024-04-07,3583.41,Approved,Buyer_F
PO0000780,SUP00002,DPT005,2024-07-02,6888.44,Approved,Buyer_D
PO0000781,SUP00059,DPT004,2024-02-19,3829.33,Approved,Buyer_A
PO0000782,SUP00008,DPT003,2024-09-15,6666.64,Pending,Buyer_C
PO0000783,SUP00238,DPT004,2024-02-06,6467.65,Approved,Buyer_A
PO0000784,SUP00113,DPT011,2024-08-14,21041.63,Approved,Buyer_D
PO0000785,SUP00022,DPT004,2024-04-23,3332.69,Approved,Buyer_A
PO0000786,SUP00007,DPT011,2024-05-04,591.85,Approved,Buyer_B
PO0000787,SUP00014,DPT005,2024-08-20,1628.57,Approved,Buyer_F
PO0000788,SUP00146,DPT008,2024-01-30,2897.77,Approved,Buyer_E
PO0000789,SUP00007,DPT003,2024-08-28,4206.17,Approved,Buyer_C
PO0000790,SUP00004,DPT009,2024-07-03,9771.0,Pending,Buyer_D
PO0000791,SUP00254,DPT002,2024-03-15,2752.34,Approved,Buyer_D
PO0000792,SUP00181,DPT001,2024-10-27,2413.66,Approved,Buyer_C
PO0000793,SUP00007,DPT002,2024-07-29,3198.87,Approved,Buyer_E
PO0000794,SUP00010,DPT001,2024-02-24,2655.39,Approved,Buyer_A
PO0000795,SUP00304,DPT011,2024-08-07,4654.11,Approved,Buyer_C
PO0000796,SUP00148,DPT012,2024-05-17,4459.15,Approved,Buyer_B
PO0000797,SUP00091,DPT008,2024-09-12,16140.01,Approved,Buyer_E
PO0000798,SUP00011,DPT001,2024-06-13,3012.33,Approved,Buyer_D
PO0000799,SUP00010,DPT010,2024-11-30,5666.93,Approved,Buyer_E
PO0000800,SUP00002,DPT008,2024-11-06,4698.4,Rejected,Buyer_C
PO0000801,SUP00160,DPT003,2024-01-14,18194.69,Approved,Buyer_B
PO0000802,SUP00002,DPT004,2024-05-17,6944.61,Pending,Buyer_A
PO0000803,SUP00001,DPT007,2024-03-08,23171.93,Approved,Buyer_F
PO0000804,SUP00161,DPT001,2024-05-30,2559.66,Approved,Buyer_B
PO0000805,SUP00290,DPT004,2024-02-18,7712.78,Approved,Buyer_E
PO0000806,SUP00177,DPT008,2024-06-28,4555.58,Pending,Buyer_C
PO0000807,SUP00027,DPT002,2024-02-21,2377.85,Approved,Buyer_B
PO0000808,SUP00028,DPT004,2024-07-27,7574.09,Approved,Buyer_B
PO0000809,SUP00023,DPT005,2024-06-01,45840.71,Approved,Buyer_E
PO0000810,SUP00012,DPT008,2024-11-28,3453.32,Approved,Buyer_B
PO0000811,SUP00038,DPT012,2024-10-21,7133.41,Approved,Buyer_B
PO0000812,SUP00023,DPT009,2024-07-20,2181.5,Approved,Buyer_E
PO0000813,SUP00083,DPT006,2024-05-30,1883.28,Approved,Buyer_D
PO0000814,SUP00260,DPT005,2024-08-27,3687.66,Rejected,Buyer_E
PO0000815,SUP00318,DPT006,2024-08-11,5166.84,Approved,Buyer_A
PO0000816,SUP00003,DPT005,2024-02-16,5401.42,Approved,Buyer_F
PO0000817,SUP00018,DPT001,2024-05-06,6463.82,Approved,Buyer_B
PO0000818,SUP00006,DPT007,2024-11-28,1558.79,Approved,Buyer_A
PO0000819,SUP00015,DPT007,2024-04-17,4333.17,Approved,Buyer_A
PO0000820,SUP00010,DPT005,2024-01-05,13383.24,Approved,Buyer_B
PO0000821,SUP00006,DPT010,2024-10-06,2083.4,Approved,Buyer_C
PO0000822,SUP00181,DPT007,2024-11-08,5680.84,Approved,Buyer_A
PO0000823,SUP00029,DPT003,2024-08-07,10860.02,Approved,Buyer_D
PO0000824,SUP00273,DPT001,2024-07-31,3706.09,Approved,Buyer_D
PO0000825,SUP00002,DPT001,2024-04-27,11401.78,Pending,Buyer_E
PO0000826,SUP00003,DPT003,2024-04-30,1770.25,Approved,Buyer_A
PO0000827,SUP00020,DPT004,2024-11-02,19701.49,Approved,Buyer_A
PO0000828,SUP00003,DPT002,2024-10-14,11681.96,Approved,Buyer_B
PO0000829,SUP00009,DPT002,2024-06-16,8566.94,Approved,Buyer_C
PO0000830,SUP00312,DPT002,2024-04-14,24954.71,Approved,Buyer_D
PO0000831,SUP00007,DPT009,2024-03-04,5829.29,Approved,Buyer_B
PO0000832,SUP00007,DPT009,2024-01-04,4368.36,Approved,Buyer_C
PO0000833,SUP00069,DPT003,2024-06-10,31969.71,Approved,Buyer_D
PO0000834,SUP00029,DPT002,2024-07-04,51060.47,Approved,Buyer_D
PO0000835,SUP00073,DPT001,2024-08-14,4050.37,Approved,Buyer_D
PO0000836,SUP00018,DPT001,2024-09-26,7231.9,Approved,Buyer_D
PO0000837,SUP00218,DPT004,2024-05-02,23041.28,Pending,Buyer_E
PO0000838,SUP00005,DPT001,2024-02-25,7493.98,Approved,Buyer_F
PO0000839,SUP00023,DPT003,2024-10-09,14685.1,Rejected,Buyer_F
PO0000840,SUP00137,DPT012,2024-09-12,17683.79,Rejected,Buyer_C
PO0000841,SUP00243,DPT004,2024-06-27,4617.9,Approved,Buyer_B
PO0000842,SUP00017,DPT009,2024-01-14,12323.64,Approved,Buyer_B
PO0000843,SUP00065,DPT001,2024-06-05,8053.06,Approved,Buyer_C
PO0000844,SUP00003,DPT002,2024-07-26,2399.78,Approved,Buyer_D
PO0000845,SUP00006,DPT011,2024-10-14,3011.96,Rejected,Buyer_D
PO0000846,SUP00003,DPT003,2024-06-19,4219.97,Approved,Buyer_A
PO0000847,SUP00160,DPT006,2024-06-04,20506.96,Approved,Buyer_F
PO0000848,SUP00010,DPT012,2024-05-07,21191.56,Approved,Buyer_A
PO0000849,SUP00158,DPT005,2024-05-18,17152.74,Pending,Buyer_C
PO0000850,SUP00003,DPT003,2024-01-06,12583.11,Approved,Buyer_C
PO0000851,SUP00239,DPT005,2024-02-04,12244.43,Approved,Buyer_C
PO0000852,SUP00223,DPT001,2024-09-10,10695.31,Approved,Buyer_B
PO0000853,SUP00003,DPT001,2024-05-01,12180.57,Approved,Buyer_D
PO0000854,SUP00001,DPT001,2024-10-12,13034.6,Approved,Buyer_A
PO0000855,SUP00002,DPT010,2024-05-13,1989.38,Approved,Buyer_E
PO0000856,SUP00234,DPT007,2024-11-29,3676.63,Approved,Buyer_E
PO0000857,SUP00008,DPT003,2024-03-01,2895.98,Approved,Buyer_E
PO0000858,SUP00054,DPT002,2024-03-04,24517.56,Approved,Buyer_E
PO0000859,SUP00022,DPT007,2024-07-15,42365.94,Pending,Buyer_F
PO0000860,SUP00200,DPT011,2024-09-25,926.07,Approved,Buyer_A
PO0000861,SUP00029,DPT003,2024-02-18,38747.23,Approved,Buyer_F
PO0000862,SUP00030,DPT003,2024-06-17,8837.16,Approved,Buyer_D
PO0000863,SUP00314,DPT010,2024-03-15,22308.43,Pending,Buyer_A
PO0000864,SUP00005,DPT010,2024-09-03,13446.41,Approved,Buyer_F
PO0000865,SUP00221,DPT011,2024-07-06,34214.17,Approved,Buyer_E
PO0000866,SUP00002,DPT003,2024-08-07,9994.02,Approved,Buyer_B
PO0000867,SUP00027,DPT001,2024-03-31,2072.57,Approved,Buyer_F
PO0000868,SUP00253,DPT004,2024-04-06,7290.48,Approved,Buyer_E
PO0000869,SUP00123,DPT003,2024-08-02,13570.53,Approved,Buyer_C
PO0000870,SUP00135,DPT010,2024-04-28,6529.19,Approved,Buyer_A
PO0000871,SUP00009,DPT001,2024-08-19,15642.26,Pending,Buyer_E
PO0000872,SUP00022,DPT006,2024-02-21,7587.84,Approved,Buyer_F
PO0000873,SUP00017,DPT011,2024-04-10,4467.08,Pending,Buyer_B
PO0000874,SUP00038,DPT012,2024-02-04,2735.37,Rejected,Buyer_A
PO0000875,SUP00026,DPT006,2024-01-30,5476.3,Approved,Buyer_B
PO0000876,SUP00013,DPT011,2024-03-28,9942.48,Approved,Buyer_B
PO0000877,SUP00011,DPT001,2024-06-12,1142.08,Approved,Buyer_C
PO0000878,SUP00009,DPT003,2024-02-18,3714.22,Approved,Buyer_F
PO0000879,SUP00016,DPT001,2024-02-01,1100.27,Approved,Buyer_F
PO0000880,SUP00005,DPT012,2024-10-20,4371.78,Approved,Buyer_E
PO0000881,SUP00245,DPT011,2024-06-21,26831.04,Pending,Buyer_B
PO0000882,SUP00086,DPT001,2024-08-27,2474.72,Approved,Buyer_B
PO0000883,SUP00005,DPT001,2024-08-31,16369.25,Approved,Buyer_A
PO0000884,SUP00140,DPT003,2024-02-04,139919.86,Approved,Buyer_E
PO0000885,SUP00231,DPT002,2024-07-26,34666.81,Approved,Buyer_B
PO0000886,SUP00008,DPT009,2024-10-15,9260.5,Approved,Buyer_F
PO0000887,SUP00005,DPT002,2024-05-30,19118.93,Approved,Buyer_D
PO0000888,SUP00001,DPT009,2024-10-15,2059.7,Approved,Buyer_C
PO0000889,SUP00002,DPT005,2024-11-12,1680.06,Approved,Buyer_F
PO0000890,SUP00180,DPT003,2024-07-02,8339.0,Approved,Buyer_A
PO0000891,SUP00313,DPT002,2024-02-04,12071.6,Rejected,Buyer_C
PO0000892,SUP00002,DPT012,2024-07-25,24207.17,Approved,Buyer_B
PO0000893,SUP00172,DPT006,2024-10-21,4588.18,Approved,Buyer_B
PO0000894,SUP00003,DPT004,2024-07-13,9831.98,Approved,Buyer_F
PO0000895,SUP00080,DPT003,2024-09-25,9500.61,Approved,Buyer_D
PO0000896,SUP00177,DPT011,2024-06-28,7105.37,Approved,Buyer_A
PO0000897,SUP00016,DPT009,2024-05-20,7536.59,Approved,Buyer_A
PO0000898,SUP00001,DPT009,2024-11-12,3447.12,Approved,Buyer_B
PO0000899,SUP00082,DPT006,2024-02-21,10718.3,Approved,Buyer_F
PO0000900,SUP00315,DPT010,2024-05-29,9848.26,Approved,Buyer_A
PO0000901,SUP00009,DPT003,2024-02-22,5218.62,Rejected,Buyer_E
PO0000902,SUP00007,DPT007,2024-08-07,15768.57,Approved,Buyer_A
PO0000903,SUP00005,DPT004,2024-11-04,22648.11,Approved,Buyer_C
PO0000904,SUP00058,DPT006,2024-11-30,15952.59,Approved,Buyer_D
PO0000905,SUP00082,DPT012,2024-03-19,2857.08,Approved,Buyer_A
PO0000906,SUP00198,DPT012,2024-08-31,8952.12,Approved,Buyer_C
PO0000907,SUP00175,DPT005,2024-10-19,3257.02,Approved,Buyer_B
PO0000908,SUP00257,DPT005,2024-10-06,8924.49,Approved,Buyer_A
PO0000909,SUP00206,DPT010,2024-06-17,3269.73,Approved,Buyer_A
PO0000910,SUP00009,DPT012,2024-02-28,29061.32,Approved,Buyer_A
PO0000911,SUP00058,DPT009,2024-06-03,17735.64,Approved,Buyer_E
PO0000912,SUP00010,DPT001,2024-09-16,25667.72,Approved,Buyer_A
PO0000913,SUP00013,DPT003,2024-07-26,23195.7,Approved,Buyer_D
PO0000914,SUP00280,DPT010,2024-05-10,6182.02,Rejected,Buyer_A
PO0000915,SUP00133,DPT008,2024-03-13,5294.32,Approved,Buyer_B
PO0000916,SUP00306,DPT008,2024-08-06,46245.7,Approved,Buyer_B
PO0000917,SUP00021,DPT007,2024-05-23,6869.73,Approved,Buyer_C
PO0000918,SUP00048,DPT004,2024-06-07,2091.05,Rejected,Buyer_E
PO0000919,SUP00028,DPT004,2024-11-10,22191.55,Approved,Buyer_C
PO0000920,SUP00004,DPT009,2024-01-04,9356.02,Approved,Buyer_A
PO0000921,SUP00008,DPT003,2024-03-20,36532.01,Approved,Buyer_A
PO0000922,SUP00042,DPT007,2024-11-04,10331.67,Approved,Buyer_B
PO0000923,SUP00003,DPT008,2024-11-04,7942.62,Approved,Buyer_B
PO0000924,SUP00280,DPT009,2024-04-11,37276.59,Rejected,Buyer_D
PO0000925,SUP00005,DPT003,2024-11-29,1739.81,Approved,Buyer_C
PO0000926,SUP00007,DPT008,2024-03-11,4512.64,Approved,Buyer_E
PO0000927,SUP00182,DPT001,2024-01-18,3336.36,Approved,Buyer_B
PO0000928,SUP00004,DPT002,2024-04-12,902.28,Approved,Buyer_E
PO0000929,SUP00262,DPT004,2024-06-27,19402.87,Pending,Buyer_A
PO0000930,SUP00159,DPT001,2024-01-03,4640.52,Approved,Buyer_F
PO0000931,SUP00003,DPT011,2024-02-27,20037.65,Approved,Buyer_F
PO0000932,SUP00139,DPT011,2024-09-21,11957.17,Approved,Buyer_B
PO0000933,SUP00103,DPT001,2024-07-27,14870.62,Approved,Buyer_B
PO0000934,SUP00177,DPT009,2024-07-21,5138.93,Pending,Buyer_A
PO0000935,SUP00219,DPT004,2024-11-27,3773.48,Approved,Buyer_F
PO0000936,SUP00154,DPT007,2024-03-17,8864.07,Pending,Buyer_A
PO0000937,SUP00076,DPT010,2024-10-27,20316.08,Approved,Buyer_A
PO0000938,SUP00012,DPT005,2024-04-28,7704.95,Rejected,Buyer_A
PO0000939,SUP00142,DPT001,2024-11-05,4016.09,Approved,Buyer_B
PO0000940,SUP00295,DPT001,2024-09-19,2443.0,Approved,Buyer_F
PO0000941,SUP00077,DPT004,2024-03-12,9938.42,Approved,Buyer_A
PO0000942,SUP00122,DPT011,2024-03-11,4656.1,Approved,Buyer_D
PO0000943,SUP00023,DPT005,2024-06-30,7542.13,Approved,Buyer_D
PO0000944,SUP00177,DPT003,2024-06-17,6381.9,Approved,Buyer_E
PO0000945,SUP00319,DPT001,2024-03-19,5195.61,Approved,Buyer_E
PO0000946,SUP00006,DPT011,2024-03-28,10870.45,Pending,Buyer_F
PO0000947,SUP00007,DPT003,2024-10-28,14108.1,Approved,Buyer_D
PO0000948,SUP00049,DPT007,2024-09-09,57830.92,Pending,Buyer_F
PO0000949,SUP00028,DPT007,2024-03-05,17291.45,Approved,Buyer_B
PO0000950,SUP00068,DPT002,2024-08-30,39882.08,Approved,Buyer_C
PO0000951,SUP00002,DPT001,2024-02-21,3573.85,Approved,Buyer_E
PO0000952,SUP00020,DPT003,2024-05-29,1634.44,Approved,Buyer_F
PO0000953,SUP00074,DPT003,2024-01-05,7986.99,Approved,Buyer_A
PO0000954,SUP00076,DPT007,2024-08-05,19111.15,Approved,Buyer_C
PO0000955,SUP00118,DPT009,2024-03-01,16336.57,Rejected,Buyer_E
PO0000956,SUP00155,DPT002,2024-03-20,27211.14,Approved,Buyer_A
PO0000957,SUP00109,DPT005,2024-03-04,641.27,Approved,Buyer_C
PO0000958,SUP00197,DPT001,2024-03-02,28366.86,Approved,Buyer_D
PO0000959,SUP00099,DPT002,2024-01-26,11332.87,Approved,Buyer_A
PO0000960,SUP00048,DPT008,2024-07-04,1730.19,Approved,Buyer_F
PO0000961,SUP00088,DPT009,2024-10-17,16706.09,Rejected,Buyer_C
PO0000962,SUP00004,DPT009,2024-04-11,9599.66,Approved,Buyer_E
PO0000963,SUP00009,DPT002,2024-09-18,11863.59,Approved,Buyer_C
PO0000964,SUP00042,DPT005,2024-07-01,22006.85,Approved,Buyer_C
PO0000965,SUP00246,DPT004,2024-03-26,12459.96,Pending,Buyer_F
PO0000966,SUP00131,DPT012,2024-01-21,1857.85,Approved,Buyer_F
PO0000967,SUP00003,DPT006,2024-09-19,7023.2,Approved,Buyer_D
PO0000968,SUP00080,DPT011,2024-01-08,1607.37,Approved,Buyer_C
PO0000969,SUP00008,DPT002,2024-05-21,15507.23,Approved,Buyer_E
PO0000970,SUP00164,DPT004,2024-01-12,32793.0,Approved,Buyer_E
PO0000971,SUP00219,DPT009,2024-09-16,2341.5,Approved,Buyer_F
PO0000972,SUP00081,DPT003,2024-11-27,4140.35,Approved,Buyer_B
PO0000973,SUP00079,DPT006,2024-04-18,3353.07,Approved,Buyer_A
PO0000974,SUP00014,DPT005,2024-04-15,5146.62,Rejected,Buyer_B
PO0000975,SUP00024,DPT012,2024-07-08,12239.49,Pending,Buyer_D
PO0000976,SUP00240,DPT002,2024-06-17,5202.69,Approved,Buyer_B
PO0000977,SUP00157,DPT011,2024-05-07,15561.11,Approved,Buyer_E
PO0000978,SUP00037,DPT004,2024-05-02,23514.67,Rejected,Buyer_F
PO0000979,SUP00017,DPT004,2024-03-03,24385.87,Approved,Buyer_B
PO0000980,SUP00002,DPT005,2024-03-25,2648.69,Rejected,Buyer_F
PO0000981,SUP00005,DPT002,2024-07-15,32400.49,Approved,Buyer_D
PO0000982,SUP00007,DPT012,2024-09-03,35104.07,Approved,Buyer_B
PO0000983,SUP00017,DPT011,2024-09-08,38279.89,Approved,Buyer_B
PO0000984,SUP00288,DPT012,2024-06-22,6920.1,Pending,Buyer_A
PO0000985,SUP00030,DPT012,2024-09-09,3820.58,Approved,Buyer_C
PO0000986,SUP00008,DPT007,2024-07-17,3028.31,Approved,Buyer_A
PO0000987,SUP00004,DPT004,2024-04-29,2692.49,Approved,Buyer_A
PO0000988,SUP00014,DPT010,2024-04-28,8198.37,Rejected,Buyer_E
PO0000989,SUP00212,DPT001,2024-06-22,18917.67,Approved,Buyer_C
PO0000990,SUP00018,DPT009,2024-04-13,29928.26,Pending,Buyer_D
PO0000991,SUP00186,DPT004,2024-09-12,4986.27,Approved,Buyer_B
PO0000992,SUP00204,DPT007,2024-03-03,7795.58,Approved,Buyer_D
PO0000993,SUP00004,DPT003,2024-01-19,7301.33,Approved,Buyer_C
PO0000994,SUP00090,DPT003,2024-06-13,4292.91,Approved,Buyer_A
PO0000995,SUP00296,DPT001,2024-01-25,16911.51,Approved,Buyer_D
PO0000996,SUP00020,DPT004,2024-03-05,11647.52,Approved,Buyer_A
PO0000997,SUP00002,DPT004,2024-05-06,9337.77,Approved,Buyer_E
PO0000998,SUP00275,DPT002,2024-01-02,11594.72,Approved,Buyer_F
PO0000999,SUP00252,DPT002,2024-03-15,14994.69,Approved,Buyer_E
PO0001000,SUP00039,DPT005,2024-07-01,14845.28,Approved,Buyer_D
PO0001001,SUP00056,DPT003,2024-05-05,3503.47,Approved,Buyer_F
PO0001002,SUP00007,DPT009,2024-10-27,19857.33,Pending,Buyer_B
PO0001003,SUP00214,DPT001,2024-02-01,10460.55,Approved,Buyer_E
PO0001004,SUP00030,DPT005,2024-08-29,5246.85,Approved,Buyer_B
PO0001005,SUP00002,DPT002,2024-07-17,10241.77,Approved,Buyer_A
PO0001006,SUP00133,DPT005,2024-08-03,11435.5,Approved,Buyer_B
PO0001007,SUP00291,DPT005,2024-08-13,23903.58,Approved,Buyer_D
PO0001008,SUP00220,DPT006,2024-01-18,2846.5,Approved,Buyer_A
PO0001009,SUP00010,DPT004,2024-09-22,30484.83,Approved,Buyer_B
PO0001010,SUP00002,DPT004,2024-04-21,8292.99,Approved,Buyer_A
PO0001011,SUP00285,DPT002,2024-08-05,4884.62,Pending,Buyer_B
PO0001012,SUP00283,DPT004,2024-04-08,4737.39,Pending,Buyer_E
PO0001013,SUP00045,DPT003,2024-05-12,2976.88,Approved,Buyer_A
PO0001014,SUP00109,DPT007,2024-08-22,1420.96,Approved,Buyer_B
PO0001015,SUP00026,DPT004,2024-11-09,15952.96,Approved,Buyer_A
PO0001016,SUP00022,DPT009,2024-10-21,58740.6,Approved,Buyer_C
PO0001017,SUP00004,DPT004,2024-08-31,1607.42,Approved,Buyer_E
PO0001018,SUP00004,DPT002,2024-06-29,3132.45,Approved,Buyer_D
PO0001019,SUP00008,DPT003,2024-06-25,17181.41,Approved,Buyer_B
PO0001020,SUP00224,DPT001,2024-11-19,7741.6,Approved,Buyer_B
PO0001021,SUP00005,DPT005,2024-03-10,18665.26,Approved,Buyer_E
PO0001022,SUP00008,DPT009,2024-11-15,7319.37,Approved,Buyer_C
PO0001023,SUP00054,DPT008,2024-08-05,4534.06,Approved,Buyer_C
PO0001024,SUP00008,DPT004,2024-07-25,6465.0,Approved,Buyer_F
PO0001025,SUP00006,DPT002,2024-07-17,748.38,Approved,Buyer_E
PO0001026,SUP00063,DPT010,2024-09-29,2582.51,Approved,Buyer_B
PO0001027,SUP00017,DPT001,2024-08-16,20916.2,Approved,Buyer_E
PO0001028,SUP00100,DPT004,2024-02-01,26686.15,Approved,Buyer_E
PO0001029,SUP00269,DPT010,2024-09-18,33062.87,Approved,Buyer_F
PO0001030,SUP00005,DPT004,2024-09-01,12592.66,Approved,Buyer_B
PO0001031,SUP00269,DPT001,2024-11-02,848.89,Approved,Buyer_E
PO0001032,SUP00263,DPT002,2024-11-09,4294.08,Approved,Buyer_B
PO0001033,SUP00220,DPT006,2024-11-13,30474.81,Approved,Buyer_C
PO0001034,SUP00103,DPT002,2024-01-15,41070.86,Approved,Buyer_A
PO0001035,SUP00096,DPT006,2024-07-30,31654.88,Approved,Buyer_D
PO0001036,SUP00108,DPT004,2024-11-09,6398.04,Approved,Buyer_E
PO0001037,SUP00138,DPT003,2024-11-19,2193.87,Approved,Buyer_C
PO0001038,SUP00001,DPT002,2024-07-03,7780.44,Approved,Buyer_C
PO0001039,SUP00296,DPT009,2024-11-01,8223.96,Approved,Buyer_B
PO0001040,SUP00076,DPT004,2024-10-21,38776.31,Approved,Buyer_E
PO0001041,SUP00192,DPT008,2024-01-01,10176.04,Approved,Buyer_F
PO0001042,SUP00018,DPT004,2024-10-23,8239.39,Rejected,Buyer_A
PO0001043,SUP00001,DPT001,2024-08-01,8721.05,Approved,Buyer_B
PO0001044,SUP00031,DPT004,2024-07-11,12086.67,Approved,Buyer_D
PO0001045,SUP00030,DPT004,2024-02-29,15160.37,Approved,Buyer_C
PO0001046,SUP00023,DPT004,2024-11-03,3926.34,Approved,Buyer_A
PO0001047,SUP00014,DPT009,2024-04-08,2814.05,Approved,Buyer_A
PO0001048,SUP00009,DPT011,2024-05-19,31906.29,Approved,Buyer_B
PO0001049,SUP00042,DPT009,2024-04-09,1570.2,Pending,Buyer_F
PO0001050,SUP00017,DPT005,2024-11-20,41678.78,Pending,Buyer_D
PO0001051,SUP00303,DPT005,2024-06-10,1199.09,Approved,Buyer_B
PO0001052,SUP00006,DPT006,2024-02-08,4516.35,Approved,Buyer_A
PO0001053,SUP00012,DPT003,2024-01-04,21415.15,Approved,Buyer_E
PO0001054,SUP00010,DPT009,2024-11-24,8105.85,Approved,Buyer_C
PO0001055,SUP00051,DPT010,2024-03-19,2172.26,Approved,Buyer_C
PO0001056,SUP00030,DPT002,2024-09-15,12412.11,Approved,Buyer_D
PO0001057,SUP00110,DPT011,2024-01-10,8664.63,Approved,Buyer_B
PO0001058,SUP00291,DPT009,2024-10-27,6528.63,Approved,Buyer_E
PO0001059,SUP00010,DPT004,2024-08-05,4341.95,Approved,Buyer_B
PO0001060,SUP00139,DPT011,2024-03-16,7827.47,Approved,Buyer_E
PO0001061,SUP00001,DPT001,2024-10-24,4528.19,Approved,Buyer_D
PO0001062,SUP00009,DPT001,2024-04-09,92460.12,Approved,Buyer_A
PO0001063,SUP00026,DPT003,2024-11-30,6374.0,Approved,Buyer_D
PO0001064,SUP00002,DPT005,2024-07-19,5576.09,Approved,Buyer_A
PO0001065,SUP00095,DPT003,2024-05-30,4714.34,Approved,Buyer_E
PO0001066,SUP00131,DPT011,2024-01-20,47903.84,Approved,Buyer_C
PO0001067,SUP00171,DPT002,2024-03-28,1573.3,Approved,Buyer_E
PO0001068,SUP00035,DPT003,2024-01-20,11607.8,Approved,Buyer_B
PO0001069,SUP00087,DPT006,2024-10-12,6378.64,Approved,Buyer_C
PO0001070,SUP00019,DPT001,2024-02-03,1951.98,Approved,Buyer_B
PO0001071,SUP00002,DPT008,2024-02-07,3572.15,Approved,Buyer_B
PO0001072,SUP00004,DPT003,2024-02-11,11125.04,Approved,Buyer_C
PO0001073,SUP00117,DPT012,2024-11-22,3413.89,Approved,Buyer_A
PO0001074,SUP00318,DPT007,2024-11-21,10504.55,Approved,Buyer_C
PO0001075,SUP00001,DPT001,2024-08-27,45668.01,Approved,Buyer_A
PO0001076,SUP00059,DPT001,2024-01-25,9610.4,Approved,Buyer_D
PO0001077,SUP00174,DPT001,2024-06-17,1894.08,Approved,Buyer_A
PO0001078,SUP00218,DPT011,2024-11-13,3474.49,Approved,Buyer_A
PO0001079,SUP00052,DPT007,2024-02-02,6091.16,Approved,Buyer_C
PO0001080,SUP00096,DPT004,2024-09-22,5697.4,Approved,Buyer_B
PO0001081,SUP00142,DPT002,2024-01-07,9433.42,Approved,Buyer_F
PO0001082,SUP00237,DPT010,2024-09-26,11074.97,Approved,Buyer_B
PO0001083,SUP00005,DPT002,2024-07-01,45730.83,Approved,Buyer_C
PO0001084,SUP00277,DPT007,2024-10-24,8073.0,Approved,Buyer_B
PO0001085,SUP00001,DPT008,2024-05-18,2560.11,Approved,Buyer_F
PO0001086,SUP00224,DPT003,2024-09-20,25688.69,Approved,Buyer_E
PO0001087,SUP00003,DPT004,2024-10-09,28653.32,Approved,Buyer_B
PO0001088,SUP00007,DPT002,2024-04-18,10223.49,Approved,Buyer_B
PO0001089,SUP00001,DPT003,2024-08-03,6333.48,Approved,Buyer_B
PO0001090,SUP00024,DPT012,2024-06-03,15101.46,Approved,Buyer_A
PO0001091,SUP00013,DPT007,2024-05-24,6561.14,Approved,Buyer_B
PO0001092,SUP00006,DPT009,2024-09-24,1037.21,Approved,Buyer_F
PO0001093,SUP00025,DPT005,2024-03-16,14235.22,Approved,Buyer_C
PO0001094,SUP00020,DPT002,2024-02-10,19776.54,Approved,Buyer_C
PO0001095,SUP00183,DPT007,2024-06-09,34237.86,Approved,Buyer_B
PO0001096,SUP00257,DPT004,2024-10-02,3901.99,Approved,Buyer_B
PO0001097,SUP00116,DPT002,2024-02-24,10159.51,Approved,Buyer_D
PO0001098,SUP00005,DPT004,2024-04-23,10381.7,Pending,Buyer_E
PO0001099,SUP00010,DPT006,2024-08-11,8825.34,Approved,Buyer_D
PO0001100,SUP00269,DPT008,2024-06-08,9089.33,Approved,Buyer_D
PO0001101,SUP00003,DPT002,2024-07-21,8409.66,Approved,Buyer_B
PO0001102,SUP00021,DPT010,2024-06-25,10014.1,Approved,Buyer_F
PO0001103,SUP00287,DPT003,2024-09-28,16995.11,Approved,Buyer_E
PO0001104,SUP00291,DPT003,2024-10-20,27454.56,Pending,Buyer_F
PO0001105,SUP00021,DPT002,2024-05-30,3803.46,Approved,Buyer_E
PO0001106,SUP00124,DPT009,2024-05-24,6820.57,Pending,Buyer_E
PO0001107,SUP00025,DPT003,2024-04-03,5310.24,Approved,Buyer_A
PO0001108,SUP00175,DPT004,2024-05-28,4602.37,Approved,Buyer_A
PO0001109,SUP00002,DPT002,2024-10-07,1609.97,Approved,Buyer_A
PO0001110,SUP00005,DPT007,2024-06-17,8301.76,Rejected,Buyer_C
PO0001111,SUP00093,DPT009,2024-08-19,13086.29,Approved,Buyer_D
PO0001112,SUP00008,DPT003,2024-05-20,6938.91,Approved,Buyer_A
PO0001113,SUP00123,DPT011,2024-08-24,8030.82,Approved,Buyer_E
PO0001114,SUP00015,DPT001,2024-08-26,12313.32,Approved,Buyer_D
PO0001115,SUP00254,DPT002,2024-06-25,33227.05,Pending,Buyer_D
PO0001116,SUP00214,DPT005,2024-11-09,5325.36,Approved,Buyer_F
PO0001117,SUP00029,DPT007,2024-10-20,2510.88,Approved,Buyer_D
PO0001118,SUP00187,DPT002,2024-02-23,7402.4,Approved,Buyer_A
PO0001119,SUP00009,DPT005,2024-03-17,53293.05,Approved,Buyer_E
PO0001120,SUP00029,DPT003,2024-11-15,2537.92,Approved,Buyer_F
PO0001121,SUP00007,DPT005,2024-05-14,15523.89,Approved,Buyer_A
PO0001122,SUP00238,DPT006,2024-04-13,25794.41,Approved,Buyer_D
PO0001123,SUP00216,DPT012,2024-09-23,760.87,Rejected,Buyer_C
PO0001124,SUP00263,DPT004,2024-07-20,12212.59,Pending,Buyer_A
PO0001125,SUP00248,DPT006,2024-02-14,14815.22,Pending,Buyer_B
PO0001126,SUP00297,DPT005,2024-01-31,6202.23,Approved,Buyer_F
PO0001127,SUP00008,DPT003,2024-09-27,4245.27,Approved,Buyer_C
PO0001128,SUP00280,DPT002,2024-09-13,4488.79,Pending,Buyer_D
PO0001129,SUP00068,DPT012,2024-04-28,5833.84,Approved,Buyer_E
PO0001130,SUP00022,DPT002,2024-10-15,5990.34,Approved,Buyer_C
PO0001131,SUP00061,DPT009,2024-02-12,4960.31,Approved,Buyer_F
PO0001132,SUP00014,DPT002,2024-10-18,5741.78,Approved,Buyer_C
PO0001133,SUP00010,DPT009,2024-01-27,26656.59,Approved,Buyer_F
PO0001134,SUP00008,DPT002,2024-08-01,2405.64,Approved,Buyer_A
PO0001135,SUP00003,DPT012,2024-10-09,1409.43,Approved,Buyer_F
PO0001136,SUP00029,DPT007,2024-07-26,27086.35,Approved,Buyer_A
PO0001137,SUP00254,DPT001,2024-09-17,6687.41,Approved,Buyer_E
PO0001138,SUP00102,DPT007,2024-04-25,5495.96,Approved,Buyer_D
PO0001139,SUP00038,DPT006,2024-04-06,7250.19,Approved,Buyer_D
PO0001140,SUP00023,DPT003,2024-03-30,9989.37,Approved,Buyer_F
PO0001141,SUP00026,DPT002,2024-02-08,4797.97,Approved,Buyer_D
PO0001142,SUP00007,DPT007,2024-04-02,13439.2,Approved,Buyer_E
PO0001143,SUP00216,DPT008,2024-03-23,3095.6,Pending,Buyer_E
PO0001144,SUP00007,DPT003,2024-09-10,5991.96,Approved,Buyer_F
PO0001145,SUP00153,DPT010,2024-03-12,884.75,Approved,Buyer_B
PO0001146,SUP00179,DPT002,2024-02-25,26166.55,Approved,Buyer_F
PO0001147,SUP00070,DPT001,2024-09-02,6794.8,Rejected,Buyer_D
PO0001148,SUP00240,DPT006,2024-06-29,15837.0,Approved,Buyer_A
PO0001149,SUP00010,DPT001,2024-03-13,13050.41,Approved,Buyer_F
PO0001150,SUP00251,DPT003,2024-08-24,14042.08,Approved,Buyer_E
PO0001151,SUP00161,DPT004,2024-03-13,8040.32,Approved,Buyer_F
PO0001152,SUP00202,DPT003,2024-09-20,11946.9,Approved,Buyer_E
PO0001153,SUP00123,DPT002,2024-01-11,3098.63,Rejected,Buyer_C
PO0001154,SUP00230,DPT007,2024-07-16,2511.97,Approved,Buyer_C
PO0001155,SUP00316,DPT005,2024-07-18,7323.87,Approved,Buyer_B
PO0001156,SUP00022,DPT009,2024-05-04,4106.08,Approved,Buyer_C
PO0001157,SUP00211,DPT005,2024-08-18,33707.11,Approved,Buyer_A
PO0001158,SUP00170,DPT004,2024-05-07,11791.62,Approved,Buyer_E
PO0001159,SUP00025,DPT002,2024-08-06,3958.1,Approved,Buyer_E
PO0001160,SUP00277,DPT009,2024-03-15,6176.21,Approved,Buyer_F
PO0001161,SUP00019,DPT002,2024-07-09,9255.81,Approved,Buyer_D
PO0001162,SUP00064,DPT002,2024-09-10,7570.37,Approved,Buyer_F
PO0001163,SUP00004,DPT009,2024-11-19,10633.3,Approved,Buyer_B
PO0001164,SUP00008,DPT008,2024-04-30,8678.94,Pending,Buyer_C
PO0001165,SUP00227,DPT006,2024-06-07,2016.95,Approved,Buyer_E
PO0001166,SUP00019,DPT001,2024-06-08,943.03,Approved,Buyer_E
PO0001167,SUP00019,DPT001,2024-10-15,5576.91,Approved,Buyer_E
PO0001168,SUP00009,DPT004,2024-11-18,14192.84,Approved,Buyer_C
PO0001169,SUP00029,DPT008,2024-08-04,5639.95,Pending,Buyer_A
PO0001170,SUP00206,DPT004,2024-10-02,27905.08,Approved,Buyer_F
PO0001171,SUP00259,DPT001,2024-01-29,7731.93,Approved,Buyer_C
PO0001172,SUP00003,DPT002,2024-09-11,31482.78,Approved,Buyer_D
PO0001173,SUP00070,DPT005,2024-09-28,25639.86,Approved,Buyer_A
PO0001174,SUP00026,DPT007,2024-08-27,23185.6,Approved,Buyer_F
PO0001175,SUP00093,DPT001,2024-07-14,2432.05,Approved,Buyer_B
PO0001176,SUP00024,DPT001,2024-10-28,8243.17,Approved,Buyer_F
PO0001177,SUP00020,DPT002,2024-08-06,27522.9,Approved,Buyer_E
PO0001178,SUP00027,DPT001,2024-10-10,10639.67,Approved,Buyer_B
PO0001179,SUP00074,DPT005,2024-03-01,14106.06,Approved,Buyer_C
PO0001180,SUP00030,DPT001,2024-08-10,2022.55,Pending,Buyer_F
PO0001181,SUP00027,DPT006,2024-05-26,55203.96,Approved,Buyer_D
PO0001182,SUP00213,DPT009,2024-10-17,3672.49,Approved,Buyer_E
PO0001183,SUP00170,DPT012,2024-10-21,1102.76,Approved,Buyer_D
PO0001184,SUP00014,DPT011,2024-10-09,5703.72,Pending,Buyer_B
PO0001185,SUP00203,DPT003,2024-03-13,701.01,Approved,Buyer_A
PO0001186,SUP00234,DPT001,2024-06-13,2737.7,Approved,Buyer_A
PO0001187,SUP00006,DPT003,2024-01-01,104664.14,Pending,Buyer_C
PO0001188,SUP00074,DPT007,2024-11-24,5541.16,Approved,Buyer_E
PO0001189,SUP00010,DPT001,2024-03-27,1943.44,Approved,Buyer_B
PO0001190,SUP00167,DPT003,2024-07-28,8310.69,Approved,Buyer_B
PO0001191,SUP00008,DPT003,2024-06-12,3301.71,Approved,Buyer_C
PO0001192,SUP00127,DPT002,2024-10-30,19235.62,Approved,Buyer_B
PO0001193,SUP00009,DPT007,2024-10-02,3329.09,Approved,Buyer_C
PO0001194,SUP00032,DPT006,2024-09-17,10622.54,Rejected,Buyer_D
PO0001195,SUP00290,DPT005,2024-08-03,2573.29,Approved,Buyer_B
PO0001196,SUP00018,DPT011,2024-02-09,108991.82,Approved,Buyer_A
PO0001197,SUP00247,DPT001,2024-11-03,13408.23,Approved,Buyer_A
PO0001198,SUP00313,DPT002,2024-01-21,7005.8,Approved,Buyer_C
PO0001199,SUP00247,DPT003,2024-06-01,6045.33,Approved,Buyer_B
PO0001200,SUP00006,DPT006,2024-05-07,4658.27,Approved,Buyer_E
PO0001201,SUP00214,DPT005,2024-05-10,3786.08,Approved,Buyer_A
PO0001202,SUP00002,DPT001,2024-11-23,3683.44,Approved,Buyer_A
PO0001203,SUP00019,DPT011,2024-03-18,43404.95,Rejected,Buyer_D
PO0001204,SUP00244,DPT003,2024-07-13,4662.87,Approved,Buyer_D
PO0001205,SUP00137,DPT003,2024-03-14,963.51,Approved,Buyer_E
PO0001206,SUP00045,DPT006,2024-11-01,2525.09,Approved,Buyer_A
PO0001207,SUP00019,DPT011,2024-09-03,20490.66,Approved,Buyer_E
PO0001208,SUP00210,DPT007,2024-05-18,6296.04,Approved,Buyer_F
PO0001209,SUP00149,DPT011,2024-01-27,7086.3,Approved,Buyer_D
PO0001210,SUP00027,DPT002,2024-02-21,26103.23,Approved,Buyer_C
PO0001211,SUP00257,DPT006,2024-03-22,3725.04,Approved,Buyer_C
PO0001212,SUP00008,DPT009,2024-05-16,15251.26,Approved,Buyer_E
PO0001213,SUP00006,DPT004,2024-10-23,4155.2,Approved,Buyer_A
PO0001214,SUP00110,DPT003,2024-02-10,14412.87,Approved,Buyer_E
PO0001215,SUP00304,DPT012,2024-07-12,5480.02,Approved,Buyer_B
PO0001216,SUP00009,DPT002,2024-04-26,6364.24,Approved,Buyer_F
PO0001217,SUP00009,DPT004,2024-01-16,18400.51,Approved,Buyer_A
PO0001218,SUP00005,DPT010,2024-07-26,17120.38,Approved,Buyer_D
PO0001219,SUP00238,DPT011,2024-08-23,6867.61,Approved,Buyer_C
PO0001220,SUP00008,DPT012,2024-11-17,5056.23,Approved,Buyer_C
PO0001221,SUP00030,DPT010,2024-06-18,40100.64,Approved,Buyer_C
PO0001222,SUP00315,DPT001,2024-04-19,14608.09,Approved,Buyer_A
PO0001223,SUP00001,DPT011,2024-10-13,5479.99,Approved,Buyer_F
PO0001224,SUP00059,DPT004,2024-03-23,4217.15,Approved,Buyer_D
PO0001225,SUP00033,DPT006,2024-08-16,22581.75,Approved,Buyer_D
PO0001226,SUP00207,DPT004,2024-11-12,9094.27,Approved,Buyer_D
PO0001227,SUP00015,DPT009,2024-01-02,6880.5,Approved,Buyer_D
PO0001228,SUP00021,DPT005,2024-11-05,9090.41,Approved,Buyer_D
PO0001229,SUP00006,DPT009,2024-03-09,11359.35,Approved,Buyer_C
PO0001230,SUP00168,DPT002,2024-06-10,7656.5,Approved,Buyer_A
PO0001231,SUP00193,DPT002,2024-03-27,27002.56,Approved,Buyer_A
PO0001232,SUP00005,DPT004,2024-02-18,28547.89,Approved,Buyer_D
PO0001233,SUP00019,DPT001,2024-08-23,13792.61,Pending,Buyer_B
PO0001234,SUP00257,DPT007,2024-06-10,32039.31,Approved,Buyer_C
PO0001235,SUP00001,DPT003,2024-06-19,8172.23,Approved,Buyer_D
PO0001236,SUP00010,DPT005,2024-06-11,16160.59,Approved,Buyer_D
PO0001237,SUP00058,DPT001,2024-09-07,22124.84,Approved,Buyer_B
PO0001238,SUP00013,DPT002,2024-11-19,22449.83,Approved,Buyer_D
PO0001239,SUP00009,DPT006,2024-06-20,20251.8,Approved,Buyer_F
PO0001240,SUP00026,DPT003,2024-02-22,15232.54,Approved,Buyer_C
PO0001241,SUP00006,DPT002,2024-04-19,57361.47,Approved,Buyer_A
PO0001242,SUP00043,DPT002,2024-06-15,4723.49,Approved,Buyer_D
PO0001243,SUP00147,DPT002,2024-02-04,6938.07,Pending,Buyer_D
PO0001244,SUP00070,DPT006,2024-03-17,6538.67,Approved,Buyer_C
PO0001245,SUP00004,DPT002,2024-03-08,5607.91,Approved,Buyer_D
PO0001246,SUP00229,DPT003,2024-11-21,1109.02,Approved,Buyer_E
PO0001247,SUP00006,DPT007,2024-05-14,32043.99,Approved,Buyer_D
PO0001248,SUP00182,DPT005,2024-10-21,2904.33,Approved,Buyer_E
PO0001249,SUP00016,DPT006,2024-07-03,9602.85,Approved,Buyer_A
PO0001250,SUP00192,DPT002,2024-06-18,1954.99,Approved,Buyer_B
PO0001251,SUP00007,DPT011,2024-11-10,15073.83,Approved,Buyer_D
PO0001252,SUP00007,DPT004,2024-08-19,3694.51,Approved,Buyer_B
PO0001253,SUP00029,DPT003,2024-03-21,2602.01,Approved,Buyer_F
PO0001254,SUP00002,DPT011,2024-04-04,9841.3,Approved,Buyer_E
PO0001255,SUP00008,DPT006,2024-08-11,4020.92,Approved,Buyer_C
PO0001256,SUP00158,DPT006,2024-01-01,4563.48,Approved,Buyer_E
PO0001257,SUP00225,DPT010,2024-02-21,9621.83,Approved,Buyer_F
PO0001258,SUP00003,DPT001,2024-01-25,18033.55,Approved,Buyer_A
PO0001259,SUP00251,DPT009,2024-08-27,3574.57,Approved,Buyer_D
PO0001260,SUP00201,DPT007,2024-05-27,3007.33,Approved,Buyer_C
PO0001261,SUP00244,DPT003,2024-01-04,8295.63,Rejected,Buyer_E
PO0001262,SUP00143,DPT002,2024-09-05,13894.56,Approved,Buyer_B
PO0001263,SUP00128,DPT001,2024-08-07,34987.82,Pending,Buyer_B
PO0001264,SUP00040,DPT011,2024-08-28,2775.73,Rejected,Buyer_E
PO0001265,SUP00116,DPT002,2024-02-24,5896.02,Approved,Buyer_F
PO0001266,SUP00273,DPT002,2024-10-20,26259.58,Approved,Buyer_A
PO0001267,SUP00004,DPT007,2024-03-01,58284.68,Approved,Buyer_D
PO0001268,SUP00012,DPT007,2024-07-10,3001.62,Approved,Buyer_E
PO0001269,SUP00003,DPT002,2024-07-06,3870.69,Pending,Buyer_A
PO0001270,SUP00288,DPT009,2024-03-14,11862.06,Approved,Buyer_D
PO0001271,SUP00024,DPT005,2024-05-05,4547.15,Pending,Buyer_F
PO0001272,SUP00129,DPT009,2024-01-18,3792.45,Approved,Buyer_F
PO0001273,SUP00227,DPT001,2024-06-06,10347.19,Approved,Buyer_B
PO0001274,SUP00315,DPT001,2024-08-14,38155.3,Approved,Buyer_F
PO0001275,SUP00006,DPT006,2024-04-13,2187.51,Approved,Buyer_C
PO0001276,SUP00202,DPT002,2024-06-29,36255.06,Approved,Buyer_C
PO0001277,SUP00254,DPT005,2024-11-15,4560.7,Approved,Buyer_B
PO0001278,SUP00002,DPT001,2024-03-19,11450.54,Approved,Buyer_E
PO0001279,SUP00175,DPT009,2024-04-07,39769.31,Rejected,Buyer_A
PO0001280,SUP00015,DPT010,2024-02-10,11218.55,Approved,Buyer_E
PO0001281,SUP00113,DPT009,2024-06-30,6017.99,Approved,Buyer_A
PO0001282,SUP00034,DPT011,2024-03-09,16616.9,Approved,Buyer_F
PO0001283,SUP00009,DPT011,2024-10-13,6814.68,Approved,Buyer_B
PO0001284,SUP00005,DPT004,2024-04-07,13648.04,Approved,Buyer_D
PO0001285,SUP00004,DPT004,2024-08-10,6603.26,Approved,Buyer_B
PO0001286,SUP00004,DPT010,2024-03-04,19170.98,Approved,Buyer_A
PO0001287,SUP00107,DPT011,2024-04-18,2009.76,Approved,Buyer_A
PO0001288,SUP00015,DPT012,2024-02-27,2940.92,Approved,Buyer_F
PO0001289,SUP00008,DPT008,2024-07-04,1980.43,Approved,Buyer_A
PO0001290,SUP00139,DPT002,2024-01-10,7658.49,Approved,Buyer_A
PO0001291,SUP00136,DPT011,2024-01-28,1755.42,Approved,Buyer_D
PO0001292,SUP00049,DPT011,2024-06-16,4056.88,Approved,Buyer_F
PO0001293,SUP00282,DPT007,2024-07-01,2677.11,Approved,Buyer_A
PO0001294,SUP00018,DPT010,2024-04-20,35584.88,Approved,Buyer_B
PO0001295,SUP00224,DPT005,2024-05-24,3008.87,Approved,Buyer_D
PO0001296,SUP00003,DPT011,2024-05-19,2238.26,Approved,Buyer_C
PO0001297,SUP00167,DPT001,2024-09-10,10387.29,Pending,Buyer_A
PO0001298,SUP00314,DPT010,2024-05-29,43775.13,Approved,Buyer_F
PO0001299,SUP00230,DPT001,2024-10-11,7215.11,Approved,Buyer_C
PO0001300,SUP00073,DPT003,2024-03-13,7795.33,Approved,Buyer_E
PO0001301,SUP00100,DPT002,2024-03-07,29459.08,Approved,Buyer_C
PO0001302,SUP00015,DPT004,2024-05-15,19501.16,Approved,Buyer_D
PO0001303,SUP00131,DPT002,2024-01-28,12399.54,Approved,Buyer_F
PO0001304,SUP00185,DPT011,2024-08-12,4526.3,Approved,Buyer_B
PO0001305,SUP00319,DPT005,2024-05-10,12784.11,Approved,Buyer_E
PO0001306,SUP00029,DPT010,2024-05-02,2078.11,Approved,Buyer_B
PO0001307,SUP00003,DPT003,2024-06-27,4343.02,Approved,Buyer_B
PO0001308,SUP00082,DPT001,2024-01-28,33909.91,Approved,Buyer_A
PO0001309,SUP00004,DPT009,2024-05-06,29791.93,Approved,Buyer_C
PO0001310,SUP00009,DPT007,2024-11-21,12550.11,Pending,Buyer_D
PO0001311,SUP00013,DPT005,2024-07-29,1176.91,Approved,Buyer_D
PO0001312,SUP00162,DPT009,2024-07-11,2420.62,Rejected,Buyer_C
PO0001313,SUP00007,DPT009,2024-06-18,4107.33,Approved,Buyer_C
PO0001314,SUP00006,DPT005,2024-06-06,6824.68,Pending,Buyer_B
PO0001315,SUP00002,DPT012,2024-11-09,2320.62,Pending,Buyer_F
PO0001316,SUP00246,DPT007,2024-11-07,6333.99,Approved,Buyer_C
PO0001317,SUP00140,DPT007,2024-05-17,47443.52,Approved,Buyer_B
PO0001318,SUP00002,DPT003,2024-11-05,12098.49,Approved,Buyer_F
PO0001319,SUP00001,DPT001,2024-01-28,10085.22,Approved,Buyer_D
PO0001320,SUP00060,DPT002,2024-04-17,2929.08,Approved,Buyer_F
PO0001321,SUP00010,DPT008,2024-04-11,1573.43,Approved,Buyer_C
PO0001322,SUP00083,DPT007,2024-08-21,2372.75,Approved,Buyer_C
PO0001323,SUP00023,DPT003,2024-07-21,1511.13,Approved,Buyer_E
PO0001324,SUP00275,DPT006,2024-06-07,8734.49,Rejected,Buyer_F
PO0001325,SUP00010,DPT002,2024-03-26,11895.15,Approved,Buyer_E
PO0001326,SUP00131,DPT002,2024-06-18,3086.24,Approved,Buyer_C
PO0001327,SUP00002,DPT011,2024-03-31,9394.87,Approved,Buyer_D
PO0001328,SUP00294,DPT004,2024-06-15,35206.78,Approved,Buyer_C
PO0001329,SUP00309,DPT002,2024-04-23,57394.13,Approved,Buyer_C
PO0001330,SUP00167,DPT004,2024-10-24,17507.95,Pending,Buyer_C
PO0001331,SUP00026,DPT003,2024-09-06,6803.28,Rejected,Buyer_A
PO0001332,SUP00008,DPT008,2024-02-28,16951.38,Approved,Buyer_F
PO0001333,SUP00210,DPT012,2024-11-10,31313.67,Approved,Buyer_A
PO0001334,SUP00165,DPT006,2024-08-08,1088.74,Approved,Buyer_B
PO0001335,SUP00008,DPT006,2024-04-27,35670.13,Approved,Buyer_B
PO0001336,SUP00025,DPT003,2024-06-26,4700.45,Approved,Buyer_B
PO0001337,SUP00026,DPT005,2024-03-06,4745.9,Approved,Buyer_C
PO0001338,SUP00218,DPT003,2024-01-16,5682.08,Approved,Buyer_F
PO0001339,SUP00134,DPT001,2024-05-20,11159.92,Approved,Buyer_B
PO0001340,SUP00110,DPT010,2024-09-19,2667.1,Approved,Buyer_E
PO0001341,SUP00114,DPT004,2024-04-27,6094.77,Approved,Buyer_E
PO0001342,SUP00009,DPT004,2024-05-08,13701.73,Approved,Buyer_E
PO0001343,SUP00017,DPT001,2024-11-27,10082.65,Approved,Buyer_D
PO0001344,SUP00002,DPT009,2024-11-26,11858.67,Approved,Buyer_E
PO0001345,SUP00195,DPT002,2024-06-04,5860.74,Approved,Buyer_E
PO0001346,SUP00023,DPT004,2024-01-15,16215.29,Pending,Buyer_E
PO0001347,SUP00024,DPT009,2024-08-15,23304.83,Approved,Buyer_D
PO0001348,SUP00009,DPT004,2024-08-27,21948.18,Pending,Buyer_A
PO0001349,SUP00007,DPT011,2024-11-02,12426.79,Approved,Buyer_D
PO0001350,SUP00077,DPT002,2024-11-13,20720.79,Approved,Buyer_E
PO0001351,SUP00008,DPT007,2024-07-29,19361.86,Approved,Buyer_C
PO0001352,SUP00003,DPT012,2024-02-05,117772.24,Approved,Buyer_B
PO0001353,SUP00183,DPT005,2024-03-24,27393.67,Approved,Buyer_D
PO0001354,SUP00018,DPT007,2024-08-28,7414.97,Approved,Buyer_A
PO0001355,SUP00018,DPT004,2024-07-22,3256.21,Approved,Buyer_E
PO0001356,SUP00023,DPT008,2024-05-26,6240.78,Approved,Buyer_F
PO0001357,SUP00211,DPT011,2024-05-14,5815.11,Approved,Buyer_C
PO0001358,SUP00012,DPT007,2024-08-25,13513.2,Approved,Buyer_A
PO0001359,SUP00178,DPT011,2024-05-21,4022.84,Approved,Buyer_B
PO0001360,SUP00285,DPT005,2024-02-21,26693.55,Approved,Buyer_A
PO0001361,SUP00120,DPT005,2024-11-24,2019.16,Approved,Buyer_C
PO0001362,SUP00023,DPT003,2024-04-27,1583.63,Approved,Buyer_B
PO0001363,SUP00172,DPT007,2024-04-03,7078.97,Pending,Buyer_E
PO0001364,SUP00026,DPT010,2024-01-24,3489.25,Approved,Buyer_F
PO0001365,SUP00021,DPT006,2024-06-06,2302.54,Approved,Buyer_C
PO0001366,SUP00040,DPT002,2024-11-26,4285.23,Approved,Buyer_F
PO0001367,SUP00012,DPT005,2024-02-23,3783.91,Approved,Buyer_C
PO0001368,SUP00004,DPT008,2024-03-22,8185.62,Approved,Buyer_A
PO0001369,SUP00021,DPT011,2024-02-29,4356.96,Approved,Buyer_F
PO0001370,SUP00005,DPT002,2024-02-01,4726.15,Approved,Buyer_C
PO0001371,SUP00021,DPT001,2024-07-21,8063.75,Approved,Buyer_F
PO0001372,SUP00059,DPT004,2024-04-09,22342.4,Approved,Buyer_E
PO0001373,SUP00280,DPT001,2024-09-08,35268.5,Approved,Buyer_F
PO0001374,SUP00002,DPT012,2024-05-14,9393.45,Approved,Buyer_D
PO0001375,SUP00097,DPT004,2024-08-01,10153.19,Approved,Buyer_D
PO0001376,SUP00026,DPT005,2024-01-30,6746.73,Approved,Buyer_B
PO0001377,SUP00001,DPT002,2024-04-20,13111.55,Pending,Buyer_B
PO0001378,SUP00009,DPT004,2024-05-18,11970.72,Approved,Buyer_B
PO0001379,SUP00004,DPT012,2024-01-20,30511.16,Approved,Buyer_B
PO0001380,SUP00008,DPT004,2024-05-20,1225.73,Approved,Buyer_D
PO0001381,SUP00009,DPT001,2024-06-06,6409.28,Approved,Buyer_F
PO0001382,SUP00020,DPT002,2024-05-15,11375.19,Approved,Buyer_A
PO0001383,SUP00043,DPT012,2024-06-17,7892.88,Approved,Buyer_D
PO0001384,SUP00001,DPT012,2024-09-24,3167.91,Approved,Buyer_E
PO0001385,SUP00006,DPT002,2024-09-15,2209.75,Approved,Buyer_C
PO0001386,SUP00004,DPT006,2024-01-05,18148.12,Approved,Buyer_B
PO0001387,SUP00055,DPT001,2024-08-02,3801.21,Approved,Buyer_C
PO0001388,SUP00013,DPT005,2024-10-29,1401.22,Approved,Buyer_E
PO0001389,SUP00054,DPT001,2024-10-18,19083.38,Approved,Buyer_F
PO0001390,SUP00008,DPT009,2024-04-18,12822.84,Approved,Buyer_E
PO0001391,SUP00001,DPT011,2024-09-19,7216.5,Approved,Buyer_C
PO0001392,SUP00286,DPT002,2024-09-25,3246.88,Approved,Buyer_D
PO0001393,SUP00004,DPT004,2024-05-02,7234.08,Approved,Buyer_E
PO0001394,SUP00005,DPT001,2024-10-18,27325.83,Approved,Buyer_E
PO0001395,SUP00005,DPT003,2024-07-30,1612.11,Approved,Buyer_A
PO0001396,SUP00309,DPT001,2024-09-08,1695.99,Pending,Buyer_A
PO0001397,SUP00095,DPT002,2024-09-07,4325.29,Approved,Buyer_C
PO0001398,SUP00091,DPT012,2024-09-18,7890.04,Approved,Buyer_B
PO0001399,SUP00313,DPT001,2024-11-16,4933.03,Approved,Buyer_D
PO0001400,SUP00003,DPT010,2024-10-14,15410.69,Approved,Buyer_D
PO0001401,SUP00305,DPT001,2024-05-21,24072.71,Approved,Buyer_F
PO0001402,SUP00007,DPT005,2024-07-07,10708.24,Approved,Buyer_E
PO0001403,SUP00098,DPT004,2024-08-05,14191.98,Approved,Buyer_A
PO0001404,SUP00022,DPT011,2024-10-13,10637.06,Approved,Buyer_F
PO0001405,SUP00018,DPT002,2024-05-11,8180.5,Approved,Buyer_E
PO0001406,SUP00280,DPT002,2024-04-14,2222.62,Approved,Buyer_C
PO0001407,SUP00005,DPT008,2024-09-04,2898.67,Approved,Buyer_A
PO0001408,SUP00319,DPT008,2024-11-15,2098.72,Approved,Buyer_E
PO0001409,SUP00018,DPT007,2024-11-01,6984.82,Approved,Buyer_B
PO0001410,SUP00113,DPT001,2024-02-19,10221.8,Approved,Buyer_B
PO0001411,SUP00302,DPT002,2024-11-03,1902.15,Approved,Buyer_C
PO0001412,SUP00002,DPT009,2024-09-21,8713.21,Rejected,Buyer_A
PO0001413,SUP00275,DPT006,2024-02-22,3377.14,Approved,Buyer_C
PO0001414,SUP00066,DPT006,2024-01-03,2781.65,Approved,Buyer_B
PO0001415,SUP00146,DPT003,2024-03-09,4335.75,Approved,Buyer_A
PO0001416,SUP00005,DPT002,2024-11-07,2642.61,Approved,Buyer_F
PO0001417,SUP00045,DPT011,2024-09-09,14863.43,Approved,Buyer_B
PO0001418,SUP00128,DPT008,2024-07-11,6849.94,Approved,Buyer_D
PO0001419,SUP00025,DPT001,2024-07-30,18310.21,Rejected,Buyer_E
PO0001420,SUP00006,DPT011,2024-05-18,5200.47,Approved,Buyer_C
PO0001421,SUP00009,DPT005,2024-10-30,5400.86,Approved,Buyer_B
PO0001422,SUP00235,DPT003,2024-02-22,52753.35,Approved,Buyer_E
PO0001423,SUP00002,DPT004,2024-04-15,1598.69,Approved,Buyer_E
PO0001424,SUP00149,DPT008,2024-03-08,29274.77,Approved,Buyer_A
PO0001425,SUP00320,DPT003,2024-10-11,42383.91,Approved,Buyer_E
PO0001426,SUP00001,DPT005,2024-06-29,17427.72,Approved,Buyer_A
PO0001427,SUP00006,DPT007,2024-08-17,5822.76,Approved,Buyer_E
PO0001428,SUP00128,DPT002,2024-11-04,33755.62,Approved,Buyer_A
PO0001429,SUP00002,DPT011,2024-03-06,5873.69,Approved,Buyer_A
PO0001430,SUP00078,DPT003,2024-11-19,4000.66,Rejected,Buyer_A
PO0001431,SUP00134,DPT004,2024-02-12,5495.76,Approved,Buyer_E
PO0001432,SUP00078,DPT007,2024-09-09,4581.61,Approved,Buyer_C
PO0001433,SUP00016,DPT006,2024-08-23,3144.4,Approved,Buyer_D
PO0001434,SUP00142,DPT004,2024-10-03,24587.85,Approved,Buyer_B
PO0001435,SUP00081,DPT006,2024-02-23,3738.92,Approved,Buyer_A
PO0001436,SUP00007,DPT011,2024-11-17,7866.38,Approved,Buyer_E
PO0001437,SUP00063,DPT009,2024-09-23,1912.62,Approved,Buyer_E
PO0001438,SUP00251,DPT009,2024-02-07,8356.63,Approved,Buyer_F
PO0001439,SUP00124,DPT002,2024-07-05,2550.57,Approved,Buyer_A
PO0001440,SUP00027,DPT004,2024-09-30,2488.7,Approved,Buyer_F
PO0001441,SUP00012,DPT005,2024-06-08,7264.19,Pending,Buyer_D
PO0001442,SUP00003,DPT001,2024-05-07,23317.8,Approved,Buyer_B
PO0001443,SUP00009,DPT008,2024-04-02,12586.92,Approved,Buyer_B
PO0001444,SUP00001,DPT003,2024-06-21,13482.13,Pending,Buyer_D
PO0001445,SUP00313,DPT003,2024-11-25,7115.87,Approved,Buyer_D
PO0001446,SUP00008,DPT002,2024-07-22,5792.73,Approved,Buyer_A
PO0001447,SUP00211,DPT003,2024-08-29,17874.68,Approved,Buyer_C
PO0001448,SUP00006,DPT003,2024-09-18,4613.87,Approved,Buyer_B
PO0001449,SUP00010,DPT006,2024-09-17,18665.54,Approved,Buyer_F
PO0001450,SUP00022,DPT005,2024-05-14,27887.87,Approved,Buyer_D
PO0001451,SUP00012,DPT002,2024-09-14,3493.34,Approved,Buyer_C
PO0001452,SUP00202,DPT002,2024-04-19,4046.29,Approved,Buyer_C
PO0001453,SUP00296,DPT009,2024-07-14,4695.24,Approved,Buyer_F
PO0001454,SUP00247,DPT001,2024-04-11,1868.77,Approved,Buyer_E
PO0001455,SUP00006,DPT005,2024-11-10,5067.47,Rejected,Buyer_C
PO0001456,SUP00189,DPT005,2024-09-01,29775.75,Approved,Buyer_F
PO0001457,SUP00005,DPT005,2024-07-14,2848.15,Approved,Buyer_D
PO0001458,SUP00269,DPT010,2024-05-31,30491.28,Approved,Buyer_A
PO0001459,SUP00036,DPT006,2024-06-23,5253.0,Approved,Buyer_D
PO0001460,SUP00014,DPT012,2024-09-18,67106.46,Approved,Buyer_F
PO0001461,SUP00006,DPT010,2024-04-01,4097.72,Approved,Buyer_F
PO0001462,SUP00001,DPT002,2024-10-04,7016.49,Approved,Buyer_A
PO0001463,SUP00009,DPT002,2024-04-04,3261.09,Approved,Buyer_F
PO0001464,SUP00270,DPT003,2024-02-17,4073.67,Approved,Buyer_F
PO0001465,SUP00201,DPT004,2024-09-03,30889.73,Approved,Buyer_A
PO0001466,SUP00303,DPT005,2024-08-25,13023.84,Approved,Buyer_D
PO0001467,SUP00004,DPT002,2024-04-22,22670.45,Approved,Buyer_E
PO0001468,SUP00080,DPT002,2024-08-05,2174.19,Approved,Buyer_A
PO0001469,SUP00009,DPT003,2024-09-01,15596.92,Approved,Buyer_E
PO0001470,SUP00051,DPT007,2024-09-20,3067.31,Approved,Buyer_C
PO0001471,SUP00012,DPT007,2024-11-15,2127.45,Approved,Buyer_B
PO0001472,SUP00010,DPT012,2024-10-13,10288.34,Approved,Buyer_B
PO0001473,SUP00069,DPT002,2024-05-27,10183.65,Approved,Buyer_D
PO0001474,SUP00007,DPT004,2024-03-18,8547.09,Approved,Buyer_E
PO0001475,SUP00027,DPT012,2024-02-02,16606.65,Approved,Buyer_E
PO0001476,SUP00114,DPT007,2024-07-11,19410.44,Rejected,Buyer_B
PO0001477,SUP00005,DPT006,2024-08-11,35232.68,Approved,Buyer_E
PO0001478,SUP00280,DPT005,2024-08-19,2464.29,Approved,Buyer_E
PO0001479,SUP00030,DPT001,2024-01-04,36388.8,Approved,Buyer_A
PO0001480,SUP00214,DPT010,2024-08-22,53226.49,Approved,Buyer_B
PO0001481,SUP00116,DPT006,2024-09-20,5618.22,Pending,Buyer_A
PO0001482,SUP00149,DPT005,2024-08-29,1527.68,Approved,Buyer_F
PO0001483,SUP00153,DPT005,2024-06-25,2031.44,Pending,Buyer_C
PO0001484,SUP00247,DPT004,2024-01-06,5105.88,Approved,Buyer_B
PO0001485,SUP00093,DPT002,2024-06-13,60726.87,Approved,Buyer_F
PO0001486,SUP00010,DPT008,2024-08-03,8242.67,Approved,Buyer_E
PO0001487,SUP00004,DPT004,2024-07-09,4371.3,Approved,Buyer_F
PO0001488,SUP00088,DPT001,2024-07-11,4083.04,Approved,Buyer_E
PO0001489,SUP00003,DPT004,2024-06-21,2158.73,Approved,Buyer_F
PO0001490,SUP00008,DPT011,2024-07-03,19430.05,Approved,Buyer_B
PO0001491,SUP00002,DPT003,2024-04-18,7390.36,Approved,Buyer_B
PO0001492,SUP00054,DPT004,2024-07-21,66159.88,Pending,Buyer_A
PO0001493,SUP00006,DPT006,2024-04-04,15187.22,Approved,Buyer_C
PO0001494,SUP00091,DPT009,2024-06-13,18581.77,Approved,Buyer_D
PO0001495,SUP00197,DPT007,2024-05-19,6360.71,Approved,Buyer_D
PO0001496,SUP00215,DPT010,2024-08-27,2721.58,Approved,Buyer_E
PO0001497,SUP00011,DPT001,2024-10-26,3382.66,Approved,Buyer_E
PO0001498,SUP00054,DPT011,2024-07-31,2060.6,Approved,Buyer_E
PO0001499,SUP00063,DPT011,2024-02-15,20138.62,Approved,Buyer_D
PO0001500,SUP00027,DPT005,2024-08-11,5514.22,Approved,Buyer_B
PO0001501,SUP00117,DPT006,2024-04-18,21004.68,Approved,Buyer_C
PO0001502,SUP00007,DPT002,2024-01-17,9282.76,Approved,Buyer_F
PO0001503,SUP00308,DPT004,2024-03-05,6046.18,Approved,Buyer_E
PO0001504,SUP00004,DPT002,2024-11-30,2515.93,Approved,Buyer_F
PO0001505,SUP00220,DPT001,2024-05-23,10955.89,Rejected,Buyer_D
PO0001506,SUP00081,DPT012,2024-03-08,6511.77,Pending,Buyer_E
PO0001507,SUP00009,DPT002,2024-02-14,19973.94,Pending,Buyer_C
PO0001508,SUP00170,DPT006,2024-08-05,3962.34,Pending,Buyer_A
PO0001509,SUP00003,DPT003,2024-09-11,15004.54,Approved,Buyer_E
PO0001510,SUP00187,DPT003,2024-04-28,41808.23,Approved,Buyer_A
PO0001511,SUP00079,DPT004,2024-02-04,10641.92,Approved,Buyer_D
PO0001512,SUP00004,DPT003,2024-04-28,17770.44,Approved,Buyer_F
PO0001513,SUP00003,DPT006,2024-08-10,14355.53,Approved,Buyer_A
PO0001514,SUP00173,DPT012,2024-02-08,54073.07,Approved,Buyer_E
PO0001515,SUP00010,DPT004,2024-03-30,11749.43,Approved,Buyer_F
PO0001516,SUP00255,DPT012,2024-01-01,16316.94,Approved,Buyer_D
PO0001517,SUP00180,DPT007,2024-06-07,7814.4,Approved,Buyer_E
PO0001518,SUP00142,DPT006,2024-02-27,3735.4,Approved,Buyer_F
PO0001519,SUP00010,DPT002,2024-03-07,2420.73,Approved,Buyer_E
PO0001520,SUP00149,DPT001,2024-02-07,28765.27,Pending,Buyer_A
PO0001521,SUP00290,DPT010,2024-09-01,2956.14,Approved,Buyer_E
PO0001522,SUP00004,DPT005,2024-06-12,17083.43,Approved,Buyer_E
PO0001523,SUP00013,DPT004,2024-11-13,12283.55,Approved,Buyer_B
PO0001524,SUP00008,DPT009,2024-05-12,20288.01,Approved,Buyer_D
PO0001525,SUP00019,DPT003,2024-03-15,4842.99,Approved,Buyer_F
PO0001526,SUP00168,DPT009,2024-03-09,3674.86,Approved,Buyer_F
PO0001527,SUP00027,DPT003,2024-11-15,11829.74,Approved,Buyer_F
PO0001528,SUP00067,DPT011,2024-07-16,6049.06,Approved,Buyer_E
PO0001529,SUP00011,DPT002,2024-04-18,2366.04,Pending,Buyer_A
PO0001530,SUP00005,DPT002,2024-08-07,56304.26,Approved,Buyer_C
PO0001531,SUP00009,DPT007,2024-07-05,3672.37,Approved,Buyer_B
PO0001532,SUP00238,DPT002,2024-02-08,3000.0,Approved,Buyer_A
PO0001533,SUP00086,DPT011,2024-08-23,6360.51,Approved,Buyer_B
PO0001534,SUP00018,DPT006,2024-02-09,28363.51,Approved,Buyer_F
PO0001535,SUP00197,DPT002,2024-03-07,928.22,Approved,Buyer_D
PO0001536,SUP00003,DPT002,2024-08-26,26105.04,Approved,Buyer_E
PO0001537,SUP00009,DPT011,2024-05-28,3256.89,Approved,Buyer_D
PO0001538,SUP00008,DPT006,2024-03-15,10556.8,Approved,Buyer_C
PO0001539,SUP00312,DPT010,2024-01-23,4121.58,Approved,Buyer_C
PO0001540,SUP00147,DPT001,2024-07-17,59392.12,Approved,Buyer_F
PO0001541,SUP00095,DPT011,2024-08-21,9178.51,Approved,Buyer_B
PO0001542,SUP00001,DPT005,2024-03-09,3991.44,Rejected,Buyer_B
PO0001543,SUP00007,DPT007,2024-05-19,5996.36,Approved,Buyer_F
PO0001544,SUP00105,DPT003,2024-04-25,8862.97,Approved,Buyer_C
PO0001545,SUP00018,DPT001,2024-10-25,9678.64,Approved,Buyer_F
PO0001546,SUP00276,DPT011,2024-09-21,12566.16,Approved,Buyer_F
PO0001547,SUP00182,DPT012,2024-04-01,8091.71,Approved,Buyer_A
PO0001548,SUP00024,DPT003,2024-06-21,2044.35,Approved,Buyer_E
PO0001549,SUP00173,DPT011,2024-11-05,5765.99,Rejected,Buyer_A
PO0001550,SUP00306,DPT002,2024-02-17,14863.42,Approved,Buyer_F
PO0001551,SUP00026,DPT002,2024-04-09,4146.9,Approved,Buyer_A
PO0001552,SUP00110,DPT001,2024-07-22,15879.45,Pending,Buyer_F
PO0001553,SUP00273,DPT004,2024-11-28,8364.22,Approved,Buyer_E
PO0001554,SUP00009,DPT001,2024-04-13,6517.59,Approved,Buyer_D
PO0001555,SUP00254,DPT004,2024-01-20,26746.1,Approved,Buyer_B
PO0001556,SUP00004,DPT002,2024-03-01,1424.92,Approved,Buyer_B
PO0001557,SUP00113,DPT008,2024-05-18,4124.41,Approved,Buyer_C
PO0001558,SUP00192,DPT009,2024-02-01,27789.92,Approved,Buyer_F
PO0001559,SUP00093,DPT007,2024-01-12,50516.19,Approved,Buyer_F
PO0001560,SUP00029,DPT002,2024-08-07,79697.42,Approved,Buyer_D
PO0001561,SUP00095,DPT008,2024-10-03,8521.57,Approved,Buyer_B
PO0001562,SUP00005,DPT002,2024-03-19,12808.92,Approved,Buyer_D
PO0001563,SUP00008,DPT008,2024-06-24,18350.79,Approved,Buyer_E
PO0001564,SUP00009,DPT005,2024-07-10,29000.7,Approved,Buyer_D
PO0001565,SUP00083,DPT003,2024-08-11,11082.16,Approved,Buyer_F
PO0001566,SUP00024,DPT001,2024-11-24,20458.4,Approved,Buyer_A
PO0001567,SUP00009,DPT009,2024-10-23,12832.98,Approved,Buyer_D
PO0001568,SUP00251,DPT011,2024-04-15,13659.96,Approved,Buyer_A
PO0001569,SUP00017,DPT007,2024-11-22,3234.5,Approved,Buyer_D
PO0001570,SUP00024,DPT012,2024-01-12,5830.08,Approved,Buyer_D
PO0001571,SUP00021,DPT011,2024-11-18,4804.13,Approved,Buyer_B
PO0001572,SUP00006,DPT002,2024-02-17,2467.85,Approved,Buyer_E
PO0001573,SUP00162,DPT008,2024-02-08,1553.7,Approved,Buyer_F
PO0001574,SUP00025,DPT003,2024-02-09,5304.83,Approved,Buyer_C
PO0001575,SUP00001,DPT004,2024-02-10,6223.69,Approved,Buyer_C
PO0001576,SUP00299,DPT002,2024-06-04,9000.51,Approved,Buyer_B
PO0001577,SUP00212,DPT012,2024-08-02,14125.51,Approved,Buyer_A
PO0001578,SUP00157,DPT008,2024-09-06,9780.27,Approved,Buyer_C
PO0001579,SUP00243,DPT002,2024-01-06,6267.22,Approved,Buyer_C
PO0001580,SUP00266,DPT003,2024-04-09,3245.01,Rejected,Buyer_E
PO0001581,SUP00014,DPT004,2024-02-14,19478.55,Approved,Buyer_F
PO0001582,SUP00091,DPT008,2024-02-18,7318.63,Approved,Buyer_A
PO0001583,SUP00090,DPT011,2024-09-07,5251.19,Rejected,Buyer_A
PO0001584,SUP00009,DPT003,2024-08-02,6724.72,Approved,Buyer_D
PO0001585,SUP00008,DPT004,2024-03-11,3894.25,Approved,Buyer_C
PO0001586,SUP00004,DPT006,2024-04-10,4766.3,Approved,Buyer_E
PO0001587,SUP00119,DPT004,2024-11-05,4617.19,Pending,Buyer_B
PO0001588,SUP00191,DPT004,2024-07-11,6079.41,Approved,Buyer_C
PO0001589,SUP00179,DPT001,2024-03-21,15611.37,Approved,Buyer_C
PO0001590,SUP00012,DPT002,2024-11-08,12174.66,Approved,Buyer_D
PO0001591,SUP00007,DPT004,2024-03-07,38053.08,Approved,Buyer_A
PO0001592,SUP00025,DPT011,2024-04-07,27220.59,Pending,Buyer_F
PO0001593,SUP00053,DPT003,2024-08-20,57320.97,Rejected,Buyer_C
PO0001594,SUP00273,DPT002,2024-06-20,14173.91,Approved,Buyer_B
PO0001595,SUP00247,DPT008,2024-01-24,13948.19,Approved,Buyer_D
PO0001596,SUP00271,DPT011,2024-09-27,4977.01,Approved,Buyer_A
PO0001597,SUP00232,DPT004,2024-03-17,18509.05,Approved,Buyer_D
PO0001598,SUP00300,DPT001,2024-08-19,4204.38,Approved,Buyer_A
PO0001599,SUP00026,DPT007,2024-04-22,1862.26,Approved,Buyer_B
PO0001600,SUP00002,DPT004,2024-09-08,37284.14,Approved,Buyer_E
PO0001601,SUP00003,DPT007,2024-10-27,2323.47,Pending,Buyer_C
PO0001602,SUP00019,DPT003,2024-09-15,12567.28,Approved,Buyer_F
PO0001603,SUP00009,DPT001,2024-11-04,3359.91,Approved,Buyer_C
PO0001604,SUP00006,DPT003,2024-06-29,25000.91,Approved,Buyer_E
PO0001605,SUP00293,DPT007,2024-01-22,28651.18,Approved,Buyer_A
PO0001606,SUP00007,DPT004,2024-06-28,13755.28,Approved,Buyer_F
PO0001607,SUP00297,DPT002,2024-06-03,28179.91,Approved,Buyer_D
PO0001608,SUP00179,DPT004,2024-08-28,8162.76,Approved,Buyer_E
PO0001609,SUP00109,DPT008,2024-03-24,75672.85,Approved,Buyer_B
PO0001610,SUP00129,DPT001,2024-08-21,17088.57,Approved,Buyer_B
PO0001611,SUP00013,DPT007,2024-05-27,3292.65,Approved,Buyer_C
PO0001612,SUP00112,DPT007,2024-08-12,8687.21,Approved,Buyer_B
PO0001613,SUP00007,DPT003,2024-05-20,6956.96,Approved,Buyer_A
PO0001614,SUP00284,DPT012,2024-05-08,6308.01,Approved,Buyer_E
PO0001615,SUP00010,DPT010,2024-03-12,1545.13,Approved,Buyer_E
PO0001616,SUP00009,DPT003,2024-10-04,11930.63,Approved,Buyer_E
PO0001617,SUP00150,DPT001,2024-01-24,2026.87,Approved,Buyer_D
PO0001618,SUP00118,DPT003,2024-03-20,648.46,Approved,Buyer_D
PO0001619,SUP00025,DPT002,2024-05-22,5744.43,Approved,Buyer_F
PO0001620,SUP00104,DPT005,2024-02-22,3805.13,Approved,Buyer_D
PO0001621,SUP00006,DPT011,2024-11-03,3423.65,Approved,Buyer_E
PO0001622,SUP00128,DPT010,2024-04-25,363.91,Approved,Buyer_C
PO0001623,SUP00009,DPT003,2024-03-22,3460.46,Approved,Buyer_A
PO0001624,SUP00009,DPT004,2024-03-26,6811.44,Approved,Buyer_C
PO0001625,SUP00006,DPT001,2024-03-05,4297.75,Approved,Buyer_E
PO0001626,SUP00013,DPT005,2024-08-10,11936.35,Approved,Buyer_D
PO0001627,SUP00013,DPT001,2024-06-10,32619.34,Pending,Buyer_E
PO0001628,SUP00025,DPT011,2024-03-18,13580.19,Approved,Buyer_E
PO0001629,SUP00007,DPT010,2024-10-19,22615.58,Approved,Buyer_B
PO0001630,SUP00007,DPT002,2024-08-07,24566.2,Rejected,Buyer_E
PO0001631,SUP00050,DPT007,2024-05-14,2925.26,Approved,Buyer_E
PO0001632,SUP00005,DPT005,2024-06-20,12570.58,Approved,Buyer_B
PO0001633,SUP00137,DPT009,2024-08-07,21920.06,Approved,Buyer_D
PO0001634,SUP00287,DPT004,2024-02-21,5239.8,Approved,Buyer_F
PO0001635,SUP00022,DPT002,2024-09-27,3675.24,Approved,Buyer_B
PO0001636,SUP00262,DPT006,2024-03-27,13772.19,Pending,Buyer_B
PO0001637,SUP00004,DPT001,2024-01-10,1841.57,Approved,Buyer_B
PO0001638,SUP00002,DPT005,2024-06-23,2729.83,Approved,Buyer_B
PO0001639,SUP00156,DPT002,2024-10-20,4159.89,Approved,Buyer_B
PO0001640,SUP00180,DPT007,2024-09-02,12714.7,Approved,Buyer_E
PO0001641,SUP00228,DPT009,2024-04-13,10086.09,Approved,Buyer_F
PO0001642,SUP00002,DPT001,2024-05-13,22751.15,Approved,Buyer_F
PO0001643,SUP00189,DPT004,2024-07-18,3223.2,Approved,Buyer_C
PO0001644,SUP00018,DPT008,2024-03-18,3054.98,Approved,Buyer_F
PO0001645,SUP00010,DPT002,2024-10-01,13683.03,Pending,Buyer_A
PO0001646,SUP00006,DPT005,2024-04-08,3645.81,Approved,Buyer_A
PO0001647,SUP00318,DPT007,2024-03-13,4431.51,Approved,Buyer_B
PO0001648,SUP00003,DPT003,2024-02-01,1265.52,Approved,Buyer_B
PO0001649,SUP00218,DPT009,2024-08-20,10838.35,Approved,Buyer_F
PO0001650,SUP00108,DPT005,2024-01-09,37846.37,Approved,Buyer_E
PO0001651,SUP00164,DPT006,2024-09-26,2894.92,Rejected,Buyer_E
PO0001652,SUP00150,DPT002,2024-11-21,22509.75,Approved,Buyer_E
PO0001653,SUP00237,DPT001,2024-02-07,7635.79,Approved,Buyer_E
PO0001654,SUP00007,DPT001,2024-02-02,1386.57,Approved,Buyer_D
PO0001655,SUP00001,DPT011,2024-11-09,3311.89,Approved,Buyer_A
PO0001656,SUP00084,DPT010,2024-02-11,3113.59,Approved,Buyer_A
PO0001657,SUP00015,DPT009,2024-05-16,5904.51,Approved,Buyer_F
PO0001658,SUP00005,DPT002,2024-10-18,12326.59,Approved,Buyer_D
PO0001659,SUP00007,DPT005,2024-02-16,51478.67,Approved,Buyer_F
PO0001660,SUP00013,DPT009,2024-08-10,1936.92,Approved,Buyer_A
PO0001661,SUP00003,DPT007,2024-05-08,4990.16,Approved,Buyer_D
PO0001662,SUP00002,DPT001,2024-05-26,3307.74,Pending,Buyer_B
PO0001663,SUP00271,DPT010,2024-11-07,2280.2,Approved,Buyer_C
PO0001664,SUP00011,DPT002,2024-08-05,8914.62,Approved,Buyer_D
PO0001665,SUP00310,DPT002,2024-04-17,8115.09,Pending,Buyer_C
PO0001666,SUP00299,DPT011,2024-11-09,1321.07,Pending,Buyer_A
PO0001667,SUP00005,DPT004,2024-07-13,8251.5,Approved,Buyer_F
PO0001668,SUP00152,DPT003,2024-02-03,2427.47,Approved,Buyer_E
PO0001669,SUP00085,DPT005,2024-05-11,8199.49,Approved,Buyer_C
PO0001670,SUP00138,DPT012,2024-03-22,28839.36,Approved,Buyer_D
PO0001671,SUP00004,DPT001,2024-08-03,12875.32,Approved,Buyer_A
PO0001672,SUP00007,DPT008,2024-10-15,9677.1,Approved,Buyer_C
PO0001673,SUP00003,DPT003,2024-01-14,4775.41,Approved,Buyer_C
PO0001674,SUP00087,DPT001,2024-09-18,8663.44,Approved,Buyer_C
PO0001675,SUP00313,DPT004,2024-11-02,14232.09,Approved,Buyer_C
PO0001676,SUP00127,DPT005,2024-11-29,12889.47,Approved,Buyer_F
PO0001677,SUP00150,DPT002,2024-08-09,7337.7,Approved,Buyer_A
PO0001678,SUP00311,DPT004,2024-04-15,10070.61,Approved,Buyer_D
PO0001679,SUP00131,DPT006,2024-02-18,2172.07,Approved,Buyer_F
PO0001680,SUP00002,DPT005,2024-11-12,3888.05,Approved,Buyer_F
PO0001681,SUP00242,DPT008,2024-05-18,16441.43,Approved,Buyer_F
PO0001682,SUP00016,DPT009,2024-04-25,18807.91,Approved,Buyer_C
PO0001683,SUP00001,DPT004,2024-09-02,8898.15,Rejected,Buyer_D
PO0001684,SUP00030,DPT004,2024-08-27,35559.61,Approved,Buyer_D
PO0001685,SUP00283,DPT004,2024-09-28,13467.29,Pending,Buyer_F
PO0001686,SUP00009,DPT005,2024-10-22,6418.07,Approved,Buyer_F
PO0001687,SUP00029,DPT001,2024-10-20,2392.87,Approved,Buyer_B
PO0001688,SUP00006,DPT003,2024-02-27,34157.36,Approved,Buyer_A
PO0001689,SUP00002,DPT002,2024-02-26,17506.32,Approved,Buyer_B
PO0001690,SUP00003,DPT003,2024-03-09,48938.1,Approved,Buyer_B
PO0001691,SUP00159,DPT012,2024-07-29,70745.73,Approved,Buyer_B
PO0001692,SUP00240,DPT005,2024-07-13,2237.38,Pending,Buyer_F
PO0001693,SUP00005,DPT004,2024-10-14,2243.22,Pending,Buyer_B
PO0001694,SUP00010,DPT005,2024-10-09,462.57,Pending,Buyer_C
PO0001695,SUP00007,DPT007,2024-09-29,20299.72,Approved,Buyer_C
PO0001696,SUP00001,DPT004,2024-01-27,15622.74,Rejected,Buyer_B
PO0001697,SUP00057,DPT004,2024-08-21,8935.43,Approved,Buyer_B
PO0001698,SUP00143,DPT007,2024-10-12,2377.65,Approved,Buyer_F
PO0001699,SUP00113,DPT001,2024-11-25,7412.82,Approved,Buyer_D
PO0001700,SUP00019,DPT005,2024-04-24,9746.91,Approved,Buyer_A
PO0001701,SUP00058,DPT005,2024-09-17,17724.9,Approved,Buyer_D
PO0001702,SUP00004,DPT008,2024-05-16,10646.5,Approved,Buyer_D
PO0001703,SUP00006,DPT012,2024-02-23,15737.49,Rejected,Buyer_C
PO0001704,SUP00280,DPT009,2024-04-23,7157.16,Approved,Buyer_E
PO0001705,SUP00180,DPT004,2024-03-25,26409.57,Approved,Buyer_E
PO0001706,SUP00275,DPT002,2024-11-01,15240.78,Approved,Buyer_E
PO0001707,SUP00271,DPT005,2024-02-28,2472.7,Approved,Buyer_D
PO0001708,SUP00114,DPT009,2024-02-13,32507.31,Approved,Buyer_C
PO0001709,SUP00278,DPT011,2024-07-13,27600.01,Approved,Buyer_B
PO0001710,SUP00021,DPT009,2024-07-11,12906.35,Approved,Buyer_A
PO0001711,SUP00001,DPT002,2024-07-06,10729.13,Approved,Buyer_F
PO0001712,SUP00003,DPT007,2024-02-19,42557.51,Approved,Buyer_F
PO0001713,SUP00004,DPT010,2024-06-16,1582.38,Approved,Buyer_B
PO0001714,SUP00004,DPT007,2024-11-07,28035.43,Approved,Buyer_E
PO0001715,SUP00015,DPT007,2024-01-31,5033.11,Approved,Buyer_A
PO0001716,SUP00144,DPT004,2024-09-24,24225.9,Approved,Buyer_B
PO0001717,SUP00197,DPT006,2024-02-12,9139.64,Approved,Buyer_A
PO0001718,SUP00079,DPT003,2024-03-19,2338.05,Approved,Buyer_C
PO0001719,SUP00005,DPT001,2024-10-27,4931.9,Pending,Buyer_B
PO0001720,SUP00172,DPT009,2024-04-09,22510.32,Approved,Buyer_D
PO0001721,SUP00015,DPT011,2024-06-24,6566.87,Approved,Buyer_C
PO0001722,SUP00001,DPT010,2024-05-07,4352.54,Approved,Buyer_A
PO0001723,SUP00010,DPT003,2024-07-24,4323.53,Approved,Buyer_A
PO0001724,SUP00013,DPT001,2024-05-15,15401.92,Approved,Buyer_E
PO0001725,SUP00009,DPT003,2024-05-28,46659.65,Rejected,Buyer_D
PO0001726,SUP00210,DPT009,2024-09-30,952.53,Approved,Buyer_F
PO0001727,SUP00179,DPT006,2024-07-04,133343.59,Approved,Buyer_A
PO0001728,SUP00141,DPT012,2024-07-08,9934.28,Approved,Buyer_B
PO0001729,SUP00005,DPT003,2024-09-26,14475.66,Approved,Buyer_A
PO0001730,SUP00207,DPT005,2024-05-23,5238.23,Approved,Buyer_F
PO0001731,SUP00130,DPT009,2024-10-02,8074.65,Approved,Buyer_A
PO0001732,SUP00007,DPT002,2024-08-29,9823.31,Approved,Buyer_E
PO0001733,SUP00113,DPT012,2024-10-23,2838.14,Approved,Buyer_B
PO0001734,SUP00028,DPT006,2024-06-02,3620.32,Approved,Buyer_E
PO0001735,SUP00024,DPT001,2024-07-06,26491.19,Approved,Buyer_C
PO0001736,SUP00004,DPT001,2024-02-12,1715.83,Approved,Buyer_F
PO0001737,SUP00036,DPT010,2024-02-07,12594.8,Approved,Buyer_A
PO0001738,SUP00004,DPT006,2024-02-06,5594.19,Approved,Buyer_B
PO0001739,SUP00006,DPT008,2024-07-31,3100.42,Approved,Buyer_E
PO0001740,SUP00005,DPT009,2024-04-19,58216.95,Approved,Buyer_F
PO0001741,SUP00293,DPT004,2024-04-06,3119.72,Approved,Buyer_D
PO0001742,SUP00010,DPT009,2024-07-20,2617.3,Approved,Buyer_A
PO0001743,SUP00015,DPT011,2024-05-13,6721.24,Approved,Buyer_D
PO0001744,SUP00012,DPT002,2024-02-15,3757.25,Approved,Buyer_C
PO0001745,SUP00260,DPT008,2024-07-05,8154.95,Approved,Buyer_E
PO0001746,SUP00063,DPT003,2024-07-03,9465.41,Approved,Buyer_D
PO0001747,SUP00273,DPT003,2024-02-16,10246.16,Approved,Buyer_F
PO0001748,SUP00010,DPT004,2024-03-31,7158.88,Approved,Buyer_A
PO0001749,SUP00004,DPT010,2024-03-20,4015.18,Approved,Buyer_D
PO0001750,SUP00059,DPT001,2024-08-20,15419.73,Approved,Buyer_E
PO0001751,SUP00014,DPT004,2024-03-24,7246.74,Approved,Buyer_C
PO0001752,SUP00204,DPT007,2024-01-10,4936.36,Approved,Buyer_C
PO0001753,SUP00249,DPT001,2024-03-30,35596.18,Approved,Buyer_E
PO0001754,SUP00027,DPT009,2024-06-06,7177.37,Approved,Buyer_C
PO0001755,SUP00304,DPT011,2024-09-14,24148.72,Rejected,Buyer_C
PO0001756,SUP00057,DPT001,2024-01-18,27635.0,Approved,Buyer_D
PO0001757,SUP00009,DPT002,2024-10-22,29368.35,Approved,Buyer_E
PO0001758,SUP00029,DPT012,2024-04-20,16173.96,Approved,Buyer_A
PO0001759,SUP00002,DPT002,2024-04-24,8097.95,Approved,Buyer_F
PO0001760,SUP00205,DPT001,2024-01-06,7600.42,Approved,Buyer_B
PO0001761,SUP00004,DPT011,2024-04-02,6347.9,Approved,Buyer_A
PO0001762,SUP00011,DPT010,2024-06-06,928.07,Approved,Buyer_B
PO0001763,SUP00064,DPT006,2024-07-28,16627.39,Approved,Buyer_A
PO0001764,SUP00002,DPT005,2024-09-13,10347.14,Approved,Buyer_F
PO0001765,SUP00003,DPT011,2024-06-24,18499.97,Approved,Buyer_B
PO0001766,SUP00141,DPT006,2024-02-03,7208.37,Approved,Buyer_E
PO0001767,SUP00003,DPT006,2024-05-11,15753.62,Approved,Buyer_B
PO0001768,SUP00027,DPT009,2024-09-03,2043.65,Approved,Buyer_D
PO0001769,SUP00014,DPT006,2024-08-02,2516.78,Approved,Buyer_C
PO0001770,SUP00008,DPT004,2024-07-14,681.15,Approved,Buyer_D
PO0001771,SUP00007,DPT003,2024-06-19,7084.4,Approved,Buyer_F
PO0001772,SUP00181,DPT004,2024-06-18,3742.37,Pending,Buyer_D
PO0001773,SUP00292,DPT005,2024-11-28,3283.35,Approved,Buyer_E
PO0001774,SUP00005,DPT003,2024-07-19,11323.69,Approved,Buyer_B
PO0001775,SUP00297,DPT004,2024-07-19,5294.87,Approved,Buyer_A
PO0001776,SUP00081,DPT009,2024-04-22,1933.16,Approved,Buyer_A
PO0001777,SUP00109,DPT004,2024-06-13,103235.37,Approved,Buyer_B
PO0001778,SUP00149,DPT001,2024-08-25,7808.67,Approved,Buyer_D
PO0001779,SUP00146,DPT003,2024-10-14,2743.08,Approved,Buyer_A
PO0001780,SUP00214,DPT002,2024-09-18,4147.1,Pending,Buyer_B
PO0001781,SUP00028,DPT009,2024-08-09,6814.83,Approved,Buyer_D
PO0001782,SUP00045,DPT004,2024-09-17,6800.52,Approved,Buyer_F
PO0001783,SUP00012,DPT003,2024-01-12,29797.04,Approved,Buyer_F
PO0001784,SUP00004,DPT009,2024-03-31,7484.35,Approved,Buyer_B
PO0001785,SUP00123,DPT001,2024-03-22,51803.25,Approved,Buyer_A
PO0001786,SUP00002,DPT002,2024-08-07,5258.37,Approved,Buyer_D
PO0001787,SUP00010,DPT009,2024-09-09,12412.21,Approved,Buyer_F
PO0001788,SUP00004,DPT005,2024-02-19,22515.97,Approved,Buyer_C
PO0001789,SUP00007,DPT009,2024-03-05,26773.08,Approved,Buyer_F
PO0001790,SUP00107,DPT009,2024-06-14,30087.71,Approved,Buyer_E
PO0001791,SUP00101,DPT011,2024-11-20,6173.3,Approved,Buyer_F
PO0001792,SUP00022,DPT001,2024-01-01,8058.73,Approved,Buyer_F
PO0001793,SUP00003,DPT009,2024-10-21,678.97,Approved,Buyer_A
PO0001794,SUP00023,DPT007,2024-03-05,6660.77,Approved,Buyer_C
PO0001795,SUP00015,DPT002,2024-03-30,24131.04,Approved,Buyer_A
PO0001796,SUP00156,DPT011,2024-07-30,19867.42,Pending,Buyer_A
PO0001797,SUP00072,DPT004,2024-09-01,7431.72,Pending,Buyer_C
PO0001798,SUP00029,DPT010,2024-10-19,44317.7,Approved,Buyer_D
PO0001799,SUP00028,DPT006,2024-01-02,5519.24,Approved,Buyer_F
PO0001800,SUP00301,DPT005,2024-01-17,3959.45,Approved,Buyer_A
PO0001801,SUP00177,DPT002,2024-06-09,5073.76,Approved,Buyer_A
PO0001802,SUP00029,DPT011,2024-07-06,2637.36,Approved,Buyer_A
PO0001803,SUP00028,DPT005,2024-03-28,15099.17,Approved,Buyer_F
PO0001804,SUP00001,DPT001,2024-08-01,10812.76,Approved,Buyer_D
PO0001805,SUP00287,DPT001,2024-03-29,14912.86,Approved,Buyer_C
PO0001806,SUP00012,DPT009,2024-11-08,5354.16,Approved,Buyer_A
PO0001807,SUP00009,DPT002,2024-02-29,7645.92,Approved,Buyer_C
PO0001808,SUP00320,DPT006,2024-08-07,917.43,Approved,Buyer_A
PO0001809,SUP00155,DPT007,2024-06-26,11804.38,Approved,Buyer_A
PO0001810,SUP00002,DPT003,2024-02-04,8944.92,Approved,Buyer_C
PO0001811,SUP00003,DPT005,2024-07-21,2695.86,Pending,Buyer_D
PO0001812,SUP00001,DPT002,2024-02-19,7297.9,Approved,Buyer_C
PO0001813,SUP00084,DPT011,2024-06-29,6261.35,Approved,Buyer_F
PO0001814,SUP00003,DPT010,2024-07-31,47302.19,Approved,Buyer_F
PO0001815,SUP00281,DPT003,2024-01-25,2804.2,Approved,Buyer_A
PO0001816,SUP00283,DPT005,2024-03-13,11287.22,Approved,Buyer_B
PO0001817,SUP00053,DPT004,2024-04-09,2722.3,Approved,Buyer_D
PO0001818,SUP00094,DPT012,2024-11-06,4638.41,Approved,Buyer_C
PO0001819,SUP00010,DPT004,2024-03-15,10687.38,Approved,Buyer_C
PO0001820,SUP00003,DPT005,2024-11-04,6559.29,Approved,Buyer_E
PO0001821,SUP00166,DPT011,2024-06-27,8054.68,Approved,Buyer_B
PO0001822,SUP00004,DPT002,2024-11-13,11301.85,Approved,Buyer_E
PO0001823,SUP00003,DPT005,2024-10-05,4945.88,Approved,Buyer_B
PO0001824,SUP00011,DPT001,2024-04-08,19616.9,Approved,Buyer_C
PO0001825,SUP00001,DPT006,2024-07-06,5970.11,Approved,Buyer_B
PO0001826,SUP00023,DPT003,2024-08-28,7349.92,Approved,Buyer_D
PO0001827,SUP00148,DPT012,2024-01-27,11629.63,Approved,Buyer_E
PO0001828,SUP00203,DPT004,2024-08-10,10167.99,Approved,Buyer_D
PO0001829,SUP00087,DPT002,2024-06-02,15432.45,Approved,Buyer_C
PO0001830,SUP00230,DPT009,2024-01-12,11125.16,Approved,Buyer_B
PO0001831,SUP00020,DPT009,2024-10-17,12952.33,Approved,Buyer_E
PO0001832,SUP00231,DPT007,2024-03-29,5852.52,Approved,Buyer_A
PO0001833,SUP00030,DPT008,2024-10-19,2782.84,Approved,Buyer_B
PO0001834,SUP00008,DPT002,2024-03-10,1943.72,Rejected,Buyer_E
PO0001835,SUP00288,DPT006,2024-06-30,1524.3,Approved,Buyer_E
PO0001836,SUP00010,DPT001,2024-05-04,47227.27,Approved,Buyer_B
PO0001837,SUP00001,DPT002,2024-10-26,886.45,Approved,Buyer_C
PO0001838,SUP00008,DPT011,2024-11-15,26734.86,Approved,Buyer_B
PO0001839,SUP00017,DPT008,2024-09-14,3565.75,Approved,Buyer_F
PO0001840,SUP00015,DPT002,2024-10-10,26540.87,Approved,Buyer_D
PO0001841,SUP00040,DPT001,2024-09-14,895.57,Approved,Buyer_A
PO0001842,SUP00252,DPT011,2024-04-08,6405.46,Approved,Buyer_A
PO0001843,SUP00010,DPT001,2024-11-04,34683.68,Approved,Buyer_A
PO0001844,SUP00038,DPT002,2024-06-26,16534.59,Approved,Buyer_B
PO0001845,SUP00014,DPT002,2024-04-25,5783.33,Approved,Buyer_B
PO0001846,SUP00215,DPT001,2024-03-05,1160.98,Approved,Buyer_C
PO0001847,SUP00006,DPT003,2024-08-25,2159.24,Approved,Buyer_E
PO0001848,SUP00004,DPT012,2024-04-02,32504.93,Approved,Buyer_F
PO0001849,SUP00030,DPT003,2024-08-06,5720.2,Approved,Buyer_D
PO0001850,SUP00127,DPT004,2024-01-22,7541.5,Approved,Buyer_E
PO0001851,SUP00200,DPT008,2024-07-31,10759.4,Approved,Buyer_D
PO0001852,SUP00078,DPT005,2024-08-03,2202.09,Approved,Buyer_B
PO0001853,SUP00187,DPT008,2024-06-24,12176.83,Approved,Buyer_D
PO0001854,SUP00019,DPT007,2024-08-08,5326.15,Approved,Buyer_B
PO0001855,SUP00002,DPT006,2024-11-28,10869.36,Approved,Buyer_B
PO0001856,SUP00004,DPT006,2024-10-07,4545.75,Approved,Buyer_F
PO0001857,SUP00002,DPT009,2024-05-27,1680.56,Approved,Buyer_F
PO0001858,SUP00013,DPT007,2024-10-18,5285.0,Rejected,Buyer_D
PO0001859,SUP00029,DPT009,2024-11-15,15379.3,Approved,Buyer_D
PO0001860,SUP00016,DPT002,2024-02-23,12016.79,Approved,Buyer_E
PO0001861,SUP00061,DPT007,2024-04-30,8357.64,Pending,Buyer_E
PO0001862,SUP00028,DPT008,2024-09-05,19893.17,Approved,Buyer_A
PO0001863,SUP00130,DPT003,2024-06-21,6610.44,Approved,Buyer_C
PO0001864,SUP00124,DPT010,2024-02-15,8572.17,Approved,Buyer_A
PO0001865,SUP00012,DPT003,2024-06-07,5015.22,Approved,Buyer_D
PO0001866,SUP00015,DPT002,2024-05-05,21091.34,Approved,Buyer_B
PO0001867,SUP00076,DPT010,2024-09-04,10845.75,Approved,Buyer_B
PO0001868,SUP00082,DPT002,2024-06-21,4642.66,Approved,Buyer_F
PO0001869,SUP00011,DPT004,2024-02-16,1827.99,Approved,Buyer_B
PO0001870,SUP00013,DPT003,2024-01-17,24464.08,Approved,Buyer_F
PO0001871,SUP00140,DPT010,2024-04-06,3850.41,Approved,Buyer_C
PO0001872,SUP00112,DPT004,2024-02-22,8708.58,Approved,Buyer_B
PO0001873,SUP00005,DPT007,2024-10-20,85186.62,Approved,Buyer_A
PO0001874,SUP00024,DPT009,2024-03-31,18060.99,Approved,Buyer_E
PO0001875,SUP00257,DPT006,2024-07-31,40584.83,Approved,Buyer_F
PO0001876,SUP00002,DPT011,2024-02-12,4730.92,Approved,Buyer_F
PO0001877,SUP00235,DPT009,2024-05-27,23646.64,Approved,Buyer_B
PO0001878,SUP00006,DPT004,2024-11-08,8322.09,Approved,Buyer_F
PO0001879,SUP00030,DPT011,2024-08-03,11684.48,Approved,Buyer_B
PO0001880,SUP00022,DPT005,2024-04-06,61135.12,Approved,Buyer_C
PO0001881,SUP00001,DPT001,2024-09-07,6132.48,Approved,Buyer_A
PO0001882,SUP00271,DPT002,2024-06-16,8260.62,Approved,Buyer_B
PO0001883,SUP00025,DPT006,2024-03-19,3283.89,Approved,Buyer_B
PO0001884,SUP00294,DPT002,2024-11-29,19701.86,Approved,Buyer_F
PO0001885,SUP00010,DPT005,2024-11-10,4625.65,Approved,Buyer_B
PO0001886,SUP00242,DPT003,2024-07-08,22532.42,Approved,Buyer_B
PO0001887,SUP00275,DPT005,2024-01-12,1556.33,Approved,Buyer_B
PO0001888,SUP00059,DPT001,2024-05-17,14025.58,Approved,Buyer_B
PO0001889,SUP00007,DPT009,2024-06-21,4256.94,Approved,Buyer_D
PO0001890,SUP00135,DPT003,2024-11-07,16823.26,Approved,Buyer_B
PO0001891,SUP00054,DPT002,2024-09-02,7993.95,Approved,Buyer_B
PO0001892,SUP00288,DPT004,2024-03-15,4744.12,Approved,Buyer_D
PO0001893,SUP00024,DPT004,2024-06-19,5505.16,Pending,Buyer_E
PO0001894,SUP00009,DPT006,2024-03-01,3462.03,Approved,Buyer_A
PO0001895,SUP00005,DPT005,2024-06-07,18728.24,Approved,Buyer_C
PO0001896,SUP00143,DPT001,2024-06-28,2839.44,Rejected,Buyer_D
PO0001897,SUP00305,DPT010,2024-06-19,6203.83,Approved,Buyer_F
PO0001898,SUP00001,DPT004,2024-05-23,11444.21,Approved,Buyer_F
PO0001899,SUP00167,DPT001,2024-05-26,40680.11,Approved,Buyer_F
PO0001900,SUP00277,DPT009,2024-09-23,8028.09,Pending,Buyer_D
PO0001901,SUP00003,DPT007,2024-06-18,6358.13,Approved,Buyer_A
PO0001902,SUP00004,DPT006,2024-01-15,10653.41,Approved,Buyer_F
PO0001903,SUP00139,DPT004,2024-09-05,1018.96,Approved,Buyer_D
PO0001904,SUP00113,DPT004,2024-07-25,2443.91,Approved,Buyer_F
PO0001905,SUP00003,DPT005,2024-08-21,5567.12,Pending,Buyer_F
PO0001906,SUP00223,DPT001,2024-08-26,3972.02,Approved,Buyer_E
PO0001907,SUP00039,DPT003,2024-02-28,1634.62,Approved,Buyer_C
PO0001908,SUP00266,DPT012,2024-11-21,19106.4,Approved,Buyer_D
PO0001909,SUP00249,DPT007,2024-11-27,10506.58,Approved,Buyer_E
PO0001910,SUP00210,DPT004,2024-02-18,9323.24,Approved,Buyer_F
PO0001911,SUP00035,DPT002,2024-03-14,4048.12,Approved,Buyer_B
PO0001912,SUP00009,DPT008,2024-03-23,8772.64,Pending,Buyer_D
PO0001913,SUP00030,DPT002,2024-11-19,13554.17,Approved,Buyer_D
PO0001914,SUP00004,DPT002,2024-11-08,6217.38,Approved,Buyer_B
PO0001915,SUP00119,DPT002,2024-03-29,12639.38,Approved,Buyer_C
PO0001916,SUP00005,DPT008,2024-07-30,3655.32,Approved,Buyer_F
PO0001917,SUP00032,DPT006,2024-03-22,8932.8,Approved,Buyer_A
PO0001918,SUP00002,DPT001,2024-01-13,25399.84,Pending,Buyer_D
PO0001919,SUP00010,DPT001,2024-03-18,27778.56,Approved,Buyer_D
PO0001920,SUP00008,DPT006,2024-01-26,30564.33,Approved,Buyer_F
PO0001921,SUP00096,DPT005,2024-10-10,10781.3,Approved,Buyer_B
PO0001922,SUP00195,DPT007,2024-09-20,8363.35,Approved,Buyer_C
PO0001923,SUP00002,DPT002,2024-03-02,5173.02,Pending,Buyer_A
PO0001924,SUP00232,DPT008,2024-07-09,1329.44,Approved,Buyer_C
PO0001925,SUP00238,DPT011,2024-03-09,2111.39,Pending,Buyer_F
PO0001926,SUP00014,DPT006,2024-07-08,6849.6,Approved,Buyer_E
PO0001927,SUP00119,DPT002,2024-10-27,7271.45,Approved,Buyer_C
PO0001928,SUP00020,DPT007,2024-10-21,33263.73,Pending,Buyer_D
PO0001929,SUP00006,DPT003,2024-10-06,30175.91,Pending,Buyer_F
PO0001930,SUP00042,DPT001,2024-03-21,4078.62,Approved,Buyer_C
PO0001931,SUP00003,DPT003,2024-03-04,18367.27,Approved,Buyer_B
PO0001932,SUP00249,DPT011,2024-02-23,5028.77,Approved,Buyer_F
PO0001933,SUP00276,DPT004,2024-02-12,16036.4,Approved,Buyer_F
PO0001934,SUP00215,DPT010,2024-07-24,18142.59,Pending,Buyer_D
PO0001935,SUP00062,DPT004,2024-08-08,28059.79,Approved,Buyer_A
PO0001936,SUP00059,DPT005,2024-10-22,4951.06,Approved,Buyer_A
PO0001937,SUP00311,DPT001,2024-01-31,22343.79,Approved,Buyer_A
PO0001938,SUP00009,DPT006,2024-03-29,1245.37,Approved,Buyer_E
PO0001939,SUP00003,DPT001,2024-08-31,29620.31,Approved,Buyer_B
PO0001940,SUP00062,DPT004,2024-08-16,7902.89,Approved,Buyer_A
PO0001941,SUP00013,DPT002,2024-05-23,8072.93,Rejected,Buyer_E
PO0001942,SUP00012,DPT004,2024-02-21,1056.34,Approved,Buyer_C
PO0001943,SUP00001,DPT005,2024-06-11,5493.57,Rejected,Buyer_D
PO0001944,SUP00082,DPT001,2024-02-27,31428.78,Approved,Buyer_B
PO0001945,SUP00009,DPT003,2024-06-28,5288.54,Approved,Buyer_B
PO0001946,SUP00007,DPT012,2024-10-29,16538.77,Approved,Buyer_B
PO0001947,SUP00002,DPT001,2024-03-06,8387.98,Approved,Buyer_D
PO0001948,SUP00016,DPT003,2024-02-09,23451.02,Approved,Buyer_F
PO0001949,SUP00249,DPT003,2024-09-04,9813.37,Approved,Buyer_F
PO0001950,SUP00014,DPT003,2024-01-09,3191.32,Approved,Buyer_A
PO0001951,SUP00131,DPT007,2024-11-25,8573.67,Approved,Buyer_E
PO0001952,SUP00177,DPT002,2024-09-16,40183.71,Approved,Buyer_E
PO0001953,SUP00013,DPT004,2024-05-15,13328.3,Approved,Buyer_A
PO0001954,SUP00215,DPT006,2024-05-01,7212.38,Approved,Buyer_D
PO0001955,SUP00139,DPT003,2024-05-09,77322.77,Approved,Buyer_C
PO0001956,SUP00060,DPT011,2024-05-12,25828.03,Approved,Buyer_B
PO0001957,SUP00001,DPT012,2024-10-08,18338.06,Approved,Buyer_E
PO0001958,SUP00002,DPT001,2024-09-24,11129.37,Approved,Buyer_F
PO0001959,SUP00315,DPT003,2024-03-09,16819.16,Approved,Buyer_D
PO0001960,SUP00192,DPT002,2024-03-01,17374.03,Approved,Buyer_B
PO0001961,SUP00284,DPT002,2024-06-30,913.41,Approved,Buyer_C
PO0001962,SUP00263,DPT004,2024-08-05,12027.32,Pending,Buyer_D
PO0001963,SUP00001,DPT005,2024-08-31,6899.43,Approved,Buyer_F
PO0001964,SUP00198,DPT004,2024-04-15,4915.87,Approved,Buyer_E
PO0001965,SUP00025,DPT003,2024-06-10,6664.58,Approved,Buyer_E
PO0001966,SUP00196,DPT003,2024-02-04,1709.83,Rejected,Buyer_E
PO0001967,SUP00001,DPT012,2024-06-01,1333.27,Approved,Buyer_E
PO0001968,SUP00010,DPT011,2024-08-18,28183.79,Approved,Buyer_B
PO0001969,SUP00174,DPT001,2024-04-11,12863.61,Approved,Buyer_A
PO0001970,SUP00198,DPT006,2024-04-16,725.59,Approved,Buyer_F
PO0001971,SUP00096,DPT004,2024-06-03,4553.34,Approved,Buyer_D
PO0001972,SUP00010,DPT007,2024-10-17,19546.5,Approved,Buyer_F
PO0001973,SUP00011,DPT006,2024-07-21,6124.09,Approved,Buyer_E
PO0001974,SUP00301,DPT010,2024-11-03,28141.62,Approved,Buyer_C
PO0001975,SUP00024,DPT001,2024-01-21,23150.04,Approved,Buyer_D
PO0001976,SUP00024,DPT003,2024-10-11,2086.59,Approved,Buyer_D
PO0001977,SUP00056,DPT012,2024-01-15,7021.11,Approved,Buyer_F
PO0001978,SUP00021,DPT002,2024-04-17,5176.64,Approved,Buyer_C
PO0001979,SUP00057,DPT001,2024-05-22,2019.82,Approved,Buyer_C
PO0001980,SUP00023,DPT008,2024-03-20,1892.64,Approved,Buyer_C
PO0001981,SUP00218,DPT009,2024-11-27,3619.09,Approved,Buyer_A
PO0001982,SUP00267,DPT007,2024-10-26,4268.74,Approved,Buyer_C
PO0001983,SUP00280,DPT009,2024-07-10,10756.12,Approved,Buyer_C
PO0001984,SUP00063,DPT007,2024-05-31,23022.18,Approved,Buyer_B
PO0001985,SUP00024,DPT002,2024-09-12,13543.27,Approved,Buyer_E
PO0001986,SUP00147,DPT006,2024-08-25,17160.62,Approved,Buyer_E
PO0001987,SUP00225,DPT009,2024-06-10,6206.68,Approved,Buyer_B
PO0001988,SUP00063,DPT010,2024-10-04,14809.15,Approved,Buyer_A
PO0001989,SUP00143,DPT002,2024-03-05,6985.73,Approved,Buyer_D
PO0001990,SUP00173,DPT001,2024-04-03,5211.0,Approved,Buyer_A
PO0001991,SUP00130,DPT009,2024-01-06,54019.53,Approved,Buyer_A
PO0001992,SUP00171,DPT002,2024-02-09,788.02,Rejected,Buyer_C
PO0001993,SUP00007,DPT001,2024-03-07,1244.76,Approved,Buyer_F
PO0001994,SUP00030,DPT009,2024-07-28,11881.05,Approved,Buyer_A
PO0001995,SUP00078,DPT004,2024-10-13,6216.84,Approved,Buyer_D
PO0001996,SUP00001,DPT003,2024-07-16,1925.64,Approved,Buyer_D
PO0001997,SUP00236,DPT001,2024-05-29,2822.53,Approved,Buyer_B
PO0001998,SUP00090,DPT001,2024-03-31,3215.04,Approved,Buyer_D
PO0001999,SUP00005,DPT009,2024-02-03,19778.22,Approved,Buyer_D
PO0002000,SUP00212,DPT004,2024-07-14,27239.15,Approved,Buyer_A
PO0002001,SUP00154,DPT002,2024-02-17,41754.5,Approved,Buyer_F
PO0002002,SUP00178,DPT003,2024-09-21,1654.06,Approved,Buyer_B
PO0002003,SUP00019,DPT002,2024-05-16,2064.98,Approved,Buyer_C
PO0002004,SUP00234,DPT001,2024-04-27,1928.26,Pending,Buyer_A
PO0002005,SUP00021,DPT003,2024-01-09,29403.15,Approved,Buyer_D
PO0002006,SUP00067,DPT005,2024-03-22,12298.4,Approved,Buyer_D
PO0002007,SUP00001,DPT002,2024-01-05,8779.71,Approved,Buyer_A
PO0002008,SUP00111,DPT003,2024-08-30,10194.76,Approved,Buyer_B
PO0002009,SUP00154,DPT004,2024-06-13,7655.82,Approved,Buyer_E
PO0002010,SUP00065,DPT004,2024-09-20,2640.85,Approved,Buyer_E
PO0002011,SUP00029,DPT001,2024-07-08,13536.88,Approved,Buyer_B
PO0002012,SUP00208,DPT001,2024-11-15,6726.84,Rejected,Buyer_D
PO0002013,SUP00133,DPT001,2024-09-19,2439.82,Approved,Buyer_E
PO0002014,SUP00010,DPT003,2024-02-19,14389.95,Rejected,Buyer_C
PO0002015,SUP00296,DPT007,2024-02-09,5293.38,Approved,Buyer_B
PO0002016,SUP00148,DPT002,2024-10-24,10172.91,Approved,Buyer_A
PO0002017,SUP00313,DPT009,2024-03-31,7151.1,Approved,Buyer_F
PO0002018,SUP00304,DPT007,2024-09-13,19759.28,Approved,Buyer_B
PO0002019,SUP00273,DPT001,2024-07-29,10098.71,Approved,Buyer_E
PO0002020,SUP00176,DPT001,2024-08-23,3348.61,Approved,Buyer_B
PO0002021,SUP00090,DPT002,2024-03-30,11181.36,Approved,Buyer_E
PO0002022,SUP00006,DPT001,2024-04-14,11552.86,Approved,Buyer_B
PO0002023,SUP00051,DPT005,2024-07-04,13511.99,Pending,Buyer_D
PO0002024,SUP00182,DPT001,2024-01-08,22830.99,Approved,Buyer_F
PO0002025,SUP00038,DPT009,2024-04-14,4376.56,Approved,Buyer_E
PO0002026,SUP00243,DPT004,2024-06-19,15802.69,Approved,Buyer_A
PO0002027,SUP00004,DPT008,2024-03-09,1444.02,Approved,Buyer_D
PO0002028,SUP00018,DPT008,2024-04-05,7186.9,Approved,Buyer_B
PO0002029,SUP00030,DPT004,2024-11-25,6156.97,Pending,Buyer_B
PO0002030,SUP00023,DPT011,2024-04-07,34470.02,Approved,Buyer_E
PO0002031,SUP00004,DPT012,2024-10-29,6930.34,Approved,Buyer_F
PO0002032,SUP00006,DPT003,2024-11-06,14883.21,Pending,Buyer_F
PO0002033,SUP00225,DPT001,2024-08-13,1391.62,Approved,Buyer_F
PO0002034,SUP00028,DPT003,2024-02-21,5700.12,Approved,Buyer_C
PO0002035,SUP00002,DPT002,2024-03-09,3476.01,Approved,Buyer_D
PO0002036,SUP00001,DPT005,2024-11-08,96327.69,Approved,Buyer_D
PO0002037,SUP00027,DPT003,2024-01-01,4159.72,Approved,Buyer_E
PO0002038,SUP00006,DPT004,2024-06-17,8719.17,Approved,Buyer_A
PO0002039,SUP00147,DPT008,2024-07-18,9196.48,Approved,Buyer_E
PO0002040,SUP00200,DPT003,2024-10-07,1653.29,Approved,Buyer_E
PO0002041,SUP00008,DPT005,2024-10-26,4788.46,Approved,Buyer_F
PO0002042,SUP00080,DPT003,2024-04-05,12146.14,Approved,Buyer_D
PO0002043,SUP00006,DPT009,2024-06-17,8828.34,Approved,Buyer_C
PO0002044,SUP00010,DPT006,2024-07-31,812.07,Pending,Buyer_C
PO0002045,SUP00255,DPT001,2024-11-19,4596.31,Approved,Buyer_D
PO0002046,SUP00052,DPT007,2024-07-05,22489.9,Approved,Buyer_B
PO0002047,SUP00253,DPT002,2024-02-10,14591.92,Approved,Buyer_E
PO0002048,SUP00008,DPT008,2024-11-05,27392.74,Pending,Buyer_C
PO0002049,SUP00013,DPT005,2024-06-20,3024.05,Approved,Buyer_B
PO0002050,SUP00027,DPT004,2024-03-01,29170.98,Approved,Buyer_E
PO0002051,SUP00028,DPT007,2024-03-04,7751.13,Approved,Buyer_C
PO0002052,SUP00319,DPT010,2024-03-09,39823.9,Approved,Buyer_A
PO0002053,SUP00004,DPT009,2024-08-29,8129.9,Approved,Buyer_D
PO0002054,SUP00233,DPT005,2024-11-13,1045.79,Approved,Buyer_D
PO0002055,SUP00240,DPT008,2024-05-27,18944.23,Approved,Buyer_B
PO0002056,SUP00057,DPT004,2024-02-02,5200.38,Approved,Buyer_A
PO0002057,SUP00014,DPT009,2024-10-24,5562.32,Approved,Buyer_C
PO0002058,SUP00037,DPT009,2024-07-31,1894.87,Approved,Buyer_E
PO0002059,SUP00010,DPT002,2024-07-10,41035.77,Pending,Buyer_E
PO0002060,SUP00202,DPT002,2024-01-21,4812.15,Approved,Buyer_B
PO0002061,SUP00029,DPT002,2024-11-21,39145.31,Approved,Buyer_C
PO0002062,SUP00277,DPT002,2024-01-26,5264.58,Approved,Buyer_F
PO0002063,SUP00098,DPT004,2024-07-23,3204.32,Approved,Buyer_C
PO0002064,SUP00034,DPT002,2024-07-19,30318.98,Approved,Buyer_C
PO0002065,SUP00150,DPT006,2024-06-21,7530.11,Approved,Buyer_E
PO0002066,SUP00030,DPT001,2024-07-03,7603.99,Approved,Buyer_C
PO0002067,SUP00264,DPT002,2024-05-13,2249.3,Rejected,Buyer_F
PO0002068,SUP00007,DPT007,2024-07-10,5127.52,Approved,Buyer_C
PO0002069,SUP00305,DPT004,2024-05-01,12440.29,Approved,Buyer_C
PO0002070,SUP00210,DPT004,2024-06-07,2210.16,Pending,Buyer_D
PO0002071,SUP00238,DPT009,2024-08-15,4726.37,Pending,Buyer_E
PO0002072,SUP00028,DPT012,2024-09-05,5321.73,Approved,Buyer_C
PO0002073,SUP00224,DPT005,2024-02-21,8659.75,Approved,Buyer_B
PO0002074,SUP00011,DPT001,2024-11-28,35580.74,Approved,Buyer_C
PO0002075,SUP00180,DPT001,2024-02-02,6003.19,Approved,Buyer_B
PO0002076,SUP00005,DPT012,2024-04-02,4062.28,Pending,Buyer_B
PO0002077,SUP00011,DPT007,2024-04-26,126294.36,Approved,Buyer_E
PO0002078,SUP00024,DPT008,2024-04-18,5254.37,Approved,Buyer_C
PO0002079,SUP00012,DPT007,2024-04-27,6696.51,Approved,Buyer_B
PO0002080,SUP00019,DPT002,2024-04-18,5665.52,Approved,Buyer_E
PO0002081,SUP00214,DPT004,2024-05-26,6144.0,Approved,Buyer_E
PO0002082,SUP00009,DPT009,2024-09-12,8758.28,Approved,Buyer_B
PO0002083,SUP00170,DPT010,2024-10-04,20349.19,Approved,Buyer_B
PO0002084,SUP00003,DPT002,2024-04-26,12136.68,Approved,Buyer_E
PO0002085,SUP00182,DPT006,2024-03-27,23791.78,Approved,Buyer_B
PO0002086,SUP00198,DPT002,2024-08-14,23017.93,Pending,Buyer_F
PO0002087,SUP00020,DPT011,2024-01-20,9982.13,Approved,Buyer_D
PO0002088,SUP00157,DPT002,2024-05-29,11805.4,Approved,Buyer_D
PO0002089,SUP00270,DPT008,2024-03-14,24556.62,Approved,Buyer_D
PO0002090,SUP00203,DPT002,2024-07-22,2667.21,Approved,Buyer_A
PO0002091,SUP00019,DPT006,2024-01-27,98539.35,Approved,Buyer_E
PO0002092,SUP00028,DPT006,2024-10-04,4853.3,Rejected,Buyer_D
PO0002093,SUP00190,DPT003,2024-03-31,5704.64,Approved,Buyer_B
PO0002094,SUP00010,DPT009,2024-06-21,2411.73,Approved,Buyer_E
PO0002095,SUP00205,DPT010,2024-07-10,2484.56,Approved,Buyer_B
PO0002096,SUP00013,DPT010,2024-06-08,21461.89,Pending,Buyer_C
PO0002097,SUP00206,DPT003,2024-05-30,78448.16,Approved,Buyer_D
PO0002098,SUP00003,DPT008,2024-03-30,4595.16,Approved,Buyer_B
PO0002099,SUP00002,DPT005,2024-09-15,11468.01,Approved,Buyer_A
PO0002100,SUP00319,DPT006,2024-06-21,10098.75,Approved,Buyer_B
PO0002101,SUP00243,DPT004,2024-03-13,22031.85,Approved,Buyer_E
PO0002102,SUP00251,DPT006,2024-03-28,74511.93,Approved,Buyer_C
PO0002103,SUP00292,DPT002,2024-05-26,37085.21,Approved,Buyer_E
PO0002104,SUP00024,DPT004,2024-10-09,6382.66,Approved,Buyer_A
PO0002105,SUP00010,DPT002,2024-11-18,13749.64,Approved,Buyer_B
PO0002106,SUP00005,DPT003,2024-05-10,15184.92,Approved,Buyer_B
PO0002107,SUP00030,DPT001,2024-05-12,7941.91,Approved,Buyer_A
PO0002108,SUP00008,DPT002,2024-02-13,2708.27,Approved,Buyer_D
PO0002109,SUP00282,DPT009,2024-07-01,3645.41,Approved,Buyer_B
PO0002110,SUP00001,DPT005,2024-03-21,25543.87,Approved,Buyer_C
PO0002111,SUP00005,DPT001,2024-10-01,28319.56,Approved,Buyer_F
PO0002112,SUP00009,DPT009,2024-06-28,6584.23,Approved,Buyer_B
PO0002113,SUP00007,DPT011,2024-03-15,10520.23,Approved,Buyer_B
PO0002114,SUP00008,DPT010,2024-11-02,26829.67,Approved,Buyer_F
PO0002115,SUP00118,DPT009,2024-09-30,1473.99,Approved,Buyer_C
PO0002116,SUP00013,DPT012,2024-04-10,5185.63,Approved,Buyer_B
PO0002117,SUP00093,DPT005,2024-02-10,60953.79,Approved,Buyer_E
PO0002118,SUP00256,DPT012,2024-03-29,10930.45,Approved,Buyer_A
PO0002119,SUP00086,DPT011,2024-05-06,2619.62,Rejected,Buyer_C
PO0002120,SUP00140,DPT003,2024-05-16,9111.41,Approved,Buyer_B
PO0002121,SUP00016,DPT010,2024-10-02,22503.71,Approved,Buyer_F
PO0002122,SUP00006,DPT009,2024-11-20,634.9,Approved,Buyer_B
PO0002123,SUP00012,DPT009,2024-09-07,9665.19,Approved,Buyer_D
PO0002124,SUP00299,DPT010,2024-10-10,5583.58,Approved,Buyer_D
PO0002125,SUP00097,DPT003,2024-02-11,1568.7,Pending,Buyer_C
PO0002126,SUP00010,DPT004,2024-02-20,8794.9,Approved,Buyer_A
PO0002127,SUP00025,DPT006,2024-10-31,7069.32,Approved,Buyer_B
PO0002128,SUP00223,DPT008,2024-07-24,7910.21,Approved,Buyer_F
PO0002129,SUP00125,DPT010,2024-03-19,5720.09,Approved,Buyer_D
PO0002130,SUP00061,DPT010,2024-09-22,2918.03,Approved,Buyer_F
PO0002131,SUP00253,DPT008,2024-02-28,1891.64,Approved,Buyer_D
PO0002132,SUP00127,DPT011,2024-09-14,4061.51,Approved,Buyer_B
PO0002133,SUP00110,DPT002,2024-10-22,19134.57,Approved,Buyer_C
PO0002134,SUP00007,DPT011,2024-06-12,10229.9,Pending,Buyer_E
PO0002135,SUP00004,DPT001,2024-08-07,7561.51,Approved,Buyer_B
PO0002136,SUP00300,DPT005,2024-09-02,2864.74,Approved,Buyer_D
PO0002137,SUP00084,DPT001,2024-10-21,5575.21,Approved,Buyer_F
PO0002138,SUP00021,DPT005,2024-07-14,16935.34,Approved,Buyer_F
PO0002139,SUP00078,DPT004,2024-04-08,13423.79,Approved,Buyer_C
PO0002140,SUP00003,DPT001,2024-03-08,5028.12,Approved,Buyer_B
PO0002141,SUP00216,DPT006,2024-04-29,595.02,Approved,Buyer_D
PO0002142,SUP00008,DPT008,2024-01-19,4126.37,Approved,Buyer_D
PO0002143,SUP00205,DPT002,2024-08-22,5000.56,Approved,Buyer_E
PO0002144,SUP00046,DPT007,2024-05-03,3271.14,Approved,Buyer_A
PO0002145,SUP00010,DPT002,2024-08-26,5360.56,Approved,Buyer_D
PO0002146,SUP00001,DPT002,2024-01-21,18334.69,Approved,Buyer_A
PO0002147,SUP00212,DPT002,2024-04-17,7806.43,Approved,Buyer_F
PO0002148,SUP00006,DPT006,2024-05-12,21800.67,Approved,Buyer_F
PO0002149,SUP00002,DPT009,2024-01-30,1792.97,Approved,Buyer_E
PO0002150,SUP00176,DPT006,2024-10-04,5972.59,Approved,Buyer_B
PO0002151,SUP00015,DPT009,2024-07-19,1165.58,Approved,Buyer_E
PO0002152,SUP00019,DPT006,2024-10-09,5289.2,Approved,Buyer_C
PO0002153,SUP00009,DPT009,2024-09-25,2847.92,Approved,Buyer_D
PO0002154,SUP00237,DPT012,2024-01-12,29180.41,Approved,Buyer_B
PO0002155,SUP00010,DPT004,2024-10-16,12206.36,Rejected,Buyer_C
PO0002156,SUP00007,DPT002,2024-01-24,22355.54,Approved,Buyer_F
PO0002157,SUP00011,DPT002,2024-10-18,5274.57,Approved,Buyer_B
PO0002158,SUP00007,DPT006,2024-08-12,2922.75,Approved,Buyer_C
PO0002159,SUP00012,DPT005,2024-10-01,2831.15,Approved,Buyer_B
PO0002160,SUP00003,DPT002,2024-06-16,10566.45,Approved,Buyer_B
PO0002161,SUP00006,DPT010,2024-02-23,49521.47,Approved,Buyer_C
PO0002162,SUP00022,DPT011,2024-02-20,12238.99,Approved,Buyer_D
PO0002163,SUP00249,DPT002,2024-02-09,5570.46,Approved,Buyer_A
PO0002164,SUP00002,DPT002,2024-09-26,6709.16,Approved,Buyer_B
PO0002165,SUP00007,DPT002,2024-06-27,7853.38,Approved,Buyer_E
PO0002166,SUP00266,DPT003,2024-03-13,61490.78,Approved,Buyer_B
PO0002167,SUP00256,DPT010,2024-02-11,27822.73,Rejected,Buyer_C
PO0002168,SUP00131,DPT006,2024-01-27,10508.7,Approved,Buyer_E
PO0002169,SUP00008,DPT001,2024-03-27,9042.87,Approved,Buyer_E
PO0002170,SUP00022,DPT004,2024-09-08,10930.95,Approved,Buyer_F
PO0002171,SUP00007,DPT001,2024-10-25,13283.47,Approved,Buyer_A
PO0002172,SUP00005,DPT004,2024-07-22,5360.44,Approved,Buyer_E
PO0002173,SUP00018,DPT004,2024-11-29,3483.95,Approved,Buyer_E
PO0002174,SUP00070,DPT006,2024-05-12,22747.72,Approved,Buyer_A
PO0002175,SUP00016,DPT005,2024-04-21,8283.18,Approved,Buyer_F
PO0002176,SUP00091,DPT010,2024-08-20,20925.59,Approved,Buyer_B
PO0002177,SUP00010,DPT001,2024-02-15,42030.83,Approved,Buyer_C
PO0002178,SUP00015,DPT009,2024-11-01,13637.99,Approved,Buyer_E
PO0002179,SUP00197,DPT001,2024-09-18,11597.54,Approved,Buyer_D
PO0002180,SUP00249,DPT003,2024-01-12,198837.46,Pending,Buyer_B
PO0002181,SUP00012,DPT010,2024-03-03,9966.85,Approved,Buyer_B
PO0002182,SUP00068,DPT007,2024-07-29,2722.9,Pending,Buyer_E
PO0002183,SUP00010,DPT002,2024-09-04,6116.68,Approved,Buyer_B
PO0002184,SUP00002,DPT004,2024-03-14,38241.81,Approved,Buyer_C
PO0002185,SUP00166,DPT008,2024-09-07,2221.27,Approved,Buyer_E
PO0002186,SUP00006,DPT011,2024-06-07,3818.22,Approved,Buyer_F
PO0002187,SUP00022,DPT006,2024-08-14,24499.96,Approved,Buyer_E
PO0002188,SUP00028,DPT001,2024-05-22,6175.71,Approved,Buyer_C
PO0002189,SUP00007,DPT004,2024-06-01,7257.24,Approved,Buyer_B
PO0002190,SUP00004,DPT002,2024-05-10,23703.38,Approved,Buyer_F
PO0002191,SUP00015,DPT001,2024-02-22,3956.75,Approved,Buyer_D
PO0002192,SUP00292,DPT006,2024-03-04,1865.71,Approved,Buyer_C
PO0002193,SUP00093,DPT009,2024-02-26,2020.53,Approved,Buyer_F
PO0002194,SUP00018,DPT001,2024-09-25,14498.21,Approved,Buyer_E
PO0002195,SUP00002,DPT009,2024-05-21,10500.02,Pending,Buyer_C
PO0002196,SUP00085,DPT007,2024-05-07,4053.9,Pending,Buyer_B
PO0002197,SUP00004,DPT008,2024-10-13,2543.28,Approved,Buyer_A
PO0002198,SUP00051,DPT002,2024-10-24,6182.18,Approved,Buyer_D
PO0002199,SUP00174,DPT004,2024-03-19,24748.43,Approved,Buyer_A
PO0002200,SUP00022,DPT001,2024-04-28,3512.85,Approved,Buyer_B
PO0002201,SUP00010,DPT002,2024-10-08,4176.86,Approved,Buyer_E
PO0002202,SUP00002,DPT003,2024-08-12,2463.85,Approved,Buyer_A
PO0002203,SUP00001,DPT003,2024-07-01,5611.58,Approved,Buyer_F
PO0002204,SUP00023,DPT002,2024-03-19,11362.56,Approved,Buyer_C
PO0002205,SUP00252,DPT002,2024-05-09,67182.57,Approved,Buyer_F
PO0002206,SUP00008,DPT011,2024-01-10,10074.69,Approved,Buyer_B
PO0002207,SUP00069,DPT009,2024-08-23,7679.59,Approved,Buyer_C
PO0002208,SUP00134,DPT003,2024-11-03,19205.2,Approved,Buyer_F
PO0002209,SUP00002,DPT011,2024-09-20,16255.97,Approved,Buyer_D
PO0002210,SUP00006,DPT002,2024-04-13,4547.53,Pending,Buyer_E
PO0002211,SUP00013,DPT004,2024-06-10,80988.31,Approved,Buyer_E
PO0002212,SUP00126,DPT009,2024-11-16,7907.89,Pending,Buyer_E
PO0002213,SUP00024,DPT004,2024-05-22,10263.77,Approved,Buyer_C
PO0002214,SUP00164,DPT002,2024-10-08,14063.65,Approved,Buyer_C
PO0002215,SUP00242,DPT003,2024-07-12,11451.46,Approved,Buyer_A
PO0002216,SUP00178,DPT004,2024-06-16,37249.64,Approved,Buyer_B
PO0002217,SUP00316,DPT006,2024-07-15,4492.17,Approved,Buyer_A
PO0002218,SUP00176,DPT004,2024-03-15,17736.54,Approved,Buyer_B
PO0002219,SUP00233,DPT004,2024-05-22,9552.6,Approved,Buyer_E
PO0002220,SUP00222,DPT002,2024-04-11,21649.19,Approved,Buyer_B
PO0002221,SUP00161,DPT005,2024-09-10,6535.57,Approved,Buyer_C
PO0002222,SUP00204,DPT002,2024-07-24,5707.78,Pending,Buyer_D
PO0002223,SUP00282,DPT010,2024-05-13,16849.45,Approved,Buyer_A
PO0002224,SUP00027,DPT008,2024-10-02,11591.1,Approved,Buyer_E
PO0002225,SUP00107,DPT004,2024-05-31,3567.8,Approved,Buyer_E
PO0002226,SUP00034,DPT008,2024-11-15,31120.2,Approved,Buyer_B
PO0002227,SUP00233,DPT001,2024-07-21,16856.8,Pending,Buyer_A
PO0002228,SUP00023,DPT003,2024-10-23,7523.57,Approved,Buyer_A
PO0002229,SUP00214,DPT004,2024-11-26,5073.41,Pending,Buyer_B
PO0002230,SUP00202,DPT004,2024-04-19,11662.47,Approved,Buyer_A
PO0002231,SUP00298,DPT008,2024-03-28,15685.39,Approved,Buyer_A
PO0002232,SUP00009,DPT012,2024-10-06,1645.71,Approved,Buyer_C
PO0002233,SUP00149,DPT003,2024-03-18,11797.95,Approved,Buyer_D
PO0002234,SUP00177,DPT003,2024-09-08,15561.49,Approved,Buyer_A
PO0002235,SUP00283,DPT006,2024-02-29,770.89,Approved,Buyer_D
PO0002236,SUP00266,DPT003,2024-10-18,9859.49,Approved,Buyer_C
PO0002237,SUP00069,DPT002,2024-08-18,16229.88,Approved,Buyer_B
PO0002238,SUP00072,DPT012,2024-06-23,14485.14,Approved,Buyer_A
PO0002239,SUP00006,DPT009,2024-05-30,18077.95,Pending,Buyer_E
PO0002240,SUP00306,DPT011,2024-08-01,5839.69,Approved,Buyer_A
PO0002241,SUP00009,DPT002,2024-05-10,2864.34,Approved,Buyer_B
PO0002242,SUP00158,DPT001,2024-05-13,1339.77,Approved,Buyer_E
PO0002243,SUP00200,DPT004,2024-03-09,24154.43,Approved,Buyer_D
PO0002244,SUP00024,DPT011,2024-02-22,16367.71,Approved,Buyer_F
PO0002245,SUP00007,DPT002,2024-10-25,26068.66,Approved,Buyer_A
PO0002246,SUP00007,DPT001,2024-09-07,3923.97,Approved,Buyer_B
PO0002247,SUP00236,DPT001,2024-05-28,18103.06,Approved,Buyer_D
PO0002248,SUP00032,DPT008,2024-10-05,1803.2,Approved,Buyer_B
PO0002249,SUP00003,DPT009,2024-07-22,3396.52,Approved,Buyer_C
PO0002250,SUP00154,DPT007,2024-07-19,9190.97,Approved,Buyer_B
PO0002251,SUP00009,DPT001,2024-02-07,15728.15,Rejected,Buyer_E
PO0002252,SUP00248,DPT008,2024-06-29,43434.64,Approved,Buyer_E
PO0002253,SUP00011,DPT004,2024-02-06,6373.7,Approved,Buyer_E
PO0002254,SUP00007,DPT002,2024-08-17,3409.26,Approved,Buyer_D
PO0002255,SUP00003,DPT003,2024-01-23,3238.45,Approved,Buyer_C
PO0002256,SUP00032,DPT004,2024-06-21,4073.08,Approved,Buyer_D
PO0002257,SUP00025,DPT003,2024-05-03,74684.42,Approved,Buyer_A
PO0002258,SUP00174,DPT012,2024-02-13,17272.55,Approved,Buyer_D
PO0002259,SUP00026,DPT004,2024-06-07,24649.99,Approved,Buyer_B
PO0002260,SUP00014,DPT003,2024-03-08,6380.58,Approved,Buyer_F
PO0002261,SUP00009,DPT007,2024-03-22,8089.74,Approved,Buyer_B
PO0002262,SUP00010,DPT006,2024-10-25,16305.61,Approved,Buyer_A
PO0002263,SUP00278,DPT001,2024-04-27,4886.35,Approved,Buyer_F
PO0002264,SUP00006,DPT006,2024-05-15,6055.32,Pending,Buyer_A
PO0002265,SUP00314,DPT002,2024-01-03,4126.96,Approved,Buyer_D
PO0002266,SUP00013,DPT003,2024-04-10,5179.73,Approved,Buyer_C
PO0002267,SUP00003,DPT007,2024-04-27,8509.84,Approved,Buyer_B
PO0002268,SUP00009,DPT005,2024-08-28,3562.76,Approved,Buyer_C
PO0002269,SUP00002,DPT003,2024-02-09,10785.73,Approved,Buyer_E
PO0002270,SUP00197,DPT002,2024-11-07,10770.67,Rejected,Buyer_A
PO0002271,SUP00033,DPT004,2024-02-13,6773.35,Pending,Buyer_D
PO0002272,SUP00014,DPT003,2024-08-06,3542.33,Approved,Buyer_F
PO0002273,SUP00121,DPT011,2024-01-02,8999.85,Approved,Buyer_B
PO0002274,SUP00103,DPT005,2024-10-01,4890.72,Approved,Buyer_E
PO0002275,SUP00285,DPT010,2024-08-21,8489.57,Pending,Buyer_F
PO0002276,SUP00298,DPT004,2024-10-07,24297.47,Approved,Buyer_F
PO0002277,SUP00132,DPT009,2024-11-07,2314.76,Approved,Buyer_D
PO0002278,SUP00213,DPT001,2024-10-06,71216.96,Approved,Buyer_F
PO0002279,SUP00198,DPT003,2024-07-27,7536.22,Approved,Buyer_E
PO0002280,SUP00029,DPT001,2024-10-07,12232.35,Approved,Buyer_D
PO0002281,SUP00146,DPT001,2024-02-02,3817.11,Approved,Buyer_A
PO0002282,SUP00003,DPT011,2024-08-04,25392.56,Approved,Buyer_F
PO0002283,SUP00178,DPT007,2024-11-27,7146.47,Approved,Buyer_B
PO0002284,SUP00298,DPT006,2024-05-06,5463.7,Approved,Buyer_E
PO0002285,SUP00003,DPT005,2024-11-22,4557.3,Approved,Buyer_D
PO0002286,SUP00224,DPT005,2024-06-18,6195.06,Approved,Buyer_C
PO0002287,SUP00281,DPT006,2024-06-05,12312.22,Approved,Buyer_E
PO0002288,SUP00008,DPT009,2024-04-10,9631.66,Approved,Buyer_D
PO0002289,SUP00040,DPT006,2024-02-06,7786.45,Approved,Buyer_E
PO0002290,SUP00278,DPT008,2024-10-20,3978.18,Pending,Buyer_F
PO0002291,SUP00297,DPT003,2024-08-29,3754.94,Approved,Buyer_B
PO0002292,SUP00005,DPT012,2024-05-14,5110.87,Approved,Buyer_E
PO0002293,SUP00015,DPT001,2024-11-18,12839.42,Approved,Buyer_A
PO0002294,SUP00142,DPT003,2024-03-02,15713.25,Pending,Buyer_E
PO0002295,SUP00008,DPT010,2024-09-17,17980.52,Approved,Buyer_A
PO0002296,SUP00012,DPT002,2024-05-31,8091.21,Approved,Buyer_B
PO0002297,SUP00001,DPT002,2024-07-28,11891.3,Approved,Buyer_B
PO0002298,SUP00006,DPT003,2024-01-13,6846.89,Approved,Buyer_E
PO0002299,SUP00062,DPT004,2024-07-23,1418.99,Approved,Buyer_C
PO0002300,SUP00116,DPT011,2024-08-15,6529.42,Approved,Buyer_C
PO0002301,SUP00113,DPT009,2024-11-23,5567.34,Approved,Buyer_C
PO0002302,SUP00190,DPT004,2024-04-25,2866.81,Approved,Buyer_D
PO0002303,SUP00021,DPT012,2024-01-25,4594.46,Pending,Buyer_F
PO0002304,SUP00009,DPT006,2024-01-21,9275.13,Approved,Buyer_E
PO0002305,SUP00001,DPT010,2024-02-20,2609.08,Approved,Buyer_A
PO0002306,SUP00007,DPT002,2024-04-10,3980.71,Approved,Buyer_D
PO0002307,SUP00011,DPT004,2024-10-05,38097.43,Approved,Buyer_A
PO0002308,SUP00006,DPT001,2024-03-06,1631.56,Approved,Buyer_A
PO0002309,SUP00001,DPT001,2024-02-18,6746.76,Rejected,Buyer_B
PO0002310,SUP00006,DPT007,2024-01-11,2524.23,Approved,Buyer_E
PO0002311,SUP00123,DPT001,2024-05-08,3821.37,Approved,Buyer_F
PO0002312,SUP00102,DPT005,2024-07-21,6649.27,Approved,Buyer_B
PO0002313,SUP00283,DPT007,2024-04-04,3018.22,Approved,Buyer_F
PO0002314,SUP00201,DPT001,2024-06-14,14384.85,Approved,Buyer_B
PO0002315,SUP00065,DPT004,2024-03-22,31293.03,Pending,Buyer_B
PO0002316,SUP00005,DPT007,2024-09-25,18801.24,Approved,Buyer_A
PO0002317,SUP00063,DPT010,2024-01-09,22575.33,Pending,Buyer_A
PO0002318,SUP00003,DPT003,2024-03-08,2039.1,Approved,Buyer_D
PO0002319,SUP00023,DPT012,2024-07-08,6354.57,Approved,Buyer_C
PO0002320,SUP00019,DPT009,2024-10-09,12931.49,Approved,Buyer_A
PO0002321,SUP00023,DPT006,2024-05-14,19364.39,Approved,Buyer_D
PO0002322,SUP00010,DPT004,2024-01-24,46786.64,Approved,Buyer_C
PO0002323,SUP00135,DPT007,2024-07-03,23600.89,Approved,Buyer_C
PO0002324,SUP00227,DPT009,2024-03-31,19860.51,Approved,Buyer_F
PO0002325,SUP00184,DPT003,2024-04-12,112825.27,Approved,Buyer_C
PO0002326,SUP00101,DPT012,2024-11-04,8922.3,Approved,Buyer_C
PO0002327,SUP00048,DPT011,2024-11-11,6068.95,Approved,Buyer_E
PO0002328,SUP00002,DPT004,2024-03-27,9675.56,Approved,Buyer_F
PO0002329,SUP00157,DPT008,2024-07-17,3245.25,Approved,Buyer_E
PO0002330,SUP00052,DPT005,2024-06-30,8670.08,Approved,Buyer_C
PO0002331,SUP00009,DPT008,2024-11-18,1441.08,Approved,Buyer_B
PO0002332,SUP00013,DPT009,2024-11-12,4771.81,Approved,Buyer_B
PO0002333,SUP00283,DPT001,2024-04-27,7220.4,Approved,Buyer_A
PO0002334,SUP00099,DPT001,2024-01-09,20944.58,Approved,Buyer_E
PO0002335,SUP00027,DPT003,2024-01-01,24614.49,Approved,Buyer_E
PO0002336,SUP00097,DPT011,2024-01-02,3091.41,Approved,Buyer_C
PO0002337,SUP00021,DPT004,2024-09-18,64604.12,Approved,Buyer_F
PO0002338,SUP00027,DPT010,2024-09-04,9399.14,Approved,Buyer_F
PO0002339,SUP00010,DPT004,2024-10-04,10301.5,Approved,Buyer_D
PO0002340,SUP00024,DPT003,2024-02-16,1607.29,Pending,Buyer_B
PO0002341,SUP00135,DPT011,2024-01-20,4358.76,Rejected,Buyer_D
PO0002342,SUP00002,DPT005,2024-02-27,23151.71,Approved,Buyer_E
PO0002343,SUP00200,DPT003,2024-07-28,9602.5,Pending,Buyer_D
PO0002344,SUP00010,DPT001,2024-01-04,9025.55,Approved,Buyer_C
PO0002345,SUP00133,DPT001,2024-08-09,10169.74,Pending,Buyer_D
PO0002346,SUP00110,DPT002,2024-10-24,1913.7,Approved,Buyer_F
PO0002347,SUP00116,DPT003,2024-02-18,7356.88,Approved,Buyer_C
PO0002348,SUP00089,DPT006,2024-09-04,33134.5,Approved,Buyer_B
PO0002349,SUP00296,DPT003,2024-07-04,24021.57,Approved,Buyer_D
PO0002350,SUP00030,DPT001,2024-11-12,7149.52,Approved,Buyer_D
PO0002351,SUP00163,DPT002,2024-03-22,38702.86,Approved,Buyer_F
PO0002352,SUP00147,DPT004,2024-03-17,2300.55,Approved,Buyer_A
PO0002353,SUP00008,DPT012,2024-01-06,3066.53,Pending,Buyer_F
PO0002354,SUP00010,DPT004,2024-08-24,52240.97,Approved,Buyer_E
PO0002355,SUP00022,DPT001,2024-10-17,14443.12,Approved,Buyer_E
PO0002356,SUP00010,DPT005,2024-01-07,6069.99,Approved,Buyer_B
PO0002357,SUP00017,DPT011,2024-06-13,7667.01,Pending,Buyer_B
PO0002358,SUP00019,DPT009,2024-08-30,3616.89,Approved,Buyer_C
PO0002359,SUP00087,DPT009,2024-09-18,10684.96,Approved,Buyer_B
PO0002360,SUP00008,DPT011,2024-11-07,9871.32,Approved,Buyer_D
PO0002361,SUP00205,DPT006,2024-08-30,8265.82,Approved,Buyer_E
PO0002362,SUP00024,DPT012,2024-11-04,2540.82,Approved,Buyer_C
PO0002363,SUP00147,DPT001,2024-11-28,10559.23,Approved,Buyer_E
PO0002364,SUP00003,DPT009,2024-11-06,4771.85,Approved,Buyer_E
PO0002365,SUP00027,DPT010,2024-05-26,3023.05,Approved,Buyer_F
PO0002366,SUP00001,DPT011,2024-05-16,28760.05,Approved,Buyer_E
PO0002367,SUP00129,DPT004,2024-05-23,70949.34,Approved,Buyer_B
PO0002368,SUP00014,DPT009,2024-11-14,56535.28,Pending,Buyer_A
PO0002369,SUP00291,DPT002,2024-04-04,15523.69,Approved,Buyer_F
PO0002370,SUP00012,DPT006,2024-09-09,6213.1,Approved,Buyer_E
PO0002371,SUP00063,DPT003,2024-07-28,7552.58,Approved,Buyer_F
PO0002372,SUP00009,DPT006,2024-01-21,12156.29,Approved,Buyer_C
PO0002373,SUP00096,DPT007,2024-06-11,5322.79,Approved,Buyer_A
PO0002374,SUP00026,DPT003,2024-03-06,30297.18,Pending,Buyer_D
PO0002375,SUP00017,DPT002,2024-09-01,1058.14,Approved,Buyer_D
PO0002376,SUP00007,DPT003,2024-05-29,6028.63,Approved,Buyer_B
PO0002377,SUP00004,DPT007,2024-04-29,18053.08,Approved,Buyer_C
PO0002378,SUP00004,DPT007,2024-01-22,3480.18,Approved,Buyer_C
PO0002379,SUP00320,DPT008,2024-02-13,6373.16,Approved,Buyer_B
PO0002380,SUP00021,DPT001,2024-09-12,14671.23,Approved,Buyer_E
PO0002381,SUP00001,DPT009,2024-10-15,36985.05,Approved,Buyer_C
PO0002382,SUP00293,DPT007,2024-04-07,2221.78,Approved,Buyer_F
PO0002383,SUP00001,DPT001,2024-10-04,2063.02,Approved,Buyer_A
PO0002384,SUP00022,DPT003,2024-07-03,3146.26,Approved,Buyer_F
PO0002385,SUP00154,DPT004,2024-04-27,1741.43,Approved,Buyer_D
PO0002386,SUP00270,DPT003,2024-05-31,1869.87,Approved,Buyer_E
PO0002387,SUP00151,DPT001,2024-08-19,3063.58,Approved,Buyer_B
PO0002388,SUP00026,DPT002,2024-10-31,27819.53,Approved,Buyer_A
PO0002389,SUP00305,DPT001,2024-06-13,5930.85,Approved,Buyer_B
PO0002390,SUP00002,DPT001,2024-04-26,8361.35,Approved,Buyer_C
PO0002391,SUP00313,DPT002,2024-09-11,3116.72,Approved,Buyer_C
PO0002392,SUP00232,DPT009,2024-06-24,15268.35,Approved,Buyer_B
PO0002393,SUP00279,DPT005,2024-05-10,52879.13,Approved,Buyer_A
PO0002394,SUP00009,DPT004,2024-06-03,3335.47,Approved,Buyer_E
PO0002395,SUP00005,DPT007,2024-06-28,45467.29,Approved,Buyer_E
PO0002396,SUP00122,DPT005,2024-02-16,11665.89,Approved,Buyer_A
PO0002397,SUP00035,DPT002,2024-01-20,8240.89,Approved,Buyer_E
PO0002398,SUP00039,DPT002,2024-08-10,12089.88,Approved,Buyer_F
PO0002399,SUP00276,DPT002,2024-02-28,11974.4,Approved,Buyer_F
PO0002400,SUP00096,DPT006,2024-06-27,51901.58,Approved,Buyer_B
PO0002401,SUP00011,DPT004,2024-09-18,13632.62,Approved,Buyer_C
PO0002402,SUP00020,DPT003,2024-03-13,13920.35,Pending,Buyer_A
PO0002403,SUP00005,DPT005,2024-05-07,5316.13,Approved,Buyer_A
PO0002404,SUP00007,DPT012,2024-11-23,18752.4,Approved,Buyer_F
PO0002405,SUP00005,DPT003,2024-01-12,3112.41,Approved,Buyer_F
PO0002406,SUP00209,DPT005,2024-09-10,9036.29,Approved,Buyer_B
PO0002407,SUP00146,DPT004,2024-02-26,144825.31,Approved,Buyer_C
PO0002408,SUP00043,DPT007,2024-10-30,662.36,Approved,Buyer_A
PO0002409,SUP00017,DPT008,2024-05-17,10230.69,Approved,Buyer_E
PO0002410,SUP00125,DPT008,2024-01-03,10631.99,Approved,Buyer_D
PO0002411,SUP00210,DPT002,2024-08-28,6450.49,Approved,Buyer_B
PO0002412,SUP00250,DPT004,2024-02-19,6604.33,Approved,Buyer_F
PO0002413,SUP00053,DPT009,2024-05-01,8878.69,Approved,Buyer_A
PO0002414,SUP00214,DPT003,2024-06-17,6298.06,Approved,Buyer_B
PO0002415,SUP00032,DPT012,2024-09-06,10117.07,Approved,Buyer_E
PO0002416,SUP00027,DPT003,2024-05-20,4976.04,Approved,Buyer_C
PO0002417,SUP00241,DPT004,2024-10-14,61230.02,Approved,Buyer_E
PO0002418,SUP00018,DPT004,2024-06-10,6297.99,Approved,Buyer_B
PO0002419,SUP00019,DPT004,2024-04-24,14322.85,Approved,Buyer_D
PO0002420,SUP00010,DPT009,2024-04-22,4150.42,Approved,Buyer_D
PO0002421,SUP00037,DPT002,2024-09-25,20601.99,Pending,Buyer_A
PO0002422,SUP00052,DPT005,2024-08-10,16872.96,Approved,Buyer_B
PO0002423,SUP00120,DPT006,2024-02-12,12323.46,Approved,Buyer_B
PO0002424,SUP00023,DPT010,2024-09-08,2900.58,Approved,Buyer_D
PO0002425,SUP00008,DPT006,2024-05-19,3818.44,Approved,Buyer_C
PO0002426,SUP00242,DPT012,2024-04-26,43746.77,Approved,Buyer_C
PO0002427,SUP00015,DPT010,2024-02-02,3776.4,Approved,Buyer_B
PO0002428,SUP00275,DPT003,2024-11-30,15381.21,Approved,Buyer_F
PO0002429,SUP00007,DPT010,2024-01-18,3150.54,Approved,Buyer_E
PO0002430,SUP00061,DPT011,2024-11-29,22211.9,Approved,Buyer_E
PO0002431,SUP00047,DPT002,2024-01-22,4078.98,Approved,Buyer_B
PO0002432,SUP00219,DPT006,2024-06-18,3092.74,Approved,Buyer_E
PO0002433,SUP00005,DPT003,2024-02-05,3974.51,Approved,Buyer_B
PO0002434,SUP00267,DPT006,2024-06-14,4657.33,Rejected,Buyer_C
PO0002435,SUP00044,DPT001,2024-10-06,12145.01,Approved,Buyer_B
PO0002436,SUP00076,DPT008,2024-07-16,8685.27,Approved,Buyer_B
PO0002437,SUP00031,DPT004,2024-07-01,2710.38,Approved,Buyer_D
PO0002438,SUP00002,DPT005,2024-02-09,7879.76,Pending,Buyer_B
PO0002439,SUP00029,DPT001,2024-11-13,2582.46,Approved,Buyer_E
PO0002440,SUP00009,DPT007,2024-05-05,15422.11,Approved,Buyer_D
PO0002441,SUP00014,DPT004,2024-06-29,18525.49,Approved,Buyer_F
PO0002442,SUP00113,DPT006,2024-10-27,7911.34,Approved,Buyer_B
PO0002443,SUP00029,DPT003,2024-07-29,10632.32,Approved,Buyer_F
PO0002444,SUP00004,DPT002,2024-09-03,46729.18,Approved,Buyer_A
PO0002445,SUP00003,DPT004,2024-03-02,6921.56,Approved,Buyer_D
PO0002446,SUP00007,DPT011,2024-06-03,3151.84,Approved,Buyer_C
PO0002447,SUP00007,DPT002,2024-06-30,14460.78,Approved,Buyer_E
PO0002448,SUP00089,DPT007,2024-02-28,2610.63,Pending,Buyer_A
PO0002449,SUP00006,DPT001,2024-05-09,6564.5,Approved,Buyer_B
PO0002450,SUP00251,DPT007,2024-10-05,4451.56,Approved,Buyer_B
PO0002451,SUP00007,DPT002,2024-11-08,4016.56,Approved,Buyer_F
PO0002452,SUP00003,DPT004,2024-10-02,6310.14,Rejected,Buyer_D
PO0002453,SUP00247,DPT003,2024-11-08,19928.2,Approved,Buyer_A
PO0002454,SUP00010,DPT001,2024-11-30,24481.4,Pending,Buyer_E
PO0002455,SUP00022,DPT003,2024-03-07,20459.57,Approved,Buyer_B
PO0002456,SUP00296,DPT003,2024-10-13,11342.98,Approved,Buyer_B
PO0002457,SUP00288,DPT005,2024-07-26,6262.18,Approved,Buyer_C
PO0002458,SUP00152,DPT012,2024-10-14,766.76,Approved,Buyer_E
PO0002459,SUP00003,DPT004,2024-08-01,11703.71,Approved,Buyer_F
PO0002460,SUP00081,DPT011,2024-02-11,829.37,Approved,Buyer_A
PO0002461,SUP00314,DPT004,2024-07-07,1183.98,Approved,Buyer_F
PO0002462,SUP00289,DPT001,2024-09-11,6893.49,Approved,Buyer_F
PO0002463,SUP00004,DPT002,2024-02-11,10557.35,Approved,Buyer_B
PO0002464,SUP00019,DPT004,2024-06-18,5161.15,Approved,Buyer_D
PO0002465,SUP00012,DPT003,2024-08-07,37629.03,Approved,Buyer_C
PO0002466,SUP00005,DPT010,2024-06-04,12862.89,Approved,Buyer_C
PO0002467,SUP00140,DPT007,2024-09-24,6314.43,Approved,Buyer_D
PO0002468,SUP00009,DPT005,2024-02-12,32412.84,Approved,Buyer_D
PO0002469,SUP00014,DPT004,2024-04-25,38758.81,Approved,Buyer_C
PO0002470,SUP00003,DPT004,2024-11-14,13528.57,Approved,Buyer_C
PO0002471,SUP00029,DPT006,2024-06-21,3732.16,Approved,Buyer_C
PO0002472,SUP00006,DPT001,2024-03-01,4673.81,Approved,Buyer_C
PO0002473,SUP00023,DPT002,2024-02-08,1906.95,Approved,Buyer_A
PO0002474,SUP00005,DPT003,2024-07-17,7766.56,Approved,Buyer_C
PO0002475,SUP00293,DPT002,2024-11-07,2835.46,Approved,Buyer_E
PO0002476,SUP00005,DPT007,2024-01-17,5830.89,Approved,Buyer_F
PO0002477,SUP00038,DPT001,2024-02-06,10515.44,Approved,Buyer_E
PO0002478,SUP00007,DPT002,2024-05-05,1114.65,Approved,Buyer_F
PO0002479,SUP00003,DPT011,2024-03-10,2289.89,Approved,Buyer_E
PO0002480,SUP00007,DPT012,2024-02-10,4881.23,Rejected,Buyer_D
PO0002481,SUP00002,DPT004,2024-04-09,7688.44,Pending,Buyer_E
PO0002482,SUP00005,DPT004,2024-08-03,4944.89,Approved,Buyer_F
PO0002483,SUP00029,DPT009,2024-10-03,6182.53,Approved,Buyer_B
PO0002484,SUP00115,DPT001,2024-04-12,3999.05,Pending,Buyer_A
PO0002485,SUP00003,DPT004,2024-08-22,1901.88,Approved,Buyer_B
PO0002486,SUP00024,DPT001,2024-10-02,4746.91,Approved,Buyer_D
PO0002487,SUP00073,DPT004,2024-01-03,6547.45,Approved,Buyer_E
PO0002488,SUP00008,DPT012,2024-10-12,5940.86,Approved,Buyer_C
PO0002489,SUP00017,DPT008,2024-03-02,9061.55,Approved,Buyer_F
PO0002490,SUP00003,DPT012,2024-08-17,12318.96,Approved,Buyer_B
PO0002491,SUP00008,DPT008,2024-09-08,16022.13,Approved,Buyer_C
PO0002492,SUP00026,DPT006,2024-10-10,4300.34,Approved,Buyer_F
PO0002493,SUP00315,DPT008,2024-05-15,1676.06,Approved,Buyer_B
PO0002494,SUP00318,DPT006,2024-08-08,28899.99,Approved,Buyer_E
PO0002495,SUP00308,DPT004,2024-01-09,11913.72,Approved,Buyer_A
PO0002496,SUP00022,DPT003,2024-05-29,3119.22,Approved,Buyer_F
PO0002497,SUP00003,DPT005,2024-11-18,10696.86,Approved,Buyer_B
PO0002498,SUP00012,DPT002,2024-02-23,23576.24,Rejected,Buyer_D
PO0002499,SUP00008,DPT004,2024-02-20,45669.07,Approved,Buyer_E
PO0002500,SUP00001,DPT002,2024-08-22,10410.92,Approved,Buyer_C
PO0002501,SUP00004,DPT005,2024-06-20,23380.8,Approved,Buyer_D
PO0002502,SUP00025,DPT002,2024-06-01,2417.28,Approved,Buyer_E
PO0002503,SUP00014,DPT003,2024-03-24,7817.32,Approved,Buyer_F
PO0002504,SUP00006,DPT004,2024-02-27,5796.37,Approved,Buyer_A
PO0002505,SUP00153,DPT002,2024-09-04,11413.7,Approved,Buyer_C
PO0002506,SUP00016,DPT012,2024-04-29,40586.63,Approved,Buyer_F
PO0002507,SUP00233,DPT004,2024-09-17,10403.41,Approved,Buyer_D
PO0002508,SUP00008,DPT003,2024-05-28,3172.61,Approved,Buyer_A
PO0002509,SUP00048,DPT001,2024-05-13,2290.58,Approved,Buyer_A
PO0002510,SUP00007,DPT009,2024-03-18,42014.92,Approved,Buyer_E
PO0002511,SUP00029,DPT006,2024-08-08,13545.28,Approved,Buyer_C
PO0002512,SUP00005,DPT004,2024-04-05,12683.81,Approved,Buyer_E
PO0002513,SUP00006,DPT002,2024-10-31,5746.05,Approved,Buyer_F
PO0002514,SUP00092,DPT008,2024-05-16,10592.08,Pending,Buyer_A
PO0002515,SUP00009,DPT011,2024-09-29,3020.08,Approved,Buyer_C
PO0002516,SUP00006,DPT003,2024-06-06,11934.62,Approved,Buyer_A
PO0002517,SUP00279,DPT002,2024-05-18,2502.71,Approved,Buyer_F
PO0002518,SUP00002,DPT001,2024-05-31,5657.35,Approved,Buyer_C
PO0002519,SUP00064,DPT001,2024-05-27,4260.35,Approved,Buyer_F
PO0002520,SUP00054,DPT008,2024-06-09,311.88,Pending,Buyer_B
PO0002521,SUP00009,DPT012,2024-10-24,5728.63,Approved,Buyer_A
PO0002522,SUP00025,DPT012,2024-08-23,3298.2,Approved,Buyer_F
PO0002523,SUP00003,DPT009,2024-01-12,6565.67,Approved,Buyer_D
PO0002524,SUP00156,DPT002,2024-01-20,8117.06,Approved,Buyer_B
PO0002525,SUP00008,DPT012,2024-01-08,47473.74,Approved,Buyer_E
PO0002526,SUP00007,DPT003,2024-08-19,10989.65,Pending,Buyer_C
PO0002527,SUP00011,DPT003,2024-03-09,11317.58,Approved,Buyer_A
PO0002528,SUP00263,DPT007,2024-05-09,13301.26,Approved,Buyer_B
PO0002529,SUP00200,DPT001,2024-10-04,19376.35,Approved,Buyer_E
PO0002530,SUP00289,DPT009,2024-02-14,12762.67,Approved,Buyer_A
PO0002531,SUP00115,DPT012,2024-02-21,10739.81,Approved,Buyer_C
PO0002532,SUP00122,DPT009,2024-01-27,16502.17,Approved,Buyer_B
PO0002533,SUP00028,DPT009,2024-04-05,715.77,Approved,Buyer_E
PO0002534,SUP00265,DPT004,2024-01-31,65450.64,Approved,Buyer_F
PO0002535,SUP00032,DPT001,2024-07-29,39724.76,Approved,Buyer_E
PO0002536,SUP00015,DPT009,2024-09-03,10068.19,Approved,Buyer_E
PO0002537,SUP00108,DPT006,2024-03-02,1972.37,Approved,Buyer_A
PO0002538,SUP00053,DPT011,2024-06-24,27183.09,Approved,Buyer_F
PO0002539,SUP00005,DPT001,2024-04-11,4048.59,Approved,Buyer_A
PO0002540,SUP00019,DPT003,2024-01-27,13819.57,Approved,Buyer_C
PO0002541,SUP00011,DPT003,2024-06-05,2246.42,Approved,Buyer_E
PO0002542,SUP00230,DPT007,2024-08-21,75087.31,Pending,Buyer_B
PO0002543,SUP00018,DPT009,2024-03-17,1915.59,Approved,Buyer_B
PO0002544,SUP00215,DPT012,2024-09-21,8681.82,Approved,Buyer_A
PO0002545,SUP00024,DPT003,2024-11-28,970.5,Approved,Buyer_C
PO0002546,SUP00175,DPT004,2024-01-19,7775.85,Approved,Buyer_C
PO0002547,SUP00005,DPT001,2024-02-24,5296.04,Approved,Buyer_C
PO0002548,SUP00276,DPT002,2024-04-06,25265.2,Approved,Buyer_A
PO0002549,SUP00028,DPT003,2024-10-11,5295.54,Approved,Buyer_B
PO0002550,SUP00009,DPT006,2024-02-17,25301.62,Approved,Buyer_A
PO0002551,SUP00008,DPT004,2024-06-06,2909.92,Approved,Buyer_B
PO0002552,SUP00009,DPT003,2024-06-29,6112.18,Approved,Buyer_D
PO0002553,SUP00017,DPT006,2024-02-13,6235.96,Approved,Buyer_A
PO0002554,SUP00154,DPT009,2024-01-15,13300.92,Approved,Buyer_A
PO0002555,SUP00291,DPT002,2024-02-09,11712.06,Approved,Buyer_D
PO0002556,SUP00125,DPT003,2024-01-19,16684.33,Approved,Buyer_D
PO0002557,SUP00053,DPT007,2024-06-16,10581.16,Pending,Buyer_F
PO0002558,SUP00025,DPT009,2024-11-09,15698.41,Approved,Buyer_D
PO0002559,SUP00219,DPT009,2024-04-28,3301.51,Approved,Buyer_F
PO0002560,SUP00232,DPT002,2024-03-27,11953.73,Approved,Buyer_E
PO0002561,SUP00010,DPT005,2024-03-19,40465.54,Approved,Buyer_D
PO0002562,SUP00293,DPT011,2024-11-24,1510.21,Approved,Buyer_C
PO0002563,SUP00019,DPT004,2024-11-17,13213.68,Approved,Buyer_A
PO0002564,SUP00203,DPT004,2024-08-05,15943.07,Approved,Buyer_E
PO0002565,SUP00301,DPT012,2024-06-04,34932.97,Approved,Buyer_F
PO0002566,SUP00146,DPT001,2024-02-23,16748.21,Approved,Buyer_C
PO0002567,SUP00006,DPT007,2024-11-07,8958.12,Approved,Buyer_C
PO0002568,SUP00076,DPT010,2024-01-01,12457.44,Approved,Buyer_A
PO0002569,SUP00004,DPT002,2024-02-24,3885.33,Approved,Buyer_D
PO0002570,SUP00196,DPT007,2024-08-15,5497.41,Approved,Buyer_B
PO0002571,SUP00010,DPT004,2024-03-02,2130.89,Approved,Buyer_A
PO0002572,SUP00141,DPT010,2024-02-06,35847.51,Approved,Buyer_A
PO0002573,SUP00267,DPT011,2024-07-18,12710.16,Approved,Buyer_C
PO0002574,SUP00006,DPT010,2024-01-09,3241.81,Approved,Buyer_C
PO0002575,SUP00019,DPT001,2024-03-31,10629.17,Approved,Buyer_C
PO0002576,SUP00112,DPT008,2024-08-03,25831.44,Approved,Buyer_E
PO0002577,SUP00022,DPT011,2024-03-02,21868.28,Approved,Buyer_D
PO0002578,SUP00006,DPT006,2024-09-11,3204.66,Approved,Buyer_E
PO0002579,SUP00001,DPT006,2024-02-01,352.89,Approved,Buyer_B
PO0002580,SUP00020,DPT001,2024-07-24,12032.73,Approved,Buyer_B
PO0002581,SUP00114,DPT010,2024-01-26,3338.01,Approved,Buyer_D
PO0002582,SUP00069,DPT001,2024-09-02,15098.15,Approved,Buyer_A
PO0002583,SUP00006,DPT003,2024-09-09,20957.89,Approved,Buyer_E
PO0002584,SUP00025,DPT011,2024-09-23,24677.15,Approved,Buyer_B
PO0002585,SUP00017,DPT011,2024-04-04,46385.42,Approved,Buyer_F
PO0002586,SUP00009,DPT012,2024-03-20,27899.3,Approved,Buyer_F
PO0002587,SUP00161,DPT004,2024-11-23,46609.0,Approved,Buyer_D
PO0002588,SUP00011,DPT002,2024-09-01,32178.71,Approved,Buyer_B
PO0002589,SUP00049,DPT004,2024-03-02,35109.17,Approved,Buyer_C
PO0002590,SUP00275,DPT001,2024-01-10,7778.6,Approved,Buyer_C
PO0002591,SUP00049,DPT010,2024-04-28,2232.05,Approved,Buyer_C
PO0002592,SUP00095,DPT005,2024-08-10,96980.99,Approved,Buyer_A
PO0002593,SUP00003,DPT004,2024-05-05,8629.6,Approved,Buyer_B
PO0002594,SUP00006,DPT001,2024-09-27,27686.72,Approved,Buyer_E
PO0002595,SUP00004,DPT004,2024-06-16,4673.79,Approved,Buyer_A
PO0002596,SUP00182,DPT010,2024-11-28,21245.97,Approved,Buyer_C
PO0002597,SUP00224,DPT007,2024-10-18,702.77,Approved,Buyer_F
PO0002598,SUP00007,DPT001,2024-06-06,5375.23,Approved,Buyer_A
PO0002599,SUP00008,DPT002,2024-10-06,7343.63,Approved,Buyer_F
PO0002600,SUP00012,DPT004,2024-05-30,12869.41,Pending,Buyer_C
PO0002601,SUP00079,DPT001,2024-01-04,23671.44,Approved,Buyer_C
PO0002602,SUP00097,DPT011,2024-04-13,2713.13,Approved,Buyer_E
PO0002603,SUP00136,DPT006,2024-05-17,15677.29,Approved,Buyer_E
PO0002604,SUP00265,DPT001,2024-11-23,27630.26,Approved,Buyer_C
PO0002605,SUP00010,DPT009,2024-10-04,84618.79,Pending,Buyer_A
PO0002606,SUP00119,DPT003,2024-02-19,16426.12,Approved,Buyer_F
PO0002607,SUP00061,DPT002,2024-01-01,5117.87,Approved,Buyer_A
PO0002608,SUP00011,DPT005,2024-06-26,2271.59,Approved,Buyer_F
PO0002609,SUP00266,DPT001,2024-06-27,50473.43,Approved,Buyer_C
PO0002610,SUP00004,DPT004,2024-09-03,16938.46,Approved,Buyer_D
PO0002611,SUP00151,DPT009,2024-03-27,7926.96,Approved,Buyer_E
PO0002612,SUP00160,DPT011,2024-09-29,1603.88,Approved,Buyer_F
PO0002613,SUP00271,DPT003,2024-05-18,3193.32,Approved,Buyer_A
PO0002614,SUP00036,DPT006,2024-04-22,15234.54,Pending,Buyer_E
PO0002615,SUP00012,DPT002,2024-05-20,11542.98,Approved,Buyer_D
PO0002616,SUP00219,DPT005,2024-11-12,1157.1,Approved,Buyer_C
PO0002617,SUP00185,DPT002,2024-05-11,15254.24,Approved,Buyer_C
PO0002618,SUP00030,DPT005,2024-07-06,1688.45,Approved,Buyer_E
PO0002619,SUP00184,DPT002,2024-10-25,31382.61,Approved,Buyer_A
PO0002620,SUP00009,DPT011,2024-01-07,9982.17,Approved,Buyer_D
PO0002621,SUP00078,DPT010,2024-06-28,5097.87,Approved,Buyer_E
PO0002622,SUP00241,DPT003,2024-08-25,21810.66,Approved,Buyer_D
PO0002623,SUP00012,DPT009,2024-10-29,11539.13,Approved,Buyer_C
PO0002624,SUP00028,DPT001,2024-01-21,30483.1,Approved,Buyer_D
PO0002625,SUP00292,DPT008,2024-08-31,8782.14,Approved,Buyer_D
PO0002626,SUP00201,DPT003,2024-09-25,9309.77,Approved,Buyer_E
PO0002627,SUP00254,DPT002,2024-04-27,6092.11,Approved,Buyer_E
PO0002628,SUP00018,DPT007,2024-09-06,10540.36,Approved,Buyer_F
PO0002629,SUP00318,DPT004,2024-06-14,44265.06,Approved,Buyer_A
PO0002630,SUP00006,DPT005,2024-08-08,4901.2,Approved,Buyer_B
PO0002631,SUP00037,DPT005,2024-05-10,15490.08,Approved,Buyer_F
PO0002632,SUP00028,DPT001,2024-02-29,3359.53,Rejected,Buyer_D
PO0002633,SUP00202,DPT001,2024-10-04,1025.84,Approved,Buyer_C
PO0002634,SUP00267,DPT006,2024-03-13,9971.23,Approved,Buyer_D
PO0002635,SUP00162,DPT006,2024-03-03,11735.87,Approved,Buyer_C
PO0002636,SUP00100,DPT001,2024-10-23,7258.65,Approved,Buyer_F
PO0002637,SUP00023,DPT003,2024-11-09,1815.32,Approved,Buyer_D
PO0002638,SUP00032,DPT006,2024-07-23,10985.17,Approved,Buyer_C
PO0002639,SUP00031,DPT006,2024-07-13,10575.69,Approved,Buyer_D
PO0002640,SUP00001,DPT009,2024-04-30,3331.64,Approved,Buyer_B
PO0002641,SUP00030,DPT004,2024-07-23,2093.32,Approved,Buyer_E
PO0002642,SUP00236,DPT005,2024-07-23,6295.64,Approved,Buyer_B
PO0002643,SUP00149,DPT005,2024-06-22,15567.32,Approved,Buyer_A
PO0002644,SUP00200,DPT003,2024-08-07,12291.4,Approved,Buyer_A
PO0002645,SUP00019,DPT001,2024-07-04,3358.21,Approved,Buyer_A
PO0002646,SUP00043,DPT001,2024-10-21,9292.15,Approved,Buyer_A
PO0002647,SUP00002,DPT009,2024-08-11,19675.44,Approved,Buyer_A
PO0002648,SUP00018,DPT002,2024-05-09,2508.23,Approved,Buyer_B
PO0002649,SUP00027,DPT006,2024-08-07,8631.34,Approved,Buyer_F
PO0002650,SUP00009,DPT005,2024-03-18,30934.92,Approved,Buyer_A
PO0002651,SUP00002,DPT004,2024-03-12,2264.41,Approved,Buyer_E
PO0002652,SUP00138,DPT009,2024-10-03,25732.92,Approved,Buyer_F
PO0002653,SUP00023,DPT007,2024-07-14,40912.36,Pending,Buyer_E
PO0002654,SUP00021,DPT001,2024-01-19,6488.55,Approved,Buyer_C
PO0002655,SUP00009,DPT009,2024-04-28,5750.21,Approved,Buyer_A
PO0002656,SUP00048,DPT004,2024-11-25,22767.62,Approved,Buyer_C
PO0002657,SUP00024,DPT003,2024-08-01,6726.9,Approved,Buyer_D
PO0002658,SUP00027,DPT008,2024-10-17,770.37,Approved,Buyer_E
PO0002659,SUP00073,DPT007,2024-07-02,7340.82,Approved,Buyer_A
PO0002660,SUP00001,DPT003,2024-01-15,12970.13,Approved,Buyer_B
PO0002661,SUP00266,DPT012,2024-01-31,16984.97,Approved,Buyer_D
PO0002662,SUP00003,DPT006,2024-09-03,3358.91,Approved,Buyer_E
PO0002663,SUP00025,DPT006,2024-09-10,6186.96,Approved,Buyer_B
PO0002664,SUP00007,DPT001,2024-06-02,21523.64,Approved,Buyer_E
PO0002665,SUP00040,DPT003,2024-08-30,7631.21,Approved,Buyer_E
PO0002666,SUP00010,DPT004,2024-07-03,1756.82,Approved,Buyer_C
PO0002667,SUP00238,DPT006,2024-09-04,27935.07,Rejected,Buyer_D
PO0002668,SUP00019,DPT005,2024-08-13,6541.29,Approved,Buyer_C
PO0002669,SUP00107,DPT008,2024-06-01,24130.18,Approved,Buyer_E
PO0002670,SUP00009,DPT002,2024-08-06,2007.29,Approved,Buyer_B
PO0002671,SUP00001,DPT007,2024-04-16,7179.7,Approved,Buyer_B
PO0002672,SUP00020,DPT009,2024-09-07,13490.43,Approved,Buyer_C
PO0002673,SUP00047,DPT008,2024-11-02,7426.84,Approved,Buyer_B
PO0002674,SUP00026,DPT009,2024-03-10,2482.43,Approved,Buyer_D
PO0002675,SUP00298,DPT010,2024-08-11,744.86,Approved,Buyer_F
PO0002676,SUP00148,DPT001,2024-02-06,37170.29,Approved,Buyer_C
PO0002677,SUP00318,DPT007,2024-05-06,10384.17,Approved,Buyer_F
PO0002678,SUP00010,DPT012,2024-08-12,26024.69,Approved,Buyer_C
PO0002679,SUP00196,DPT005,2024-04-02,20510.03,Approved,Buyer_A
PO0002680,SUP00058,DPT002,2024-03-20,14718.3,Approved,Buyer_C
PO0002681,SUP00091,DPT012,2024-05-08,5876.18,Approved,Buyer_C
PO0002682,SUP00312,DPT002,2024-02-08,13223.71,Approved,Buyer_A
PO0002683,SUP00116,DPT003,2024-07-28,33946.36,Approved,Buyer_C
PO0002684,SUP00261,DPT002,2024-02-13,8804.44,Rejected,Buyer_A
PO0002685,SUP00159,DPT004,2024-04-21,54268.6,Approved,Buyer_E
PO0002686,SUP00005,DPT004,2024-04-14,1809.09,Approved,Buyer_D
PO0002687,SUP00143,DPT004,2024-11-20,1624.72,Approved,Buyer_B
PO0002688,SUP00028,DPT011,2024-11-28,21765.36,Approved,Buyer_A
PO0002689,SUP00273,DPT004,2024-01-27,3573.34,Approved,Buyer_D
PO0002690,SUP00207,DPT005,2024-02-22,62525.95,Approved,Buyer_E
PO0002691,SUP00004,DPT010,2024-09-02,30863.87,Approved,Buyer_C
PO0002692,SUP00005,DPT009,2024-04-10,39639.11,Approved,Buyer_F
PO0002693,SUP00003,DPT002,2024-08-03,19622.58,Approved,Buyer_B
PO0002694,SUP00029,DPT001,2024-11-04,3224.12,Rejected,Buyer_E
PO0002695,SUP00003,DPT006,2024-02-24,1541.73,Approved,Buyer_C
PO0002696,SUP00157,DPT009,2024-11-18,36145.03,Approved,Buyer_B
PO0002697,SUP00056,DPT005,2024-01-18,1808.82,Approved,Buyer_B
PO0002698,SUP00224,DPT002,2024-03-17,39532.79,Approved,Buyer_C
PO0002699,SUP00010,DPT008,2024-06-19,15829.25,Approved,Buyer_A
PO0002700,SUP00037,DPT007,2024-10-21,7508.17,Approved,Buyer_D
PO0002701,SUP00004,DPT005,2024-07-04,12607.51,Approved,Buyer_C
PO0002702,SUP00252,DPT010,2024-02-16,12903.98,Approved,Buyer_E
PO0002703,SUP00006,DPT009,2024-03-24,6618.27,Approved,Buyer_D
PO0002704,SUP00004,DPT007,2024-09-12,33714.63,Approved,Buyer_F
PO0002705,SUP00007,DPT007,2024-07-07,32578.27,Approved,Buyer_A
PO0002706,SUP00206,DPT007,2024-01-05,9467.87,Approved,Buyer_C
PO0002707,SUP00004,DPT005,2024-06-17,4447.09,Approved,Buyer_D
PO0002708,SUP00093,DPT004,2024-05-16,29910.18,Approved,Buyer_B
PO0002709,SUP00171,DPT007,2024-01-01,1072.17,Approved,Buyer_E
PO0002710,SUP00174,DPT006,2024-03-23,12630.79,Approved,Buyer_C
PO0002711,SUP00007,DPT004,2024-11-09,16976.33,Approved,Buyer_E
PO0002712,SUP00003,DPT001,2024-08-23,3539.17,Rejected,Buyer_F
PO0002713,SUP00025,DPT007,2024-01-24,21456.56,Approved,Buyer_F
PO0002714,SUP00007,DPT006,2024-01-06,7892.07,Approved,Buyer_D
PO0002715,SUP00143,DPT003,2024-04-25,4695.22,Approved,Buyer_E
PO0002716,SUP00016,DPT003,2024-06-04,21231.12,Approved,Buyer_F
PO0002717,SUP00025,DPT002,2024-05-31,2736.17,Approved,Buyer_F
PO0002718,SUP00004,DPT012,2024-08-21,19325.74,Approved,Buyer_E
PO0002719,SUP00065,DPT010,2024-02-28,1116.16,Approved,Buyer_F
PO0002720,SUP00007,DPT005,2024-01-16,10782.77,Approved,Buyer_F
PO0002721,SUP00131,DPT004,2024-08-13,8466.26,Approved,Buyer_B
PO0002722,SUP00003,DPT008,2024-10-27,4723.49,Approved,Buyer_D
PO0002723,SUP00306,DPT005,2024-05-01,11963.61,Approved,Buyer_C
PO0002724,SUP00134,DPT012,2024-07-28,7483.31,Approved,Buyer_F
PO0002725,SUP00006,DPT001,2024-02-25,23264.77,Approved,Buyer_E
PO0002726,SUP00001,DPT001,2024-10-15,14187.99,Approved,Buyer_F
PO0002727,SUP00013,DPT005,2024-03-16,12742.45,Approved,Buyer_C
PO0002728,SUP00006,DPT002,2024-06-27,10849.36,Approved,Buyer_F
PO0002729,SUP00008,DPT006,2024-04-23,5053.49,Approved,Buyer_A
PO0002730,SUP00245,DPT009,2024-08-11,5992.1,Pending,Buyer_F
PO0002731,SUP00086,DPT002,2024-03-07,10386.02,Approved,Buyer_B
PO0002732,SUP00006,DPT004,2024-02-02,6813.36,Rejected,Buyer_D
PO0002733,SUP00059,DPT007,2024-06-20,24623.41,Approved,Buyer_E
PO0002734,SUP00009,DPT009,2024-10-16,8896.83,Approved,Buyer_E
PO0002735,SUP00306,DPT004,2024-07-31,11801.32,Approved,Buyer_B
PO0002736,SUP00002,DPT002,2024-09-10,1992.84,Approved,Buyer_D
PO0002737,SUP00163,DPT005,2024-05-25,20810.86,Approved,Buyer_D
PO0002738,SUP00187,DPT004,2024-02-16,4531.58,Approved,Buyer_E
PO0002739,SUP00003,DPT009,2024-05-23,2856.48,Approved,Buyer_B
PO0002740,SUP00006,DPT005,2024-11-26,42031.98,Approved,Buyer_E
PO0002741,SUP00018,DPT003,2024-09-18,16278.84,Pending,Buyer_D
PO0002742,SUP00243,DPT008,2024-08-23,21527.7,Approved,Buyer_E
PO0002743,SUP00047,DPT005,2024-04-10,12765.43,Approved,Buyer_F
PO0002744,SUP00117,DPT002,2024-07-19,7382.36,Approved,Buyer_C
PO0002745,SUP00192,DPT005,2024-07-27,6126.6,Approved,Buyer_C
PO0002746,SUP00219,DPT011,2024-08-07,17660.93,Approved,Buyer_E
PO0002747,SUP00027,DPT007,2024-10-26,25147.63,Approved,Buyer_E
PO0002748,SUP00031,DPT003,2024-08-16,7569.0,Approved,Buyer_F
PO0002749,SUP00154,DPT007,2024-03-15,64379.01,Approved,Buyer_D
PO0002750,SUP00009,DPT003,2024-03-15,6652.06,Approved,Buyer_D
PO0002751,SUP00235,DPT005,2024-07-26,2010.2,Approved,Buyer_A
PO0002752,SUP00001,DPT005,2024-10-17,1448.78,Approved,Buyer_C
PO0002753,SUP00007,DPT002,2024-11-13,1498.51,Approved,Buyer_B
PO0002754,SUP00203,DPT003,2024-07-23,5357.15,Approved,Buyer_F
PO0002755,SUP00014,DPT011,2024-06-26,6425.19,Pending,Buyer_A
PO0002756,SUP00005,DPT002,2024-09-30,16036.13,Approved,Buyer_E
PO0002757,SUP00007,DPT009,2024-11-23,7874.56,Approved,Buyer_F
PO0002758,SUP00044,DPT007,2024-01-10,18833.1,Approved,Buyer_C
PO0002759,SUP00230,DPT005,2024-04-13,8475.14,Approved,Buyer_E
PO0002760,SUP00003,DPT002,2024-04-21,8213.39,Approved,Buyer_D
PO0002761,SUP00001,DPT002,2024-07-08,4548.19,Approved,Buyer_E
PO0002762,SUP00026,DPT002,2024-04-08,33610.32,Approved,Buyer_E
PO0002763,SUP00295,DPT005,2024-04-14,1752.0,Approved,Buyer_B
PO0002764,SUP00010,DPT012,2024-01-09,10952.36,Approved,Buyer_E
PO0002765,SUP00296,DPT010,2024-01-02,6757.1,Approved,Buyer_F
PO0002766,SUP00254,DPT001,2024-05-30,17707.7,Approved,Buyer_B
PO0002767,SUP00010,DPT003,2024-11-30,7936.05,Approved,Buyer_B
PO0002768,SUP00212,DPT002,2024-04-09,8173.43,Approved,Buyer_B
PO0002769,SUP00135,DPT012,2024-03-21,6206.55,Approved,Buyer_F
PO0002770,SUP00032,DPT002,2024-03-29,32638.78,Pending,Buyer_F
PO0002771,SUP00022,DPT002,2024-11-21,8122.6,Approved,Buyer_C
PO0002772,SUP00212,DPT006,2024-08-10,58084.33,Approved,Buyer_F
PO0002773,SUP00198,DPT005,2024-08-06,10638.63,Approved,Buyer_E
PO0002774,SUP00177,DPT002,2024-03-04,8281.34,Approved,Buyer_C
PO0002775,SUP00319,DPT007,2024-10-29,7007.06,Approved,Buyer_E
PO0002776,SUP00028,DPT001,2024-03-06,14246.22,Approved,Buyer_F
PO0002777,SUP00207,DPT001,2024-11-20,4498.98,Approved,Buyer_F
PO0002778,SUP00239,DPT001,2024-11-15,9374.44,Approved,Buyer_C
PO0002779,SUP00007,DPT003,2024-07-09,8169.29,Approved,Buyer_B
PO0002780,SUP00002,DPT012,2024-10-17,11217.69,Pending,Buyer_B
PO0002781,SUP00020,DPT005,2024-11-30,11499.17,Approved,Buyer_E
PO0002782,SUP00236,DPT008,2024-07-13,12112.52,Approved,Buyer_E
PO0002783,SUP00010,DPT003,2024-09-14,8909.78,Approved,Buyer_E
PO0002784,SUP00144,DPT007,2024-07-16,38907.55,Approved,Buyer_A
PO0002785,SUP00001,DPT012,2024-06-24,12364.3,Approved,Buyer_F
PO0002786,SUP00015,DPT003,2024-04-22,109752.85,Approved,Buyer_A
PO0002787,SUP00094,DPT012,2024-08-07,8517.27,Approved,Buyer_D
PO0002788,SUP00005,DPT006,2024-03-30,21139.81,Approved,Buyer_F
PO0002789,SUP00259,DPT008,2024-03-06,3920.41,Approved,Buyer_B
PO0002790,SUP00006,DPT002,2024-04-02,32885.57,Approved,Buyer_D
PO0002791,SUP00267,DPT006,2024-01-04,4006.67,Approved,Buyer_F
PO0002792,SUP00008,DPT005,2024-11-08,12783.08,Approved,Buyer_B
PO0002793,SUP00317,DPT011,2024-03-27,6220.3,Approved,Buyer_A
PO0002794,SUP00087,DPT011,2024-09-24,12733.71,Approved,Buyer_C
PO0002795,SUP00003,DPT004,2024-05-25,6407.37,Approved,Buyer_E
PO0002796,SUP00003,DPT011,2024-04-23,3680.29,Approved,Buyer_D
PO0002797,SUP00003,DPT010,2024-03-17,6175.89,Approved,Buyer_C
PO0002798,SUP00079,DPT006,2024-10-01,37857.34,Approved,Buyer_D
PO0002799,SUP00208,DPT001,2024-06-21,12929.62,Approved,Buyer_A
PO0002800,SUP00020,DPT002,2024-05-30,2233.11,Approved,Buyer_C
PO0002801,SUP00024,DPT001,2024-08-08,24230.87,Approved,Buyer_F
PO0002802,SUP00078,DPT001,2024-09-25,3322.54,Approved,Buyer_C
PO0002803,SUP00045,DPT012,2024-08-07,17040.69,Approved,Buyer_F
PO0002804,SUP00136,DPT002,2024-06-05,14089.22,Approved,Buyer_D
PO0002805,SUP00027,DPT007,2024-10-26,15007.58,Approved,Buyer_F
PO0002806,SUP00152,DPT006,2024-10-27,51698.76,Approved,Buyer_D
PO0002807,SUP00319,DPT006,2024-11-19,3538.15,Approved,Buyer_C
PO0002808,SUP00015,DPT002,2024-01-31,14925.03,Approved,Buyer_F
PO0002809,SUP00001,DPT005,2024-10-25,28555.04,Approved,Buyer_B
PO0002810,SUP00005,DPT006,2024-03-05,4258.44,Approved,Buyer_C
PO0002811,SUP00057,DPT005,2024-07-26,3843.91,Approved,Buyer_E
PO0002812,SUP00014,DPT002,2024-08-08,6080.32,Approved,Buyer_F
PO0002813,SUP00285,DPT008,2024-03-09,11211.92,Approved,Buyer_B
PO0002814,SUP00101,DPT001,2024-01-03,1977.37,Approved,Buyer_F
PO0002815,SUP00038,DPT006,2024-11-12,14064.4,Approved,Buyer_C
PO0002816,SUP00201,DPT004,2024-10-25,1981.51,Pending,Buyer_C
PO0002817,SUP00009,DPT002,2024-02-28,29534.99,Approved,Buyer_A
PO0002818,SUP00214,DPT009,2024-07-20,13544.92,Rejected,Buyer_A
PO0002819,SUP00001,DPT002,2024-02-20,54892.93,Approved,Buyer_D
PO0002820,SUP00096,DPT011,2024-07-08,15816.1,Approved,Buyer_D
PO0002821,SUP00282,DPT010,2024-04-16,5974.4,Approved,Buyer_A
PO0002822,SUP00195,DPT003,2024-09-08,3645.77,Approved,Buyer_F
PO0002823,SUP00234,DPT003,2024-07-11,10289.62,Approved,Buyer_D
PO0002824,SUP00020,DPT002,2024-06-15,7861.63,Approved,Buyer_A
PO0002825,SUP00217,DPT011,2024-08-16,26532.85,Approved,Buyer_F
PO0002826,SUP00055,DPT006,2024-06-08,3201.52,Approved,Buyer_B
PO0002827,SUP00095,DPT001,2024-01-05,61138.8,Approved,Buyer_E
PO0002828,SUP00002,DPT005,2024-07-18,28992.05,Approved,Buyer_E
PO0002829,SUP00007,DPT001,2024-09-17,6610.91,Approved,Buyer_E
PO0002830,SUP00056,DPT005,2024-06-13,48914.1,Approved,Buyer_E
PO0002831,SUP00002,DPT004,2024-02-28,3702.9,Approved,Buyer_F
PO0002832,SUP00168,DPT001,2024-01-03,9952.61,Approved,Buyer_A
PO0002833,SUP00226,DPT009,2024-04-09,2260.92,Approved,Buyer_C
PO0002834,SUP00274,DPT002,2024-09-14,51357.65,Approved,Buyer_C
PO0002835,SUP00004,DPT005,2024-04-17,1560.27,Approved,Buyer_C
PO0002836,SUP00285,DPT006,2024-11-16,1919.0,Approved,Buyer_B
PO0002837,SUP00003,DPT012,2024-04-21,4295.34,Approved,Buyer_B
PO0002838,SUP00027,DPT004,2024-05-23,30403.82,Approved,Buyer_F
PO0002839,SUP00226,DPT011,2024-09-11,21053.98,Approved,Buyer_F
PO0002840,SUP00003,DPT003,2024-07-24,9154.96,Approved,Buyer_E
PO0002841,SUP00001,DPT010,2024-01-14,22447.31,Approved,Buyer_D
PO0002842,SUP00001,DPT002,2024-01-26,7219.83,Approved,Buyer_C
PO0002843,SUP00032,DPT007,2024-03-06,12362.57,Approved,Buyer_E
PO0002844,SUP00209,DPT001,2024-10-18,42265.49,Approved,Buyer_F
PO0002845,SUP00005,DPT012,2024-01-08,6332.06,Approved,Buyer_C
PO0002846,SUP00005,DPT011,2024-01-24,3765.47,Approved,Buyer_D
PO0002847,SUP00066,DPT004,2024-09-17,12969.71,Approved,Buyer_F
PO0002848,SUP00008,DPT005,2024-07-27,16988.2,Approved,Buyer_F
PO0002849,SUP00161,DPT006,2024-11-25,9049.35,Approved,Buyer_B
PO0002850,SUP00291,DPT003,2024-03-14,22101.07,Approved,Buyer_B
PO0002851,SUP00182,DPT007,2024-08-08,6625.9,Approved,Buyer_B
PO0002852,SUP00248,DPT007,2024-02-15,9205.4,Approved,Buyer_A
PO0002853,SUP00037,DPT005,2024-07-16,11784.91,Approved,Buyer_E
PO0002854,SUP00222,DPT002,2024-02-05,10800.64,Approved,Buyer_C
PO0002855,SUP00006,DPT011,2024-10-31,40671.04,Approved,Buyer_A
PO0002856,SUP00003,DPT001,2024-05-19,11725.91,Approved,Buyer_B
PO0002857,SUP00118,DPT006,2024-03-26,5979.53,Approved,Buyer_D
PO0002858,SUP00002,DPT001,2024-11-25,13738.83,Approved,Buyer_F
PO0002859,SUP00257,DPT002,2024-01-23,22222.28,Approved,Buyer_D
PO0002860,SUP00139,DPT001,2024-09-24,17575.05,Pending,Buyer_D
PO0002861,SUP00292,DPT003,2024-06-19,16627.41,Approved,Buyer_B
PO0002862,SUP00011,DPT006,2024-08-18,1811.57,Approved,Buyer_B
PO0002863,SUP00028,DPT005,2024-03-28,670.14,Approved,Buyer_E
PO0002864,SUP00168,DPT007,2024-10-22,29006.19,Approved,Buyer_E
PO0002865,SUP00008,DPT007,2024-05-31,12567.35,Approved,Buyer_F
PO0002866,SUP00050,DPT002,2024-05-20,7930.11,Approved,Buyer_D
PO0002867,SUP00120,DPT001,2024-06-01,16225.07,Approved,Buyer_B
PO0002868,SUP00308,DPT006,2024-04-09,55676.31,Approved,Buyer_D
PO0002869,SUP00170,DPT006,2024-04-16,33307.28,Approved,Buyer_F
PO0002870,SUP00004,DPT005,2024-02-16,21209.84,Approved,Buyer_B
PO0002871,SUP00027,DPT002,2024-06-11,3338.49,Approved,Buyer_F
PO0002872,SUP00078,DPT009,2024-06-08,3801.72,Pending,Buyer_F
PO0002873,SUP00005,DPT001,2024-05-07,745.16,Approved,Buyer_E
PO0002874,SUP00023,DPT006,2024-11-26,15267.99,Approved,Buyer_D
PO0002875,SUP00010,DPT001,2024-02-07,24553.93,Approved,Buyer_C
PO0002876,SUP00004,DPT006,2024-10-31,26640.24,Approved,Buyer_F
PO0002877,SUP00033,DPT004,2024-10-17,15921.58,Approved,Buyer_A
PO0002878,SUP00006,DPT007,2024-01-08,6946.08,Pending,Buyer_E
PO0002879,SUP00079,DPT001,2024-08-22,4608.8,Approved,Buyer_C
PO0002880,SUP00006,DPT005,2024-03-11,3549.76,Approved,Buyer_D
PO0002881,SUP00157,DPT002,2024-01-14,6881.38,Approved,Buyer_C
PO0002882,SUP00007,DPT007,2024-10-15,3047.8,Approved,Buyer_A
PO0002883,SUP00259,DPT001,2024-02-08,46908.49,Approved,Buyer_F
PO0002884,SUP00001,DPT001,2024-04-10,2203.12,Rejected,Buyer_E
PO0002885,SUP00038,DPT007,2024-02-02,6653.82,Approved,Buyer_D
PO0002886,SUP00012,DPT001,2024-02-17,1168.86,Approved,Buyer_A
PO0002887,SUP00008,DPT002,2024-01-21,10900.4,Approved,Buyer_E
PO0002888,SUP00027,DPT009,2024-10-09,8083.79,Approved,Buyer_F
PO0002889,SUP00227,DPT009,2024-01-20,5671.5,Approved,Buyer_E
PO0002890,SUP00271,DPT010,2024-09-11,3188.22,Approved,Buyer_B
PO0002891,SUP00010,DPT003,2024-02-22,8123.06,Approved,Buyer_B
PO0002892,SUP00006,DPT005,2024-11-02,4701.04,Approved,Buyer_C
PO0002893,SUP00155,DPT009,2024-10-11,7066.58,Approved,Buyer_A
PO0002894,SUP00074,DPT002,2024-07-29,57378.79,Approved,Buyer_D
PO0002895,SUP00007,DPT008,2024-10-04,9625.56,Approved,Buyer_C
PO0002896,SUP00179,DPT001,2024-04-09,13806.12,Approved,Buyer_D
PO0002897,SUP00037,DPT011,2024-09-19,5092.56,Pending,Buyer_F
PO0002898,SUP00116,DPT006,2024-03-15,3698.06,Approved,Buyer_D
PO0002899,SUP00016,DPT004,2024-07-24,7919.17,Approved,Buyer_C
PO0002900,SUP00024,DPT004,2024-11-03,99104.09,Pending,Buyer_E
PO0002901,SUP00006,DPT002,2024-08-30,6078.86,Approved,Buyer_C
PO0002902,SUP00177,DPT003,2024-03-31,11631.1,Approved,Buyer_E
PO0002903,SUP00006,DPT008,2024-09-04,3539.01,Approved,Buyer_F
PO0002904,SUP00190,DPT005,2024-10-22,515.29,Approved,Buyer_F
PO0002905,SUP00201,DPT005,2024-10-24,3678.16,Approved,Buyer_D
PO0002906,SUP00171,DPT002,2024-09-04,87615.18,Approved,Buyer_C
PO0002907,SUP00001,DPT007,2024-09-02,14696.88,Rejected,Buyer_C
PO0002908,SUP00009,DPT004,2024-09-19,41811.4,Approved,Buyer_D
PO0002909,SUP00027,DPT002,2024-09-03,5723.17,Approved,Buyer_F
PO0002910,SUP00082,DPT011,2024-02-14,767.52,Approved,Buyer_F
PO0002911,SUP00273,DPT004,2024-09-26,2673.89,Approved,Buyer_D
PO0002912,SUP00017,DPT005,2024-03-01,12052.47,Approved,Buyer_B
PO0002913,SUP00247,DPT012,2024-07-05,10276.49,Approved,Buyer_C
PO0002914,SUP00006,DPT003,2024-04-23,8019.06,Approved,Buyer_B
PO0002915,SUP00017,DPT011,2024-03-12,4768.33,Pending,Buyer_B
PO0002916,SUP00002,DPT007,2024-04-04,20737.85,Approved,Buyer_A
PO0002917,SUP00169,DPT006,2024-01-29,4908.15,Pending,Buyer_E
PO0002918,SUP00005,DPT002,2024-05-27,11023.86,Approved,Buyer_E
PO0002919,SUP00009,DPT001,2024-05-20,9851.0,Approved,Buyer_B
PO0002920,SUP00188,DPT004,2024-05-15,5605.47,Approved,Buyer_E
PO0002921,SUP00046,DPT001,2024-01-31,3356.67,Approved,Buyer_A
PO0002922,SUP00001,DPT001,2024-07-22,5285.22,Approved,Buyer_B
PO0002923,SUP00001,DPT006,2024-02-26,52765.97,Approved,Buyer_B
PO0002924,SUP00032,DPT008,2024-10-13,24647.92,Approved,Buyer_A
PO0002925,SUP00010,DPT002,2024-01-08,22480.17,Approved,Buyer_E
PO0002926,SUP00006,DPT008,2024-01-19,3690.57,Approved,Buyer_A
PO0002927,SUP00093,DPT011,2024-04-10,1924.29,Approved,Buyer_C
PO0002928,SUP00008,DPT008,2024-05-16,24257.82,Approved,Buyer_C
PO0002929,SUP00080,DPT009,2024-11-20,20025.61,Approved,Buyer_D
PO0002930,SUP00018,DPT007,2024-06-24,9295.16,Approved,Buyer_B
PO0002931,SUP00007,DPT002,2024-05-06,5594.06,Approved,Buyer_C
PO0002932,SUP00005,DPT003,2024-10-07,1874.42,Approved,Buyer_E
PO0002933,SUP00008,DPT011,2024-03-21,19291.13,Approved,Buyer_C
PO0002934,SUP00001,DPT007,2024-10-27,26532.75,Pending,Buyer_F
PO0002935,SUP00011,DPT009,2024-05-15,4108.89,Approved,Buyer_C
PO0002936,SUP00263,DPT012,2024-04-14,3779.7,Approved,Buyer_E
PO0002937,SUP00221,DPT002,2024-04-10,28030.88,Approved,Buyer_A
PO0002938,SUP00017,DPT003,2024-01-04,4264.74,Approved,Buyer_F
PO0002939,SUP00070,DPT006,2024-08-13,48004.99,Approved,Buyer_C
PO0002940,SUP00065,DPT001,2024-07-12,7265.91,Rejected,Buyer_F
PO0002941,SUP00219,DPT005,2024-07-31,5505.14,Approved,Buyer_E
PO0002942,SUP00008,DPT009,2024-08-06,8476.97,Approved,Buyer_E
PO0002943,SUP00010,DPT006,2024-01-10,5504.76,Approved,Buyer_A
PO0002944,SUP00010,DPT003,2024-10-21,24989.53,Approved,Buyer_D
PO0002945,SUP00002,DPT008,2024-06-20,19649.56,Approved,Buyer_E
PO0002946,SUP00011,DPT002,2024-08-19,24055.2,Approved,Buyer_E
PO0002947,SUP00248,DPT010,2024-01-13,9745.1,Approved,Buyer_C
PO0002948,SUP00269,DPT001,2024-09-11,5134.03,Approved,Buyer_D
PO0002949,SUP00004,DPT010,2024-08-14,8029.97,Approved,Buyer_B
PO0002950,SUP00026,DPT004,2024-05-03,5293.86,Approved,Buyer_C
PO0002951,SUP00018,DPT004,2024-11-09,35122.47,Approved,Buyer_C
PO0002952,SUP00029,DPT004,2024-08-05,22076.6,Approved,Buyer_A
PO0002953,SUP00058,DPT002,2024-10-31,7394.39,Approved,Buyer_F
PO0002954,SUP00001,DPT004,2024-10-02,3208.39,Approved,Buyer_D
PO0002955,SUP00227,DPT009,2024-03-09,37829.32,Rejected,Buyer_B
PO0002956,SUP00305,DPT009,2024-11-29,9289.91,Approved,Buyer_F
PO0002957,SUP00116,DPT002,2024-09-05,7114.09,Approved,Buyer_E
PO0002958,SUP00120,DPT007,2024-03-04,38164.18,Approved,Buyer_E
PO0002959,SUP00042,DPT010,2024-09-22,4866.12,Approved,Buyer_F
PO0002960,SUP00013,DPT009,2024-05-23,5890.36,Approved,Buyer_C
PO0002961,SUP00005,DPT004,2024-10-16,6433.29,Approved,Buyer_C
PO0002962,SUP00075,DPT001,2024-02-28,2172.06,Approved,Buyer_D
PO0002963,SUP00002,DPT011,2024-03-27,11111.49,Approved,Buyer_F
PO0002964,SUP00217,DPT004,2024-04-26,3780.67,Pending,Buyer_E
PO0002965,SUP00022,DPT003,2024-05-31,4579.19,Approved,Buyer_E
PO0002966,SUP00021,DPT008,2024-07-30,4006.06,Approved,Buyer_E
PO0002967,SUP00013,DPT002,2024-03-15,4504.94,Approved,Buyer_A
PO0002968,SUP00302,DPT009,2024-08-24,3501.99,Approved,Buyer_C
PO0002969,SUP00006,DPT001,2024-01-09,10375.62,Rejected,Buyer_C
PO0002970,SUP00005,DPT008,2024-04-20,6935.49,Approved,Buyer_C
PO0002971,SUP00006,DPT012,2024-08-08,8501.59,Approved,Buyer_F
PO0002972,SUP00119,DPT012,2024-03-29,85287.92,Approved,Buyer_C
PO0002973,SUP00316,DPT011,2024-05-24,6935.71,Approved,Buyer_F
PO0002974,SUP00008,DPT010,2024-07-22,14838.01,Approved,Buyer_F
PO0002975,SUP00265,DPT003,2024-03-24,16626.44,Approved,Buyer_C
PO0002976,SUP00010,DPT012,2024-11-19,7609.43,Pending,Buyer_B
PO0002977,SUP00113,DPT011,2024-10-10,10655.16,Approved,Buyer_E
PO0002978,SUP00002,DPT005,2024-11-21,8272.55,Approved,Buyer_F
PO0002979,SUP00029,DPT004,2024-06-15,9922.48,Pending,Buyer_C
PO0002980,SUP00117,DPT001,2024-04-25,4507.43,Pending,Buyer_B
PO0002981,SUP00047,DPT006,2024-11-29,4943.3,Approved,Buyer_D
PO0002982,SUP00008,DPT007,2024-09-01,8241.37,Approved,Buyer_F
PO0002983,SUP00219,DPT004,2024-09-22,1127.88,Pending,Buyer_D
PO0002984,SUP00303,DPT004,2024-03-02,36173.16,Approved,Buyer_C
PO0002985,SUP00026,DPT005,2024-10-18,70323.27,Approved,Buyer_C
PO0002986,SUP00106,DPT001,2024-06-25,9607.99,Approved,Buyer_E
PO0002987,SUP00197,DPT011,2024-09-16,15763.76,Pending,Buyer_C
PO0002988,SUP00008,DPT003,2024-10-03,23886.24,Approved,Buyer_E
PO0002989,SUP00241,DPT002,2024-02-05,2154.54,Approved,Buyer_F
PO0002990,SUP00010,DPT001,2024-02-03,20502.0,Approved,Buyer_E
PO0002991,SUP00188,DPT010,2024-01-22,5289.93,Approved,Buyer_F
PO0002992,SUP00004,DPT010,2024-08-03,80075.42,Approved,Buyer_E
PO0002993,SUP00010,DPT001,2024-11-02,6712.59,Approved,Buyer_F
PO0002994,SUP00045,DPT002,2024-01-11,20094.11,Approved,Buyer_A
PO0002995,SUP00040,DPT004,2024-02-16,6779.01,Approved,Buyer_C
PO0002996,SUP00232,DPT002,2024-06-11,72888.98,Rejected,Buyer_B
PO0002997,SUP00318,DPT008,2024-05-11,4854.44,Approved,Buyer_F
PO0002998,SUP00004,DPT001,2024-02-04,25980.17,Approved,Buyer_B
PO0002999,SUP00009,DPT005,2024-07-23,15163.98,Approved,Buyer_F
PO0003000,SUP00016,DPT003,2024-10-30,12140.59,Approved,Buyer_E
PO0003001,SUP00028,DPT004,2024-03-11,10188.42,Approved,Buyer_A
PO0003002,SUP00029,DPT004,2024-01-01,4158.82,Approved,Buyer_E
PO0003003,SUP00236,DPT002,2024-03-16,610.3,Approved,Buyer_C
PO0003004,SUP00185,DPT002,2024-03-02,23727.55,Approved,Buyer_B
PO0003005,SUP00001,DPT001,2024-06-05,4969.93,Approved,Buyer_F
PO0003006,SUP00025,DPT001,2024-02-05,26097.64,Approved,Buyer_E
PO0003007,SUP00095,DPT012,2024-04-30,11518.36,Rejected,Buyer_E
PO0003008,SUP00026,DPT003,2024-02-10,26910.1,Approved,Buyer_B
PO0003009,SUP00005,DPT003,2024-08-14,18067.91,Pending,Buyer_D
PO0003010,SUP00020,DPT001,2024-06-06,689.04,Approved,Buyer_C
PO0003011,SUP00021,DPT008,2024-01-26,14986.36,Approved,Buyer_D
PO0003012,SUP00007,DPT011,2024-01-15,5746.38,Approved,Buyer_C
PO0003013,SUP00177,DPT009,2024-06-12,25978.15,Approved,Buyer_D
PO0003014,SUP00012,DPT006,2024-07-17,14635.53,Approved,Buyer_E
PO0003015,SUP00078,DPT009,2024-02-28,14808.68,Approved,Buyer_B
PO0003016,SUP00035,DPT004,2024-04-18,6171.87,Approved,Buyer_A
PO0003017,SUP00248,DPT010,2024-07-22,3253.2,Approved,Buyer_A
PO0003018,SUP00004,DPT009,2024-06-06,5255.93,Approved,Buyer_F
PO0003019,SUP00004,DPT001,2024-02-08,1339.58,Approved,Buyer_F
PO0003020,SUP00010,DPT004,2024-05-11,4490.22,Approved,Buyer_E
PO0003021,SUP00023,DPT002,2024-03-07,1874.02,Approved,Buyer_A
PO0003022,SUP00010,DPT001,2024-11-06,1924.19,Approved,Buyer_D
PO0003023,SUP00181,DPT009,2024-09-26,9104.09,Approved,Buyer_C
PO0003024,SUP00009,DPT001,2024-04-14,13822.44,Approved,Buyer_B
PO0003025,SUP00003,DPT008,2024-03-19,7849.51,Approved,Buyer_C
PO0003026,SUP00021,DPT012,2024-02-15,4920.72,Approved,Buyer_E
PO0003027,SUP00187,DPT004,2024-09-03,3141.93,Approved,Buyer_F
PO0003028,SUP00232,DPT003,2024-11-03,5900.59,Approved,Buyer_F
PO0003029,SUP00163,DPT006,2024-04-01,3560.93,Approved,Buyer_B
PO0003030,SUP00060,DPT009,2024-08-02,7609.63,Approved,Buyer_D
PO0003031,SUP00158,DPT002,2024-03-19,1769.53,Approved,Buyer_D
PO0003032,SUP00133,DPT002,2024-11-03,16339.12,Approved,Buyer_B
PO0003033,SUP00008,DPT006,2024-04-10,4596.13,Pending,Buyer_C
PO0003034,SUP00055,DPT011,2024-02-02,11804.75,Pending,Buyer_C
PO0003035,SUP00185,DPT003,2024-10-22,19677.32,Approved,Buyer_A
PO0003036,SUP00012,DPT003,2024-11-12,11247.16,Approved,Buyer_C
PO0003037,SUP00116,DPT012,2024-05-13,18018.0,Approved,Buyer_C
PO0003038,SUP00028,DPT002,2024-10-30,1025.94,Approved,Buyer_B
PO0003039,SUP00030,DPT001,2024-03-22,4950.0,Approved,Buyer_D
PO0003040,SUP00003,DPT005,2024-03-31,24418.02,Approved,Buyer_E
PO0003041,SUP00124,DPT001,2024-06-28,13483.6,Approved,Buyer_A
PO0003042,SUP00241,DPT002,2024-07-20,51455.02,Approved,Buyer_C
PO0003043,SUP00005,DPT006,2024-05-09,44550.58,Pending,Buyer_A
PO0003044,SUP00017,DPT006,2024-09-24,10933.56,Approved,Buyer_E
PO0003045,SUP00002,DPT005,2024-09-21,6298.21,Pending,Buyer_F
PO0003046,SUP00001,DPT003,2024-02-10,3107.46,Approved,Buyer_C
PO0003047,SUP00314,DPT005,2024-11-27,5035.11,Approved,Buyer_F
PO0003048,SUP00029,DPT006,2024-02-23,5387.05,Approved,Buyer_D
PO0003049,SUP00015,DPT009,2024-06-25,4477.19,Approved,Buyer_F
PO0003050,SUP00010,DPT009,2024-05-21,3234.61,Approved,Buyer_F
PO0003051,SUP00309,DPT007,2024-05-31,12107.45,Rejected,Buyer_D
PO0003052,SUP00009,DPT010,2024-02-13,44207.06,Approved,Buyer_C
PO0003053,SUP00159,DPT009,2024-04-24,20604.33,Approved,Buyer_E
PO0003054,SUP00010,DPT002,2024-01-11,5869.82,Pending,Buyer_B
PO0003055,SUP00003,DPT011,2024-11-22,22337.65,Approved,Buyer_B
PO0003056,SUP00134,DPT010,2024-02-18,11460.38,Approved,Buyer_D
PO0003057,SUP00001,DPT003,2024-06-10,7779.88,Approved,Buyer_B
PO0003058,SUP00129,DPT001,2024-03-13,7309.11,Approved,Buyer_C
PO0003059,SUP00009,DPT006,2024-02-29,6634.64,Approved,Buyer_F
PO0003060,SUP00171,DPT004,2024-05-10,15538.35,Approved,Buyer_E
PO0003061,SUP00185,DPT008,2024-11-20,9317.69,Approved,Buyer_F
PO0003062,SUP00158,DPT005,2024-06-09,3911.11,Approved,Buyer_F
PO0003063,SUP00001,DPT001,2024-11-17,3726.21,Approved,Buyer_B
PO0003064,SUP00146,DPT002,2024-10-04,11002.79,Approved,Buyer_E
PO0003065,SUP00315,DPT010,2024-05-25,12439.74,Approved,Buyer_C
PO0003066,SUP00008,DPT001,2024-10-28,5924.59,Approved,Buyer_F
PO0003067,SUP00009,DPT008,2024-04-26,2612.32,Approved,Buyer_B
PO0003068,SUP00210,DPT003,2024-06-16,28309.85,Approved,Buyer_B
PO0003069,SUP00006,DPT004,2024-08-15,22893.42,Approved,Buyer_F
PO0003070,SUP00120,DPT005,2024-07-16,1110.56,Approved,Buyer_B
PO0003071,SUP00176,DPT002,2024-10-04,30933.13,Approved,Buyer_D
PO0003072,SUP00002,DPT006,2024-02-24,6574.96,Approved,Buyer_B
PO0003073,SUP00057,DPT007,2024-06-16,9798.52,Approved,Buyer_B
PO0003074,SUP00070,DPT001,2024-08-10,25291.49,Approved,Buyer_E
PO0003075,SUP00010,DPT003,2024-04-20,42299.85,Approved,Buyer_E
PO0003076,SUP00248,DPT008,2024-10-17,22089.67,Approved,Buyer_B
PO0003077,SUP00006,DPT008,2024-04-10,10311.66,Approved,Buyer_F
PO0003078,SUP00016,DPT005,2024-04-10,2047.47,Approved,Buyer_A
PO0003079,SUP00231,DPT009,2024-04-19,1068.24,Approved,Buyer_A
PO0003080,SUP00007,DPT001,2024-08-14,19499.79,Approved,Buyer_F
PO0003081,SUP00215,DPT001,2024-02-09,31008.93,Approved,Buyer_A
PO0003082,SUP00003,DPT006,2024-02-17,3588.02,Approved,Buyer_B
PO0003083,SUP00029,DPT007,2024-09-17,6187.09,Approved,Buyer_A
PO0003084,SUP00003,DPT009,2024-03-10,4641.23,Approved,Buyer_B
PO0003085,SUP00130,DPT002,2024-02-05,4519.24,Approved,Buyer_A
PO0003086,SUP00197,DPT005,2024-03-29,23741.06,Pending,Buyer_C
PO0003087,SUP00232,DPT007,2024-05-13,10080.65,Approved,Buyer_B
PO0003088,SUP00309,DPT002,2024-01-12,6443.46,Approved,Buyer_A
PO0003089,SUP00127,DPT005,2024-10-06,115557.1,Pending,Buyer_E
PO0003090,SUP00184,DPT006,2024-02-09,1930.59,Approved,Buyer_A
PO0003091,SUP00030,DPT002,2024-05-15,14015.39,Approved,Buyer_C
PO0003092,SUP00269,DPT003,2024-03-08,2838.47,Approved,Buyer_B
PO0003093,SUP00110,DPT002,2024-04-08,6922.71,Pending,Buyer_D
PO0003094,SUP00252,DPT011,2024-01-16,9401.63,Approved,Buyer_C
PO0003095,SUP00008,DPT002,2024-11-13,18856.17,Approved,Buyer_C
PO0003096,SUP00029,DPT001,2024-11-10,6240.52,Approved,Buyer_E
PO0003097,SUP00161,DPT001,2024-02-12,5614.19,Approved,Buyer_A
PO0003098,SUP00007,DPT001,2024-03-07,6129.78,Approved,Buyer_C
PO0003099,SUP00007,DPT002,2024-10-23,2751.9,Approved,Buyer_D
PO0003100,SUP00308,DPT006,2024-05-19,15249.62,Approved,Buyer_E
PO0003101,SUP00023,DPT001,2024-01-21,10735.75,Approved,Buyer_D
PO0003102,SUP00006,DPT003,2024-02-15,12521.08,Approved,Buyer_E
PO0003103,SUP00013,DPT001,2024-05-18,7558.72,Approved,Buyer_E
PO0003104,SUP00020,DPT004,2024-07-05,6681.66,Approved,Buyer_E
PO0003105,SUP00098,DPT001,2024-07-30,26254.7,Approved,Buyer_D
PO0003106,SUP00275,DPT006,2024-02-21,22511.61,Approved,Buyer_F
PO0003107,SUP00313,DPT007,2024-05-03,33349.58,Approved,Buyer_A
PO0003108,SUP00115,DPT008,2024-03-28,11761.59,Approved,Buyer_C
PO0003109,SUP00143,DPT002,2024-06-28,31340.43,Approved,Buyer_E
PO0003110,SUP00012,DPT010,2024-04-17,5345.0,Approved,Buyer_A
PO0003111,SUP00236,DPT007,2024-03-09,6628.6,Approved,Buyer_E
PO0003112,SUP00008,DPT001,2024-09-30,26771.7,Approved,Buyer_A
PO0003113,SUP00004,DPT004,2024-07-09,18834.05,Approved,Buyer_E
PO0003114,SUP00305,DPT008,2024-06-07,6060.51,Approved,Buyer_B
PO0003115,SUP00240,DPT003,2024-02-15,2846.2,Approved,Buyer_E
PO0003116,SUP00010,DPT003,2024-01-24,6608.0,Approved,Buyer_E
PO0003117,SUP00129,DPT006,2024-09-23,4085.22,Approved,Buyer_E
PO0003118,SUP00026,DPT001,2024-11-20,45456.15,Approved,Buyer_D
PO0003119,SUP00012,DPT012,2024-07-14,17327.34,Approved,Buyer_F
PO0003120,SUP00010,DPT002,2024-01-14,3767.16,Approved,Buyer_A
PO0003121,SUP00005,DPT001,2024-06-10,2849.81,Approved,Buyer_B
PO0003122,SUP00055,DPT001,2024-04-03,3720.77,Approved,Buyer_A
PO0003123,SUP00024,DPT004,2024-01-19,4634.0,Approved,Buyer_E
PO0003124,SUP00033,DPT010,2024-02-17,6858.88,Approved,Buyer_F
PO0003125,SUP00008,DPT009,2024-06-16,24699.7,Approved,Buyer_F
PO0003126,SUP00284,DPT011,2024-05-23,3082.46,Approved,Buyer_D
PO0003127,SUP00107,DPT005,2024-07-07,79980.43,Approved,Buyer_A
PO0003128,SUP00261,DPT004,2024-08-20,3154.86,Approved,Buyer_B
PO0003129,SUP00004,DPT003,2024-03-29,1980.2,Approved,Buyer_D
PO0003130,SUP00098,DPT001,2024-04-05,43840.13,Approved,Buyer_F
PO0003131,SUP00232,DPT011,2024-08-14,30371.37,Approved,Buyer_F
PO0003132,SUP00013,DPT004,2024-03-07,6752.39,Pending,Buyer_E
PO0003133,SUP00007,DPT004,2024-01-26,11864.81,Approved,Buyer_F
PO0003134,SUP00009,DPT005,2024-10-12,12168.05,Approved,Buyer_C
PO0003135,SUP00009,DPT009,2024-03-10,9290.17,Approved,Buyer_B
PO0003136,SUP00024,DPT002,2024-02-10,2216.14,Approved,Buyer_C
PO0003137,SUP00013,DPT007,2024-09-04,677.24,Approved,Buyer_A
PO0003138,SUP00009,DPT007,2024-06-27,3481.69,Approved,Buyer_E
PO0003139,SUP00113,DPT009,2024-02-19,49819.13,Approved,Buyer_B
PO0003140,SUP00002,DPT001,2024-10-11,51813.89,Approved,Buyer_C
PO0003141,SUP00014,DPT002,2024-03-23,6236.43,Approved,Buyer_A
PO0003142,SUP00137,DPT004,2024-08-14,3108.94,Approved,Buyer_F
PO0003143,SUP00006,DPT010,2024-08-06,10701.31,Approved,Buyer_C
PO0003144,SUP00008,DPT012,2024-10-04,12568.91,Approved,Buyer_E
PO0003145,SUP00007,DPT006,2024-09-01,14775.41,Approved,Buyer_D
PO0003146,SUP00001,DPT002,2024-08-23,647.4,Approved,Buyer_D
PO0003147,SUP00027,DPT002,2024-01-18,190566.44,Pending,Buyer_C
PO0003148,SUP00002,DPT006,2024-11-10,25146.52,Approved,Buyer_E
PO0003149,SUP00009,DPT002,2024-02-12,6648.43,Approved,Buyer_B
PO0003150,SUP00317,DPT005,2024-03-25,3950.2,Approved,Buyer_F
PO0003151,SUP00272,DPT009,2024-05-29,21748.62,Approved,Buyer_C
PO0003152,SUP00008,DPT003,2024-04-06,13298.34,Approved,Buyer_A
PO0003153,SUP00011,DPT003,2024-07-17,8885.25,Pending,Buyer_F
PO0003154,SUP00026,DPT001,2024-01-18,12814.53,Approved,Buyer_A
PO0003155,SUP00229,DPT002,2024-06-01,7239.3,Approved,Buyer_C
PO0003156,SUP00204,DPT007,2024-04-27,12110.91,Approved,Buyer_E
PO0003157,SUP00005,DPT003,2024-08-04,16753.51,Pending,Buyer_C
PO0003158,SUP00005,DPT002,2024-06-23,11422.23,Pending,Buyer_B
PO0003159,SUP00021,DPT001,2024-09-10,10839.17,Approved,Buyer_B
PO0003160,SUP00244,DPT001,2024-02-25,32625.85,Approved,Buyer_E
PO0003161,SUP00251,DPT006,2024-11-14,1640.72,Approved,Buyer_D
PO0003162,SUP00004,DPT006,2024-05-11,3648.67,Approved,Buyer_D
PO0003163,SUP00069,DPT005,2024-04-27,8321.19,Approved,Buyer_D
PO0003164,SUP00006,DPT004,2024-07-02,3905.47,Approved,Buyer_B
PO0003165,SUP00135,DPT002,2024-02-24,5453.25,Approved,Buyer_F
PO0003166,SUP00271,DPT004,2024-09-29,29370.37,Approved,Buyer_B
PO0003167,SUP00025,DPT001,2024-03-29,6981.57,Approved,Buyer_F
PO0003168,SUP00003,DPT011,2024-11-06,1300.87,Approved,Buyer_E
PO0003169,SUP00072,DPT001,2024-02-19,5306.34,Approved,Buyer_A
PO0003170,SUP00021,DPT004,2024-10-16,8587.93,Approved,Buyer_B
PO0003171,SUP00209,DPT001,2024-05-12,8431.16,Approved,Buyer_D
PO0003172,SUP00014,DPT009,2024-07-22,14129.75,Approved,Buyer_A
PO0003173,SUP00247,DPT002,2024-10-19,13021.91,Approved,Buyer_F
PO0003174,SUP00009,DPT011,2024-02-13,7052.76,Approved,Buyer_C
PO0003175,SUP00006,DPT001,2024-04-26,2457.65,Approved,Buyer_F
PO0003176,SUP00011,DPT009,2024-11-13,5212.74,Approved,Buyer_A
PO0003177,SUP00002,DPT006,2024-02-19,4346.92,Approved,Buyer_A
PO0003178,SUP00010,DPT002,2024-02-04,6093.0,Pending,Buyer_D
PO0003179,SUP00120,DPT002,2024-06-24,16174.13,Approved,Buyer_E
PO0003180,SUP00005,DPT003,2024-01-09,12138.08,Approved,Buyer_F
PO0003181,SUP00004,DPT009,2024-11-28,18471.9,Approved,Buyer_E
PO0003182,SUP00005,DPT010,2024-10-29,5518.81,Pending,Buyer_E
PO0003183,SUP00003,DPT002,2024-03-04,36620.4,Approved,Buyer_A
PO0003184,SUP00247,DPT003,2024-02-27,15880.36,Approved,Buyer_D
PO0003185,SUP00288,DPT002,2024-09-17,9065.53,Approved,Buyer_E
PO0003186,SUP00002,DPT001,2024-06-23,14814.28,Approved,Buyer_C
PO0003187,SUP00179,DPT006,2024-10-02,4122.6,Approved,Buyer_F
PO0003188,SUP00165,DPT003,2024-11-20,983.63,Approved,Buyer_F
PO0003189,SUP00319,DPT002,2024-05-14,4417.39,Approved,Buyer_F
PO0003190,SUP00015,DPT010,2024-03-26,17110.66,Approved,Buyer_F
PO0003191,SUP00010,DPT008,2024-07-26,8779.86,Approved,Buyer_D
PO0003192,SUP00025,DPT009,2024-07-31,7066.82,Approved,Buyer_E
PO0003193,SUP00236,DPT001,2024-05-24,3470.87,Approved,Buyer_A
PO0003194,SUP00160,DPT011,2024-04-10,1146.16,Approved,Buyer_B
PO0003195,SUP00027,DPT005,2024-03-28,33686.27,Approved,Buyer_D
PO0003196,SUP00009,DPT004,2024-06-23,6582.07,Approved,Buyer_A
PO0003197,SUP00159,DPT001,2024-05-22,5273.57,Approved,Buyer_E
PO0003198,SUP00235,DPT010,2024-06-02,4139.6,Approved,Buyer_B
PO0003199,SUP00020,DPT005,2024-02-01,28410.74,Approved,Buyer_C
PO0003200,SUP00125,DPT009,2024-10-22,19562.13,Approved,Buyer_B
PO0003201,SUP00020,DPT006,2024-08-24,3080.23,Approved,Buyer_D
PO0003202,SUP00028,DPT009,2024-11-03,25965.99,Approved,Buyer_A
PO0003203,SUP00040,DPT007,2024-10-04,7008.85,Rejected,Buyer_E
PO0003204,SUP00188,DPT011,2024-07-26,4400.43,Approved,Buyer_F
PO0003205,SUP00307,DPT002,2024-04-12,6041.38,Approved,Buyer_E
PO0003206,SUP00024,DPT002,2024-08-07,3702.27,Approved,Buyer_B
PO0003207,SUP00014,DPT007,2024-07-08,2162.72,Approved,Buyer_B
PO0003208,SUP00017,DPT004,2024-11-05,17608.39,Approved,Buyer_B
PO0003209,SUP00005,DPT006,2024-03-18,6498.3,Rejected,Buyer_D
PO0003210,SUP00010,DPT007,2024-01-09,15021.08,Approved,Buyer_F
PO0003211,SUP00003,DPT005,2024-02-12,10799.05,Approved,Buyer_F
PO0003212,SUP00023,DPT009,2024-02-28,14024.22,Approved,Buyer_F
PO0003213,SUP00006,DPT003,2024-08-10,1047.34,Approved,Buyer_E
PO0003214,SUP00015,DPT010,2024-02-19,3405.82,Approved,Buyer_B
PO0003215,SUP00199,DPT001,2024-02-14,14319.32,Approved,Buyer_C
PO0003216,SUP00009,DPT006,2024-05-12,2264.64,Approved,Buyer_B
PO0003217,SUP00092,DPT010,2024-09-18,11767.13,Approved,Buyer_A
PO0003218,SUP00262,DPT002,2024-05-22,2016.86,Pending,Buyer_E
PO0003219,SUP00065,DPT003,2024-04-01,8237.43,Approved,Buyer_D
PO0003220,SUP00007,DPT003,2024-04-05,40537.81,Approved,Buyer_F
PO0003221,SUP00014,DPT005,2024-10-01,17581.46,Approved,Buyer_F
PO0003222,SUP00079,DPT004,2024-05-25,1273.16,Approved,Buyer_D
PO0003223,SUP00030,DPT001,2024-05-03,18927.5,Approved,Buyer_A
PO0003224,SUP00005,DPT010,2024-09-16,50123.15,Rejected,Buyer_C
PO0003225,SUP00024,DPT002,2024-05-03,132855.32,Approved,Buyer_C
PO0003226,SUP00051,DPT005,2024-04-29,13030.86,Approved,Buyer_E
PO0003227,SUP00009,DPT006,2024-09-08,2070.57,Approved,Buyer_D
PO0003228,SUP00092,DPT001,2024-04-19,12514.93,Approved,Buyer_E
PO0003229,SUP00003,DPT001,2024-06-19,39975.96,Approved,Buyer_A
PO0003230,SUP00014,DPT012,2024-08-10,6720.46,Approved,Buyer_A
PO0003231,SUP00205,DPT007,2024-03-08,22996.77,Approved,Buyer_F
PO0003232,SUP00009,DPT001,2024-02-12,3499.58,Approved,Buyer_C
PO0003233,SUP00088,DPT009,2024-10-11,11758.75,Approved,Buyer_E
PO0003234,SUP00021,DPT004,2024-04-09,672.11,Approved,Buyer_F
PO0003235,SUP00012,DPT001,2024-04-23,3132.74,Approved,Buyer_A
PO0003236,SUP00271,DPT007,2024-07-16,8053.64,Approved,Buyer_E
PO0003237,SUP00014,DPT004,2024-02-04,5634.38,Approved,Buyer_B
PO0003238,SUP00008,DPT002,2024-01-16,2206.98,Approved,Buyer_A
PO0003239,SUP00267,DPT010,2024-05-19,4916.46,Approved,Buyer_B
PO0003240,SUP00171,DPT003,2024-11-20,11267.24,Approved,Buyer_E
PO0003241,SUP00133,DPT003,2024-07-11,7433.65,Approved,Buyer_A
PO0003242,SUP00002,DPT003,2024-07-12,8612.22,Approved,Buyer_E
PO0003243,SUP00005,DPT008,2024-07-23,16847.69,Approved,Buyer_C
PO0003244,SUP00107,DPT007,2024-10-15,5749.32,Pending,Buyer_B
PO0003245,SUP00007,DPT011,2024-10-06,31545.24,Approved,Buyer_B
PO0003246,SUP00008,DPT002,2024-01-09,3013.11,Approved,Buyer_C
PO0003247,SUP00190,DPT009,2024-06-30,55714.88,Approved,Buyer_C
PO0003248,SUP00010,DPT005,2024-07-02,24662.49,Rejected,Buyer_B
PO0003249,SUP00003,DPT003,2024-03-15,5676.0,Approved,Buyer_D
PO0003250,SUP00002,DPT001,2024-11-22,6067.37,Pending,Buyer_F
PO0003251,SUP00024,DPT009,2024-03-28,9964.02,Approved,Buyer_C
PO0003252,SUP00095,DPT002,2024-10-06,14745.17,Approved,Buyer_B
PO0003253,SUP00243,DPT006,2024-02-03,24210.66,Approved,Buyer_D
PO0003254,SUP00004,DPT005,2024-07-20,2120.5,Approved,Buyer_E
PO0003255,SUP00007,DPT001,2024-09-03,12549.58,Approved,Buyer_D
PO0003256,SUP00043,DPT012,2024-06-17,976.02,Approved,Buyer_D
PO0003257,SUP00016,DPT009,2024-02-05,6786.56,Approved,Buyer_E
PO0003258,SUP00028,DPT004,2024-02-11,34679.79,Approved,Buyer_F
PO0003259,SUP00276,DPT007,2024-07-21,1963.32,Pending,Buyer_A
PO0003260,SUP00052,DPT004,2024-10-15,1637.23,Approved,Buyer_F
PO0003261,SUP00021,DPT008,2024-07-18,10105.1,Approved,Buyer_F
PO0003262,SUP00314,DPT002,2024-02-03,32449.14,Approved,Buyer_F
PO0003263,SUP00003,DPT004,2024-09-20,11219.35,Approved,Buyer_C
PO0003264,SUP00280,DPT003,2024-06-02,1206.38,Approved,Buyer_F
PO0003265,SUP00030,DPT004,2024-01-26,1505.49,Approved,Buyer_A
PO0003266,SUP00030,DPT004,2024-05-03,8935.13,Approved,Buyer_C
PO0003267,SUP00274,DPT002,2024-03-08,2491.79,Approved,Buyer_F
PO0003268,SUP00030,DPT012,2024-11-26,9289.93,Approved,Buyer_B
PO0003269,SUP00024,DPT001,2024-10-31,9857.57,Approved,Buyer_E
PO0003270,SUP00009,DPT001,2024-02-05,4965.37,Approved,Buyer_B
PO0003271,SUP00119,DPT003,2024-07-10,49749.43,Approved,Buyer_D
PO0003272,SUP00067,DPT006,2024-01-03,14624.7,Approved,Buyer_D
PO0003273,SUP00008,DPT002,2024-06-02,27216.83,Approved,Buyer_F
PO0003274,SUP00149,DPT005,2024-02-22,20344.82,Approved,Buyer_C
PO0003275,SUP00111,DPT008,2024-09-07,6973.88,Approved,Buyer_E
PO0003276,SUP00020,DPT001,2024-01-25,6671.18,Approved,Buyer_C
PO0003277,SUP00001,DPT012,2024-10-29,6017.22,Approved,Buyer_C
PO0003278,SUP00024,DPT003,2024-03-18,16012.14,Approved,Buyer_A
PO0003279,SUP00001,DPT006,2024-03-29,4228.64,Approved,Buyer_A
PO0003280,SUP00003,DPT001,2024-10-23,45480.23,Approved,Buyer_E
PO0003281,SUP00023,DPT007,2024-10-28,3843.47,Approved,Buyer_A
PO0003282,SUP00003,DPT009,2024-02-02,10041.43,Approved,Buyer_A
PO0003283,SUP00010,DPT001,2024-02-06,6444.09,Approved,Buyer_B
PO0003284,SUP00117,DPT001,2024-10-12,5162.66,Approved,Buyer_C
PO0003285,SUP00011,DPT003,2024-11-23,71135.86,Approved,Buyer_A
PO0003286,SUP00319,DPT001,2024-06-12,5223.62,Approved,Buyer_D
PO0003287,SUP00271,DPT012,2024-02-25,5974.64,Approved,Buyer_E
PO0003288,SUP00076,DPT006,2024-02-21,4170.81,Pending,Buyer_D
PO0003289,SUP00301,DPT006,2024-03-30,8442.56,Approved,Buyer_D
PO0003290,SUP00243,DPT011,2024-08-17,7322.4,Approved,Buyer_F
PO0003291,SUP00012,DPT009,2024-02-02,2645.85,Approved,Buyer_F
PO0003292,SUP00173,DPT009,2024-08-02,5300.89,Approved,Buyer_D
PO0003293,SUP00005,DPT003,2024-09-26,14908.5,Pending,Buyer_A
PO0003294,SUP00134,DPT003,2024-02-18,22628.98,Approved,Buyer_E
PO0003295,SUP00029,DPT003,2024-11-25,8299.92,Approved,Buyer_E
PO0003296,SUP00001,DPT003,2024-11-26,8595.51,Approved,Buyer_B
PO0003297,SUP00009,DPT003,2024-04-09,5647.71,Approved,Buyer_A
PO0003298,SUP00294,DPT002,2024-02-07,4902.78,Approved,Buyer_A
PO0003299,SUP00012,DPT003,2024-04-19,3230.61,Approved,Buyer_B
PO0003300,SUP00006,DPT004,2024-03-27,1708.46,Approved,Buyer_E
PO0003301,SUP00007,DPT003,2024-04-03,4014.04,Approved,Buyer_F
PO0003302,SUP00028,DPT002,2024-11-05,20011.31,Approved,Buyer_A
PO0003303,SUP00228,DPT003,2024-02-21,5300.64,Approved,Buyer_C
PO0003304,SUP00178,DPT004,2024-04-16,5732.93,Approved,Buyer_F
PO0003305,SUP00023,DPT008,2024-09-20,5622.41,Approved,Buyer_A
PO0003306,SUP00007,DPT007,2024-01-20,28133.26,Approved,Buyer_F
PO0003307,SUP00002,DPT002,2024-01-21,3202.28,Approved,Buyer_A
PO0003308,SUP00026,DPT001,2024-04-11,10689.89,Approved,Buyer_B
PO0003309,SUP00211,DPT003,2024-11-20,7566.86,Approved,Buyer_A
PO0003310,SUP00161,DPT002,2024-10-08,8672.63,Approved,Buyer_E
PO0003311,SUP00021,DPT004,2024-11-06,10345.95,Approved,Buyer_C
PO0003312,SUP00081,DPT012,2024-10-16,8579.79,Approved,Buyer_C
PO0003313,SUP00023,DPT002,2024-02-09,17908.34,Approved,Buyer_D
PO0003314,SUP00072,DPT003,2024-05-14,7869.44,Approved,Buyer_B
PO0003315,SUP00036,DPT008,2024-06-26,46368.54,Approved,Buyer_E
PO0003316,SUP00132,DPT004,2024-02-25,8471.64,Approved,Buyer_C
PO0003317,SUP00030,DPT001,2024-11-28,1475.18,Approved,Buyer_E
PO0003318,SUP00285,DPT002,2024-07-21,15341.4,Approved,Buyer_D
PO0003319,SUP00023,DPT011,2024-10-12,11993.22,Approved,Buyer_E
PO0003320,SUP00001,DPT001,2024-03-27,8371.14,Approved,Buyer_F
PO0003321,SUP00008,DPT006,2024-08-27,6250.57,Approved,Buyer_D
PO0003322,SUP00030,DPT009,2024-02-05,977.87,Approved,Buyer_B
PO0003323,SUP00049,DPT002,2024-01-08,1156.5,Approved,Buyer_E
PO0003324,SUP00056,DPT008,2024-08-02,42088.05,Pending,Buyer_E
PO0003325,SUP00152,DPT002,2024-01-23,4512.01,Approved,Buyer_C
PO0003326,SUP00010,DPT003,2024-04-02,21282.07,Approved,Buyer_C
PO0003327,SUP00123,DPT003,2024-09-22,1631.03,Approved,Buyer_F
PO0003328,SUP00146,DPT012,2024-06-15,2844.5,Approved,Buyer_B
PO0003329,SUP00021,DPT002,2024-05-06,15972.77,Approved,Buyer_A
PO0003330,SUP00020,DPT001,2024-04-07,7313.66,Approved,Buyer_D
PO0003331,SUP00006,DPT011,2024-08-11,13872.55,Approved,Buyer_A
PO0003332,SUP00021,DPT002,2024-11-15,7993.37,Approved,Buyer_E
PO0003333,SUP00195,DPT010,2024-09-04,6583.54,Approved,Buyer_F
PO0003334,SUP00267,DPT006,2024-04-30,4104.98,Approved,Buyer_E
PO0003335,SUP00081,DPT005,2024-05-21,2455.28,Approved,Buyer_B
PO0003336,SUP00010,DPT008,2024-02-04,32948.51,Approved,Buyer_F
PO0003337,SUP00133,DPT008,2024-02-18,38844.01,Approved,Buyer_A
PO0003338,SUP00167,DPT001,2024-03-30,2867.79,Approved,Buyer_A
PO0003339,SUP00013,DPT012,2024-05-09,2686.3,Approved,Buyer_B
PO0003340,SUP00218,DPT011,2024-11-27,5722.88,Approved,Buyer_D
PO0003341,SUP00003,DPT010,2024-10-18,11389.36,Approved,Buyer_E
PO0003342,SUP00001,DPT006,2024-02-07,6755.97,Approved,Buyer_B
PO0003343,SUP00005,DPT005,2024-04-20,13353.32,Approved,Buyer_F
PO0003344,SUP00006,DPT005,2024-01-19,7713.68,Approved,Buyer_E
PO0003345,SUP00249,DPT001,2024-01-21,7225.48,Approved,Buyer_B
PO0003346,SUP00022,DPT004,2024-05-05,90497.61,Approved,Buyer_A
PO0003347,SUP00010,DPT006,2024-11-17,4792.45,Approved,Buyer_E
PO0003348,SUP00023,DPT006,2024-03-03,41770.55,Pending,Buyer_B
PO0003349,SUP00019,DPT003,2024-08-16,34436.18,Approved,Buyer_B
PO0003350,SUP00010,DPT004,2024-05-11,13414.53,Approved,Buyer_E
PO0003351,SUP00005,DPT006,2024-06-30,1180.71,Pending,Buyer_B
PO0003352,SUP00117,DPT004,2024-10-18,8358.69,Approved,Buyer_C
PO0003353,SUP00005,DPT012,2024-10-04,4843.08,Approved,Buyer_F
PO0003354,SUP00188,DPT007,2024-10-04,8267.53,Approved,Buyer_E
PO0003355,SUP00007,DPT001,2024-05-17,2799.04,Approved,Buyer_D
PO0003356,SUP00162,DPT001,2024-01-17,17261.92,Approved,Buyer_F
PO0003357,SUP00206,DPT007,2024-11-26,21698.21,Approved,Buyer_E
PO0003358,SUP00005,DPT004,2024-11-28,26108.71,Approved,Buyer_C
PO0003359,SUP00003,DPT009,2024-10-14,5529.33,Approved,Buyer_D
PO0003360,SUP00291,DPT002,2024-06-08,2808.97,Approved,Buyer_D
PO0003361,SUP00026,DPT001,2024-04-03,11518.17,Approved,Buyer_C
PO0003362,SUP00102,DPT003,2024-02-28,46914.14,Rejected,Buyer_F
PO0003363,SUP00001,DPT008,2024-05-04,8685.32,Approved,Buyer_D
PO0003364,SUP00010,DPT012,2024-04-22,12737.39,Approved,Buyer_E
PO0003365,SUP00030,DPT010,2024-04-02,6406.55,Approved,Buyer_C
PO0003366,SUP00253,DPT004,2024-11-14,4897.74,Approved,Buyer_B
PO0003367,SUP00009,DPT009,2024-08-08,15650.78,Approved,Buyer_A
PO0003368,SUP00188,DPT001,2024-03-15,7287.63,Approved,Buyer_E
PO0003369,SUP00121,DPT005,2024-08-02,12131.04,Approved,Buyer_D
PO0003370,SUP00004,DPT011,2024-08-24,13460.39,Approved,Buyer_D
PO0003371,SUP00010,DPT004,2024-06-24,11470.31,Approved,Buyer_A
PO0003372,SUP00008,DPT012,2024-11-13,14155.45,Approved,Buyer_E
PO0003373,SUP00024,DPT002,2024-11-19,3452.98,Approved,Buyer_B
PO0003374,SUP00105,DPT001,2024-05-24,3248.57,Approved,Buyer_D
PO0003375,SUP00023,DPT005,2024-06-07,7764.97,Approved,Buyer_C
PO0003376,SUP00009,DPT011,2024-03-13,7954.07,Approved,Buyer_B
PO0003377,SUP00141,DPT003,2024-09-19,4806.27,Approved,Buyer_A
PO0003378,SUP00075,DPT009,2024-11-07,10311.35,Approved,Buyer_E
PO0003379,SUP00037,DPT002,2024-08-08,20094.82,Approved,Buyer_A
PO0003380,SUP00058,DPT008,2024-03-08,26569.3,Approved,Buyer_A
PO0003381,SUP00008,DPT005,2024-06-22,33265.03,Pending,Buyer_B
PO0003382,SUP00132,DPT002,2024-09-23,2175.9,Approved,Buyer_F
PO0003383,SUP00019,DPT007,2024-01-15,2532.6,Approved,Buyer_E
PO0003384,SUP00016,DPT007,2024-07-16,6065.39,Approved,Buyer_E
PO0003385,SUP00005,DPT005,2024-08-08,8780.48,Approved,Buyer_B
PO0003386,SUP00083,DPT002,2024-06-28,6384.2,Approved,Buyer_F
PO0003387,SUP00086,DPT002,2024-08-03,4662.75,Approved,Buyer_A
PO0003388,SUP00014,DPT011,2024-10-27,5976.45,Approved,Buyer_A
PO0003389,SUP00238,DPT006,2024-02-11,13138.65,Approved,Buyer_C
PO0003390,SUP00229,DPT009,2024-07-10,2143.89,Pending,Buyer_C
PO0003391,SUP00004,DPT007,2024-09-23,84402.91,Rejected,Buyer_B
PO0003392,SUP00141,DPT009,2024-10-02,8274.99,Approved,Buyer_B
PO0003393,SUP00019,DPT002,2024-06-05,23175.42,Approved,Buyer_B
PO0003394,SUP00320,DPT004,2024-11-30,4536.88,Pending,Buyer_C
PO0003395,SUP00008,DPT007,2024-04-18,14390.87,Approved,Buyer_D
PO0003396,SUP00010,DPT001,2024-05-27,8956.11,Approved,Buyer_C
PO0003397,SUP00024,DPT002,2024-10-03,19087.87,Approved,Buyer_B
PO0003398,SUP00009,DPT006,2024-05-27,6643.23,Approved,Buyer_D
PO0003399,SUP00139,DPT010,2024-04-25,38237.18,Approved,Buyer_D
PO0003400,SUP00028,DPT007,2024-07-05,1822.46,Approved,Buyer_C
PO0003401,SUP00008,DPT001,2024-07-27,20939.11,Pending,Buyer_A
PO0003402,SUP00030,DPT012,2024-11-20,9124.51,Approved,Buyer_F
PO0003403,SUP00255,DPT002,2024-07-26,2926.82,Approved,Buyer_D
PO0003404,SUP00198,DPT002,2024-03-03,57071.83,Approved,Buyer_B
PO0003405,SUP00030,DPT012,2024-01-18,51467.08,Pending,Buyer_E
PO0003406,SUP00010,DPT009,2024-11-20,1018.54,Approved,Buyer_C
PO0003407,SUP00006,DPT011,2024-05-21,9670.01,Approved,Buyer_A
PO0003408,SUP00249,DPT009,2024-03-08,16410.27,Approved,Buyer_E
PO0003409,SUP00149,DPT006,2024-03-15,12603.18,Approved,Buyer_A
PO0003410,SUP00068,DPT003,2024-02-05,36883.87,Approved,Buyer_B
PO0003411,SUP00249,DPT003,2024-03-07,29960.43,Pending,Buyer_D
PO0003412,SUP00004,DPT011,2024-09-18,10563.79,Approved,Buyer_E
PO0003413,SUP00133,DPT010,2024-08-07,78992.14,Pending,Buyer_F
PO0003414,SUP00008,DPT003,2024-07-19,20678.43,Approved,Buyer_E
PO0003415,SUP00004,DPT003,2024-01-04,5702.08,Approved,Buyer_B
PO0003416,SUP00026,DPT003,2024-08-13,4664.11,Approved,Buyer_E
PO0003417,SUP00019,DPT003,2024-11-20,28094.85,Approved,Buyer_E
PO0003418,SUP00286,DPT010,2024-11-05,3666.69,Pending,Buyer_E
PO0003419,SUP00012,DPT001,2024-05-12,5379.02,Approved,Buyer_E
PO0003420,SUP00211,DPT004,2024-07-20,6376.84,Approved,Buyer_E
PO0003421,SUP00172,DPT011,2024-04-10,11564.01,Approved,Buyer_D
PO0003422,SUP00125,DPT005,2024-10-24,6677.79,Approved,Buyer_F
PO0003423,SUP00274,DPT004,2024-11-04,2171.19,Approved,Buyer_D
PO0003424,SUP00021,DPT003,2024-03-15,25902.11,Rejected,Buyer_A
PO0003425,SUP00019,DPT001,2024-06-12,5407.82,Approved,Buyer_B
PO0003426,SUP00006,DPT002,2024-03-20,61079.73,Approved,Buyer_C
PO0003427,SUP00010,DPT001,2024-07-24,10981.75,Approved,Buyer_C
PO0003428,SUP00250,DPT001,2024-04-08,28773.42,Approved,Buyer_E
PO0003429,SUP00027,DPT002,2024-08-21,15227.55,Approved,Buyer_E
PO0003430,SUP00014,DPT003,2024-11-24,30183.67,Approved,Buyer_A
PO0003431,SUP00008,DPT001,2024-10-18,14333.27,Approved,Buyer_C
PO0003432,SUP00028,DPT011,2024-03-02,10251.39,Approved,Buyer_D
PO0003433,SUP00153,DPT001,2024-02-13,24178.86,Approved,Buyer_F
PO0003434,SUP00010,DPT003,2024-09-29,97340.66,Approved,Buyer_D
PO0003435,SUP00178,DPT010,2024-01-28,6186.98,Approved,Buyer_B
PO0003436,SUP00102,DPT001,2024-05-14,17942.49,Approved,Buyer_B
PO0003437,SUP00195,DPT004,2024-11-28,8060.7,Approved,Buyer_B
PO0003438,SUP00009,DPT009,2024-05-30,13440.92,Approved,Buyer_C
PO0003439,SUP00103,DPT005,2024-01-03,8452.0,Approved,Buyer_A
PO0003440,SUP00006,DPT002,2024-11-22,936.6,Approved,Buyer_E
PO0003441,SUP00016,DPT008,2024-08-25,6633.01,Approved,Buyer_A
PO0003442,SUP00158,DPT007,2024-04-20,22016.67,Pending,Buyer_A
PO0003443,SUP00103,DPT003,2024-07-23,3769.86,Approved,Buyer_A
PO0003444,SUP00007,DPT001,2024-07-24,20352.24,Approved,Buyer_A
PO0003445,SUP00237,DPT001,2024-07-04,9736.23,Approved,Buyer_D
PO0003446,SUP00002,DPT009,2024-11-17,6690.94,Approved,Buyer_E
PO0003447,SUP00082,DPT003,2024-09-20,20046.61,Approved,Buyer_F
PO0003448,SUP00311,DPT002,2024-03-27,16011.0,Approved,Buyer_E
PO0003449,SUP00044,DPT005,2024-11-28,12339.33,Approved,Buyer_E
PO0003450,SUP00203,DPT011,2024-11-18,22379.49,Approved,Buyer_D
PO0003451,SUP00082,DPT001,2024-01-16,9927.84,Approved,Buyer_B
PO0003452,SUP00193,DPT001,2024-04-09,1564.52,Approved,Buyer_C
PO0003453,SUP00117,DPT004,2024-07-24,5551.81,Approved,Buyer_F
PO0003454,SUP00138,DPT007,2024-10-21,1333.55,Approved,Buyer_A
PO0003455,SUP00008,DPT004,2024-08-28,15636.53,Approved,Buyer_E
PO0003456,SUP00168,DPT010,2024-07-11,19854.78,Approved,Buyer_E
PO0003457,SUP00008,DPT001,2024-04-12,20779.09,Approved,Buyer_A
PO0003458,SUP00309,DPT003,2024-02-02,13214.83,Approved,Buyer_B
PO0003459,SUP00008,DPT003,2024-10-26,21331.18,Approved,Buyer_B
PO0003460,SUP00008,DPT003,2024-06-27,1674.71,Approved,Buyer_F
PO0003461,SUP00237,DPT004,2024-06-02,7276.7,Approved,Buyer_C
PO0003462,SUP00008,DPT009,2024-11-24,1968.61,Approved,Buyer_E
PO0003463,SUP00016,DPT003,2024-02-25,5662.78,Approved,Buyer_D
PO0003464,SUP00152,DPT008,2024-03-26,40792.43,Approved,Buyer_A
PO0003465,SUP00006,DPT002,2024-10-13,24178.94,Approved,Buyer_E
PO0003466,SUP00006,DPT005,2024-04-05,15713.66,Approved,Buyer_D
PO0003467,SUP00028,DPT003,2024-11-11,6757.31,Approved,Buyer_F
PO0003468,SUP00008,DPT005,2024-10-14,3000.11,Approved,Buyer_F
PO0003469,SUP00008,DPT001,2024-02-03,9769.57,Approved,Buyer_D
PO0003470,SUP00001,DPT011,2024-06-02,24604.28,Approved,Buyer_F
PO0003471,SUP00017,DPT011,2024-09-08,12208.3,Approved,Buyer_A
PO0003472,SUP00012,DPT009,2024-06-13,1659.56,Rejected,Buyer_D
PO0003473,SUP00002,DPT010,2024-03-13,8996.68,Approved,Buyer_D
PO0003474,SUP00097,DPT002,2024-01-16,1195.92,Pending,Buyer_B
PO0003475,SUP00100,DPT004,2024-01-03,18109.35,Approved,Buyer_D
PO0003476,SUP00003,DPT003,2024-02-29,4052.11,Approved,Buyer_E
PO0003477,SUP00012,DPT010,2024-03-28,2384.82,Approved,Buyer_C
PO0003478,SUP00245,DPT002,2024-04-11,18360.02,Approved,Buyer_D
PO0003479,SUP00074,DPT002,2024-10-13,14177.02,Approved,Buyer_E
PO0003480,SUP00021,DPT007,2024-06-19,10223.04,Approved,Buyer_D
PO0003481,SUP00026,DPT001,2024-02-17,72526.55,Rejected,Buyer_C
PO0003482,SUP00007,DPT008,2024-01-28,15290.7,Approved,Buyer_B
PO0003483,SUP00210,DPT002,2024-02-13,4251.57,Approved,Buyer_D
PO0003484,SUP00270,DPT007,2024-04-15,13618.76,Approved,Buyer_F
PO0003485,SUP00268,DPT010,2024-09-04,6087.07,Approved,Buyer_C
PO0003486,SUP00008,DPT006,2024-05-16,28760.52,Approved,Buyer_D
PO0003487,SUP00011,DPT002,2024-05-29,10731.91,Approved,Buyer_F
PO0003488,SUP00006,DPT001,2024-02-19,11848.11,Approved,Buyer_B
PO0003489,SUP00011,DPT001,2024-01-20,1915.3,Approved,Buyer_E
PO0003490,SUP00013,DPT001,2024-03-18,8615.79,Approved,Buyer_B
PO0003491,SUP00104,DPT005,2024-02-20,7659.75,Approved,Buyer_B
PO0003492,SUP00007,DPT003,2024-09-23,2909.65,Approved,Buyer_B
PO0003493,SUP00273,DPT002,2024-11-03,6493.12,Approved,Buyer_A
PO0003494,SUP00004,DPT002,2024-07-27,12528.39,Approved,Buyer_C
PO0003495,SUP00001,DPT011,2024-09-11,8067.92,Approved,Buyer_C
PO0003496,SUP00235,DPT001,2024-09-11,1974.16,Approved,Buyer_B
PO0003497,SUP00146,DPT003,2024-10-21,6165.86,Approved,Buyer_E
PO0003498,SUP00015,DPT004,2024-02-02,5074.46,Approved,Buyer_D
PO0003499,SUP00082,DPT001,2024-11-30,9833.14,Rejected,Buyer_B
PO0003500,SUP00008,DPT011,2024-06-02,8826.67,Approved,Buyer_B
PO0003501,SUP00006,DPT001,2024-06-30,5368.95,Approved,Buyer_E
PO0003502,SUP00027,DPT007,2024-09-24,5163.33,Approved,Buyer_B
PO0003503,SUP00015,DPT006,2024-06-14,8666.52,Approved,Buyer_C
PO0003504,SUP00093,DPT009,2024-03-30,21225.89,Pending,Buyer_A
PO0003505,SUP00008,DPT006,2024-01-07,10706.87,Approved,Buyer_E
PO0003506,SUP00122,DPT008,2024-02-26,33626.49,Approved,Buyer_C
PO0003507,SUP00183,DPT004,2024-01-29,25164.54,Approved,Buyer_E
PO0003508,SUP00006,DPT004,2024-05-07,36195.23,Approved,Buyer_C
PO0003509,SUP00002,DPT007,2024-09-17,31844.74,Approved,Buyer_E
PO0003510,SUP00024,DPT005,2024-04-21,38675.03,Approved,Buyer_C
PO0003511,SUP00187,DPT005,2024-07-19,2557.68,Approved,Buyer_F
PO0003512,SUP00114,DPT002,2024-03-03,15481.89,Approved,Buyer_E
PO0003513,SUP00145,DPT002,2024-07-16,27400.61,Approved,Buyer_C
PO0003514,SUP00020,DPT003,2024-11-15,32827.68,Approved,Buyer_C
PO0003515,SUP00008,DPT001,2024-04-15,3749.14,Approved,Buyer_D
PO0003516,SUP00044,DPT004,2024-06-10,15636.77,Approved,Buyer_E
PO0003517,SUP00007,DPT001,2024-11-18,8735.96,Approved,Buyer_E
PO0003518,SUP00159,DPT005,2024-07-22,51382.88,Pending,Buyer_A
PO0003519,SUP00007,DPT007,2024-05-13,2023.75,Approved,Buyer_B
PO0003520,SUP00010,DPT005,2024-02-10,3754.5,Rejected,Buyer_C
PO0003521,SUP00030,DPT007,2024-11-10,1325.26,Approved,Buyer_D
PO0003522,SUP00028,DPT001,2024-07-23,9363.89,Approved,Buyer_A
PO0003523,SUP00085,DPT001,2024-01-20,77951.36,Approved,Buyer_B
PO0003524,SUP00024,DPT007,2024-07-05,7751.63,Approved,Buyer_C
PO0003525,SUP00273,DPT009,2024-11-20,8964.55,Approved,Buyer_C
PO0003526,SUP00226,DPT007,2024-11-08,14048.05,Approved,Buyer_D
PO0003527,SUP00249,DPT007,2024-03-06,7213.5,Approved,Buyer_A
PO0003528,SUP00102,DPT007,2024-05-18,11684.59,Approved,Buyer_E
PO0003529,SUP00105,DPT008,2024-11-26,11994.6,Approved,Buyer_B
PO0003530,SUP00090,DPT008,2024-09-18,3478.8,Approved,Buyer_D
PO0003531,SUP00023,DPT008,2024-07-06,7375.75,Approved,Buyer_F
PO0003532,SUP00012,DPT001,2024-04-11,17016.4,Approved,Buyer_C
PO0003533,SUP00080,DPT001,2024-09-12,20508.12,Approved,Buyer_B
PO0003534,SUP00001,DPT003,2024-07-12,29688.1,Pending,Buyer_B
PO0003535,SUP00001,DPT005,2024-06-24,11332.57,Approved,Buyer_D
PO0003536,SUP00233,DPT008,2024-11-06,11565.55,Pending,Buyer_F
PO0003537,SUP00002,DPT003,2024-05-06,17157.4,Approved,Buyer_D
PO0003538,SUP00040,DPT003,2024-07-28,4470.38,Approved,Buyer_B
PO0003539,SUP00093,DPT009,2024-01-15,4290.77,Rejected,Buyer_F
PO0003540,SUP00007,DPT002,2024-08-26,7152.39,Approved,Buyer_A
PO0003541,SUP00259,DPT009,2024-07-02,2264.21,Pending,Buyer_C
PO0003542,SUP00007,DPT002,2024-10-20,12172.09,Approved,Buyer_A
PO0003543,SUP00252,DPT003,2024-04-21,23134.54,Approved,Buyer_A
PO0003544,SUP00181,DPT004,2024-11-06,3983.66,Approved,Buyer_F
PO0003545,SUP00008,DPT003,2024-07-11,12520.83,Approved,Buyer_A
PO0003546,SUP00005,DPT001,2024-03-10,4319.39,Approved,Buyer_F
PO0003547,SUP00012,DPT002,2024-02-23,2931.95,Approved,Buyer_D
PO0003548,SUP00020,DPT003,2024-03-06,63294.96,Approved,Buyer_B
PO0003549,SUP00009,DPT003,2024-04-11,2974.31,Approved,Buyer_F
PO0003550,SUP00320,DPT009,2024-07-03,2254.49,Approved,Buyer_A
PO0003551,SUP00008,DPT001,2024-10-17,10043.85,Approved,Buyer_E
PO0003552,SUP00221,DPT003,2024-11-29,10599.07,Approved,Buyer_E
PO0003553,SUP00006,DPT001,2024-08-15,15791.58,Approved,Buyer_C
PO0003554,SUP00309,DPT011,2024-06-13,59947.72,Approved,Buyer_B
PO0003555,SUP00008,DPT009,2024-07-24,3725.18,Approved,Buyer_A
PO0003556,SUP00022,DPT012,2024-04-20,4544.0,Approved,Buyer_A
PO0003557,SUP00060,DPT011,2024-03-23,40489.81,Pending,Buyer_A
PO0003558,SUP00004,DPT003,2024-06-28,20725.58,Approved,Buyer_C
PO0003559,SUP00212,DPT007,2024-10-04,18035.21,Approved,Buyer_D
PO0003560,SUP00010,DPT003,2024-01-22,4492.35,Approved,Buyer_C
PO0003561,SUP00055,DPT010,2024-02-07,24981.43,Approved,Buyer_E
PO0003562,SUP00055,DPT004,2024-02-29,18091.23,Approved,Buyer_C
PO0003563,SUP00086,DPT003,2024-03-11,9794.12,Approved,Buyer_E
PO0003564,SUP00002,DPT011,2024-02-19,4514.6,Approved,Buyer_D
PO0003565,SUP00006,DPT009,2024-02-13,9015.45,Approved,Buyer_F
PO0003566,SUP00006,DPT012,2024-01-10,42128.8,Approved,Buyer_E
PO0003567,SUP00010,DPT001,2024-04-26,2713.6,Approved,Buyer_A
PO0003568,SUP00005,DPT002,2024-08-29,3641.68,Approved,Buyer_D
PO0003569,SUP00274,DPT003,2024-02-22,4325.13,Approved,Buyer_D
PO0003570,SUP00033,DPT004,2024-04-19,5373.2,Approved,Buyer_A
PO0003571,SUP00098,DPT004,2024-11-22,7976.57,Approved,Buyer_A
PO0003572,SUP00016,DPT003,2024-02-26,21132.58,Approved,Buyer_A
PO0003573,SUP00010,DPT009,2024-11-26,12854.05,Approved,Buyer_B
PO0003574,SUP00030,DPT002,2024-06-20,8611.39,Pending,Buyer_F
PO0003575,SUP00010,DPT007,2024-08-30,10689.25,Approved,Buyer_B
PO0003576,SUP00014,DPT010,2024-04-18,15123.29,Pending,Buyer_B
PO0003577,SUP00025,DPT006,2024-04-18,1507.63,Approved,Buyer_C
PO0003578,SUP00030,DPT003,2024-05-11,23661.02,Approved,Buyer_C
PO0003579,SUP00311,DPT002,2024-02-12,3546.04,Approved,Buyer_F
PO0003580,SUP00008,DPT002,2024-04-15,5200.39,Approved,Buyer_A
PO0003581,SUP00028,DPT008,2024-10-26,11389.37,Approved,Buyer_F
PO0003582,SUP00005,DPT004,2024-01-02,7514.53,Pending,Buyer_B
PO0003583,SUP00015,DPT001,2024-07-10,13186.26,Approved,Buyer_B
PO0003584,SUP00154,DPT012,2024-08-18,9337.82,Approved,Buyer_C
PO0003585,SUP00006,DPT007,2024-02-17,6067.29,Approved,Buyer_F
PO0003586,SUP00073,DPT009,2024-02-07,37375.03,Approved,Buyer_B
PO0003587,SUP00021,DPT004,2024-07-04,16449.75,Approved,Buyer_C
PO0003588,SUP00002,DPT011,2024-03-14,10961.2,Approved,Buyer_D
PO0003589,SUP00281,DPT002,2024-03-04,16196.0,Approved,Buyer_E
PO0003590,SUP00021,DPT002,2024-02-13,4002.48,Approved,Buyer_C
PO0003591,SUP00193,DPT010,2024-04-21,71308.57,Approved,Buyer_A
PO0003592,SUP00021,DPT010,2024-02-23,2730.84,Approved,Buyer_E
PO0003593,SUP00284,DPT004,2024-08-10,9074.0,Approved,Buyer_F
PO0003594,SUP00010,DPT001,2024-04-26,6084.95,Approved,Buyer_D
PO0003595,SUP00021,DPT003,2024-06-25,5858.13,Approved,Buyer_F
PO0003596,SUP00178,DPT008,2024-03-22,5144.81,Approved,Buyer_B
PO0003597,SUP00014,DPT009,2024-02-02,3745.42,Pending,Buyer_F
PO0003598,SUP00016,DPT003,2024-01-21,26591.38,Approved,Buyer_E
PO0003599,SUP00317,DPT001,2024-01-18,2429.15,Approved,Buyer_F
PO0003600,SUP00058,DPT007,2024-10-18,21667.4,Approved,Buyer_F
PO0003601,SUP00137,DPT008,2024-03-29,15499.11,Approved,Buyer_C
PO0003602,SUP00110,DPT004,2024-04-12,5536.45,Approved,Buyer_A
PO0003603,SUP00219,DPT005,2024-07-13,13802.53,Approved,Buyer_E
PO0003604,SUP00239,DPT012,2024-02-01,6919.52,Approved,Buyer_E
PO0003605,SUP00063,DPT002,2024-07-20,2694.57,Pending,Buyer_D
PO0003606,SUP00010,DPT005,2024-06-23,2723.21,Approved,Buyer_D
PO0003607,SUP00001,DPT006,2024-09-22,15606.48,Approved,Buyer_A
PO0003608,SUP00093,DPT005,2024-02-11,14817.59,Approved,Buyer_E
PO0003609,SUP00218,DPT010,2024-01-06,10321.78,Approved,Buyer_C
PO0003610,SUP00025,DPT006,2024-09-15,5477.93,Approved,Buyer_A
PO0003611,SUP00006,DPT004,2024-05-03,6698.03,Approved,Buyer_F
PO0003612,SUP00010,DPT001,2024-01-21,5851.46,Approved,Buyer_A
PO0003613,SUP00031,DPT007,2024-07-05,1412.41,Approved,Buyer_B
PO0003614,SUP00224,DPT002,2024-06-04,8614.94,Approved,Buyer_B
PO0003615,SUP00006,DPT001,2024-11-14,13663.11,Rejected,Buyer_E
PO0003616,SUP00092,DPT004,2024-11-12,8669.87,Approved,Buyer_A
PO0003617,SUP00175,DPT005,2024-06-29,47531.56,Approved,Buyer_C
PO0003618,SUP00283,DPT012,2024-02-23,2967.39,Approved,Buyer_C
PO0003619,SUP00004,DPT007,2024-09-07,4183.47,Approved,Buyer_C
PO0003620,SUP00277,DPT009,2024-03-08,9255.92,Approved,Buyer_F
PO0003621,SUP00085,DPT003,2024-10-07,10339.91,Approved,Buyer_B
PO0003622,SUP00183,DPT004,2024-07-20,1210.5,Approved,Buyer_C
PO0003623,SUP00002,DPT012,2024-04-28,14804.67,Approved,Buyer_C
PO0003624,SUP00030,DPT004,2024-11-24,10387.07,Approved,Buyer_C
PO0003625,SUP00098,DPT009,2024-06-21,973.22,Approved,Buyer_F
PO0003626,SUP00011,DPT005,2024-05-09,7210.48,Approved,Buyer_B
PO0003627,SUP00023,DPT002,2024-03-04,3609.98,Approved,Buyer_A
PO0003628,SUP00058,DPT005,2024-08-05,5149.61,Approved,Buyer_C
PO0003629,SUP00057,DPT002,2024-03-31,2125.79,Approved,Buyer_A
PO0003630,SUP00002,DPT001,2024-02-21,12285.67,Approved,Buyer_E
PO0003631,SUP00024,DPT002,2024-02-09,47182.41,Approved,Buyer_F
PO0003632,SUP00008,DPT002,2024-08-02,10562.06,Pending,Buyer_E
PO0003633,SUP00271,DPT003,2024-11-04,935.06,Approved,Buyer_E
PO0003634,SUP00307,DPT010,2024-03-25,10781.6,Rejected,Buyer_C
PO0003635,SUP00010,DPT003,2024-03-13,6669.91,Approved,Buyer_E
PO0003636,SUP00006,DPT009,2024-07-24,2694.55,Approved,Buyer_C
PO0003637,SUP00008,DPT005,2024-02-17,11540.57,Approved,Buyer_F
PO0003638,SUP00027,DPT001,2024-01-30,19531.13,Approved,Buyer_B
PO0003639,SUP00246,DPT002,2024-08-01,4152.67,Approved,Buyer_A
PO0003640,SUP00030,DPT011,2024-06-24,1565.98,Approved,Buyer_F
PO0003641,SUP00002,DPT006,2024-01-10,1083.91,Approved,Buyer_C
PO0003642,SUP00002,DPT011,2024-03-20,4164.35,Approved,Buyer_B
PO0003643,SUP00008,DPT003,2024-03-07,6936.11,Approved,Buyer_E
PO0003644,SUP00228,DPT007,2024-08-16,4836.73,Approved,Buyer_C
PO0003645,SUP00097,DPT009,2024-08-11,4091.71,Rejected,Buyer_E
PO0003646,SUP00063,DPT012,2024-09-07,14298.35,Pending,Buyer_C
PO0003647,SUP00012,DPT001,2024-02-03,12872.21,Approved,Buyer_E
PO0003648,SUP00279,DPT011,2024-10-11,9893.11,Approved,Buyer_A
PO0003649,SUP00013,DPT004,2024-03-11,18333.55,Approved,Buyer_E
PO0003650,SUP00223,DPT009,2024-11-28,4203.58,Approved,Buyer_B
PO0003651,SUP00259,DPT005,2024-10-19,2712.0,Approved,Buyer_C
PO0003652,SUP00028,DPT005,2024-06-02,4806.22,Approved,Buyer_F
PO0003653,SUP00258,DPT003,2024-09-20,4485.91,Approved,Buyer_C
PO0003654,SUP00010,DPT009,2024-08-12,1041.81,Pending,Buyer_A
PO0003655,SUP00119,DPT002,2024-09-16,4695.84,Rejected,Buyer_C
PO0003656,SUP00003,DPT004,2024-01-07,24461.37,Approved,Buyer_B
PO0003657,SUP00027,DPT005,2024-01-29,18049.14,Approved,Buyer_C
PO0003658,SUP00008,DPT008,2024-10-30,13700.45,Approved,Buyer_B
PO0003659,SUP00003,DPT004,2024-09-18,9242.97,Approved,Buyer_D
PO0003660,SUP00001,DPT007,2024-07-25,34506.35,Approved,Buyer_B
PO0003661,SUP00012,DPT004,2024-04-14,2806.89,Approved,Buyer_C
PO0003662,SUP00078,DPT006,2024-05-21,3087.67,Approved,Buyer_F
PO0003663,SUP00025,DPT007,2024-05-11,24941.67,Pending,Buyer_D
PO0003664,SUP00010,DPT007,2024-05-25,8329.88,Approved,Buyer_E
PO0003665,SUP00315,DPT009,2024-07-29,4141.53,Approved,Buyer_E
PO0003666,SUP00285,DPT005,2024-09-10,14071.75,Rejected,Buyer_F
PO0003667,SUP00005,DPT002,2024-05-08,5226.69,Approved,Buyer_F
PO0003668,SUP00021,DPT007,2024-10-06,3506.85,Approved,Buyer_F
PO0003669,SUP00113,DPT001,2024-01-31,3410.62,Approved,Buyer_C
PO0003670,SUP00163,DPT002,2024-09-27,11176.28,Approved,Buyer_D
PO0003671,SUP00017,DPT009,2024-08-14,9954.85,Approved,Buyer_E
PO0003672,SUP00171,DPT004,2024-06-20,36928.79,Approved,Buyer_D
PO0003673,SUP00005,DPT004,2024-05-05,6062.7,Approved,Buyer_A
PO0003674,SUP00013,DPT012,2024-05-04,5960.15,Approved,Buyer_D
PO0003675,SUP00153,DPT002,2024-04-30,34188.12,Approved,Buyer_B
PO0003676,SUP00100,DPT001,2024-11-12,21712.57,Approved,Buyer_E
PO0003677,SUP00224,DPT001,2024-01-09,9366.53,Pending,Buyer_F
PO0003678,SUP00002,DPT002,2024-07-31,1701.03,Approved,Buyer_E
PO0003679,SUP00006,DPT008,2024-11-27,3598.04,Approved,Buyer_D
PO0003680,SUP00002,DPT009,2024-07-01,2823.99,Approved,Buyer_D
PO0003681,SUP00007,DPT005,2024-08-02,8403.91,Approved,Buyer_D
PO0003682,SUP00001,DPT002,2024-07-19,4873.94,Approved,Buyer_C
PO0003683,SUP00030,DPT005,2024-06-18,40251.59,Pending,Buyer_B
PO0003684,SUP00042,DPT001,2024-07-30,1683.39,Approved,Buyer_E
PO0003685,SUP00119,DPT007,2024-10-29,2536.8,Approved,Buyer_C
PO0003686,SUP00018,DPT006,2024-08-26,10348.83,Approved,Buyer_A
PO0003687,SUP00001,DPT001,2024-10-11,13649.2,Approved,Buyer_E
PO0003688,SUP00128,DPT009,2024-07-04,609.64,Approved,Buyer_D
PO0003689,SUP00002,DPT008,2024-09-16,1428.8,Approved,Buyer_D
PO0003690,SUP00242,DPT003,2024-10-20,6225.42,Approved,Buyer_D
PO0003691,SUP00001,DPT006,2024-03-12,31446.52,Approved,Buyer_A
PO0003692,SUP00043,DPT006,2024-10-15,53517.33,Approved,Buyer_D
PO0003693,SUP00259,DPT002,2024-08-18,5353.48,Approved,Buyer_D
PO0003694,SUP00068,DPT002,2024-05-28,6831.87,Approved,Buyer_D
PO0003695,SUP00089,DPT007,2024-09-16,3509.17,Approved,Buyer_A
PO0003696,SUP00133,DPT011,2024-02-26,15263.3,Approved,Buyer_E
PO0003697,SUP00005,DPT005,2024-08-21,37366.49,Rejected,Buyer_D
PO0003698,SUP00129,DPT005,2024-07-12,28453.34,Approved,Buyer_E
PO0003699,SUP00250,DPT006,2024-10-24,7871.46,Approved,Buyer_D
PO0003700,SUP00305,DPT004,2024-07-26,3503.33,Approved,Buyer_B
PO0003701,SUP00024,DPT001,2024-06-25,8169.78,Approved,Buyer_E
PO0003702,SUP00014,DPT004,2024-06-24,32234.31,Approved,Buyer_C
PO0003703,SUP00175,DPT011,2024-07-04,5428.85,Approved,Buyer_C
PO0003704,SUP00051,DPT009,2024-10-25,1318.92,Pending,Buyer_A
PO0003705,SUP00009,DPT011,2024-09-20,5653.28,Approved,Buyer_A
PO0003706,SUP00006,DPT002,2024-02-01,6130.15,Approved,Buyer_A
PO0003707,SUP00006,DPT004,2024-06-27,1311.2,Pending,Buyer_C
PO0003708,SUP00026,DPT005,2024-04-06,10219.34,Approved,Buyer_B
PO0003709,SUP00006,DPT002,2024-02-25,13440.19,Approved,Buyer_B
PO0003710,SUP00001,DPT002,2024-10-17,52046.49,Approved,Buyer_E
PO0003711,SUP00002,DPT009,2024-10-14,2137.99,Pending,Buyer_E
PO0003712,SUP00279,DPT007,2024-11-10,16823.32,Approved,Buyer_E
PO0003713,SUP00003,DPT006,2024-05-11,21307.96,Pending,Buyer_E
PO0003714,SUP00003,DPT002,2024-05-22,13624.45,Approved,Buyer_B
PO0003715,SUP00025,DPT004,2024-09-17,2960.75,Approved,Buyer_D
PO0003716,SUP00009,DPT001,2024-03-05,2793.56,Approved,Buyer_F
PO0003717,SUP00298,DPT001,2024-01-19,8930.22,Approved,Buyer_B
PO0003718,SUP00268,DPT005,2024-05-20,8867.76,Approved,Buyer_C
PO0003719,SUP00020,DPT003,2024-07-29,4631.18,Approved,Buyer_D
PO0003720,SUP00025,DPT012,2024-06-01,29485.0,Approved,Buyer_E
PO0003721,SUP00017,DPT004,2024-03-11,5427.58,Approved,Buyer_A
PO0003722,SUP00002,DPT001,2024-06-23,1219.63,Approved,Buyer_C
PO0003723,SUP00010,DPT001,2024-11-11,6476.55,Approved,Buyer_B
PO0003724,SUP00005,DPT008,2024-04-01,13098.77,Pending,Buyer_E
PO0003725,SUP00004,DPT002,2024-05-14,11406.76,Approved,Buyer_B
PO0003726,SUP00061,DPT002,2024-04-14,11318.83,Approved,Buyer_C
PO0003727,SUP00004,DPT004,2024-04-08,36097.87,Approved,Buyer_C
PO0003728,SUP00004,DPT002,2024-08-07,2657.68,Rejected,Buyer_A
PO0003729,SUP00028,DPT006,2024-05-05,5304.4,Approved,Buyer_E
PO0003730,SUP00024,DPT004,2024-07-27,37989.08,Approved,Buyer_B
PO0003731,SUP00005,DPT001,2024-01-07,1133.03,Approved,Buyer_C
PO0003732,SUP00001,DPT009,2024-08-09,7679.47,Approved,Buyer_E
PO0003733,SUP00007,DPT004,2024-02-05,27692.62,Approved,Buyer_E
PO0003734,SUP00008,DPT006,2024-05-06,27282.92,Approved,Buyer_F
PO0003735,SUP00203,DPT001,2024-10-19,15679.61,Approved,Buyer_A
PO0003736,SUP00271,DPT006,2024-04-22,16081.73,Approved,Buyer_D
PO0003737,SUP00020,DPT003,2024-08-21,2861.14,Approved,Buyer_B
PO0003738,SUP00020,DPT004,2024-04-27,31989.95,Approved,Buyer_E
PO0003739,SUP00151,DPT003,2024-10-29,2440.45,Approved,Buyer_C
PO0003740,SUP00100,DPT012,2024-11-14,2590.45,Approved,Buyer_A
PO0003741,SUP00007,DPT002,2024-10-31,11942.68,Approved,Buyer_F
PO0003742,SUP00004,DPT011,2024-05-12,4949.22,Approved,Buyer_E
PO0003743,SUP00024,DPT011,2024-04-16,9963.63,Rejected,Buyer_B
PO0003744,SUP00064,DPT004,2024-07-22,12466.09,Approved,Buyer_F
PO0003745,SUP00005,DPT003,2024-09-30,47959.38,Approved,Buyer_C
PO0003746,SUP00010,DPT003,2024-06-24,12503.01,Approved,Buyer_C
PO0003747,SUP00011,DPT012,2024-09-04,4365.4,Approved,Buyer_B
PO0003748,SUP00009,DPT006,2024-10-20,15938.42,Approved,Buyer_C
PO0003749,SUP00026,DPT005,2024-09-08,3527.15,Approved,Buyer_F
PO0003750,SUP00116,DPT001,2024-05-03,20194.3,Approved,Buyer_A
PO0003751,SUP00031,DPT009,2024-03-24,8644.06,Approved,Buyer_D
PO0003752,SUP00007,DPT001,2024-05-25,12094.96,Approved,Buyer_B
PO0003753,SUP00004,DPT001,2024-07-11,1365.6,Approved,Buyer_A
PO0003754,SUP00215,DPT003,2024-10-09,853.42,Approved,Buyer_A
PO0003755,SUP00028,DPT004,2024-04-10,1805.47,Approved,Buyer_B
PO0003756,SUP00003,DPT010,2024-02-23,46433.24,Approved,Buyer_E
PO0003757,SUP00009,DPT009,2024-04-15,2570.47,Approved,Buyer_E
PO0003758,SUP00205,DPT002,2024-07-18,16853.44,Approved,Buyer_E
PO0003759,SUP00174,DPT003,2024-03-18,4264.55,Approved,Buyer_A
PO0003760,SUP00247,DPT009,2024-05-13,6373.92,Approved,Buyer_A
PO0003761,SUP00086,DPT005,2024-03-26,7748.7,Approved,Buyer_F
PO0003762,SUP00022,DPT002,2024-11-26,41930.91,Approved,Buyer_F
PO0003763,SUP00022,DPT004,2024-06-20,14537.77,Approved,Buyer_E
PO0003764,SUP00007,DPT006,2024-08-29,11908.8,Approved,Buyer_F
PO0003765,SUP00114,DPT012,2024-06-23,29634.62,Approved,Buyer_E
PO0003766,SUP00076,DPT007,2024-01-04,4301.86,Approved,Buyer_D
PO0003767,SUP00006,DPT001,2024-03-29,23584.45,Approved,Buyer_C
PO0003768,SUP00253,DPT007,2024-10-08,19956.35,Approved,Buyer_F
PO0003769,SUP00017,DPT002,2024-06-20,19730.07,Approved,Buyer_E
PO0003770,SUP00002,DPT010,2024-08-23,6939.49,Approved,Buyer_F
PO0003771,SUP00013,DPT003,2024-09-12,5232.71,Approved,Buyer_B
PO0003772,SUP00244,DPT002,2024-07-06,3395.4,Approved,Buyer_B
PO0003773,SUP00272,DPT004,2024-07-12,3614.89,Pending,Buyer_D
PO0003774,SUP00029,DPT002,2024-03-20,3238.89,Approved,Buyer_F
PO0003775,SUP00295,DPT002,2024-03-24,11694.19,Approved,Buyer_D
PO0003776,SUP00247,DPT005,2024-02-20,6448.89,Approved,Buyer_C
PO0003777,SUP00217,DPT008,2024-04-09,12473.98,Approved,Buyer_A
PO0003778,SUP00238,DPT009,2024-07-29,13198.81,Approved,Buyer_A
PO0003779,SUP00018,DPT004,2024-11-07,2808.05,Approved,Buyer_B
PO0003780,SUP00177,DPT001,2024-05-27,2725.02,Approved,Buyer_B
PO0003781,SUP00071,DPT004,2024-07-20,6446.8,Approved,Buyer_E
PO0003782,SUP00155,DPT004,2024-10-15,3732.67,Approved,Buyer_E
PO0003783,SUP00006,DPT002,2024-08-14,3359.64,Pending,Buyer_C
PO0003784,SUP00162,DPT010,2024-03-28,44164.96,Approved,Buyer_F
PO0003785,SUP00295,DPT012,2024-04-04,1748.73,Pending,Buyer_C
PO0003786,SUP00010,DPT001,2024-08-01,61271.15,Approved,Buyer_C
PO0003787,SUP00312,DPT009,2024-04-06,10817.02,Approved,Buyer_D
PO0003788,SUP00018,DPT006,2024-03-24,21725.42,Approved,Buyer_D
PO0003789,SUP00007,DPT002,2024-07-17,19309.12,Approved,Buyer_B
PO0003790,SUP00004,DPT006,2024-08-01,15017.32,Approved,Buyer_B
PO0003791,SUP00194,DPT001,2024-03-25,42694.77,Approved,Buyer_E
PO0003792,SUP00058,DPT001,2024-01-17,2745.13,Approved,Buyer_F
PO0003793,SUP00011,DPT012,2024-09-14,6930.05,Approved,Buyer_C
PO0003794,SUP00089,DPT006,2024-05-11,3453.53,Approved,Buyer_A
PO0003795,SUP00013,DPT002,2024-07-31,1486.11,Approved,Buyer_F
PO0003796,SUP00025,DPT004,2024-02-27,4182.9,Approved,Buyer_D
PO0003797,SUP00239,DPT011,2024-04-15,52709.33,Approved,Buyer_C
PO0003798,SUP00125,DPT004,2024-07-21,6812.63,Pending,Buyer_D
PO0003799,SUP00180,DPT011,2024-02-11,58895.25,Approved,Buyer_E
PO0003800,SUP00075,DPT010,2024-04-16,65239.94,Approved,Buyer_A
PO0003801,SUP00315,DPT003,2024-08-28,161964.16,Approved,Buyer_C
PO0003802,SUP00008,DPT007,2024-09-15,54474.77,Approved,Buyer_F
PO0003803,SUP00009,DPT007,2024-04-28,85659.2,Approved,Buyer_B
PO0003804,SUP00004,DPT009,2024-02-08,11216.8,Approved,Buyer_F
PO0003805,SUP00057,DPT003,2024-01-09,10181.51,Rejected,Buyer_B
PO0003806,SUP00092,DPT001,2024-07-05,10881.72,Approved,Buyer_C
PO0003807,SUP00159,DPT002,2024-08-20,8103.59,Approved,Buyer_A
PO0003808,SUP00013,DPT006,2024-07-17,9411.27,Approved,Buyer_E
PO0003809,SUP00001,DPT009,2024-05-15,17191.71,Approved,Buyer_B
PO0003810,SUP00104,DPT008,2024-01-08,5085.67,Approved,Buyer_F
PO0003811,SUP00320,DPT005,2024-03-16,2043.41,Approved,Buyer_A
PO0003812,SUP00010,DPT001,2024-01-13,11656.49,Approved,Buyer_A
PO0003813,SUP00007,DPT001,2024-06-03,4052.93,Approved,Buyer_C
PO0003814,SUP00010,DPT009,2024-04-13,4495.02,Rejected,Buyer_A
PO0003815,SUP00022,DPT005,2024-01-24,7025.11,Rejected,Buyer_B
PO0003816,SUP00009,DPT009,2024-07-23,5585.1,Approved,Buyer_E
PO0003817,SUP00015,DPT002,2024-05-04,24588.71,Approved,Buyer_D
PO0003818,SUP00107,DPT004,2024-11-18,6858.6,Approved,Buyer_D
PO0003819,SUP00014,DPT011,2024-05-19,25859.92,Approved,Buyer_A
PO0003820,SUP00019,DPT002,2024-01-31,9956.85,Rejected,Buyer_E
PO0003821,SUP00002,DPT001,2024-08-24,7416.56,Approved,Buyer_A
PO0003822,SUP00272,DPT006,2024-08-23,9492.15,Approved,Buyer_D
PO0003823,SUP00021,DPT006,2024-11-07,2226.91,Approved,Buyer_E
PO0003824,SUP00013,DPT011,2024-08-20,11362.54,Approved,Buyer_E
PO0003825,SUP00003,DPT011,2024-05-01,18942.99,Approved,Buyer_C
PO0003826,SUP00105,DPT008,2024-08-12,21825.85,Approved,Buyer_A
PO0003827,SUP00240,DPT001,2024-09-24,2096.08,Approved,Buyer_E
PO0003828,SUP00002,DPT004,2024-06-21,1774.05,Approved,Buyer_B
PO0003829,SUP00005,DPT010,2024-09-23,4737.11,Approved,Buyer_C
PO0003830,SUP00005,DPT004,2024-11-19,32359.48,Approved,Buyer_B
PO0003831,SUP00086,DPT012,2024-09-09,10106.92,Approved,Buyer_A
PO0003832,SUP00274,DPT006,2024-06-17,3734.26,Approved,Buyer_C
PO0003833,SUP00024,DPT001,2024-06-14,1895.16,Rejected,Buyer_D
PO0003834,SUP00014,DPT004,2024-10-07,4088.82,Approved,Buyer_E
PO0003835,SUP00182,DPT007,2024-10-19,3821.69,Approved,Buyer_E
PO0003836,SUP00169,DPT001,2024-03-28,20653.04,Approved,Buyer_E
PO0003837,SUP00009,DPT003,2024-01-04,22304.51,Approved,Buyer_E
PO0003838,SUP00006,DPT007,2024-09-27,2835.85,Approved,Buyer_C
PO0003839,SUP00016,DPT002,2024-03-20,17208.63,Approved,Buyer_C
PO0003840,SUP00188,DPT003,2024-11-29,15533.54,Approved,Buyer_D
PO0003841,SUP00141,DPT007,2024-01-13,2490.7,Approved,Buyer_C
PO0003842,SUP00123,DPT009,2024-10-31,7451.58,Approved,Buyer_B
PO0003843,SUP00220,DPT005,2024-08-15,11393.75,Approved,Buyer_A
PO0003844,SUP00010,DPT011,2024-04-11,9539.87,Approved,Buyer_C
PO0003845,SUP00014,DPT011,2024-01-12,1464.78,Approved,Buyer_C
PO0003846,SUP00002,DPT004,2024-10-10,9238.94,Rejected,Buyer_F
PO0003847,SUP00243,DPT002,2024-02-09,15310.05,Approved,Buyer_E
PO0003848,SUP00074,DPT009,2024-02-01,39324.15,Approved,Buyer_B
PO0003849,SUP00010,DPT002,2024-09-21,4151.43,Approved,Buyer_A
PO0003850,SUP00003,DPT009,2024-08-15,4696.38,Approved,Buyer_E
PO0003851,SUP00157,DPT005,2024-02-12,6575.68,Approved,Buyer_C
PO0003852,SUP00172,DPT004,2024-04-24,10842.36,Approved,Buyer_A
PO0003853,SUP00124,DPT005,2024-08-11,8928.63,Pending,Buyer_E
PO0003854,SUP00007,DPT005,2024-08-08,14828.53,Approved,Buyer_C
PO0003855,SUP00269,DPT011,2024-05-01,2630.2,Approved,Buyer_B
PO0003856,SUP00175,DPT002,2024-05-18,12050.41,Approved,Buyer_D
PO0003857,SUP00119,DPT011,2024-01-27,3857.54,Approved,Buyer_E
PO0003858,SUP00115,DPT001,2024-01-04,7021.04,Approved,Buyer_E
PO0003859,SUP00264,DPT008,2024-11-20,44712.73,Rejected,Buyer_B
PO0003860,SUP00278,DPT011,2024-03-18,2001.71,Approved,Buyer_D
PO0003861,SUP00082,DPT004,2024-11-06,6127.44,Pending,Buyer_C
PO0003862,SUP00021,DPT001,2024-01-15,2265.05,Approved,Buyer_F
PO0003863,SUP00016,DPT009,2024-11-27,9443.37,Approved,Buyer_B
PO0003864,SUP00214,DPT009,2024-05-23,23114.9,Approved,Buyer_E
PO0003865,SUP00111,DPT003,2024-09-27,9601.31,Approved,Buyer_C
PO0003866,SUP00003,DPT005,2024-10-08,7210.43,Approved,Buyer_D
PO0003867,SUP00005,DPT009,2024-04-27,30589.2,Approved,Buyer_D
PO0003868,SUP00262,DPT002,2024-09-04,11276.8,Approved,Buyer_C
PO0003869,SUP00252,DPT006,2024-04-21,18390.07,Approved,Buyer_B
PO0003870,SUP00292,DPT004,2024-09-21,16568.48,Approved,Buyer_C
PO0003871,SUP00023,DPT002,2024-11-17,456.58,Approved,Buyer_D
PO0003872,SUP00193,DPT009,2024-09-27,7505.05,Approved,Buyer_D
PO0003873,SUP00219,DPT003,2024-08-31,2757.07,Approved,Buyer_D
PO0003874,SUP00012,DPT011,2024-05-04,3535.76,Approved,Buyer_D
PO0003875,SUP00005,DPT005,2024-02-06,35404.21,Approved,Buyer_A
PO0003876,SUP00319,DPT005,2024-06-18,5570.25,Approved,Buyer_C
PO0003877,SUP00001,DPT004,2024-02-13,53775.23,Approved,Buyer_B
PO0003878,SUP00083,DPT004,2024-06-19,1982.89,Approved,Buyer_C
PO0003879,SUP00114,DPT009,2024-10-18,2741.69,Approved,Buyer_C
PO0003880,SUP00133,DPT007,2024-02-07,17367.41,Approved,Buyer_B
PO0003881,SUP00009,DPT009,2024-10-28,5759.63,Approved,Buyer_F
PO0003882,SUP00156,DPT004,2024-07-19,11018.46,Approved,Buyer_A
PO0003883,SUP00008,DPT002,2024-01-16,7242.29,Approved,Buyer_D
PO0003884,SUP00220,DPT001,2024-08-29,7026.36,Approved,Buyer_C
PO0003885,SUP00008,DPT009,2024-01-01,5977.54,Approved,Buyer_E
PO0003886,SUP00142,DPT004,2024-07-23,9696.24,Pending,Buyer_E
PO0003887,SUP00193,DPT004,2024-06-19,15392.54,Approved,Buyer_D
PO0003888,SUP00007,DPT004,2024-09-06,40717.86,Approved,Buyer_E
PO0003889,SUP00008,DPT004,2024-05-06,6617.6,Approved,Buyer_B
PO0003890,SUP00190,DPT007,2024-02-09,5466.32,Pending,Buyer_F
PO0003891,SUP00003,DPT006,2024-05-09,4805.61,Approved,Buyer_A
PO0003892,SUP00007,DPT012,2024-09-12,35234.6,Approved,Buyer_E
PO0003893,SUP00025,DPT002,2024-11-15,16160.49,Approved,Buyer_A
PO0003894,SUP00279,DPT005,2024-03-10,1213.14,Rejected,Buyer_B
PO0003895,SUP00062,DPT001,2024-04-27,1160.82,Approved,Buyer_E
PO0003896,SUP00019,DPT009,2024-10-20,3533.14,Approved,Buyer_E
PO0003897,SUP00308,DPT006,2024-04-14,10200.02,Pending,Buyer_D
PO0003898,SUP00026,DPT004,2024-03-23,7836.36,Approved,Buyer_E
PO0003899,SUP00023,DPT009,2024-10-05,13558.63,Approved,Buyer_B
PO0003900,SUP00021,DPT004,2024-06-13,6799.17,Approved,Buyer_D
PO0003901,SUP00011,DPT002,2024-07-14,32774.92,Approved,Buyer_B
PO0003902,SUP00013,DPT004,2024-06-12,17537.76,Approved,Buyer_C
PO0003903,SUP00136,DPT001,2024-07-20,8756.72,Approved,Buyer_C
PO0003904,SUP00002,DPT010,2024-03-31,25472.11,Approved,Buyer_D
PO0003905,SUP00133,DPT008,2024-09-02,1557.9,Approved,Buyer_A
PO0003906,SUP00007,DPT008,2024-05-01,7442.23,Approved,Buyer_A
PO0003907,SUP00018,DPT010,2024-06-24,9297.61,Approved,Buyer_A
PO0003908,SUP00005,DPT009,2024-03-03,14794.88,Approved,Buyer_B
PO0003909,SUP00057,DPT004,2024-01-04,1458.02,Pending,Buyer_D
PO0003910,SUP00161,DPT001,2024-07-09,6245.35,Approved,Buyer_A
PO0003911,SUP00015,DPT003,2024-02-16,12093.95,Approved,Buyer_F
PO0003912,SUP00006,DPT011,2024-11-01,13058.08,Approved,Buyer_C
PO0003913,SUP00008,DPT011,2024-11-17,26532.61,Approved,Buyer_B
PO0003914,SUP00213,DPT008,2024-04-16,17352.73,Approved,Buyer_F
PO0003915,SUP00009,DPT002,2024-04-06,7624.74,Approved,Buyer_B
PO0003916,SUP00188,DPT002,2024-06-19,15914.31,Approved,Buyer_B
PO0003917,SUP00013,DPT010,2024-03-09,6625.2,Approved,Buyer_C
PO0003918,SUP00007,DPT002,2024-10-15,9384.12,Approved,Buyer_A
PO0003919,SUP00160,DPT005,2024-02-04,17940.26,Approved,Buyer_E
PO0003920,SUP00027,DPT003,2024-05-31,7744.2,Approved,Buyer_E
PO0003921,SUP00002,DPT003,2024-03-04,11637.52,Approved,Buyer_C
PO0003922,SUP00297,DPT007,2024-10-05,21190.51,Approved,Buyer_F
PO0003923,SUP00005,DPT011,2024-02-18,16517.32,Rejected,Buyer_A
PO0003924,SUP00015,DPT009,2024-05-29,27818.93,Approved,Buyer_D
PO0003925,SUP00018,DPT004,2024-10-06,83153.89,Pending,Buyer_E
PO0003926,SUP00029,DPT004,2024-05-27,16365.45,Approved,Buyer_C
PO0003927,SUP00194,DPT011,2024-03-02,5108.74,Approved,Buyer_F
PO0003928,SUP00001,DPT005,2024-02-22,13518.62,Approved,Buyer_C
PO0003929,SUP00281,DPT004,2024-07-21,12949.58,Approved,Buyer_F
PO0003930,SUP00112,DPT007,2024-02-11,14965.62,Approved,Buyer_D
PO0003931,SUP00291,DPT002,2024-04-29,36134.97,Approved,Buyer_B
PO0003932,SUP00213,DPT001,2024-07-23,1504.01,Approved,Buyer_E
PO0003933,SUP00278,DPT010,2024-05-07,36821.53,Approved,Buyer_A
PO0003934,SUP00085,DPT006,2024-10-04,51555.64,Approved,Buyer_B
PO0003935,SUP00016,DPT002,2024-08-18,14300.8,Approved,Buyer_E
PO0003936,SUP00024,DPT003,2024-02-15,14649.11,Approved,Buyer_F
PO0003937,SUP00119,DPT012,2024-09-30,6363.64,Approved,Buyer_C
PO0003938,SUP00022,DPT006,2024-10-31,8154.49,Approved,Buyer_D
PO0003939,SUP00162,DPT006,2024-03-08,16284.23,Approved,Buyer_E
PO0003940,SUP00004,DPT001,2024-04-30,15268.58,Approved,Buyer_E
PO0003941,SUP00220,DPT012,2024-05-12,16659.06,Approved,Buyer_F
PO0003942,SUP00007,DPT010,2024-05-22,15163.83,Pending,Buyer_A
PO0003943,SUP00287,DPT005,2024-06-04,19898.31,Approved,Buyer_B
PO0003944,SUP00006,DPT003,2024-10-26,17794.57,Approved,Buyer_F
PO0003945,SUP00005,DPT007,2024-08-06,2909.25,Approved,Buyer_D
PO0003946,SUP00210,DPT009,2024-10-27,18625.15,Approved,Buyer_D
PO0003947,SUP00214,DPT009,2024-04-27,51978.56,Approved,Buyer_C
PO0003948,SUP00166,DPT012,2024-06-24,7890.17,Approved,Buyer_C
PO0003949,SUP00297,DPT006,2024-02-05,36296.62,Approved,Buyer_B
PO0003950,SUP00009,DPT003,2024-04-02,3237.98,Approved,Buyer_C
PO0003951,SUP00218,DPT004,2024-07-14,7865.47,Approved,Buyer_A
PO0003952,SUP00015,DPT009,2024-02-27,4267.75,Approved,Buyer_B
PO0003953,SUP00048,DPT002,2024-11-17,32183.89,Approved,Buyer_F
PO0003954,SUP00024,DPT002,2024-03-31,41792.68,Approved,Buyer_A
PO0003955,SUP00001,DPT008,2024-02-24,7337.87,Approved,Buyer_E
PO0003956,SUP00069,DPT004,2024-09-18,26135.81,Rejected,Buyer_A
PO0003957,SUP00172,DPT009,2024-01-31,42219.04,Approved,Buyer_E
PO0003958,SUP00006,DPT002,2024-04-18,7840.68,Approved,Buyer_B
PO0003959,SUP00280,DPT003,2024-03-07,9225.73,Approved,Buyer_E
PO0003960,SUP00043,DPT002,2024-08-20,16875.45,Rejected,Buyer_C
PO0003961,SUP00006,DPT007,2024-10-09,3489.32,Approved,Buyer_E
PO0003962,SUP00112,DPT008,2024-03-06,9046.18,Approved,Buyer_E
PO0003963,SUP00007,DPT004,2024-05-19,69063.88,Approved,Buyer_D
PO0003964,SUP00003,DPT004,2024-06-09,4914.7,Approved,Buyer_E
PO0003965,SUP00135,DPT002,2024-08-19,19031.03,Approved,Buyer_F
PO0003966,SUP00004,DPT007,2024-04-27,13681.56,Approved,Buyer_D
PO0003967,SUP00004,DPT012,2024-06-24,6879.04,Approved,Buyer_B
PO0003968,SUP00167,DPT009,2024-06-17,10113.79,Approved,Buyer_A
PO0003969,SUP00002,DPT002,2024-01-04,46752.36,Approved,Buyer_D
PO0003970,SUP00208,DPT006,2024-07-09,14095.31,Approved,Buyer_C
PO0003971,SUP00200,DPT003,2024-07-09,16478.61,Approved,Buyer_D
PO0003972,SUP00005,DPT001,2024-11-27,40169.46,Approved,Buyer_E
PO0003973,SUP00036,DPT002,2024-06-19,6066.82,Approved,Buyer_B
PO0003974,SUP00004,DPT001,2024-10-28,2844.34,Approved,Buyer_E
PO0003975,SUP00104,DPT002,2024-04-26,47493.46,Approved,Buyer_F
PO0003976,SUP00003,DPT009,2024-08-21,9288.4,Approved,Buyer_B
PO0003977,SUP00288,DPT003,2024-10-29,19803.24,Approved,Buyer_F
PO0003978,SUP00007,DPT008,2024-02-21,3780.72,Approved,Buyer_F
PO0003979,SUP00133,DPT011,2024-07-08,11950.47,Approved,Buyer_C
PO0003980,SUP00005,DPT005,2024-11-03,2705.57,Approved,Buyer_E
PO0003981,SUP00007,DPT004,2024-07-05,8636.39,Approved,Buyer_F
PO0003982,SUP00025,DPT008,2024-10-26,4238.98,Rejected,Buyer_F
PO0003983,SUP00069,DPT001,2024-05-20,3368.91,Approved,Buyer_C
PO0003984,SUP00320,DPT004,2024-10-24,5984.2,Approved,Buyer_D
PO0003985,SUP00001,DPT004,2024-07-29,817.79,Approved,Buyer_D
PO0003986,SUP00001,DPT009,2024-06-09,2540.45,Approved,Buyer_C
PO0003987,SUP00015,DPT009,2024-03-13,17719.38,Approved,Buyer_D
PO0003988,SUP00017,DPT009,2024-02-27,11472.02,Approved,Buyer_F
PO0003989,SUP00252,DPT007,2024-04-06,2767.81,Approved,Buyer_A
PO0003990,SUP00269,DPT005,2024-09-09,14014.86,Approved,Buyer_F
PO0003991,SUP00250,DPT009,2024-06-05,3367.03,Approved,Buyer_C
PO0003992,SUP00005,DPT010,2024-05-10,16679.97,Approved,Buyer_E
PO0003993,SUP00021,DPT004,2024-06-05,7218.2,Approved,Buyer_A
PO0003994,SUP00171,DPT012,2024-04-25,5853.98,Approved,Buyer_F
PO0003995,SUP00011,DPT010,2024-09-27,7397.79,Approved,Buyer_C
PO0003996,SUP00122,DPT005,2024-05-10,104770.6,Approved,Buyer_F
PO0003997,SUP00008,DPT001,2024-06-07,3794.08,Pending,Buyer_C
PO0003998,SUP00012,DPT002,2024-07-06,10163.51,Approved,Buyer_E
PO0003999,SUP00238,DPT009,2024-08-04,17700.86,Approved,Buyer_D
PO0004000,SUP00009,DPT001,2024-04-21,3095.14,Approved,Buyer_B
PO0004001,SUP00299,DPT004,2024-01-25,1645.41,Approved,Buyer_B
PO0004002,SUP00011,DPT006,2024-08-19,4442.19,Approved,Buyer_D
PO0004003,SUP00001,DPT010,2024-07-06,17317.33,Approved,Buyer_C
PO0004004,SUP00009,DPT009,2024-08-04,5755.99,Approved,Buyer_D
PO0004005,SUP00006,DPT008,2024-07-01,6431.06,Approved,Buyer_E
PO0004006,SUP00030,DPT004,2024-06-19,20146.17,Approved,Buyer_E
PO0004007,SUP00004,DPT002,2024-11-13,3617.93,Approved,Buyer_A
PO0004008,SUP00100,DPT007,2024-01-19,7414.88,Approved,Buyer_C
PO0004009,SUP00247,DPT002,2024-01-31,1783.19,Approved,Buyer_A
PO0004010,SUP00016,DPT005,2024-11-09,11167.01,Approved,Buyer_D
PO0004011,SUP00006,DPT012,2024-10-24,10193.52,Approved,Buyer_D
PO0004012,SUP00020,DPT005,2024-05-17,17953.43,Approved,Buyer_F
PO0004013,SUP00194,DPT006,2024-06-30,2577.93,Approved,Buyer_C
PO0004014,SUP00079,DPT007,2024-05-30,6688.28,Approved,Buyer_C
PO0004015,SUP00004,DPT009,2024-11-30,2256.41,Approved,Buyer_D
PO0004016,SUP00047,DPT004,2024-06-01,6335.31,Pending,Buyer_A
PO0004017,SUP00027,DPT004,2024-09-11,35660.11,Approved,Buyer_A
PO0004018,SUP00013,DPT002,2024-05-02,5879.62,Approved,Buyer_E
PO0004019,SUP00004,DPT006,2024-05-07,2067.47,Approved,Buyer_B
PO0004020,SUP00309,DPT003,2024-08-13,4105.66,Approved,Buyer_C
PO0004021,SUP00006,DPT004,2024-05-13,1618.17,Approved,Buyer_F
PO0004022,SUP00007,DPT008,2024-01-05,2217.7,Approved,Buyer_B
PO0004023,SUP00005,DPT001,2024-02-27,15850.99,Approved,Buyer_F
PO0004024,SUP00067,DPT005,2024-10-19,1907.82,Approved,Buyer_D
PO0004025,SUP00024,DPT002,2024-05-02,11073.7,Approved,Buyer_B
PO0004026,SUP00009,DPT003,2024-02-04,8314.39,Approved,Buyer_F
PO0004027,SUP00023,DPT001,2024-11-10,4762.23,Approved,Buyer_D
PO0004028,SUP00128,DPT002,2024-11-30,10171.55,Approved,Buyer_B
PO0004029,SUP00010,DPT012,2024-06-16,3172.7,Approved,Buyer_C
PO0004030,SUP00270,DPT012,2024-07-29,18785.57,Approved,Buyer_C
PO0004031,SUP00011,DPT007,2024-09-09,4030.56,Approved,Buyer_F
PO0004032,SUP00007,DPT006,2024-01-23,5506.22,Rejected,Buyer_C
PO0004033,SUP00294,DPT009,2024-04-09,4888.54,Approved,Buyer_A
PO0004034,SUP00209,DPT010,2024-07-07,16146.74,Approved,Buyer_E
PO0004035,SUP00014,DPT005,2024-07-03,13966.88,Approved,Buyer_E
PO0004036,SUP00227,DPT001,2024-04-20,588.92,Approved,Buyer_C
PO0004037,SUP00037,DPT007,2024-01-01,10448.81,Rejected,Buyer_F
PO0004038,SUP00015,DPT012,2024-11-15,1415.74,Approved,Buyer_C
PO0004039,SUP00226,DPT002,2024-07-24,5759.92,Approved,Buyer_B
PO0004040,SUP00174,DPT004,2024-09-10,7272.29,Approved,Buyer_E
PO0004041,SUP00010,DPT003,2024-05-26,5698.41,Approved,Buyer_A
PO0004042,SUP00088,DPT004,2024-06-18,13370.68,Approved,Buyer_F
PO0004043,SUP00017,DPT008,2024-05-28,16648.52,Approved,Buyer_E
PO0004044,SUP00001,DPT003,2024-05-23,3738.85,Approved,Buyer_B
PO0004045,SUP00298,DPT011,2024-08-12,3605.45,Rejected,Buyer_A
PO0004046,SUP00055,DPT009,2024-11-29,7816.8,Approved,Buyer_D
PO0004047,SUP00084,DPT001,2024-09-17,1730.68,Approved,Buyer_D
PO0004048,SUP00084,DPT009,2024-08-11,5029.23,Approved,Buyer_E
PO0004049,SUP00055,DPT009,2024-01-05,31197.02,Approved,Buyer_B
PO0004050,SUP00010,DPT005,2024-06-21,1796.69,Approved,Buyer_B
PO0004051,SUP00304,DPT004,2024-11-16,5766.86,Approved,Buyer_C
PO0004052,SUP00097,DPT009,2024-05-13,4481.44,Rejected,Buyer_E
PO0004053,SUP00126,DPT004,2024-07-03,60190.38,Approved,Buyer_F
PO0004054,SUP00025,DPT002,2024-04-18,4732.17,Approved,Buyer_C
PO0004055,SUP00010,DPT003,2024-03-05,5015.0,Approved,Buyer_A
PO0004056,SUP00003,DPT002,2024-08-24,2890.65,Approved,Buyer_A
PO0004057,SUP00015,DPT007,2024-04-15,8178.97,Approved,Buyer_D
PO0004058,SUP00006,DPT002,2024-07-15,10616.53,Approved,Buyer_A
PO0004059,SUP00121,DPT006,2024-07-17,3341.52,Approved,Buyer_E
PO0004060,SUP00249,DPT004,2024-10-11,21779.46,Approved,Buyer_A
PO0004061,SUP00010,DPT009,2024-11-10,10626.05,Approved,Buyer_C
PO0004062,SUP00013,DPT004,2024-07-04,18994.4,Approved,Buyer_E
PO0004063,SUP00126,DPT011,2024-01-17,5836.37,Approved,Buyer_C
PO0004064,SUP00005,DPT011,2024-07-14,10333.89,Approved,Buyer_E
PO0004065,SUP00279,DPT002,2024-10-23,6547.93,Approved,Buyer_C
PO0004066,SUP00016,DPT007,2024-06-08,34810.75,Approved,Buyer_E
PO0004067,SUP00004,DPT002,2024-07-08,9102.13,Approved,Buyer_C
PO0004068,SUP00006,DPT009,2024-09-12,8174.33,Approved,Buyer_E
PO0004069,SUP00281,DPT006,2024-05-27,5124.35,Rejected,Buyer_F
PO0004070,SUP00009,DPT003,2024-05-19,4836.93,Pending,Buyer_C
PO0004071,SUP00121,DPT002,2024-06-10,10277.6,Approved,Buyer_B
PO0004072,SUP00006,DPT004,2024-10-12,18390.46,Approved,Buyer_F
PO0004073,SUP00007,DPT009,2024-06-12,4086.49,Approved,Buyer_E
PO0004074,SUP00249,DPT009,2024-04-19,9196.51,Approved,Buyer_F
PO0004075,SUP00005,DPT001,2024-07-18,9741.69,Approved,Buyer_C
PO0004076,SUP00001,DPT003,2024-08-20,11595.4,Pending,Buyer_C
PO0004077,SUP00030,DPT004,2024-11-01,1469.24,Pending,Buyer_A
PO0004078,SUP00240,DPT005,2024-10-26,3213.99,Approved,Buyer_E
PO0004079,SUP00013,DPT002,2024-09-19,2067.62,Approved,Buyer_F
PO0004080,SUP00005,DPT003,2024-09-14,8373.98,Approved,Buyer_E
PO0004081,SUP00310,DPT010,2024-05-30,3291.26,Approved,Buyer_B
PO0004082,SUP00130,DPT004,2024-04-24,4933.28,Approved,Buyer_C
PO0004083,SUP00232,DPT008,2024-07-07,2454.6,Rejected,Buyer_C
PO0004084,SUP00174,DPT004,2024-08-24,5414.11,Rejected,Buyer_A
PO0004085,SUP00142,DPT004,2024-06-22,2633.05,Approved,Buyer_A
PO0004086,SUP00018,DPT006,2024-03-10,17290.43,Approved,Buyer_C
PO0004087,SUP00012,DPT002,2024-01-05,13085.08,Approved,Buyer_D
PO0004088,SUP00154,DPT002,2024-01-20,9416.6,Rejected,Buyer_F
PO0004089,SUP00153,DPT012,2024-05-22,5991.27,Approved,Buyer_F
PO0004090,SUP00291,DPT010,2024-09-22,1056.07,Approved,Buyer_E
PO0004091,SUP00066,DPT008,2024-09-21,5124.53,Approved,Buyer_F
PO0004092,SUP00010,DPT002,2024-09-27,3784.02,Approved,Buyer_E
PO0004093,SUP00029,DPT001,2024-08-25,10376.24,Approved,Buyer_D
PO0004094,SUP00093,DPT002,2024-01-08,15058.64,Approved,Buyer_F
PO0004095,SUP00022,DPT011,2024-10-22,11210.8,Approved,Buyer_F
PO0004096,SUP00197,DPT009,2024-11-13,28653.71,Approved,Buyer_B
PO0004097,SUP00075,DPT005,2024-10-11,4590.23,Approved,Buyer_B
PO0004098,SUP00001,DPT012,2024-05-29,4403.8,Approved,Buyer_F
PO0004099,SUP00067,DPT002,2024-03-12,22876.79,Approved,Buyer_A
PO0004100,SUP00104,DPT005,2024-10-30,9568.35,Pending,Buyer_D
PO0004101,SUP00271,DPT002,2024-03-03,6329.66,Approved,Buyer_C
PO0004102,SUP00021,DPT003,2024-09-21,51355.18,Approved,Buyer_E
PO0004103,SUP00069,DPT011,2024-11-19,14439.61,Approved,Buyer_F
PO0004104,SUP00027,DPT010,2024-10-28,6697.27,Approved,Buyer_B
PO0004105,SUP00044,DPT001,2024-06-23,4080.83,Approved,Buyer_B
PO0004106,SUP00003,DPT002,2024-10-06,30531.45,Approved,Buyer_B
PO0004107,SUP00260,DPT006,2024-10-05,9966.62,Approved,Buyer_E
PO0004108,SUP00268,DPT001,2024-11-22,8304.2,Approved,Buyer_C
PO0004109,SUP00054,DPT005,2024-04-30,15935.05,Approved,Buyer_D
PO0004110,SUP00059,DPT005,2024-07-29,19537.44,Approved,Buyer_C
PO0004111,SUP00002,DPT003,2024-09-30,14042.87,Approved,Buyer_E
PO0004112,SUP00083,DPT003,2024-03-17,19613.54,Approved,Buyer_A
PO0004113,SUP00023,DPT002,2024-03-16,12725.64,Approved,Buyer_C
PO0004114,SUP00149,DPT011,2024-05-10,14113.55,Approved,Buyer_B
PO0004115,SUP00002,DPT003,2024-04-30,3898.56,Approved,Buyer_D
PO0004116,SUP00150,DPT005,2024-09-08,49530.99,Approved,Buyer_D
PO0004117,SUP00010,DPT003,2024-11-09,2359.78,Approved,Buyer_E
PO0004118,SUP00115,DPT007,2024-02-22,11041.07,Approved,Buyer_F
PO0004119,SUP00101,DPT001,2024-04-18,2128.63,Approved,Buyer_E
PO0004120,SUP00008,DPT001,2024-11-07,7345.71,Approved,Buyer_A
PO0004121,SUP00024,DPT008,2024-07-18,4576.58,Approved,Buyer_E
PO0004122,SUP00224,DPT008,2024-03-09,9281.29,Approved,Buyer_A
PO0004123,SUP00088,DPT002,2024-07-21,11404.44,Approved,Buyer_C
PO0004124,SUP00003,DPT003,2024-10-20,3114.01,Approved,Buyer_D
PO0004125,SUP00024,DPT011,2024-05-05,7868.21,Approved,Buyer_B
PO0004126,SUP00011,DPT001,2024-06-11,32652.42,Rejected,Buyer_E
PO0004127,SUP00109,DPT002,2024-07-24,2181.43,Approved,Buyer_E
PO0004128,SUP00093,DPT004,2024-10-08,3449.37,Approved,Buyer_D
PO0004129,SUP00001,DPT003,2024-07-08,19163.35,Approved,Buyer_D
PO0004130,SUP00089,DPT006,2024-11-17,8756.53,Approved,Buyer_F
PO0004131,SUP00164,DPT007,2024-09-09,9425.32,Approved,Buyer_D
PO0004132,SUP00184,DPT005,2024-05-21,22523.23,Approved,Buyer_B
PO0004133,SUP00002,DPT006,2024-06-12,3662.61,Approved,Buyer_D
PO0004134,SUP00010,DPT004,2024-08-21,4820.65,Approved,Buyer_C
PO0004135,SUP00022,DPT008,2024-01-24,4261.42,Approved,Buyer_A
PO0004136,SUP00006,DPT001,2024-03-16,5720.42,Approved,Buyer_F
PO0004137,SUP00022,DPT003,2024-03-20,30931.24,Approved,Buyer_E
PO0004138,SUP00003,DPT007,2024-09-25,1478.7,Approved,Buyer_D
PO0004139,SUP00004,DPT003,2024-10-02,2454.75,Approved,Buyer_E
PO0004140,SUP00125,DPT001,2024-10-01,2067.96,Approved,Buyer_D
PO0004141,SUP00009,DPT003,2024-02-05,32915.34,Approved,Buyer_C
PO0004142,SUP00150,DPT007,2024-04-08,4383.49,Approved,Buyer_F
PO0004143,SUP00002,DPT001,2024-04-14,5844.91,Pending,Buyer_D
PO0004144,SUP00062,DPT008,2024-01-09,1612.22,Approved,Buyer_C
PO0004145,SUP00019,DPT009,2024-03-27,6233.01,Approved,Buyer_E
PO0004146,SUP00201,DPT006,2024-05-24,19274.18,Approved,Buyer_A
PO0004147,SUP00193,DPT002,2024-10-23,10435.38,Approved,Buyer_B
PO0004148,SUP00017,DPT009,2024-02-26,7274.54,Approved,Buyer_A
PO0004149,SUP00098,DPT002,2024-10-15,1694.45,Pending,Buyer_A
PO0004150,SUP00008,DPT011,2024-10-01,5837.44,Approved,Buyer_E
PO0004151,SUP00073,DPT007,2024-02-23,9385.44,Approved,Buyer_C
PO0004152,SUP00003,DPT001,2024-03-28,3005.43,Approved,Buyer_F
PO0004153,SUP00023,DPT009,2024-06-02,15597.89,Approved,Buyer_D
PO0004154,SUP00006,DPT004,2024-11-12,19634.99,Approved,Buyer_B
PO0004155,SUP00252,DPT004,2024-09-19,4775.96,Approved,Buyer_B
PO0004156,SUP00024,DPT004,2024-11-21,16744.62,Pending,Buyer_C
PO0004157,SUP00079,DPT006,2024-04-14,7260.91,Approved,Buyer_A
PO0004158,SUP00016,DPT008,2024-10-31,25517.96,Approved,Buyer_D
PO0004159,SUP00010,DPT010,2024-11-16,61954.2,Approved,Buyer_C
PO0004160,SUP00007,DPT003,2024-07-19,2714.42,Approved,Buyer_A
PO0004161,SUP00269,DPT006,2024-02-21,17491.75,Approved,Buyer_D
PO0004162,SUP00202,DPT007,2024-03-30,29880.6,Approved,Buyer_F
PO0004163,SUP00005,DPT007,2024-02-13,3069.65,Approved,Buyer_F
PO0004164,SUP00171,DPT004,2024-09-27,4559.09,Approved,Buyer_C
PO0004165,SUP00022,DPT004,2024-04-14,4508.06,Approved,Buyer_A
PO0004166,SUP00001,DPT008,2024-08-23,7095.52,Approved,Buyer_F
PO0004167,SUP00042,DPT003,2024-03-30,5673.91,Pending,Buyer_D
PO0004168,SUP00005,DPT002,2024-11-23,6645.63,Approved,Buyer_E
PO0004169,SUP00007,DPT005,2024-09-16,18732.0,Approved,Buyer_A
PO0004170,SUP00141,DPT002,2024-05-06,1217.05,Approved,Buyer_B
PO0004171,SUP00009,DPT001,2024-06-08,3059.81,Approved,Buyer_B
PO0004172,SUP00257,DPT001,2024-01-20,15834.21,Approved,Buyer_E
PO0004173,SUP00118,DPT007,2024-02-15,14083.74,Approved,Buyer_E
PO0004174,SUP00222,DPT012,2024-11-30,2811.46,Approved,Buyer_E
PO0004175,SUP00093,DPT004,2024-09-30,14181.62,Approved,Buyer_C
PO0004176,SUP00243,DPT002,2024-10-07,30542.27,Approved,Buyer_B
PO0004177,SUP00016,DPT009,2024-08-03,7715.4,Approved,Buyer_B
PO0004178,SUP00054,DPT002,2024-03-15,2957.32,Approved,Buyer_B
PO0004179,SUP00035,DPT012,2024-02-05,19437.4,Approved,Buyer_A
PO0004180,SUP00264,DPT005,2024-08-31,45389.92,Approved,Buyer_E
PO0004181,SUP00006,DPT002,2024-04-21,3340.45,Approved,Buyer_E
PO0004182,SUP00072,DPT004,2024-01-01,8427.47,Approved,Buyer_E
PO0004183,SUP00176,DPT003,2024-01-08,24104.54,Rejected,Buyer_F
PO0004184,SUP00017,DPT009,2024-07-05,9093.9,Approved,Buyer_E
PO0004185,SUP00242,DPT001,2024-10-08,1411.92,Rejected,Buyer_B
PO0004186,SUP00017,DPT010,2024-05-01,12624.79,Approved,Buyer_B
PO0004187,SUP00006,DPT008,2024-11-30,3044.8,Approved,Buyer_A
PO0004188,SUP00075,DPT010,2024-05-07,2273.96,Rejected,Buyer_E
PO0004189,SUP00022,DPT010,2024-09-02,1439.79,Approved,Buyer_F
PO0004190,SUP00001,DPT002,2024-03-22,26646.35,Approved,Buyer_E
PO0004191,SUP00003,DPT005,2024-07-22,3516.74,Approved,Buyer_C
PO0004192,SUP00007,DPT009,2024-04-02,11308.8,Approved,Buyer_B
PO0004193,SUP00184,DPT003,2024-09-17,14457.3,Pending,Buyer_C
PO0004194,SUP00257,DPT001,2024-06-01,9526.37,Approved,Buyer_B
PO0004195,SUP00052,DPT003,2024-01-15,10900.57,Approved,Buyer_A
PO0004196,SUP00004,DPT002,2024-03-24,11861.44,Approved,Buyer_C
PO0004197,SUP00046,DPT010,2024-04-27,9303.05,Approved,Buyer_B
PO0004198,SUP00235,DPT004,2024-06-05,3788.94,Approved,Buyer_E
PO0004199,SUP00173,DPT007,2024-03-31,3465.68,Approved,Buyer_F
PO0004200,SUP00010,DPT012,2024-07-12,7295.54,Approved,Buyer_B
PO0004201,SUP00005,DPT003,2024-11-18,7142.63,Approved,Buyer_A
PO0004202,SUP00262,DPT008,2024-08-26,12448.06,Approved,Buyer_F
PO0004203,SUP00234,DPT001,2024-04-14,24383.21,Approved,Buyer_B
PO0004204,SUP00002,DPT001,2024-08-14,11428.96,Approved,Buyer_B
PO0004205,SUP00216,DPT002,2024-11-19,3601.54,Approved,Buyer_F
PO0004206,SUP00004,DPT003,2024-03-22,914.93,Approved,Buyer_F
PO0004207,SUP00003,DPT004,2024-03-18,3755.82,Approved,Buyer_D
PO0004208,SUP00178,DPT004,2024-01-14,2112.25,Approved,Buyer_A
PO0004209,SUP00047,DPT002,2024-10-09,3903.5,Approved,Buyer_E
PO0004210,SUP00021,DPT001,2024-10-05,10324.52,Approved,Buyer_E
PO0004211,SUP00264,DPT007,2024-05-18,8816.59,Approved,Buyer_C
PO0004212,SUP00226,DPT001,2024-10-19,51957.31,Approved,Buyer_D
PO0004213,SUP00002,DPT009,2024-08-06,13135.6,Approved,Buyer_D
PO0004214,SUP00094,DPT011,2024-11-23,54675.3,Approved,Buyer_D
PO0004215,SUP00186,DPT007,2024-11-05,16566.53,Approved,Buyer_D
PO0004216,SUP00055,DPT006,2024-11-17,23997.54,Approved,Buyer_F
PO0004217,SUP00310,DPT006,2024-05-11,5659.54,Rejected,Buyer_A
PO0004218,SUP00135,DPT006,2024-07-31,2766.92,Approved,Buyer_A
PO0004219,SUP00004,DPT011,2024-02-26,5172.13,Rejected,Buyer_A
PO0004220,SUP00007,DPT012,2024-10-26,8007.47,Approved,Buyer_A
PO0004221,SUP00218,DPT004,2024-04-16,4323.59,Approved,Buyer_C
PO0004222,SUP00319,DPT006,2024-05-30,2977.55,Approved,Buyer_A
PO0004223,SUP00004,DPT009,2024-07-18,12293.64,Approved,Buyer_B
PO0004224,SUP00004,DPT001,2024-09-20,2964.91,Rejected,Buyer_D
PO0004225,SUP00181,DPT005,2024-09-02,1748.49,Approved,Buyer_F
PO0004226,SUP00003,DPT006,2024-11-16,2638.36,Approved,Buyer_E
PO0004227,SUP00003,DPT007,2024-08-26,6410.19,Rejected,Buyer_B
PO0004228,SUP00255,DPT003,2024-09-23,3008.15,Approved,Buyer_A
PO0004229,SUP00203,DPT003,2024-07-10,6450.48,Approved,Buyer_E
PO0004230,SUP00251,DPT002,2024-05-19,14771.34,Approved,Buyer_E
PO0004231,SUP00114,DPT005,2024-11-01,14392.22,Approved,Buyer_F
PO0004232,SUP00012,DPT011,2024-05-06,4184.63,Pending,Buyer_C
PO0004233,SUP00265,DPT010,2024-07-26,2199.66,Approved,Buyer_A
PO0004234,SUP00010,DPT003,2024-04-07,4556.8,Approved,Buyer_F
PO0004235,SUP00010,DPT002,2024-06-10,15609.65,Approved,Buyer_B
PO0004236,SUP00253,DPT009,2024-05-02,19716.21,Approved,Buyer_C
PO0004237,SUP00132,DPT008,2024-03-27,11532.1,Approved,Buyer_C
PO0004238,SUP00259,DPT004,2024-10-01,26941.85,Approved,Buyer_F
PO0004239,SUP00006,DPT003,2024-09-14,45670.24,Approved,Buyer_C
PO0004240,SUP00292,DPT001,2024-08-23,4997.89,Approved,Buyer_D
PO0004241,SUP00092,DPT009,2024-01-28,35830.8,Approved,Buyer_D
PO0004242,SUP00125,DPT006,2024-03-24,6244.46,Approved,Buyer_F
PO0004243,SUP00270,DPT003,2024-03-14,22468.03,Approved,Buyer_F
PO0004244,SUP00018,DPT011,2024-08-26,16458.09,Approved,Buyer_D
PO0004245,SUP00155,DPT006,2024-10-25,1122.08,Approved,Buyer_A
PO0004246,SUP00108,DPT011,2024-05-07,3083.35,Approved,Buyer_C
PO0004247,SUP00195,DPT004,2024-04-20,2389.2,Approved,Buyer_D
PO0004248,SUP00260,DPT004,2024-07-05,1363.69,Approved,Buyer_E
PO0004249,SUP00132,DPT011,2024-11-26,19522.34,Approved,Buyer_E
PO0004250,SUP00003,DPT011,2024-05-04,64136.69,Approved,Buyer_C
PO0004251,SUP00007,DPT012,2024-04-03,6262.45,Approved,Buyer_E
PO0004252,SUP00293,DPT009,2024-06-23,19037.32,Approved,Buyer_B
PO0004253,SUP00302,DPT004,2024-11-02,35761.43,Approved,Buyer_D
PO0004254,SUP00301,DPT002,2024-09-01,9979.93,Pending,Buyer_C
PO0004255,SUP00002,DPT003,2024-06-22,7900.54,Approved,Buyer_E
PO0004256,SUP00018,DPT011,2024-09-01,6337.96,Approved,Buyer_F
PO0004257,SUP00179,DPT003,2024-01-06,13871.05,Approved,Buyer_E
PO0004258,SUP00175,DPT008,2024-09-09,19432.34,Approved,Buyer_E
PO0004259,SUP00003,DPT011,2024-02-02,12859.07,Approved,Buyer_E
PO0004260,SUP00090,DPT012,2024-05-10,12424.97,Approved,Buyer_B
PO0004261,SUP00005,DPT011,2024-04-27,7698.63,Approved,Buyer_B
PO0004262,SUP00029,DPT005,2024-08-19,1647.55,Approved,Buyer_F
PO0004263,SUP00008,DPT004,2024-03-21,19884.91,Approved,Buyer_D
PO0004264,SUP00002,DPT012,2024-03-20,2242.56,Approved,Buyer_C
PO0004265,SUP00003,DPT002,2024-10-23,15053.8,Approved,Buyer_D
PO0004266,SUP00268,DPT002,2024-06-08,17252.92,Approved,Buyer_A
PO0004267,SUP00170,DPT012,2024-09-05,2590.4,Approved,Buyer_A
PO0004268,SUP00280,DPT007,2024-07-14,4412.51,Pending,Buyer_A
PO0004269,SUP00027,DPT005,2024-07-26,67607.52,Pending,Buyer_D
PO0004270,SUP00021,DPT002,2024-08-17,7483.96,Approved,Buyer_A
PO0004271,SUP00016,DPT005,2024-08-11,2391.76,Approved,Buyer_A
PO0004272,SUP00094,DPT011,2024-11-01,18049.61,Pending,Buyer_E
PO0004273,SUP00015,DPT006,2024-09-19,3741.81,Approved,Buyer_E
PO0004274,SUP00171,DPT004,2024-04-12,1187.35,Approved,Buyer_B
PO0004275,SUP00203,DPT005,2024-02-26,13626.47,Approved,Buyer_E
PO0004276,SUP00247,DPT010,2024-10-10,3240.17,Approved,Buyer_A
PO0004277,SUP00008,DPT011,2024-05-04,11172.25,Approved,Buyer_C
PO0004278,SUP00041,DPT004,2024-04-14,3595.04,Approved,Buyer_C
PO0004279,SUP00008,DPT006,2024-02-07,16435.59,Approved,Buyer_C
PO0004280,SUP00002,DPT003,2024-07-03,9735.15,Approved,Buyer_F
PO0004281,SUP00148,DPT004,2024-06-20,608.37,Approved,Buyer_A
PO0004282,SUP00054,DPT002,2024-10-04,11872.89,Approved,Buyer_D
PO0004283,SUP00158,DPT005,2024-09-07,6064.87,Approved,Buyer_B
PO0004284,SUP00003,DPT005,2024-08-30,33413.58,Approved,Buyer_C
PO0004285,SUP00318,DPT003,2024-06-29,12030.59,Approved,Buyer_B
PO0004286,SUP00317,DPT003,2024-10-16,17260.19,Approved,Buyer_E
PO0004287,SUP00026,DPT002,2024-11-25,3981.68,Approved,Buyer_A
PO0004288,SUP00241,DPT002,2024-09-29,3677.29,Approved,Buyer_A
PO0004289,SUP00008,DPT007,2024-04-26,7897.89,Approved,Buyer_B
PO0004290,SUP00166,DPT002,2024-04-02,5649.85,Approved,Buyer_F
PO0004291,SUP00249,DPT001,2024-01-01,30884.48,Approved,Buyer_A
PO0004292,SUP00211,DPT012,2024-11-28,6951.28,Approved,Buyer_B
PO0004293,SUP00209,DPT002,2024-09-02,2380.77,Approved,Buyer_C
PO0004294,SUP00026,DPT010,2024-11-09,3541.9,Approved,Buyer_A
PO0004295,SUP00214,DPT006,2024-09-20,21269.96,Approved,Buyer_D
PO0004296,SUP00138,DPT007,2024-05-24,6855.06,Pending,Buyer_C
PO0004297,SUP00005,DPT005,2024-02-18,6498.25,Approved,Buyer_D
PO0004298,SUP00004,DPT002,2024-01-16,23392.89,Approved,Buyer_A
PO0004299,SUP00186,DPT009,2024-09-22,3246.19,Approved,Buyer_B
PO0004300,SUP00100,DPT009,2024-04-11,866.81,Approved,Buyer_B
PO0004301,SUP00037,DPT003,2024-05-07,3453.46,Approved,Buyer_E
PO0004302,SUP00266,DPT008,2024-10-07,10322.58,Approved,Buyer_E
PO0004303,SUP00120,DPT005,2024-06-10,6313.77,Pending,Buyer_A
PO0004304,SUP00019,DPT011,2024-11-14,1702.02,Approved,Buyer_C
PO0004305,SUP00021,DPT009,2024-07-02,22383.06,Pending,Buyer_E
PO0004306,SUP00088,DPT001,2024-10-05,9542.37,Approved,Buyer_A
PO0004307,SUP00179,DPT010,2024-02-12,11956.31,Approved,Buyer_A
PO0004308,SUP00063,DPT012,2024-05-12,12327.78,Approved,Buyer_D
PO0004309,SUP00031,DPT008,2024-03-02,2211.61,Approved,Buyer_D
PO0004310,SUP00159,DPT001,2024-01-19,10969.55,Approved,Buyer_E
PO0004311,SUP00147,DPT009,2024-11-28,20079.48,Approved,Buyer_C
PO0004312,SUP00220,DPT006,2024-06-22,25344.33,Approved,Buyer_F
PO0004313,SUP00003,DPT003,2024-04-28,16668.29,Approved,Buyer_A
PO0004314,SUP00176,DPT010,2024-05-06,13536.29,Rejected,Buyer_A
PO0004315,SUP00034,DPT005,2024-03-21,1425.93,Approved,Buyer_D
PO0004316,SUP00003,DPT010,2024-02-11,7982.97,Approved,Buyer_F
PO0004317,SUP00131,DPT007,2024-11-01,3113.26,Approved,Buyer_A
PO0004318,SUP00153,DPT003,2024-02-05,29207.12,Approved,Buyer_E
PO0004319,SUP00039,DPT012,2024-05-08,25093.89,Approved,Buyer_F
PO0004320,SUP00199,DPT005,2024-02-21,3132.14,Approved,Buyer_D
PO0004321,SUP00010,DPT005,2024-11-07,7738.95,Approved,Buyer_E
PO0004322,SUP00007,DPT004,2024-03-09,10389.07,Approved,Buyer_B
PO0004323,SUP00015,DPT002,2024-05-11,19946.15,Approved,Buyer_E
PO0004324,SUP00021,DPT007,2024-09-09,1516.84,Approved,Buyer_C
PO0004325,SUP00141,DPT004,2024-07-10,889.25,Rejected,Buyer_B
PO0004326,SUP00229,DPT011,2024-05-07,8418.18,Approved,Buyer_B
PO0004327,SUP00156,DPT012,2024-07-07,644.57,Approved,Buyer_F
PO0004328,SUP00006,DPT008,2024-05-26,9495.49,Approved,Buyer_E
PO0004329,SUP00017,DPT002,2024-04-06,14650.18,Approved,Buyer_E
PO0004330,SUP00006,DPT007,2024-07-19,27891.57,Approved,Buyer_E
PO0004331,SUP00136,DPT001,2024-05-02,4347.83,Approved,Buyer_B
PO0004332,SUP00009,DPT009,2024-11-17,9520.3,Approved,Buyer_B
PO0004333,SUP00040,DPT004,2024-06-04,15545.24,Approved,Buyer_D
PO0004334,SUP00198,DPT011,2024-09-10,2500.59,Approved,Buyer_B
PO0004335,SUP00126,DPT003,2024-03-19,20238.62,Approved,Buyer_D
PO0004336,SUP00010,DPT002,2024-08-04,10660.94,Approved,Buyer_F
PO0004337,SUP00013,DPT012,2024-07-06,4422.91,Approved,Buyer_E
PO0004338,SUP00116,DPT005,2024-09-06,9333.64,Approved,Buyer_C
PO0004339,SUP00055,DPT010,2024-06-03,7049.17,Pending,Buyer_F
PO0004340,SUP00004,DPT011,2024-08-28,17677.96,Approved,Buyer_D
PO0004341,SUP00246,DPT005,2024-01-20,5650.73,Approved,Buyer_C
PO0004342,SUP00033,DPT004,2024-08-19,10168.91,Approved,Buyer_F
PO0004343,SUP00027,DPT005,2024-09-09,4354.95,Approved,Buyer_C
PO0004344,SUP00007,DPT009,2024-06-15,3172.13,Approved,Buyer_B
PO0004345,SUP00018,DPT012,2024-01-12,9619.36,Approved,Buyer_A
PO0004346,SUP00013,DPT003,2024-07-08,3305.13,Approved,Buyer_D
PO0004347,SUP00009,DPT008,2024-09-18,18044.21,Approved,Buyer_D
PO0004348,SUP00065,DPT003,2024-06-03,14650.54,Approved,Buyer_E
PO0004349,SUP00026,DPT006,2024-02-01,3770.21,Approved,Buyer_A
PO0004350,SUP00255,DPT009,2024-05-12,10034.46,Approved,Buyer_B
PO0004351,SUP00286,DPT010,2024-11-29,3752.96,Rejected,Buyer_A
PO0004352,SUP00008,DPT004,2024-03-31,1628.94,Approved,Buyer_B
PO0004353,SUP00004,DPT003,2024-06-26,4459.42,Rejected,Buyer_F
PO0004354,SUP00194,DPT002,2024-04-28,7705.45,Approved,Buyer_F
PO0004355,SUP00317,DPT002,2024-08-26,13648.83,Approved,Buyer_C
PO0004356,SUP00240,DPT003,2024-05-23,9409.55,Approved,Buyer_A
PO0004357,SUP00001,DPT010,2024-05-08,20083.92,Approved,Buyer_F
PO0004358,SUP00009,DPT004,2024-07-13,3037.63,Approved,Buyer_A
PO0004359,SUP00002,DPT003,2024-07-10,5559.71,Pending,Buyer_A
PO0004360,SUP00215,DPT008,2024-06-16,41955.58,Approved,Buyer_C
PO0004361,SUP00074,DPT002,2024-03-27,1174.88,Pending,Buyer_F
PO0004362,SUP00034,DPT002,2024-02-06,5156.67,Approved,Buyer_E
PO0004363,SUP00058,DPT011,2024-08-19,2775.28,Approved,Buyer_C
PO0004364,SUP00009,DPT001,2024-04-23,6664.84,Approved,Buyer_C
PO0004365,SUP00085,DPT004,2024-07-24,5247.74,Approved,Buyer_A
PO0004366,SUP00002,DPT005,2024-05-06,14796.64,Pending,Buyer_B
PO0004367,SUP00112,DPT002,2024-10-13,10462.16,Approved,Buyer_E
PO0004368,SUP00164,DPT003,2024-08-24,2195.98,Approved,Buyer_C
PO0004369,SUP00128,DPT002,2024-05-15,4500.02,Pending,Buyer_F
PO0004370,SUP00013,DPT003,2024-04-21,8102.14,Approved,Buyer_C
PO0004371,SUP00218,DPT010,2024-09-07,16973.03,Approved,Buyer_F
PO0004372,SUP00153,DPT004,2024-01-03,92314.48,Approved,Buyer_E
PO0004373,SUP00005,DPT004,2024-01-20,16363.29,Pending,Buyer_D
PO0004374,SUP00007,DPT003,2024-01-29,2943.93,Approved,Buyer_F
PO0004375,SUP00106,DPT012,2024-04-25,7377.24,Approved,Buyer_F
PO0004376,SUP00010,DPT001,2024-06-15,9710.63,Approved,Buyer_B
PO0004377,SUP00004,DPT010,2024-04-08,4820.39,Approved,Buyer_B
PO0004378,SUP00006,DPT003,2024-03-04,12968.23,Pending,Buyer_E
PO0004379,SUP00006,DPT011,2024-04-14,836.0,Approved,Buyer_A
PO0004380,SUP00027,DPT003,2024-06-14,14089.0,Approved,Buyer_E
PO0004381,SUP00089,DPT001,2024-04-09,5032.2,Approved,Buyer_C
PO0004382,SUP00006,DPT005,2024-07-11,7261.16,Approved,Buyer_E
PO0004383,SUP00151,DPT002,2024-05-08,35091.81,Approved,Buyer_A
PO0004384,SUP00010,DPT008,2024-11-08,2294.99,Approved,Buyer_D
PO0004385,SUP00011,DPT006,2024-11-28,10643.66,Approved,Buyer_D
PO0004386,SUP00008,DPT007,2024-08-07,17924.46,Approved,Buyer_A
PO0004387,SUP00194,DPT002,2024-07-04,9607.86,Approved,Buyer_D
PO0004388,SUP00297,DPT007,2024-01-11,1612.93,Approved,Buyer_D
PO0004389,SUP00029,DPT003,2024-07-27,31269.44,Approved,Buyer_C
PO0004390,SUP00002,DPT012,2024-05-07,6559.34,Approved,Buyer_D
PO0004391,SUP00009,DPT008,2024-04-07,4781.26,Approved,Buyer_B
PO0004392,SUP00006,DPT006,2024-09-22,5940.31,Approved,Buyer_D
PO0004393,SUP00228,DPT010,2024-01-15,5529.51,Approved,Buyer_B
PO0004394,SUP00003,DPT005,2024-03-28,2464.69,Approved,Buyer_B
PO0004395,SUP00301,DPT005,2024-09-16,9556.25,Approved,Buyer_A
PO0004396,SUP00078,DPT002,2024-11-05,4459.39,Approved,Buyer_A
PO0004397,SUP00036,DPT007,2024-06-21,15849.42,Approved,Buyer_A
PO0004398,SUP00230,DPT003,2024-06-26,13596.88,Approved,Buyer_B
PO0004399,SUP00001,DPT001,2024-11-19,41178.41,Approved,Buyer_E
PO0004400,SUP00189,DPT009,2024-01-31,6557.51,Approved,Buyer_B
PO0004401,SUP00004,DPT001,2024-06-10,3629.14,Approved,Buyer_C
PO0004402,SUP00227,DPT007,2024-03-21,1863.59,Approved,Buyer_B
PO0004403,SUP00043,DPT002,2024-06-08,72645.26,Approved,Buyer_C
PO0004404,SUP00003,DPT004,2024-10-30,15710.87,Approved,Buyer_B
PO0004405,SUP00222,DPT010,2024-07-18,4054.49,Approved,Buyer_B
PO0004406,SUP00001,DPT001,2024-11-28,44053.28,Approved,Buyer_A
PO0004407,SUP00005,DPT007,2024-06-18,31450.26,Approved,Buyer_D
PO0004408,SUP00201,DPT006,2024-10-16,2097.96,Approved,Buyer_B
PO0004409,SUP00026,DPT010,2024-02-26,3814.35,Approved,Buyer_D
PO0004410,SUP00251,DPT002,2024-04-17,7098.76,Pending,Buyer_F
PO0004411,SUP00105,DPT009,2024-04-01,2779.19,Approved,Buyer_C
PO0004412,SUP00098,DPT004,2024-09-14,7357.1,Approved,Buyer_D
PO0004413,SUP00010,DPT004,2024-06-20,16513.97,Approved,Buyer_E
PO0004414,SUP00005,DPT003,2024-03-15,2052.35,Approved,Buyer_C
PO0004415,SUP00298,DPT003,2024-02-27,10861.73,Approved,Buyer_A
PO0004416,SUP00004,DPT005,2024-05-08,26068.89,Approved,Buyer_E
PO0004417,SUP00043,DPT001,2024-02-21,12091.04,Approved,Buyer_D
PO0004418,SUP00009,DPT004,2024-08-21,7512.95,Approved,Buyer_C
PO0004419,SUP00009,DPT006,2024-10-11,4154.3,Approved,Buyer_C
PO0004420,SUP00081,DPT004,2024-11-20,18598.61,Approved,Buyer_A
PO0004421,SUP00201,DPT002,2024-03-19,2497.59,Approved,Buyer_D
PO0004422,SUP00189,DPT003,2024-05-27,10329.84,Approved,Buyer_D
PO0004423,SUP00243,DPT004,2024-06-17,8312.5,Approved,Buyer_D
PO0004424,SUP00010,DPT007,2024-06-15,24974.51,Approved,Buyer_B
PO0004425,SUP00026,DPT011,2024-05-31,4524.45,Approved,Buyer_A
PO0004426,SUP00001,DPT005,2024-03-14,4925.91,Approved,Buyer_D
PO0004427,SUP00171,DPT007,2024-02-07,2340.54,Approved,Buyer_D
PO0004428,SUP00010,DPT001,2024-05-15,12547.59,Approved,Buyer_B
PO0004429,SUP00062,DPT011,2024-01-31,5303.83,Approved,Buyer_A
PO0004430,SUP00006,DPT003,2024-01-22,3421.81,Approved,Buyer_C
PO0004431,SUP00214,DPT003,2024-06-24,3763.8,Approved,Buyer_A
PO0004432,SUP00213,DPT002,2024-10-14,13864.76,Approved,Buyer_B
PO0004433,SUP00248,DPT001,2024-06-30,2689.31,Approved,Buyer_D
PO0004434,SUP00002,DPT009,2024-01-08,2939.03,Approved,Buyer_B
PO0004435,SUP00316,DPT002,2024-10-08,19857.98,Approved,Buyer_C
PO0004436,SUP00009,DPT003,2024-08-16,6862.86,Approved,Buyer_E
PO0004437,SUP00011,DPT002,2024-04-11,21066.62,Rejected,Buyer_B
PO0004438,SUP00009,DPT012,2024-04-01,5656.97,Approved,Buyer_B
PO0004439,SUP00009,DPT009,2024-10-28,8093.97,Approved,Buyer_B
PO0004440,SUP00057,DPT011,2024-06-08,9473.93,Approved,Buyer_C
PO0004441,SUP00008,DPT010,2024-02-17,32444.5,Approved,Buyer_D
PO0004442,SUP00019,DPT011,2024-04-04,29907.75,Approved,Buyer_A
PO0004443,SUP00117,DPT004,2024-03-29,25674.08,Rejected,Buyer_C
PO0004444,SUP00224,DPT002,2024-05-14,4320.74,Approved,Buyer_E
PO0004445,SUP00139,DPT003,2024-04-25,3020.48,Approved,Buyer_F
PO0004446,SUP00081,DPT003,2024-07-02,17340.35,Approved,Buyer_D
PO0004447,SUP00005,DPT007,2024-04-18,32104.76,Approved,Buyer_D
PO0004448,SUP00212,DPT001,2024-08-02,25921.26,Approved,Buyer_E
PO0004449,SUP00002,DPT002,2024-06-14,8209.52,Pending,Buyer_E
PO0004450,SUP00009,DPT007,2024-11-10,16777.74,Approved,Buyer_D
PO0004451,SUP00002,DPT001,2024-10-04,17075.29,Rejected,Buyer_D
PO0004452,SUP00124,DPT001,2024-04-21,9404.49,Approved,Buyer_F
PO0004453,SUP00017,DPT001,2024-01-15,9821.94,Approved,Buyer_E
PO0004454,SUP00115,DPT007,2024-07-14,8939.15,Approved,Buyer_B
PO0004455,SUP00015,DPT002,2024-04-23,3684.55,Approved,Buyer_C
PO0004456,SUP00025,DPT002,2024-10-29,4080.39,Approved,Buyer_E
PO0004457,SUP00026,DPT002,2024-05-15,4017.88,Approved,Buyer_D
PO0004458,SUP00002,DPT008,2024-04-07,1637.23,Approved,Buyer_C
PO0004459,SUP00023,DPT002,2024-04-23,9347.46,Approved,Buyer_D
PO0004460,SUP00109,DPT001,2024-10-16,7780.89,Approved,Buyer_C
PO0004461,SUP00053,DPT011,2024-02-07,17360.7,Pending,Buyer_E
PO0004462,SUP00003,DPT010,2024-11-16,28587.28,Approved,Buyer_E
PO0004463,SUP00125,DPT002,2024-03-19,30463.8,Approved,Buyer_F
PO0004464,SUP00011,DPT002,2024-10-10,33472.03,Approved,Buyer_F
PO0004465,SUP00001,DPT002,2024-07-01,3800.62,Approved,Buyer_E
PO0004466,SUP00006,DPT007,2024-07-09,1935.34,Approved,Buyer_E
PO0004467,SUP00029,DPT002,2024-03-09,20552.62,Approved,Buyer_E
PO0004468,SUP00011,DPT011,2024-08-29,32277.75,Approved,Buyer_B
PO0004469,SUP00140,DPT009,2024-08-05,38406.9,Approved,Buyer_F
PO0004470,SUP00008,DPT005,2024-06-10,13160.78,Approved,Buyer_D
PO0004471,SUP00186,DPT001,2024-06-02,1100.25,Approved,Buyer_F
PO0004472,SUP00010,DPT010,2024-06-07,11679.72,Approved,Buyer_B
PO0004473,SUP00097,DPT008,2024-11-22,14121.32,Approved,Buyer_B
PO0004474,SUP00202,DPT009,2024-01-14,28341.29,Approved,Buyer_D
PO0004475,SUP00018,DPT001,2024-03-25,33847.78,Approved,Buyer_D
PO0004476,SUP00002,DPT007,2024-10-12,20123.3,Approved,Buyer_C
PO0004477,SUP00046,DPT009,2024-09-22,4504.0,Approved,Buyer_B
PO0004478,SUP00318,DPT011,2024-04-26,2895.41,Approved,Buyer_B
PO0004479,SUP00302,DPT005,2024-06-18,13821.23,Approved,Buyer_E
PO0004480,SUP00008,DPT004,2024-01-10,3668.67,Pending,Buyer_A
PO0004481,SUP00176,DPT004,2024-02-29,35423.73,Pending,Buyer_A
PO0004482,SUP00014,DPT007,2024-11-12,1473.57,Approved,Buyer_F
PO0004483,SUP00006,DPT011,2024-08-03,14283.88,Approved,Buyer_F
PO0004484,SUP00123,DPT006,2024-01-13,11153.79,Rejected,Buyer_A
PO0004485,SUP00030,DPT002,2024-09-22,6589.5,Approved,Buyer_A
PO0004486,SUP00049,DPT001,2024-05-15,3212.75,Approved,Buyer_B
PO0004487,SUP00219,DPT006,2024-07-09,1030.94,Approved,Buyer_D
PO0004488,SUP00014,DPT010,2024-10-14,4762.71,Pending,Buyer_B
PO0004489,SUP00124,DPT001,2024-10-07,4847.01,Approved,Buyer_F
PO0004490,SUP00017,DPT004,2024-02-15,24630.4,Approved,Buyer_C
PO0004491,SUP00002,DPT011,2024-05-02,3703.91,Approved,Buyer_D
PO0004492,SUP00018,DPT004,2024-04-01,12743.42,Approved,Buyer_B
PO0004493,SUP00291,DPT002,2024-11-02,2225.55,Approved,Buyer_B
PO0004494,SUP00028,DPT003,2024-09-18,13098.44,Approved,Buyer_E
PO0004495,SUP00004,DPT004,2024-08-05,864.63,Approved,Buyer_D
PO0004496,SUP00136,DPT001,2024-01-20,65860.63,Approved,Buyer_B
PO0004497,SUP00299,DPT007,2024-09-26,7036.97,Approved,Buyer_C
PO0004498,SUP00266,DPT006,2024-07-06,495.47,Approved,Buyer_B
PO0004499,SUP00068,DPT006,2024-04-01,3953.08,Approved,Buyer_C
PO0004500,SUP00018,DPT006,2024-05-28,3375.63,Approved,Buyer_B
PO0004501,SUP00073,DPT001,2024-05-29,4205.64,Approved,Buyer_F
PO0004502,SUP00212,DPT002,2024-04-09,5627.15,Approved,Buyer_B
PO0004503,SUP00239,DPT002,2024-10-31,4177.14,Approved,Buyer_C
PO0004504,SUP00214,DPT001,2024-11-03,3581.68,Pending,Buyer_D
PO0004505,SUP00025,DPT008,2024-01-18,2543.55,Pending,Buyer_A
PO0004506,SUP00004,DPT001,2024-11-09,18431.0,Approved,Buyer_B
PO0004507,SUP00066,DPT007,2024-05-15,26933.76,Approved,Buyer_F
PO0004508,SUP00006,DPT002,2024-09-24,6281.89,Approved,Buyer_E
PO0004509,SUP00002,DPT001,2024-09-18,7961.43,Approved,Buyer_B
PO0004510,SUP00030,DPT002,2024-07-19,2627.19,Approved,Buyer_C
PO0004511,SUP00117,DPT004,2024-09-06,8699.5,Approved,Buyer_F
PO0004512,SUP00234,DPT006,2024-08-16,10198.17,Approved,Buyer_B
PO0004513,SUP00192,DPT009,2024-10-12,6506.79,Pending,Buyer_B
PO0004514,SUP00236,DPT001,2024-05-21,12041.03,Approved,Buyer_B
PO0004515,SUP00179,DPT006,2024-09-04,11033.69,Pending,Buyer_D
PO0004516,SUP00145,DPT009,2024-11-24,2823.86,Rejected,Buyer_D
PO0004517,SUP00001,DPT003,2024-11-13,26716.79,Approved,Buyer_D
PO0004518,SUP00100,DPT001,2024-02-19,6583.71,Approved,Buyer_C
PO0004519,SUP00004,DPT002,2024-06-15,43285.44,Approved,Buyer_B
PO0004520,SUP00002,DPT001,2024-06-19,12337.77,Pending,Buyer_D
PO0004521,SUP00006,DPT010,2024-07-28,58158.84,Approved,Buyer_E
PO0004522,SUP00216,DPT003,2024-08-04,26246.01,Approved,Buyer_E
PO0004523,SUP00169,DPT005,2024-10-10,10169.92,Approved,Buyer_E
PO0004524,SUP00290,DPT008,2024-06-27,3931.96,Approved,Buyer_A
PO0004525,SUP00308,DPT003,2024-08-23,4017.57,Approved,Buyer_C
PO0004526,SUP00258,DPT006,2024-10-28,13808.43,Approved,Buyer_C
PO0004527,SUP00005,DPT001,2024-02-04,9349.95,Rejected,Buyer_F
PO0004528,SUP00249,DPT004,2024-08-03,4496.14,Approved,Buyer_C
PO0004529,SUP00225,DPT001,2024-05-02,18639.9,Pending,Buyer_B
PO0004530,SUP00244,DPT002,2024-10-30,8423.42,Approved,Buyer_B
PO0004531,SUP00005,DPT003,2024-07-04,18751.14,Pending,Buyer_B
PO0004532,SUP00004,DPT007,2024-07-20,3054.98,Approved,Buyer_C
PO0004533,SUP00276,DPT007,2024-09-09,22014.83,Approved,Buyer_B
PO0004534,SUP00006,DPT008,2024-03-22,13373.03,Approved,Buyer_D
PO0004535,SUP00017,DPT001,2024-07-01,26837.88,Approved,Buyer_B
PO0004536,SUP00025,DPT012,2024-09-15,21534.91,Approved,Buyer_D
PO0004537,SUP00005,DPT001,2024-09-17,7443.13,Approved,Buyer_D
PO0004538,SUP00001,DPT009,2024-03-17,6867.98,Approved,Buyer_E
PO0004539,SUP00317,DPT008,2024-10-07,48195.98,Approved,Buyer_F
PO0004540,SUP00248,DPT006,2024-02-24,6059.8,Approved,Buyer_A
PO0004541,SUP00269,DPT004,2024-03-29,17127.38,Pending,Buyer_A
PO0004542,SUP00010,DPT008,2024-10-13,5533.71,Approved,Buyer_C
PO0004543,SUP00008,DPT008,2024-07-25,1259.06,Approved,Buyer_D
PO0004544,SUP00022,DPT002,2024-06-30,2374.78,Approved,Buyer_E
PO0004545,SUP00025,DPT009,2024-07-05,12160.17,Approved,Buyer_B
PO0004546,SUP00001,DPT001,2024-11-20,16336.08,Approved,Buyer_C
PO0004547,SUP00190,DPT004,2024-03-17,12200.27,Approved,Buyer_D
PO0004548,SUP00319,DPT006,2024-04-10,25487.66,Approved,Buyer_D
PO0004549,SUP00042,DPT009,2024-06-13,11983.19,Approved,Buyer_D
PO0004550,SUP00019,DPT004,2024-10-10,3732.25,Approved,Buyer_D
PO0004551,SUP00019,DPT002,2024-07-02,14680.89,Approved,Buyer_A
PO0004552,SUP00004,DPT004,2024-08-31,9600.86,Approved,Buyer_C
PO0004553,SUP00009,DPT002,2024-09-30,4557.1,Approved,Buyer_D
PO0004554,SUP00030,DPT005,2024-10-25,12997.59,Approved,Buyer_A
PO0004555,SUP00023,DPT004,2024-06-03,8772.44,Approved,Buyer_F
PO0004556,SUP00052,DPT009,2024-06-02,4424.88,Approved,Buyer_D
PO0004557,SUP00231,DPT002,2024-01-28,6782.73,Approved,Buyer_E
PO0004558,SUP00008,DPT002,2024-01-27,33308.47,Approved,Buyer_D
PO0004559,SUP00001,DPT004,2024-06-12,32237.57,Approved,Buyer_F
PO0004560,SUP00002,DPT001,2024-09-07,9780.48,Approved,Buyer_A
PO0004561,SUP00005,DPT002,2024-10-07,8580.67,Approved,Buyer_F
PO0004562,SUP00067,DPT003,2024-05-16,1933.24,Approved,Buyer_B
PO0004563,SUP00207,DPT004,2024-07-10,45223.18,Approved,Buyer_F
PO0004564,SUP00254,DPT002,2024-09-29,22841.67,Approved,Buyer_A
PO0004565,SUP00105,DPT005,2024-04-16,17187.74,Approved,Buyer_B
PO0004566,SUP00020,DPT010,2024-02-23,833.2,Rejected,Buyer_D
PO0004567,SUP00006,DPT005,2024-11-04,8441.56,Approved,Buyer_D
PO0004568,SUP00020,DPT003,2024-07-01,7135.74,Approved,Buyer_A
PO0004569,SUP00013,DPT001,2024-02-22,16039.59,Approved,Buyer_C
PO0004570,SUP00244,DPT002,2024-03-25,5161.43,Approved,Buyer_F
PO0004571,SUP00028,DPT005,2024-04-19,6427.17,Approved,Buyer_B
PO0004572,SUP00008,DPT007,2024-03-08,15054.21,Approved,Buyer_F
PO0004573,SUP00010,DPT001,2024-05-26,3738.43,Rejected,Buyer_E
PO0004574,SUP00005,DPT002,2024-09-29,4564.01,Approved,Buyer_F
PO0004575,SUP00272,DPT003,2024-09-04,9831.3,Approved,Buyer_F
PO0004576,SUP00002,DPT003,2024-11-03,30899.2,Approved,Buyer_B
PO0004577,SUP00001,DPT011,2024-10-06,18187.13,Approved,Buyer_F
PO0004578,SUP00006,DPT002,2024-04-14,23751.57,Approved,Buyer_C
PO0004579,SUP00209,DPT001,2024-01-20,8632.74,Approved,Buyer_B
PO0004580,SUP00039,DPT003,2024-02-20,36137.2,Approved,Buyer_F
PO0004581,SUP00100,DPT002,2024-09-22,1420.58,Approved,Buyer_C
PO0004582,SUP00016,DPT001,2024-04-24,61220.61,Approved,Buyer_E
PO0004583,SUP00003,DPT004,2024-08-29,69686.3,Approved,Buyer_D
PO0004584,SUP00236,DPT003,2024-06-02,12792.53,Approved,Buyer_B
PO0004585,SUP00007,DPT001,2024-10-26,18625.05,Approved,Buyer_F
PO0004586,SUP00002,DPT006,2024-06-19,7800.94,Approved,Buyer_F
PO0004587,SUP00068,DPT004,2024-10-28,6571.07,Approved,Buyer_D
PO0004588,SUP00003,DPT001,2024-03-25,4398.99,Approved,Buyer_D
PO0004589,SUP00004,DPT010,2024-09-17,7715.51,Pending,Buyer_A
PO0004590,SUP00203,DPT003,2024-06-24,14128.28,Approved,Buyer_E
PO0004591,SUP00029,DPT012,2024-03-04,12331.15,Approved,Buyer_F
PO0004592,SUP00008,DPT011,2024-03-19,59077.36,Approved,Buyer_F
PO0004593,SUP00015,DPT004,2024-04-15,8957.75,Pending,Buyer_D
PO0004594,SUP00161,DPT002,2024-02-21,1828.35,Pending,Buyer_F
PO0004595,SUP00003,DPT009,2024-11-09,41953.23,Approved,Buyer_E
PO0004596,SUP00004,DPT003,2024-03-12,2389.99,Approved,Buyer_D
PO0004597,SUP00094,DPT002,2024-07-19,4631.37,Approved,Buyer_E
PO0004598,SUP00089,DPT005,2024-07-10,10633.27,Approved,Buyer_A
PO0004599,SUP00304,DPT004,2024-06-29,12297.79,Approved,Buyer_E
PO0004600,SUP00017,DPT010,2024-07-29,1909.43,Approved,Buyer_D
PO0004601,SUP00003,DPT008,2024-11-02,3841.15,Pending,Buyer_C
PO0004602,SUP00048,DPT010,2024-11-20,1843.12,Approved,Buyer_D
PO0004603,SUP00107,DPT008,2024-10-19,15088.88,Approved,Buyer_F
PO0004604,SUP00005,DPT006,2024-06-02,26459.75,Approved,Buyer_D
PO0004605,SUP00057,DPT004,2024-08-31,2387.88,Approved,Buyer_C
PO0004606,SUP00007,DPT012,2024-03-03,21931.08,Approved,Buyer_C
PO0004607,SUP00229,DPT011,2024-10-22,20553.34,Approved,Buyer_D
PO0004608,SUP00223,DPT009,2024-03-06,4191.98,Pending,Buyer_D
PO0004609,SUP00023,DPT009,2024-02-08,1115.9,Approved,Buyer_B
PO0004610,SUP00301,DPT005,2024-10-04,2775.94,Approved,Buyer_D
PO0004611,SUP00309,DPT002,2024-09-10,4468.21,Approved,Buyer_B
PO0004612,SUP00005,DPT010,2024-02-16,37860.77,Approved,Buyer_F
PO0004613,SUP00017,DPT001,2024-11-19,7199.0,Approved,Buyer_D
PO0004614,SUP00085,DPT002,2024-02-07,2960.67,Approved,Buyer_F
PO0004615,SUP00003,DPT004,2024-01-17,9394.21,Approved,Buyer_C
PO0004616,SUP00018,DPT005,2024-11-16,2218.65,Approved,Buyer_C
PO0004617,SUP00009,DPT005,2024-03-15,13552.69,Approved,Buyer_B
PO0004618,SUP00292,DPT002,2024-03-19,3048.29,Approved,Buyer_D
PO0004619,SUP00021,DPT001,2024-09-22,3524.44,Approved,Buyer_D
PO0004620,SUP00180,DPT002,2024-07-22,11795.72,Pending,Buyer_D
PO0004621,SUP00019,DPT003,2024-06-23,46640.93,Approved,Buyer_F
PO0004622,SUP00005,DPT001,2024-11-26,72968.82,Pending,Buyer_D
PO0004623,SUP00240,DPT007,2024-01-30,2864.46,Pending,Buyer_E
PO0004624,SUP00001,DPT002,2024-11-06,4462.18,Approved,Buyer_A
PO0004625,SUP00002,DPT003,2024-03-30,13568.85,Approved,Buyer_C
PO0004626,SUP00016,DPT003,2024-07-27,26076.49,Approved,Buyer_E
PO0004627,SUP00136,DPT005,2024-04-18,930.68,Approved,Buyer_C
PO0004628,SUP00014,DPT010,2024-04-08,8842.61,Approved,Buyer_E
PO0004629,SUP00003,DPT002,2024-04-17,4978.37,Approved,Buyer_D
PO0004630,SUP00012,DPT003,2024-07-06,1183.2,Approved,Buyer_C
PO0004631,SUP00009,DPT007,2024-10-21,2127.78,Approved,Buyer_D
PO0004632,SUP00001,DPT001,2024-02-07,4592.71,Approved,Buyer_F
PO0004633,SUP00046,DPT009,2024-08-09,8593.96,Approved,Buyer_E
PO0004634,SUP00004,DPT012,2024-10-15,22205.67,Approved,Buyer_F
PO0004635,SUP00010,DPT006,2024-09-03,11548.93,Approved,Buyer_A
PO0004636,SUP00109,DPT011,2024-11-24,20900.73,Approved,Buyer_E
PO0004637,SUP00158,DPT004,2024-01-05,8322.55,Approved,Buyer_F
PO0004638,SUP00009,DPT004,2024-05-01,4004.02,Approved,Buyer_F
PO0004639,SUP00013,DPT001,2024-05-23,6742.93,Approved,Buyer_D
PO0004640,SUP00009,DPT001,2024-06-28,16244.62,Pending,Buyer_C
PO0004641,SUP00295,DPT002,2024-04-16,22755.5,Approved,Buyer_D
PO0004642,SUP00007,DPT004,2024-03-25,6989.23,Approved,Buyer_F
PO0004643,SUP00007,DPT004,2024-10-12,3199.93,Approved,Buyer_F
PO0004644,SUP00024,DPT002,2024-03-18,11335.09,Approved,Buyer_F
PO0004645,SUP00007,DPT006,2024-11-15,13068.77,Approved,Buyer_F
PO0004646,SUP00006,DPT002,2024-01-13,27797.99,Approved,Buyer_D
PO0004647,SUP00004,DPT003,2024-05-21,4110.24,Approved,Buyer_B
PO0004648,SUP00108,DPT002,2024-07-23,4155.56,Approved,Buyer_A
PO0004649,SUP00092,DPT007,2024-11-21,17260.23,Approved,Buyer_F
PO0004650,SUP00114,DPT005,2024-09-13,5391.43,Approved,Buyer_A
PO0004651,SUP00187,DPT008,2024-01-05,5168.39,Approved,Buyer_A
PO0004652,SUP00013,DPT001,2024-09-07,28399.87,Approved,Buyer_C
PO0004653,SUP00272,DPT004,2024-04-19,2056.98,Pending,Buyer_E
PO0004654,SUP00163,DPT012,2024-10-15,63335.62,Approved,Buyer_E
PO0004655,SUP00205,DPT001,2024-09-16,4391.23,Approved,Buyer_B
PO0004656,SUP00156,DPT004,2024-03-05,19278.17,Approved,Buyer_D
PO0004657,SUP00016,DPT001,2024-04-30,7267.74,Approved,Buyer_F
PO0004658,SUP00010,DPT002,2024-10-02,10629.22,Approved,Buyer_E
PO0004659,SUP00022,DPT004,2024-11-04,6230.51,Approved,Buyer_F
PO0004660,SUP00004,DPT002,2024-07-21,19083.45,Approved,Buyer_E
PO0004661,SUP00025,DPT005,2024-03-14,5725.45,Rejected,Buyer_A
PO0004662,SUP00002,DPT011,2024-05-10,4569.02,Approved,Buyer_B
PO0004663,SUP00001,DPT002,2024-09-23,49679.21,Approved,Buyer_B
PO0004664,SUP00280,DPT001,2024-07-19,8344.71,Approved,Buyer_A
PO0004665,SUP00137,DPT009,2024-03-08,4122.87,Approved,Buyer_F
PO0004666,SUP00062,DPT004,2024-04-05,1825.69,Approved,Buyer_E
PO0004667,SUP00014,DPT010,2024-03-07,52343.24,Approved,Buyer_F
PO0004668,SUP00067,DPT003,2024-06-06,4666.08,Approved,Buyer_B
PO0004669,SUP00257,DPT006,2024-05-29,63693.53,Approved,Buyer_F
PO0004670,SUP00115,DPT011,2024-06-30,12074.54,Approved,Buyer_F
PO0004671,SUP00086,DPT002,2024-11-12,9347.7,Approved,Buyer_A
PO0004672,SUP00026,DPT009,2024-08-06,9603.12,Approved,Buyer_F
PO0004673,SUP00014,DPT006,2024-07-15,74306.29,Approved,Buyer_A
PO0004674,SUP00143,DPT009,2024-05-02,904.86,Approved,Buyer_C
PO0004675,SUP00309,DPT002,2024-07-31,10040.09,Approved,Buyer_B
PO0004676,SUP00022,DPT004,2024-11-16,6215.47,Rejected,Buyer_D
PO0004677,SUP00019,DPT001,2024-01-04,6547.95,Approved,Buyer_A
PO0004678,SUP00023,DPT012,2024-04-27,9407.96,Pending,Buyer_F
PO0004679,SUP00022,DPT001,2024-01-19,6208.94,Approved,Buyer_C
PO0004680,SUP00315,DPT001,2024-03-09,9780.35,Approved,Buyer_F
PO0004681,SUP00147,DPT010,2024-01-23,7914.27,Approved,Buyer_C
PO0004682,SUP00016,DPT003,2024-07-17,2178.61,Approved,Buyer_D
PO0004683,SUP00017,DPT006,2024-10-01,11865.21,Approved,Buyer_E
PO0004684,SUP00023,DPT003,2024-11-10,16581.69,Approved,Buyer_F
PO0004685,SUP00002,DPT006,2024-03-20,4712.31,Pending,Buyer_C
PO0004686,SUP00042,DPT002,2024-08-22,52464.71,Approved,Buyer_D
PO0004687,SUP00209,DPT004,2024-04-20,30809.3,Approved,Buyer_B
PO0004688,SUP00120,DPT005,2024-04-15,18844.05,Approved,Buyer_A
PO0004689,SUP00007,DPT003,2024-07-23,18616.82,Rejected,Buyer_F
PO0004690,SUP00160,DPT002,2024-08-15,8350.67,Approved,Buyer_D
PO0004691,SUP00155,DPT002,2024-07-14,25371.25,Approved,Buyer_C
PO0004692,SUP00009,DPT007,2024-02-03,38978.08,Approved,Buyer_E
PO0004693,SUP00098,DPT002,2024-05-17,18179.03,Approved,Buyer_E
PO0004694,SUP00091,DPT003,2024-04-05,4581.2,Approved,Buyer_F
PO0004695,SUP00226,DPT003,2024-01-02,7787.84,Approved,Buyer_C
PO0004696,SUP00005,DPT004,2024-01-14,14381.1,Pending,Buyer_A
PO0004697,SUP00007,DPT007,2024-05-30,18727.44,Approved,Buyer_C
PO0004698,SUP00028,DPT004,2024-02-03,7498.98,Approved,Buyer_C
PO0004699,SUP00002,DPT010,2024-09-04,4597.15,Approved,Buyer_B
PO0004700,SUP00021,DPT007,2024-01-19,39505.97,Approved,Buyer_D
PO0004701,SUP00196,DPT009,2024-03-19,2772.99,Approved,Buyer_C
PO0004702,SUP00005,DPT007,2024-11-26,3161.08,Pending,Buyer_F
PO0004703,SUP00026,DPT002,2024-08-25,2149.25,Approved,Buyer_A
PO0004704,SUP00314,DPT012,2024-07-05,3154.07,Approved,Buyer_E
PO0004705,SUP00030,DPT009,2024-01-06,28207.55,Approved,Buyer_D
PO0004706,SUP00030,DPT005,2024-01-15,29168.15,Pending,Buyer_B
PO0004707,SUP00060,DPT002,2024-10-31,7524.76,Approved,Buyer_C
PO0004708,SUP00007,DPT002,2024-09-24,13310.58,Approved,Buyer_F
PO0004709,SUP00005,DPT006,2024-11-14,8018.41,Approved,Buyer_C
PO0004710,SUP00130,DPT004,2024-09-27,2460.26,Approved,Buyer_D
PO0004711,SUP00019,DPT007,2024-01-01,74466.68,Approved,Buyer_D
PO0004712,SUP00010,DPT003,2024-09-26,32039.99,Approved,Buyer_F
PO0004713,SUP00002,DPT005,2024-06-02,11549.75,Approved,Buyer_D
PO0004714,SUP00230,DPT002,2024-08-19,3443.04,Approved,Buyer_F
PO0004715,SUP00002,DPT002,2024-05-18,6470.87,Approved,Buyer_F
PO0004716,SUP00173,DPT001,2024-08-29,4054.47,Approved,Buyer_A
PO0004717,SUP00018,DPT009,2024-10-09,8933.67,Approved,Buyer_F
PO0004718,SUP00084,DPT005,2024-11-22,11047.1,Approved,Buyer_F
PO0004719,SUP00009,DPT011,2024-06-30,5761.05,Approved,Buyer_A
PO0004720,SUP00006,DPT008,2024-04-03,1892.37,Approved,Buyer_C
PO0004721,SUP00045,DPT008,2024-07-23,68326.91,Approved,Buyer_B
PO0004722,SUP00141,DPT004,2024-06-16,10275.59,Pending,Buyer_F
PO0004723,SUP00007,DPT009,2024-03-08,12792.21,Approved,Buyer_C
PO0004724,SUP00023,DPT011,2024-08-30,5311.29,Approved,Buyer_B
PO0004725,SUP00024,DPT008,2024-01-26,1699.33,Pending,Buyer_A
PO0004726,SUP00008,DPT001,2024-05-15,7455.44,Approved,Buyer_E
PO0004727,SUP00064,DPT006,2024-08-19,5865.12,Rejected,Buyer_A
PO0004728,SUP00005,DPT001,2024-11-04,16473.93,Approved,Buyer_B
PO0004729,SUP00031,DPT001,2024-07-26,20051.87,Approved,Buyer_D
PO0004730,SUP00004,DPT007,2024-11-24,17414.0,Approved,Buyer_A
PO0004731,SUP00028,DPT009,2024-10-05,21769.66,Rejected,Buyer_B
PO0004732,SUP00011,DPT002,2024-03-20,49200.83,Approved,Buyer_F
PO0004733,SUP00025,DPT001,2024-10-09,11966.33,Approved,Buyer_C
PO0004734,SUP00023,DPT010,2024-04-22,24323.93,Approved,Buyer_B
PO0004735,SUP00266,DPT002,2024-07-30,13277.96,Approved,Buyer_F
PO0004736,SUP00029,DPT001,2024-03-08,1211.92,Approved,Buyer_A
PO0004737,SUP00213,DPT008,2024-06-29,6942.93,Approved,Buyer_B
PO0004738,SUP00008,DPT009,2024-08-15,3402.58,Approved,Buyer_F
PO0004739,SUP00015,DPT005,2024-11-02,10213.17,Approved,Buyer_E
PO0004740,SUP00003,DPT005,2024-11-12,3673.83,Approved,Buyer_C
PO0004741,SUP00022,DPT003,2024-09-25,14848.9,Approved,Buyer_F
PO0004742,SUP00125,DPT002,2024-07-06,21612.52,Approved,Buyer_D
PO0004743,SUP00225,DPT008,2024-10-22,26999.4,Approved,Buyer_E
PO0004744,SUP00064,DPT009,2024-02-05,40915.39,Approved,Buyer_F
PO0004745,SUP00108,DPT003,2024-11-29,1516.22,Pending,Buyer_D
PO0004746,SUP00006,DPT003,2024-03-09,2443.04,Approved,Buyer_C
PO0004747,SUP00002,DPT002,2024-05-15,151420.37,Approved,Buyer_D
PO0004748,SUP00198,DPT001,2024-10-31,22237.24,Approved,Buyer_A
PO0004749,SUP00006,DPT003,2024-08-28,10142.08,Approved,Buyer_C
PO0004750,SUP00003,DPT001,2024-10-11,8366.89,Approved,Buyer_E
PO0004751,SUP00284,DPT009,2024-08-18,7655.2,Approved,Buyer_C
PO0004752,SUP00299,DPT002,2024-07-20,1171.75,Approved,Buyer_E
PO0004753,SUP00094,DPT007,2024-02-28,3743.11,Approved,Buyer_C
PO0004754,SUP00018,DPT005,2024-11-29,7245.62,Approved,Buyer_B
PO0004755,SUP00222,DPT009,2024-08-01,3960.56,Approved,Buyer_A
PO0004756,SUP00007,DPT012,2024-08-11,4513.66,Approved,Buyer_D
PO0004757,SUP00023,DPT003,2024-05-23,104687.13,Approved,Buyer_B
PO0004758,SUP00016,DPT001,2024-11-14,6300.26,Rejected,Buyer_C
PO0004759,SUP00269,DPT008,2024-05-30,10701.29,Approved,Buyer_D
PO0004760,SUP00273,DPT001,2024-03-04,10327.2,Approved,Buyer_A
PO0004761,SUP00115,DPT002,2024-03-01,14609.97,Approved,Buyer_C
PO0004762,SUP00004,DPT001,2024-08-21,5027.7,Approved,Buyer_B
PO0004763,SUP00028,DPT010,2024-09-06,28197.29,Approved,Buyer_B
PO0004764,SUP00009,DPT001,2024-03-10,12626.62,Approved,Buyer_F
PO0004765,SUP00253,DPT004,2024-08-21,2236.88,Approved,Buyer_F
PO0004766,SUP00005,DPT004,2024-11-30,7277.16,Pending,Buyer_B
PO0004767,SUP00002,DPT006,2024-06-27,6821.62,Approved,Buyer_F
PO0004768,SUP00146,DPT003,2024-11-21,6514.82,Approved,Buyer_B
PO0004769,SUP00025,DPT010,2024-02-22,13484.51,Approved,Buyer_C
PO0004770,SUP00225,DPT008,2024-05-14,15286.5,Approved,Buyer_F
PO0004771,SUP00003,DPT004,2024-07-05,13584.07,Approved,Buyer_A
PO0004772,SUP00203,DPT003,2024-04-29,11372.07,Approved,Buyer_C
PO0004773,SUP00002,DPT009,2024-02-03,8827.59,Approved,Buyer_E
PO0004774,SUP00001,DPT008,2024-06-02,942.74,Approved,Buyer_F
PO0004775,SUP00026,DPT004,2024-04-23,17639.44,Approved,Buyer_F
PO0004776,SUP00008,DPT003,2024-03-09,13205.04,Approved,Buyer_F
PO0004777,SUP00081,DPT001,2024-05-04,3026.73,Approved,Buyer_F
PO0004778,SUP00001,DPT001,2024-05-20,10727.68,Approved,Buyer_C
PO0004779,SUP00002,DPT001,2024-10-22,15489.82,Approved,Buyer_B
PO0004780,SUP00160,DPT001,2024-06-13,26140.66,Approved,Buyer_C
PO0004781,SUP00007,DPT002,2024-05-19,13498.06,Approved,Buyer_A
PO0004782,SUP00118,DPT010,2024-05-10,11176.87,Approved,Buyer_A
PO0004783,SUP00173,DPT009,2024-07-19,20884.7,Approved,Buyer_F
PO0004784,SUP00002,DPT009,2024-04-02,5963.78,Approved,Buyer_B
PO0004785,SUP00185,DPT006,2024-10-20,12234.35,Approved,Buyer_D
PO0004786,SUP00009,DPT006,2024-05-20,4354.16,Approved,Buyer_B
PO0004787,SUP00019,DPT001,2024-05-22,24594.96,Rejected,Buyer_D
PO0004788,SUP00003,DPT007,2024-01-22,1620.17,Approved,Buyer_C
PO0004789,SUP00225,DPT003,2024-10-23,18338.12,Approved,Buyer_A
PO0004790,SUP00061,DPT005,2024-06-06,8247.86,Approved,Buyer_C
PO0004791,SUP00030,DPT011,2024-02-15,21277.11,Approved,Buyer_E
PO0004792,SUP00302,DPT010,2024-02-27,3712.48,Approved,Buyer_E
PO0004793,SUP00013,DPT002,2024-05-02,8866.04,Approved,Buyer_B
PO0004794,SUP00256,DPT008,2024-09-18,8609.57,Approved,Buyer_B
PO0004795,SUP00155,DPT001,2024-02-01,12505.0,Approved,Buyer_E
PO0004796,SUP00278,DPT001,2024-02-10,2842.5,Approved,Buyer_C
PO0004797,SUP00266,DPT001,2024-07-06,15309.29,Approved,Buyer_A
PO0004798,SUP00315,DPT002,2024-06-16,1279.35,Approved,Buyer_A
PO0004799,SUP00005,DPT007,2024-11-16,4155.37,Approved,Buyer_C
PO0004800,SUP00200,DPT003,2024-09-08,1698.11,Approved,Buyer_B
PO0004801,SUP00205,DPT001,2024-08-08,18549.89,Approved,Buyer_A
PO0004802,SUP00111,DPT012,2024-04-22,12089.96,Approved,Buyer_E
PO0004803,SUP00010,DPT005,2024-07-28,12785.14,Approved,Buyer_C
PO0004804,SUP00300,DPT004,2024-07-14,35354.8,Approved,Buyer_E
PO0004805,SUP00007,DPT005,2024-04-03,5907.97,Approved,Buyer_A
PO0004806,SUP00030,DPT005,2024-05-04,14906.99,Approved,Buyer_C
PO0004807,SUP00038,DPT004,2024-11-07,8656.12,Approved,Buyer_C
PO0004808,SUP00006,DPT006,2024-06-29,7433.6,Approved,Buyer_D
PO0004809,SUP00157,DPT010,2024-06-06,29930.28,Approved,Buyer_F
PO0004810,SUP00003,DPT003,2024-09-23,64982.9,Approved,Buyer_C
PO0004811,SUP00139,DPT004,2024-03-30,5263.4,Approved,Buyer_C
PO0004812,SUP00231,DPT001,2024-03-14,18652.2,Approved,Buyer_F
PO0004813,SUP00015,DPT010,2024-11-26,11149.13,Approved,Buyer_C
PO0004814,SUP00149,DPT003,2024-09-26,11283.68,Pending,Buyer_C
PO0004815,SUP00006,DPT003,2024-05-21,10375.24,Approved,Buyer_A
PO0004816,SUP00230,DPT012,2024-11-13,5807.6,Approved,Buyer_E
PO0004817,SUP00292,DPT005,2024-05-04,224.76,Approved,Buyer_A
PO0004818,SUP00006,DPT001,2024-08-14,37601.88,Pending,Buyer_B
PO0004819,SUP00139,DPT002,2024-01-12,4045.12,Approved,Buyer_C
PO0004820,SUP00030,DPT003,2024-08-21,6364.19,Approved,Buyer_C
PO0004821,SUP00044,DPT012,2024-02-29,6500.97,Approved,Buyer_A
PO0004822,SUP00147,DPT004,2024-03-21,3700.4,Rejected,Buyer_D
PO0004823,SUP00029,DPT002,2024-09-28,10303.51,Rejected,Buyer_F
PO0004824,SUP00085,DPT005,2024-03-09,7751.86,Approved,Buyer_A
PO0004825,SUP00008,DPT004,2024-06-10,3957.88,Approved,Buyer_C
PO0004826,SUP00018,DPT001,2024-11-15,9407.87,Approved,Buyer_D
PO0004827,SUP00241,DPT010,2024-05-28,7839.68,Approved,Buyer_B
PO0004828,SUP00004,DPT001,2024-01-29,20493.0,Approved,Buyer_D
PO0004829,SUP00083,DPT010,2024-04-06,2120.95,Approved,Buyer_C
PO0004830,SUP00007,DPT009,2024-07-25,3621.38,Approved,Buyer_A
PO0004831,SUP00230,DPT001,2024-04-22,16735.67,Approved,Buyer_F
PO0004832,SUP00072,DPT008,2024-08-29,4273.79,Approved,Buyer_F
PO0004833,SUP00020,DPT009,2024-11-28,3283.28,Approved,Buyer_C
PO0004834,SUP00009,DPT006,2024-07-27,4490.45,Approved,Buyer_A
PO0004835,SUP00023,DPT005,2024-07-28,7324.8,Approved,Buyer_A
PO0004836,SUP00295,DPT001,2024-06-26,7352.69,Approved,Buyer_F
PO0004837,SUP00031,DPT001,2024-07-12,6568.51,Approved,Buyer_F
PO0004838,SUP00027,DPT008,2024-11-08,2897.01,Approved,Buyer_C
PO0004839,SUP00171,DPT001,2024-08-18,17556.14,Approved,Buyer_F
PO0004840,SUP00018,DPT002,2024-09-09,30522.51,Approved,Buyer_B
PO0004841,SUP00023,DPT004,2024-05-09,1199.39,Approved,Buyer_C
PO0004842,SUP00014,DPT002,2024-04-22,1713.78,Approved,Buyer_A
PO0004843,SUP00005,DPT009,2024-11-20,22089.48,Approved,Buyer_D
PO0004844,SUP00152,DPT009,2024-06-02,38940.74,Approved,Buyer_E
PO0004845,SUP00246,DPT009,2024-09-02,963.74,Approved,Buyer_F
PO0004846,SUP00265,DPT001,2024-08-01,18314.28,Pending,Buyer_E
PO0004847,SUP00250,DPT004,2024-02-11,41684.3,Approved,Buyer_D
PO0004848,SUP00025,DPT009,2024-04-15,3420.66,Approved,Buyer_E
PO0004849,SUP00010,DPT003,2024-04-19,39327.05,Approved,Buyer_D
PO0004850,SUP00107,DPT007,2024-02-29,6781.85,Approved,Buyer_C
PO0004851,SUP00294,DPT005,2024-09-17,11099.3,Approved,Buyer_D
PO0004852,SUP00159,DPT003,2024-11-19,3947.22,Pending,Buyer_B
PO0004853,SUP00029,DPT003,2024-11-19,22049.13,Approved,Buyer_A
PO0004854,SUP00137,DPT006,2024-03-06,18665.87,Approved,Buyer_E
PO0004855,SUP00186,DPT002,2024-05-30,45465.51,Approved,Buyer_C
PO0004856,SUP00273,DPT010,2024-03-18,34221.43,Approved,Buyer_F
PO0004857,SUP00181,DPT005,2024-01-21,8029.28,Approved,Buyer_A
PO0004858,SUP00023,DPT001,2024-07-26,181385.27,Approved,Buyer_C
PO0004859,SUP00009,DPT007,2024-10-14,31281.83,Approved,Buyer_B
PO0004860,SUP00030,DPT004,2024-01-26,13912.12,Approved,Buyer_F
PO0004861,SUP00013,DPT002,2024-08-03,2989.45,Pending,Buyer_C
PO0004862,SUP00287,DPT012,2024-01-12,1754.55,Approved,Buyer_D
PO0004863,SUP00030,DPT007,2024-10-09,1910.22,Approved,Buyer_A
PO0004864,SUP00027,DPT006,2024-01-22,3185.4,Approved,Buyer_D
PO0004865,SUP00015,DPT009,2024-05-25,32122.2,Approved,Buyer_C
PO0004866,SUP00108,DPT005,2024-02-11,13188.35,Approved,Buyer_D
PO0004867,SUP00037,DPT004,2024-05-18,4387.99,Approved,Buyer_D
PO0004868,SUP00005,DPT002,2024-05-23,7073.64,Approved,Buyer_A
PO0004869,SUP00243,DPT002,2024-06-29,6261.99,Rejected,Buyer_A
PO0004870,SUP00016,DPT004,2024-10-04,18034.66,Rejected,Buyer_A
PO0004871,SUP00023,DPT004,2024-11-29,3365.06,Approved,Buyer_B
PO0004872,SUP00007,DPT008,2024-04-24,11495.22,Approved,Buyer_E
PO0004873,SUP00057,DPT004,2024-11-05,10938.96,Approved,Buyer_B
PO0004874,SUP00145,DPT006,2024-05-23,3467.3,Approved,Buyer_F
PO0004875,SUP00250,DPT009,2024-02-09,39656.34,Approved,Buyer_A
PO0004876,SUP00002,DPT012,2024-07-20,6029.56,Approved,Buyer_D
PO0004877,SUP00305,DPT003,2024-08-30,3002.65,Pending,Buyer_E
PO0004878,SUP00146,DPT011,2024-04-11,19013.03,Approved,Buyer_A
PO0004879,SUP00010,DPT009,2024-07-16,8556.92,Approved,Buyer_D
PO0004880,SUP00007,DPT001,2024-05-24,12190.7,Approved,Buyer_A
PO0004881,SUP00010,DPT003,2024-02-18,2478.28,Approved,Buyer_E
PO0004882,SUP00247,DPT002,2024-05-09,18259.05,Approved,Buyer_C
PO0004883,SUP00010,DPT007,2024-05-23,71141.66,Approved,Buyer_F
PO0004884,SUP00026,DPT005,2024-04-24,2291.97,Pending,Buyer_D
PO0004885,SUP00147,DPT004,2024-11-02,11547.32,Approved,Buyer_B
PO0004886,SUP00245,DPT008,2024-05-10,3694.83,Approved,Buyer_A
PO0004887,SUP00119,DPT003,2024-07-28,119324.99,Approved,Buyer_A
PO0004888,SUP00175,DPT003,2024-01-04,27990.84,Approved,Buyer_A
PO0004889,SUP00006,DPT010,2024-04-14,10744.05,Approved,Buyer_B
PO0004890,SUP00248,DPT012,2024-10-23,2373.53,Approved,Buyer_E
PO0004891,SUP00010,DPT009,2024-10-25,3022.82,Approved,Buyer_C
PO0004892,SUP00005,DPT002,2024-11-23,17090.44,Approved,Buyer_A
PO0004893,SUP00306,DPT001,2024-01-20,2074.57,Approved,Buyer_A
PO0004894,SUP00007,DPT002,2024-10-15,2140.7,Approved,Buyer_C
PO0004895,SUP00005,DPT004,2024-03-30,8174.96,Approved,Buyer_B
PO0004896,SUP00100,DPT002,2024-01-02,9259.6,Approved,Buyer_E
PO0004897,SUP00012,DPT011,2024-01-31,11849.39,Approved,Buyer_C
PO0004898,SUP00005,DPT007,2024-09-08,5221.16,Approved,Buyer_A
PO0004899,SUP00085,DPT004,2024-07-17,20335.97,Approved,Buyer_B
PO0004900,SUP00178,DPT003,2024-07-10,3422.7,Approved,Buyer_C
PO0004901,SUP00198,DPT003,2024-10-22,15163.47,Approved,Buyer_A
PO0004902,SUP00006,DPT004,2024-02-01,10037.87,Approved,Buyer_A
PO0004903,SUP00059,DPT007,2024-01-28,14774.37,Approved,Buyer_F
PO0004904,SUP00211,DPT001,2024-11-08,26423.21,Approved,Buyer_C
PO0004905,SUP00006,DPT009,2024-07-22,5139.28,Approved,Buyer_E
PO0004906,SUP00007,DPT001,2024-09-17,4183.58,Approved,Buyer_F
PO0004907,SUP00001,DPT002,2024-06-24,1497.58,Approved,Buyer_A
PO0004908,SUP00040,DPT012,2024-02-18,1075.99,Approved,Buyer_E
PO0004909,SUP00007,DPT002,2024-06-24,6795.57,Approved,Buyer_E
PO0004910,SUP00158,DPT001,2024-11-18,7277.02,Approved,Buyer_A
PO0004911,SUP00298,DPT006,2024-02-09,2735.08,Approved,Buyer_B
PO0004912,SUP00007,DPT004,2024-02-12,3391.07,Approved,Buyer_A
PO0004913,SUP00113,DPT001,2024-04-26,37177.31,Approved,Buyer_A
PO0004914,SUP00007,DPT001,2024-06-01,19454.62,Approved,Buyer_B
PO0004915,SUP00001,DPT001,2024-07-29,2294.78,Approved,Buyer_B
PO0004916,SUP00178,DPT005,2024-02-23,5206.44,Approved,Buyer_F
PO0004917,SUP00023,DPT002,2024-11-08,12161.16,Approved,Buyer_B
PO0004918,SUP00289,DPT009,2024-02-20,4330.98,Approved,Buyer_E
PO0004919,SUP00046,DPT010,2024-03-08,3609.43,Approved,Buyer_A
PO0004920,SUP00006,DPT002,2024-11-20,5777.66,Approved,Buyer_D
PO0004921,SUP00025,DPT003,2024-05-06,24116.73,Approved,Buyer_E
PO0004922,SUP00007,DPT002,2024-07-10,26407.45,Approved,Buyer_A
PO0004923,SUP00249,DPT003,2024-05-25,3883.74,Approved,Buyer_C
PO0004924,SUP00138,DPT002,2024-03-27,12842.96,Approved,Buyer_F
PO0004925,SUP00014,DPT009,2024-06-18,8051.3,Approved,Buyer_D
PO0004926,SUP00042,DPT003,2024-09-17,2956.51,Approved,Buyer_E
PO0004927,SUP00125,DPT004,2024-01-04,6020.5,Approved,Buyer_C
PO0004928,SUP00192,DPT007,2024-10-20,2288.76,Approved,Buyer_B
PO0004929,SUP00003,DPT009,2024-03-02,25927.39,Pending,Buyer_C
PO0004930,SUP00001,DPT003,2024-11-03,38271.93,Approved,Buyer_C
PO0004931,SUP00004,DPT002,2024-11-18,5374.53,Approved,Buyer_F
PO0004932,SUP00019,DPT012,2024-11-08,4234.08,Approved,Buyer_C
PO0004933,SUP00026,DPT003,2024-08-06,23262.42,Approved,Buyer_D
PO0004934,SUP00005,DPT007,2024-10-30,27341.17,Pending,Buyer_D
PO0004935,SUP00021,DPT007,2024-10-14,2658.69,Approved,Buyer_C
PO0004936,SUP00024,DPT005,2024-08-02,6988.04,Approved,Buyer_C
PO0004937,SUP00004,DPT002,2024-10-25,7639.3,Approved,Buyer_F
PO0004938,SUP00271,DPT002,2024-04-24,3748.92,Approved,Buyer_B
PO0004939,SUP00084,DPT004,2024-10-06,11920.1,Approved,Buyer_C
PO0004940,SUP00019,DPT005,2024-11-06,4024.09,Rejected,Buyer_E
PO0004941,SUP00030,DPT009,2024-07-31,4720.83,Approved,Buyer_A
PO0004942,SUP00011,DPT007,2024-02-11,7322.14,Approved,Buyer_E
PO0004943,SUP00235,DPT011,2024-03-12,1827.93,Pending,Buyer_E
PO0004944,SUP00070,DPT012,2024-02-26,1036.44,Approved,Buyer_C
PO0004945,SUP00029,DPT008,2024-06-27,20297.89,Approved,Buyer_D
PO0004946,SUP00268,DPT001,2024-05-25,3864.85,Approved,Buyer_C
PO0004947,SUP00225,DPT004,2024-10-04,68518.84,Approved,Buyer_D
PO0004948,SUP00210,DPT006,2024-04-05,58211.48,Approved,Buyer_A
PO0004949,SUP00008,DPT006,2024-02-25,4883.03,Approved,Buyer_D
PO0004950,SUP00006,DPT002,2024-07-25,84040.41,Pending,Buyer_C
PO0004951,SUP00138,DPT005,2024-02-16,20693.49,Approved,Buyer_A
PO0004952,SUP00027,DPT003,2024-10-30,4250.05,Approved,Buyer_E
PO0004953,SUP00134,DPT003,2024-01-28,612.87,Approved,Buyer_A
PO0004954,SUP00179,DPT009,2024-06-13,16125.47,Approved,Buyer_D
PO0004955,SUP00010,DPT004,2024-11-13,8360.69,Approved,Buyer_F
PO0004956,SUP00010,DPT005,2024-07-04,12473.5,Approved,Buyer_F
PO0004957,SUP00029,DPT005,2024-09-27,6445.67,Approved,Buyer_D
PO0004958,SUP00009,DPT005,2024-05-21,2581.54,Approved,Buyer_E
PO0004959,SUP00124,DPT002,2024-09-09,5286.83,Approved,Buyer_D
PO0004960,SUP00171,DPT006,2024-08-25,16426.27,Approved,Buyer_E
PO0004961,SUP00027,DPT003,2024-06-21,5685.22,Approved,Buyer_F
PO0004962,SUP00158,DPT006,2024-02-03,5650.97,Approved,Buyer_C
PO0004963,SUP00032,DPT002,2024-11-21,1773.33,Approved,Buyer_C
PO0004964,SUP00151,DPT012,2024-01-17,8876.84,Approved,Buyer_B
PO0004965,SUP00008,DPT009,2024-04-29,2665.29,Rejected,Buyer_F
PO0004966,SUP00166,DPT004,2024-08-02,20303.05,Approved,Buyer_F
PO0004967,SUP00152,DPT003,2024-09-14,3888.97,Rejected,Buyer_E
PO0004968,SUP00009,DPT003,2024-06-28,6028.76,Approved,Buyer_D
PO0004969,SUP00059,DPT008,2024-05-14,70543.41,Approved,Buyer_B
PO0004970,SUP00235,DPT006,2024-05-16,5963.58,Approved,Buyer_F
PO0004971,SUP00009,DPT007,2024-11-22,5215.68,Approved,Buyer_A
PO0004972,SUP00165,DPT010,2024-04-21,14554.01,Approved,Buyer_D
PO0004973,SUP00293,DPT004,2024-10-13,1359.32,Approved,Buyer_B
PO0004974,SUP00242,DPT007,2024-01-18,28305.44,Approved,Buyer_C
PO0004975,SUP00020,DPT004,2024-08-08,21893.39,Approved,Buyer_A
PO0004976,SUP00089,DPT006,2024-08-15,13690.42,Approved,Buyer_A
PO0004977,SUP00316,DPT004,2024-08-14,276.69,Approved,Buyer_C
PO0004978,SUP00066,DPT009,2024-05-21,6251.57,Pending,Buyer_C
PO0004979,SUP00004,DPT001,2024-08-19,2269.09,Approved,Buyer_F
PO0004980,SUP00002,DPT002,2024-05-29,24936.97,Approved,Buyer_D
PO0004981,SUP00197,DPT003,2024-07-17,23215.17,Approved,Buyer_A
PO0004982,SUP00022,DPT011,2024-10-26,11944.31,Approved,Buyer_F
PO0004983,SUP00009,DPT004,2024-08-13,2433.02,Pending,Buyer_D
PO0004984,SUP00015,DPT003,2024-09-04,36108.88,Approved,Buyer_E
PO0004985,SUP00177,DPT004,2024-11-20,6233.78,Pending,Buyer_F
PO0004986,SUP00026,DPT004,2024-03-14,49284.8,Approved,Buyer_D
PO0004987,SUP00243,DPT010,2024-07-15,10565.9,Approved,Buyer_B
PO0004988,SUP00164,DPT012,2024-08-08,13450.99,Approved,Buyer_C
PO0004989,SUP00305,DPT009,2024-08-20,5113.79,Approved,Buyer_E
PO0004990,SUP00255,DPT009,2024-02-14,33088.98,Approved,Buyer_A
PO0004991,SUP00009,DPT002,2024-09-11,14889.83,Approved,Buyer_F
PO0004992,SUP00119,DPT002,2024-03-06,34299.69,Rejected,Buyer_C
PO0004993,SUP00001,DPT006,2024-05-17,9677.33,Approved,Buyer_D
PO0004994,SUP00315,DPT006,2024-08-27,7730.75,Approved,Buyer_F
PO0004995,SUP00009,DPT002,2024-03-29,14693.05,Approved,Buyer_F
PO0004996,SUP00123,DPT008,2024-02-12,34287.65,Approved,Buyer_E
PO0004997,SUP00232,DPT002,2024-08-14,22398.16,Pending,Buyer_B
PO0004998,SUP00006,DPT002,2024-04-03,9304.22,Approved,Buyer_D
PO0004999,SUP00231,DPT003,2024-10-03,1264.94,Approved,Buyer_D
PO0005000,SUP00001,DPT009,2024-10-27,18222.02,Approved,Buyer_F
PO0005001,SUP00024,DPT008,2024-04-27,1922.33,Approved,Buyer_A
PO0005002,SUP00027,DPT005,2024-09-04,8391.76,Pending,Buyer_A
PO0005003,SUP00017,DPT009,2024-03-16,7217.28,Approved,Buyer_A
PO0005004,SUP00076,DPT009,2024-11-07,1963.0,Approved,Buyer_F
PO0005005,SUP00270,DPT003,2024-03-23,11760.52,Approved,Buyer_D
PO0005006,SUP00013,DPT009,2024-10-22,69864.84,Approved,Buyer_E
PO0005007,SUP00072,DPT002,2024-09-20,5927.72,Approved,Buyer_A
PO0005008,SUP00248,DPT004,2024-04-14,17428.81,Approved,Buyer_A
PO0005009,SUP00187,DPT001,2024-10-03,85450.27,Approved,Buyer_D
PO0005010,SUP00002,DPT004,2024-07-30,19199.0,Approved,Buyer_E
PO0005011,SUP00287,DPT005,2024-08-12,4252.05,Approved,Buyer_C
PO0005012,SUP00002,DPT001,2024-05-06,10270.33,Approved,Buyer_A
PO0005013,SUP00078,DPT004,2024-03-19,13105.41,Approved,Buyer_C
PO0005014,SUP00070,DPT006,2024-08-21,33989.71,Approved,Buyer_D
PO0005015,SUP00194,DPT006,2024-01-18,27283.85,Approved,Buyer_B
PO0005016,SUP00005,DPT001,2024-04-26,507.81,Approved,Buyer_B
PO0005017,SUP00006,DPT001,2024-02-17,3441.96,Approved,Buyer_E
PO0005018,SUP00174,DPT003,2024-01-01,7555.06,Approved,Buyer_B
PO0005019,SUP00005,DPT009,2024-01-03,2935.73,Approved,Buyer_A
PO0005020,SUP00027,DPT010,2024-02-01,200.32,Approved,Buyer_D
PO0005021,SUP00162,DPT003,2024-11-10,3922.1,Pending,Buyer_A
PO0005022,SUP00115,DPT007,2024-09-15,8073.88,Approved,Buyer_C
PO0005023,SUP00007,DPT005,2024-11-27,4792.06,Approved,Buyer_D
PO0005024,SUP00010,DPT012,2024-01-29,2990.08,Approved,Buyer_A
PO0005025,SUP00302,DPT001,2024-11-30,8446.14,Approved,Buyer_D
PO0005026,SUP00025,DPT005,2024-07-19,11419.62,Approved,Buyer_E
PO0005027,SUP00002,DPT006,2024-09-23,5071.56,Pending,Buyer_F
PO0005028,SUP00008,DPT003,2024-10-14,31944.13,Approved,Buyer_B
PO0005029,SUP00014,DPT001,2024-03-28,8584.51,Approved,Buyer_B
PO0005030,SUP00320,DPT001,2024-09-05,3389.66,Approved,Buyer_D
PO0005031,SUP00010,DPT004,2024-08-04,2631.9,Approved,Buyer_D
PO0005032,SUP00001,DPT007,2024-05-18,6548.75,Approved,Buyer_D
PO0005033,SUP00033,DPT007,2024-06-13,24671.91,Approved,Buyer_B
PO0005034,SUP00003,DPT002,2024-03-10,3555.71,Approved,Buyer_A
PO0005035,SUP00009,DPT010,2024-03-03,14704.07,Approved,Buyer_A
PO0005036,SUP00316,DPT003,2024-11-05,8906.68,Approved,Buyer_F
PO0005037,SUP00146,DPT012,2024-09-02,59470.34,Approved,Buyer_C
PO0005038,SUP00002,DPT001,2024-07-08,11971.11,Approved,Buyer_C
PO0005039,SUP00025,DPT009,2024-08-20,4031.02,Approved,Buyer_D
PO0005040,SUP00006,DPT011,2024-05-15,16921.99,Approved,Buyer_B
PO0005041,SUP00005,DPT009,2024-03-24,17501.15,Approved,Buyer_C
PO0005042,SUP00077,DPT009,2024-11-11,5447.92,Approved,Buyer_C
PO0005043,SUP00030,DPT003,2024-11-27,2530.08,Approved,Buyer_A
PO0005044,SUP00169,DPT007,2024-03-13,13849.93,Approved,Buyer_D
PO0005045,SUP00257,DPT005,2024-09-25,8634.45,Approved,Buyer_B
PO0005046,SUP00009,DPT004,2024-05-28,1778.37,Approved,Buyer_A
PO0005047,SUP00275,DPT012,2024-08-25,10451.71,Rejected,Buyer_D
PO0005048,SUP00036,DPT003,2024-02-06,4285.56,Pending,Buyer_B
PO0005049,SUP00009,DPT004,2024-06-09,1780.05,Approved,Buyer_E
PO0005050,SUP00230,DPT011,2024-02-11,5698.07,Approved,Buyer_D
PO0005051,SUP00002,DPT003,2024-09-29,29229.06,Pending,Buyer_A
PO0005052,SUP00061,DPT002,2024-05-13,27120.94,Approved,Buyer_E
PO0005053,SUP00156,DPT003,2024-03-29,20884.28,Approved,Buyer_A
PO0005054,SUP00010,DPT008,2024-08-22,10606.61,Pending,Buyer_B
PO0005055,SUP00240,DPT010,2024-11-15,14702.86,Approved,Buyer_E
PO0005056,SUP00008,DPT001,2024-04-23,8943.16,Approved,Buyer_C
PO0005057,SUP00226,DPT006,2024-08-28,2683.69,Approved,Buyer_C
PO0005058,SUP00003,DPT005,2024-08-19,3276.39,Approved,Buyer_B
PO0005059,SUP00006,DPT007,2024-06-13,4415.25,Approved,Buyer_C
PO0005060,SUP00018,DPT007,2024-09-26,32904.31,Approved,Buyer_B
PO0005061,SUP00234,DPT011,2024-02-12,23782.15,Approved,Buyer_F
PO0005062,SUP00005,DPT003,2024-10-20,2752.11,Approved,Buyer_E
PO0005063,SUP00247,DPT003,2024-05-15,8547.47,Approved,Buyer_F
PO0005064,SUP00008,DPT005,2024-01-15,5417.52,Approved,Buyer_C
PO0005065,SUP00025,DPT004,2024-11-27,6938.91,Approved,Buyer_F
PO0005066,SUP00015,DPT004,2024-09-16,4740.78,Pending,Buyer_B
PO0005067,SUP00004,DPT001,2024-09-30,33047.18,Approved,Buyer_B
PO0005068,SUP00288,DPT002,2024-02-19,7951.32,Approved,Buyer_B
PO0005069,SUP00024,DPT011,2024-09-08,10058.33,Approved,Buyer_D
PO0005070,SUP00138,DPT001,2024-08-21,10140.15,Pending,Buyer_D
PO0005071,SUP00070,DPT006,2024-10-29,2899.32,Approved,Buyer_A
PO0005072,SUP00030,DPT008,2024-05-04,9032.22,Approved,Buyer_D
PO0005073,SUP00094,DPT001,2024-11-06,23442.76,Approved,Buyer_F
PO0005074,SUP00261,DPT002,2024-08-25,35337.18,Approved,Buyer_C
PO0005075,SUP00143,DPT003,2024-03-26,2571.35,Approved,Buyer_E
PO0005076,SUP00045,DPT004,2024-03-12,1774.72,Approved,Buyer_D
PO0005077,SUP00111,DPT003,2024-10-29,8622.54,Approved,Buyer_F
PO0005078,SUP00088,DPT006,2024-08-04,24567.69,Approved,Buyer_D
PO0005079,SUP00023,DPT002,2024-02-09,11609.7,Approved,Buyer_C
PO0005080,SUP00099,DPT001,2024-02-12,15999.23,Approved,Buyer_A
PO0005081,SUP00024,DPT001,2024-10-04,2079.23,Approved,Buyer_E
PO0005082,SUP00177,DPT003,2024-02-26,4573.4,Approved,Buyer_C
PO0005083,SUP00302,DPT003,2024-03-14,901.34,Approved,Buyer_F
PO0005084,SUP00297,DPT011,2024-07-24,7026.98,Approved,Buyer_B
PO0005085,SUP00215,DPT001,2024-10-16,930.55,Approved,Buyer_C
PO0005086,SUP00086,DPT005,2024-04-22,30719.77,Approved,Buyer_E
PO0005087,SUP00173,DPT005,2024-08-11,38361.95,Approved,Buyer_A
PO0005088,SUP00006,DPT007,2024-08-23,9326.76,Approved,Buyer_B
PO0005089,SUP00028,DPT006,2024-07-20,1785.45,Approved,Buyer_E
PO0005090,SUP00009,DPT001,2024-08-17,11798.32,Approved,Buyer_B
PO0005091,SUP00001,DPT006,2024-03-17,52006.95,Approved,Buyer_F
PO0005092,SUP00301,DPT003,2024-07-27,13039.46,Approved,Buyer_D
PO0005093,SUP00240,DPT009,2024-01-02,26502.23,Approved,Buyer_E
PO0005094,SUP00034,DPT002,2024-09-01,4988.22,Approved,Buyer_D
PO0005095,SUP00009,DPT007,2024-09-22,3390.69,Approved,Buyer_A
PO0005096,SUP00139,DPT006,2024-09-22,7548.76,Approved,Buyer_E
PO0005097,SUP00023,DPT006,2024-01-10,1180.03,Approved,Buyer_C
PO0005098,SUP00204,DPT002,2024-11-01,77970.71,Approved,Buyer_C
PO0005099,SUP00320,DPT007,2024-05-25,9317.5,Approved,Buyer_E
PO0005100,SUP00015,DPT008,2024-01-27,19279.02,Approved,Buyer_B
PO0005101,SUP00009,DPT004,2024-06-28,5107.63,Approved,Buyer_C
PO0005102,SUP00009,DPT003,2024-07-10,1731.79,Approved,Buyer_D
PO0005103,SUP00004,DPT002,2024-05-14,33718.94,Rejected,Buyer_D
PO0005104,SUP00019,DPT003,2024-09-07,2633.05,Approved,Buyer_E
PO0005105,SUP00001,DPT008,2024-07-01,11485.48,Approved,Buyer_A
PO0005106,SUP00004,DPT004,2024-03-13,12620.59,Approved,Buyer_F
PO0005107,SUP00009,DPT007,2024-07-26,8725.03,Pending,Buyer_D
PO0005108,SUP00006,DPT008,2024-03-29,3697.51,Approved,Buyer_D
PO0005109,SUP00162,DPT007,2024-02-09,6976.95,Approved,Buyer_F
PO0005110,SUP00004,DPT007,2024-03-30,3133.64,Approved,Buyer_C
PO0005111,SUP00241,DPT006,2024-10-30,18200.01,Approved,Buyer_A
PO0005112,SUP00008,DPT005,2024-07-10,14350.6,Approved,Buyer_A
PO0005113,SUP00004,DPT002,2024-04-16,7931.5,Approved,Buyer_F
PO0005114,SUP00001,DPT009,2024-05-02,4590.06,Approved,Buyer_F
PO0005115,SUP00152,DPT012,2024-10-15,66657.17,Approved,Buyer_A
PO0005116,SUP00009,DPT004,2024-08-11,2203.79,Approved,Buyer_E
PO0005117,SUP00031,DPT011,2024-09-16,1729.15,Approved,Buyer_D
PO0005118,SUP00004,DPT012,2024-07-23,7465.1,Approved,Buyer_A
PO0005119,SUP00312,DPT004,2024-11-28,6260.11,Approved,Buyer_E
PO0005120,SUP00005,DPT008,2024-08-08,24284.23,Approved,Buyer_C
PO0005121,SUP00021,DPT006,2024-05-14,15461.63,Pending,Buyer_B
PO0005122,SUP00233,DPT002,2024-03-25,8345.9,Approved,Buyer_D
PO0005123,SUP00009,DPT001,2024-01-16,13364.24,Approved,Buyer_F
PO0005124,SUP00009,DPT004,2024-09-14,13123.58,Approved,Buyer_B
PO0005125,SUP00208,DPT009,2024-11-08,66406.93,Approved,Buyer_D
PO0005126,SUP00009,DPT003,2024-08-10,10439.62,Approved,Buyer_E
PO0005127,SUP00001,DPT009,2024-06-12,4100.74,Approved,Buyer_D
PO0005128,SUP00023,DPT006,2024-02-13,9882.31,Approved,Buyer_D
PO0005129,SUP00001,DPT007,2024-08-03,590.71,Approved,Buyer_E
PO0005130,SUP00267,DPT003,2024-03-08,7842.81,Approved,Buyer_B
PO0005131,SUP00109,DPT004,2024-07-27,24172.78,Approved,Buyer_A
PO0005132,SUP00074,DPT002,2024-04-10,14797.06,Approved,Buyer_F
PO0005133,SUP00007,DPT002,2024-10-17,10922.24,Approved,Buyer_B
PO0005134,SUP00143,DPT001,2024-11-09,15509.98,Approved,Buyer_F
PO0005135,SUP00130,DPT001,2024-03-19,24422.41,Approved,Buyer_B
PO0005136,SUP00002,DPT002,2024-04-19,33699.34,Approved,Buyer_B
PO0005137,SUP00250,DPT005,2024-11-04,12675.88,Approved,Buyer_A
PO0005138,SUP00072,DPT004,2024-01-07,5906.97,Approved,Buyer_C
PO0005139,SUP00198,DPT002,2024-06-22,801.49,Approved,Buyer_F
PO0005140,SUP00009,DPT010,2024-02-17,21550.91,Pending,Buyer_F
PO0005141,SUP00005,DPT005,2024-05-25,13564.38,Approved,Buyer_B
PO0005142,SUP00145,DPT011,2024-01-11,9439.51,Approved,Buyer_C
PO0005143,SUP00199,DPT006,2024-02-17,4072.24,Approved,Buyer_E
PO0005144,SUP00018,DPT001,2024-05-14,21272.11,Approved,Buyer_F
PO0005145,SUP00001,DPT011,2024-01-21,6265.19,Pending,Buyer_D
PO0005146,SUP00213,DPT010,2024-09-24,7828.9,Approved,Buyer_B
PO0005147,SUP00007,DPT006,2024-07-12,7661.87,Approved,Buyer_C
PO0005148,SUP00014,DPT005,2024-05-30,12706.28,Pending,Buyer_E
PO0005149,SUP00101,DPT004,2024-06-07,2569.25,Approved,Buyer_A
PO0005150,SUP00004,DPT004,2024-10-08,14222.09,Approved,Buyer_D
PO0005151,SUP00003,DPT008,2024-10-10,3940.69,Approved,Buyer_E
PO0005152,SUP00001,DPT005,2024-01-16,4081.4,Approved,Buyer_C
PO0005153,SUP00271,DPT002,2024-08-17,19638.36,Approved,Buyer_D
PO0005154,SUP00011,DPT001,2024-06-06,2995.81,Approved,Buyer_E
PO0005155,SUP00120,DPT001,2024-09-19,19603.09,Approved,Buyer_D
PO0005156,SUP00314,DPT002,2024-09-20,8967.54,Approved,Buyer_A
PO0005157,SUP00125,DPT003,2024-08-25,1558.88,Rejected,Buyer_D
PO0005158,SUP00040,DPT010,2024-08-14,31712.81,Approved,Buyer_B
PO0005159,SUP00038,DPT002,2024-03-11,11050.75,Approved,Buyer_E
PO0005160,SUP00018,DPT003,2024-10-12,12017.58,Approved,Buyer_B
PO0005161,SUP00084,DPT002,2024-08-22,22186.57,Approved,Buyer_F
PO0005162,SUP00296,DPT005,2024-04-01,36287.21,Approved,Buyer_A
PO0005163,SUP00195,DPT006,2024-03-18,9907.3,Rejected,Buyer_F
PO0005164,SUP00022,DPT005,2024-06-16,15022.24,Approved,Buyer_A
PO0005165,SUP00013,DPT011,2024-04-24,11745.04,Approved,Buyer_E
PO0005166,SUP00252,DPT012,2024-08-14,5751.02,Approved,Buyer_C
PO0005167,SUP00005,DPT009,2024-05-16,1663.31,Approved,Buyer_B
PO0005168,SUP00232,DPT009,2024-02-26,10045.92,Approved,Buyer_B
PO0005169,SUP00009,DPT003,2024-05-12,32174.77,Approved,Buyer_A
PO0005170,SUP00153,DPT005,2024-09-30,14520.74,Approved,Buyer_A
PO0005171,SUP00206,DPT003,2024-10-05,2786.6,Approved,Buyer_C
PO0005172,SUP00027,DPT009,2024-04-14,24282.75,Approved,Buyer_A
PO0005173,SUP00007,DPT002,2024-09-23,5946.33,Pending,Buyer_F
PO0005174,SUP00229,DPT002,2024-02-01,1000.22,Rejected,Buyer_E
PO0005175,SUP00017,DPT001,2024-11-25,22424.37,Approved,Buyer_C
PO0005176,SUP00012,DPT006,2024-09-13,3148.3,Approved,Buyer_A
PO0005177,SUP00031,DPT007,2024-01-14,48085.14,Approved,Buyer_F
PO0005178,SUP00023,DPT001,2024-08-24,25534.18,Approved,Buyer_E
PO0005179,SUP00134,DPT005,2024-06-14,6452.36,Approved,Buyer_B
PO0005180,SUP00005,DPT003,2024-10-23,12827.67,Approved,Buyer_A
PO0005181,SUP00023,DPT009,2024-03-21,91483.93,Approved,Buyer_D
PO0005182,SUP00257,DPT001,2024-10-25,22026.62,Approved,Buyer_A
PO0005183,SUP00002,DPT001,2024-10-18,10282.51,Approved,Buyer_D
PO0005184,SUP00025,DPT006,2024-04-03,145678.0,Approved,Buyer_C
PO0005185,SUP00120,DPT006,2024-05-24,9114.13,Approved,Buyer_F
PO0005186,SUP00254,DPT009,2024-08-02,14498.71,Approved,Buyer_C
PO0005187,SUP00081,DPT006,2024-03-21,3177.3,Approved,Buyer_C
PO0005188,SUP00217,DPT011,2024-11-30,1518.2,Approved,Buyer_D
PO0005189,SUP00008,DPT003,2024-03-04,6076.58,Approved,Buyer_F
PO0005190,SUP00015,DPT004,2024-03-22,8420.36,Approved,Buyer_E
PO0005191,SUP00286,DPT012,2024-06-16,11262.83,Approved,Buyer_E
PO0005192,SUP00253,DPT001,2024-06-07,1959.08,Approved,Buyer_B
PO0005193,SUP00060,DPT009,2024-01-17,15688.36,Pending,Buyer_C
PO0005194,SUP00027,DPT001,2024-10-31,3531.98,Approved,Buyer_B
PO0005195,SUP00025,DPT004,2024-03-21,14894.31,Approved,Buyer_C
PO0005196,SUP00002,DPT002,2024-02-04,20638.77,Approved,Buyer_E
PO0005197,SUP00257,DPT006,2024-06-22,5456.11,Approved,Buyer_A
PO0005198,SUP00213,DPT009,2024-11-06,3090.79,Approved,Buyer_A
PO0005199,SUP00025,DPT001,2024-01-01,37935.75,Approved,Buyer_D
PO0005200,SUP00010,DPT002,2024-06-12,19397.74,Approved,Buyer_E
