supplier_id,supplier_name,supplier_category,supplier_country,Invoice_Count,Total_Invoice_Amount,Average_Invoice_Amount,Paid_Invoices,Average_Audit_Risk_Score,Max_Audit_Risk_Score,Average_Rule_Count,Exception_Invoices,High_Risk_Invoices,Medium_Risk_Invoices,Missing_PO_Count,Duplicate_Risk_Count,Payment_Before_Invoice_Count,Very_Late_Payment_Count,Weekend_Payment_Count,Cash_Payment_Count,PO_Supplier_Mismatch_Count,PO_Department_Mismatch_Count,Invoice_Exceeds_PO_Count,PO_Not_Approved_Count,Missing_Tax_ID_Flag,Spend_Share,Exception_Rate,High_Risk_Invoice_Rate,Medium_Risk_Invoice_Rate,Critical_Rule_Triggers,Procurement_Exception_Count,Payment_Exception_Count,Procurement_Exception_Rate,Payment_Exception_Rate,avg_risk_score_scaled,exception_rate_scaled,high_risk_rate_scaled,critical_triggers_scaled,spend_share_scaled,procurement_exception_scaled,payment_exception_scaled,supplier_risk_score,supplier_risk_level,primary_supplier_risk_driver,Supplier_Audit_Recommendation
SUP00184,Supplier_0184,Facilities,Algeria,8,197372.23,24671.53,8,14.31,31.18,2.62,8,1,1,2,0,1,3,2,0,1,0,5,2,0,0.18,100.0,12.5,12.5,2,10,7,125.0,87.5,0.9250895344210108,1.0,1.0,0.058823529411764705,0.04756665016419518,0.7499999999999999,0.6584158415841583,66.59,High Supplier Risk,High exception rate,"Prioritize audit review for Supplier_0184. Main risk driver: High exception rate. Perform detailed invoice testing, supplier master data review and payment control validation."
SUP00301,Supplier_0301,Facilities,France,17,123829.93,7284.11,16,14.64,31.72,2.82,17,1,6,1,1,1,3,7,0,2,1,5,3,1,0.11,100.0,5.88,35.29,4,12,11,70.59,64.71,0.9513354088153367,1.0,0.4705882352941176,0.11764705882352941,0.029741435951098922,0.4235294117647059,0.4688410017472335,58.42,High Supplier Risk,High exception rate,"Prioritize audit review for Supplier_0301. Main risk driver: High exception rate. Perform detailed invoice testing, supplier master data review and payment control validation."
SUP00021,Supplier_0021,Maintenance,Algeria,119,1462405.71,12289.12,105,13.27,34.41,2.56,119,2,41,30,4,2,15,32,1,10,3,32,9,1,1.31,100.0,1.68,34.45,16,84,57,70.59,47.9,0.8419746728775076,1.0,0.13445378151260504,0.47058823529411764,0.35418600756447505,0.4235294117647059,0.32906231799650554,58.21,High Supplier Risk,High exception rate,"Prioritize audit review for Supplier_0021. Main risk driver: High exception rate. Perform detailed invoice testing, supplier master data review and payment control validation."
SUP00017,Supplier_0017,Logistics,Algeria,79,1049765.68,13288.17,70,13.78,30.11,2.65,79,1,36,20,0,4,14,21,2,5,4,26,7,1,0.94,100.0,1.27,45.57,9,62,45,78.48,56.96,0.8826607967681979,1.0,0.10126582278481014,0.2647058823529412,0.25417014012969996,0.470886075949367,0.4044366461962652,55.64,High Supplier Risk,High exception rate,"Prioritize audit review for Supplier_0017. Main risk driver: High exception rate. Perform detailed invoice testing, supplier master data review and payment control validation."
SUP00147,Supplier_0147,Marketing Services,United Arab Emirates,17,177322.62,10430.74,17,13.13,30.11,2.47,17,1,4,3,0,1,2,4,0,1,1,7,2,1,0.16,100.0,5.88,23.53,2,14,8,82.35,47.06,0.8305049039114254,1.0,0.4705882352941176,0.058823529411764705,0.04270701709398882,0.49411764705882344,0.32207338380896905,54.33,High Supplier Risk,High exception rate,"Prioritize audit review for Supplier_0147. Main risk driver: High exception rate. Perform detailed invoice testing, supplier master data review and payment control validation."
SUP00216,Supplier_0216,Marketing Services,Spain,7,77439.19,11062.74,7,14.29,20.97,3.0,7,0,3,1,0,1,0,7,0,1,0,4,3,0,0.07,100.0,0.0,42.86,2,9,9,128.57,128.57,0.9229719743050423,1.0,0.0,0.058823529411764705,0.018497228494926733,0.7714285714285715,1.0,53.86,High Supplier Risk,High exception rate,"Prioritize audit review for Supplier_0216. Main risk driver: High exception rate. Perform detailed invoice testing, supplier master data review and payment control validation."
SUP00281,Supplier_0281,Telecom,Germany,8,300452.51,37556.56,6,15.26,22.58,2.75,8,0,5,2,1,0,1,1,1,1,0,6,3,0,0.27,100.0,0.0,62.5,2,12,5,150.0,62.5,1.0,1.0,0.0,0.058823529411764705,0.07255129263724727,0.8999999999999999,0.45049504950495045,53.76,High Supplier Risk,High average transaction risk,"Prioritize audit review for Supplier_0281. Main risk driver: High average transaction risk. Perform detailed invoice testing, supplier master data review and payment control validation."
SUP00106,Supplier_0106,Office Supplies,Algeria,3,37655.53,12551.84,3,14.88,20.43,2.67,3,0,2,0,0,0,1,1,0,1,0,3,1,0,0.03,100.0,0.0,66.67,1,5,2,166.67,66.67,0.9698899058230535,1.0,0.0,0.029411764705882353,0.008854447922643996,1.0,0.485148514851485,53.17,High Supplier Risk,High exception rate,"Prioritize audit review for Supplier_0106. Main risk driver: High exception rate. Perform detailed invoice testing, supplier master data review and payment control validation."
SUP00009,Supplier_0009,IT Services,Algeria,325,4126869.98,12698.06,312,7.8,28.49,1.57,277,0,41,49,12,8,47,90,4,14,10,116,37,0,3.71,85.23,0.0,12.62,34,226,170,69.54,52.31,0.4064403563010806,0.7415384615384615,0.0,1.0,1.0,0.4172307692307691,0.3657273419649657,53.02,High Supplier Risk,Critical audit rule triggers,"Prioritize audit review for Supplier_0009. Main risk driver: Critical audit rule triggers. Perform detailed invoice testing, supplier master data review and payment control validation."
SUP00030,Supplier_0030,Logistics,France,102,1276173.34,12511.5,89,12.91,29.57,2.54,102,0,32,18,4,2,15,30,2,3,6,33,7,1,1.15,100.0,0.0,31.37,9,67,54,65.69,52.94,0.8132300273869996,1.0,0.0,0.2647058823529412,0.30904692585690546,0.3941176470588235,0.3709959231217239,51.93,High Supplier Risk,High exception rate,"Prioritize audit review for Supplier_0030. Main risk driver: High exception rate. Perform detailed invoice testing, supplier master data review and payment control validation."
SUP00002,Supplier_0002,Training,Germany,282,3877256.38,13749.14,262,8.25,30.65,1.63,231,2,37,39,10,10,46,73,5,9,16,104,47,0,3.48,81.91,0.71,13.12,29,215,150,76.24,53.19,0.4421603406964636,0.6835106382978724,0.05673758865248227,0.8529411764705882,0.9394985485835754,0.4574468085106383,0.3730777333052454,51.53,High Supplier Risk,Spend concentration,"Prioritize audit review for Supplier_0002. Main risk driver: Spend concentration. Perform detailed invoice testing, supplier master data review and payment control validation."
SUP00076,Supplier_0076,Telecom,Algeria,11,421997.99,38363.45,10,14.86,25.81,2.82,11,0,4,1,1,0,2,2,0,1,0,6,1,1,0.38,100.0,0.0,36.36,2,9,4,81.82,36.36,0.9684911189089461,1.0,0.0,0.058823529411764705,0.10201153820522119,0.4909090909090909,0.23312331233123312,50.66,High Supplier Risk,High exception rate,"Prioritize audit review for Supplier_0076. Main risk driver: High exception rate. Perform detailed invoice testing, supplier master data review and payment control validation."
SUP00202,Supplier_0202,Marketing Services,Spain,13,208911.74,16070.13,11,13.98,23.12,2.69,13,0,6,5,0,1,1,6,1,1,1,3,0,1,0.19,100.0,0.0,46.15,2,10,9,76.92,69.23,0.8985276561878234,1.0,0.0,0.058823529411764705,0.05036360154678949,0.46153846153846156,0.5064737242955064,50.01,High Supplier Risk,High exception rate,"Prioritize audit review for Supplier_0202. Main risk driver: High exception rate. Perform detailed invoice testing, supplier master data review and payment control validation."
SUP00229,Supplier_0229,Facilities,Algeria,14,125058.48,8932.75,13,14.06,26.88,2.57,14,0,5,2,0,1,2,3,0,1,1,5,4,1,0.11,100.0,0.0,35.71,2,13,7,92.86,50.0,0.9044966175885398,1.0,0.0,0.058823529411764705,0.030039212426970625,0.557142857142857,0.3465346534653465,49.79,Medium Supplier Risk,High exception rate,Perform targeted review for Supplier_0229. Main risk driver: High exception rate. Focus on exception patterns and sample-based transaction testing.
SUP00006,Supplier_0006,Telecom,Algeria,278,3420743.95,12304.83,258,7.63,27.96,1.56,232,0,30,32,10,10,39,84,2,10,12,101,29,0,3.07,83.45,0.0,10.79,30,184,155,66.19,55.76,0.3930181759884572,0.7104316546762591,0.0,0.8823529411764706,0.8288488700218347,0.3971223021582733,0.3944013106346605,48.74,Medium Supplier Risk,Critical audit rule triggers,Perform targeted review for Supplier_0006. Main risk driver: Critical audit rule triggers. Focus on exception patterns and sample-based transaction testing.
SUP00074,Supplier_0074,Telecom,United Arab Emirates,21,349749.44,16654.74,18,10.93,33.87,2.14,21,1,3,7,2,1,5,9,0,1,0,6,4,0,0.31,100.0,4.76,14.29,4,18,15,85.71,71.43,0.6560551797320601,1.0,0.38095238095238093,0.11764705882352941,0.08449990367195806,0.5142857142857142,0.5247524752475248,48.54,Medium Supplier Risk,High exception rate,Perform targeted review for Supplier_0074. Main risk driver: High exception rate. Focus on exception patterns and sample-based transaction testing.
SUP00008,Supplier_0008,Logistics,France,269,3250205.03,12082.55,237,7.76,31.18,1.53,215,1,31,62,10,10,35,71,2,11,16,80,20,0,2.92,79.93,0.37,11.52,31,189,134,70.26,49.81,0.40389232496593935,0.6486988847583645,0.02973977695167286,0.9117647058823529,0.7875135734555037,0.42156133828996284,0.3449887739703338,48.46,Medium Supplier Risk,Critical audit rule triggers,Perform targeted review for Supplier_0008. Main risk driver: Critical audit rule triggers. Focus on exception patterns and sample-based transaction testing.
SUP00001,Supplier_0001,Training,Turkey,233,2431526.33,10435.74,211,7.94,33.87,1.54,197,1,25,45,9,7,44,57,7,11,12,81,16,0,2.18,84.55,0.43,10.73,28,165,134,70.82,57.51,0.41748572658228716,0.7296137339055794,0.034334763948497854,0.8235294117647058,0.58908187905379,0.4248927038626609,0.40900012748055914,47.25,Medium Supplier Risk,Critical audit rule triggers,Perform targeted review for Supplier_0001. Main risk driver: Critical audit rule triggers. Focus on exception patterns and sample-based transaction testing.
SUP00157,Supplier_0157,Professional Services,Algeria,8,109277.84,13659.73,7,12.7,22.04,2.62,8,0,3,0,0,0,2,3,0,0,1,5,0,1,0.1,100.0,0.0,37.5,0,6,5,75.0,62.5,0.7968563469956229,1.0,0.0,0.0,0.026214294136139977,0.44999999999999996,0.45049504950495045,45.84,Medium Supplier Risk,High exception rate,Perform targeted review for Supplier_0157. Main risk driver: High exception rate. Focus on exception patterns and sample-based transaction testing.
SUP00117,Supplier_0117,Facilities,United Arab Emirates,12,318502.98,26541.91,11,10.35,30.11,2.08,10,1,2,3,0,1,2,5,1,0,1,2,3,0,0.29,83.33,8.33,16.67,1,9,9,75.0,75.0,0.6096299243931557,0.7083333333333335,0.6666666666666665,0.029411764705882353,0.07692637329690938,0.44999999999999996,0.5544554455445544,45.46,Medium Supplier Risk,High exception rate,Perform targeted review for Supplier_0117. Main risk driver: High exception rate. Focus on exception patterns and sample-based transaction testing.
SUP00286,Supplier_0286,Consulting,Algeria,13,180724.47,13901.88,12,12.03,24.19,2.31,13,0,4,4,0,0,3,5,0,1,0,6,6,0,0.16,100.0,0.0,30.77,1,17,8,130.77,61.54,0.7437019804707827,1.0,0.0,0.029411764705882353,0.04353155895589444,0.7846153846153846,0.4424980959634424,45.41,Medium Supplier Risk,High exception rate,Perform targeted review for Supplier_0286. Main risk driver: High exception rate. Focus on exception patterns and sample-based transaction testing.
SUP00004,Supplier_0004,Professional Services,Turkey,266,3516104.72,13218.44,248,7.38,26.34,1.52,209,0,30,43,14,4,38,76,4,9,10,93,8,0,3.16,78.57,0.0,11.28,27,163,139,61.28,52.26,0.37288206588895634,0.625,0.0,0.7941176470588235,0.8519624543505245,0.3676691729323308,0.36529442417926006,45.36,Medium Supplier Risk,Spend concentration,Perform targeted review for Supplier_0004. Main risk driver: Spend concentration. Focus on exception patterns and sample-based transaction testing.
SUP00005,Supplier_0005,Consulting,Algeria,288,4000165.6,13889.46,267,7.28,29.03,1.5,236,0,30,43,10,6,40,84,6,5,12,88,36,0,3.59,81.94,0.0,10.42,21,184,145,63.89,50.35,0.36492737763629135,0.6840277777777778,0.0,0.6176470588235294,0.9692893380375981,0.38333333333333325,0.34942244224422436,44.62,Medium Supplier Risk,Spend concentration,Perform targeted review for Supplier_0005. Main risk driver: Spend concentration. Focus on exception patterns and sample-based transaction testing.
SUP00010,Supplier_0010,Facilities,Algeria,274,3646952.1,13310.04,251,7.56,24.73,1.54,215,0,41,48,7,12,41,65,7,4,14,88,24,0,3.27,78.47,0.0,14.96,23,178,141,64.96,51.46,0.38730571829406796,0.6231751824817517,0.0,0.6764705882352942,0.8836772984296789,0.3897810218978101,0.3586760135867601,44.42,Medium Supplier Risk,Spend concentration,Perform targeted review for Supplier_0010. Main risk driver: Spend concentration. Focus on exception patterns and sample-based transaction testing.
SUP00007,Supplier_0007,Telecom,Germany,264,3435461.61,13013.11,243,7.2,32.8,1.5,214,1,25,35,9,4,31,84,6,9,14,105,12,0,3.08,81.06,0.38,9.47,22,175,133,66.29,50.38,0.3587104631672877,0.6685606060606061,0.030303030303030304,0.6470588235294118,0.8324161427643993,0.39772727272727265,0.34968496849684966,43.91,Medium Supplier Risk,Spend concentration,Perform targeted review for Supplier_0007. Main risk driver: Spend concentration. Focus on exception patterns and sample-based transaction testing.
SUP00283,Supplier_0283,Facilities,Algeria,17,192771.5,11339.5,16,11.99,24.73,2.41,17,0,3,2,0,1,0,7,0,0,1,6,3,1,0.17,100.0,0.0,17.65,1,12,8,70.59,47.06,0.739870321387608,1.0,0.0,0.029411764705882353,0.04645152325374202,0.4235294117647059,0.32207338380896905,43.89,Medium Supplier Risk,High exception rate,Perform targeted review for Supplier_0283. Main risk driver: High exception rate. Focus on exception patterns and sample-based transaction testing.
SUP00130,Supplier_0130,Training,France,23,260803.55,11339.28,22,12.2,24.73,2.43,23,0,8,6,1,0,2,6,1,0,2,7,0,1,0.23,100.0,0.0,34.78,1,15,9,65.22,39.13,0.7571411270091178,1.0,0.0,0.029411764705882353,0.06294116070873153,0.3913043478260869,0.2561343090830822,43.71,Medium Supplier Risk,High exception rate,Perform targeted review for Supplier_0130. Main risk driver: High exception rate. Focus on exception patterns and sample-based transaction testing.
SUP00041,Supplier_0041,Logistics,Turkey,5,25242.83,5048.57,5,11.61,19.89,2.2,5,0,1,1,1,0,2,2,0,0,1,3,0,0,0.02,100.0,0.0,20.0,1,5,4,100.0,80.0,0.7102268205332274,1.0,0.0,0.029411764705882353,0.005845852373376435,0.6,0.596039603960396,43.43,Medium Supplier Risk,High exception rate,Perform targeted review for Supplier_0041. Main risk driver: High exception rate. Focus on exception patterns and sample-based transaction testing.
SUP00228,Supplier_0228,Facilities,United Arab Emirates,14,267331.12,19095.08,13,11.6,20.97,2.43,14,0,2,1,1,1,2,4,2,1,0,9,1,0,0.24,100.0,0.0,14.29,3,12,9,85.71,64.29,0.7090557671536581,1.0,0.0,0.08823529411764706,0.06452331592472262,0.5142857142857142,0.46534653465346537,43.1,Medium Supplier Risk,High exception rate,Perform targeted review for Supplier_0228. Main risk driver: High exception rate. Focus on exception patterns and sample-based transaction testing.
SUP00003,Supplier_0003,Office Supplies,Turkey,282,3549871.85,12588.2,258,7.19,34.41,1.52,219,1,29,48,8,3,47,93,11,10,7,85,12,0,3.19,77.66,0.35,10.28,21,162,173,57.45,61.35,0.3579542407847985,0.6090425531914893,0.028368794326241134,0.6176470588235294,0.860146945801179,0.3446808510638298,0.4409100484516536,42.91,Medium Supplier Risk,Spend concentration,Perform targeted review for Supplier_0003. Main risk driver: Spend concentration. Focus on exception patterns and sample-based transaction testing.
SUP00148,Supplier_0148,Professional Services,France,10,122291.93,12229.19,9,12.37,21.51,2.3,10,0,3,2,2,0,0,1,0,0,0,4,0,1,0.11,100.0,0.0,30.0,2,6,2,60.0,20.0,0.7701551929964188,1.0,0.0,0.058823529411764705,0.02936865485151757,0.36,0.09702970297029703,42.71,Medium Supplier Risk,High exception rate,Perform targeted review for Supplier_0148. Main risk driver: High exception rate. Focus on exception patterns and sample-based transaction testing.
SUP00072,Supplier_0072,Professional Services,Algeria,17,149351.88,8785.4,16,11.8,23.66,2.29,17,0,1,2,0,0,3,3,2,0,1,6,2,1,0.13,100.0,0.0,5.88,0,11,8,64.71,47.06,0.7247957678893285,1.0,0.0,0.0,0.035927457137354075,0.388235294117647,0.32207338380896905,42.62,Medium Supplier Risk,High exception rate,Perform targeted review for Supplier_0072. Main risk driver: High exception rate. Focus on exception patterns and sample-based transaction testing.
SUP00115,Supplier_0115,Training,Turkey,13,266431.51,20494.73,13,11.04,20.97,2.31,13,0,3,2,2,1,3,8,0,0,1,4,0,0,0.24,100.0,0.0,23.08,3,7,13,53.85,100.0,0.6648504698643976,1.0,0.0,0.08823529411764706,0.06430526806711898,0.32307692307692304,0.7623762376237623,42.16,Medium Supplier Risk,High exception rate,Perform targeted review for Supplier_0115. Main risk driver: High exception rate. Focus on exception patterns and sample-based transaction testing.
SUP00038,Supplier_0038,Consulting,Spain,24,498745.89,20781.08,20,10.57,26.34,2.29,24,0,5,2,0,1,4,12,2,2,1,10,2,0,0.45,100.0,0.0,20.83,3,17,21,70.83,87.5,0.6274373259052926,1.0,0.0,0.08823529411764706,0.12061372712105993,0.425,0.6584158415841583,42.07,Medium Supplier Risk,High exception rate,Perform targeted review for Supplier_0038. Main risk driver: High exception rate. Focus on exception patterns and sample-based transaction testing.
SUP00191,Supplier_0191,Training,Algeria,7,83358.95,11908.42,6,11.52,15.05,2.29,7,0,1,3,0,0,0,1,0,0,0,2,0,1,0.07,100.0,0.0,14.29,0,5,2,71.43,28.57,0.7028594167472004,1.0,0.0,0.0,0.019932062462454516,0.42857142857142855,0.1683168316831683,41.23,Medium Supplier Risk,High exception rate,Perform targeted review for Supplier_0191. Main risk driver: High exception rate. Focus on exception patterns and sample-based transaction testing.
SUP00024,Supplier_0024,Professional Services,Morocco,108,1493229.5,13826.2,102,8.67,25.81,1.77,95,0,16,16,5,5,21,36,2,4,5,38,11,0,1.34,87.96,0.0,14.81,14,74,72,68.52,66.67,0.4761315234852839,0.7893518518518519,0.0,0.4117647058823529,0.36165709100365895,0.4111111111111111,0.485148514851485,41.04,Medium Supplier Risk,High exception rate,Perform targeted review for Supplier_0024. Main risk driver: High exception rate. Focus on exception patterns and sample-based transaction testing.
SUP00165,Supplier_0165,Logistics,United Kingdom,7,169631.8,24233.11,7,10.75,20.97,2.29,7,0,1,2,0,0,1,4,0,1,0,3,0,0,0.15,100.0,0.0,14.29,1,6,5,85.71,71.43,0.6415780796998467,1.0,0.0,0.029411764705882353,0.04084291284413037,0.5142857142857142,0.5247524752475248,40.71,Medium Supplier Risk,High exception rate,Perform targeted review for Supplier_0165. Main risk driver: High exception rate. Focus on exception patterns and sample-based transaction testing.
SUP00190,Supplier_0190,Logistics,France,8,106612.44,13326.56,8,10.28,17.74,1.88,8,0,2,5,0,0,3,3,0,1,0,1,1,0,0.1,100.0,0.0,25.0,1,8,6,100.0,75.0,0.604158376442499,1.0,0.0,0.029411764705882353,0.025568253341065758,0.6,0.5544554455445544,40.68,Medium Supplier Risk,High exception rate,Perform targeted review for Supplier_0190. Main risk driver: High exception rate. Focus on exception patterns and sample-based transaction testing.
SUP00124,Supplier_0124,Telecom,Algeria,14,112875.39,8062.53,14,10.64,27.96,1.93,13,0,3,1,0,3,0,5,1,1,0,4,7,0,0.1,92.86,0.0,21.43,4,13,11,92.86,78.57,0.6325393667216191,0.8750000000000001,0.0,0.11764705882352941,0.027086269847972817,0.557142857142857,0.5841584158415841,40.63,Medium Supplier Risk,High exception rate,Perform targeted review for Supplier_0124. Main risk driver: High exception rate. Focus on exception patterns and sample-based transaction testing.
SUP00138,Supplier_0138,Telecom,Algeria,15,225130.71,15008.71,13,10.11,21.51,2.0,15,0,4,1,0,1,4,6,0,1,1,6,5,0,0.2,100.0,0.0,26.67,2,14,11,93.33,73.33,0.5904761904761904,1.0,0.0,0.058823529411764705,0.05429476245100082,0.5599999999999999,0.5405940594059405,40.57,Medium Supplier Risk,High exception rate,Perform targeted review for Supplier_0138. Main risk driver: High exception rate. Focus on exception patterns and sample-based transaction testing.
SUP00227,Supplier_0227,Office Supplies,Morocco,11,99786.43,9071.49,10,10.9,19.35,2.18,11,0,2,0,0,0,1,3,0,1,0,3,1,1,0.09,100.0,0.0,18.18,1,5,6,45.45,54.55,0.6534023079984084,1.0,0.0,0.029411764705882353,0.023913762109886733,0.2727272727272727,0.38433843384338423,40.43,Medium Supplier Risk,High exception rate,Perform targeted review for Supplier_0227. Main risk driver: High exception rate. Focus on exception patterns and sample-based transaction testing.
SUP00090,Supplier_0090,Maintenance,Algeria,6,65899.21,10983.2,6,10.48,21.51,2.33,6,0,1,1,1,0,1,4,1,0,1,1,0,0,0.06,100.0,0.0,16.67,1,3,7,50.0,116.67,0.6203740549144449,1.0,0.0,0.029411764705882353,0.015700163193530844,0.3,0.9009900990099009,40.41,Medium Supplier Risk,High exception rate,Perform targeted review for Supplier_0090. Main risk driver: High exception rate. Focus on exception patterns and sample-based transaction testing.
SUP00186,Supplier_0186,Marketing Services,Algeria,13,114137.69,8779.82,10,11.0,18.82,2.15,13,0,4,3,0,0,2,3,0,1,0,2,0,1,0.1,100.0,0.0,30.77,1,6,6,46.15,46.15,0.6615445835501547,1.0,0.0,0.029411764705882353,0.02739222666331843,0.2769230769230769,0.3145468392993145,40.22,Medium Supplier Risk,High exception rate,Perform targeted review for Supplier_0186. Main risk driver: High exception rate. Focus on exception patterns and sample-based transaction testing.
SUP00139,Supplier_0139,Professional Services,Algeria,19,176350.26,9281.59,19,9.08,32.26,1.79,16,1,2,2,0,1,2,5,0,1,2,9,4,0,0.16,84.21,5.26,10.53,2,18,12,94.74,63.16,0.5088487234800093,0.7236842105263157,0.42105263157894735,0.058823529411764705,0.042471336060185876,0.5684210526315788,0.4559666492965085,40.08,Medium Supplier Risk,High exception rate,Perform targeted review for Supplier_0139. Main risk driver: High exception rate. Focus on exception patterns and sample-based transaction testing.
SUP00123,Supplier_0123,Maintenance,Germany,19,242056.28,12739.8,18,10.7,21.51,2.0,17,0,6,9,2,2,1,5,0,0,0,7,2,0,0.22,89.47,0.0,31.58,4,18,11,94.74,57.89,0.6372756403543679,0.8157894736842105,0.0,0.11764705882352941,0.0583971893662422,0.5684210526315788,0.4121938509640437,39.09,Medium Supplier Risk,High exception rate,Perform targeted review for Supplier_0123. Main risk driver: High exception rate. Focus on exception patterns and sample-based transaction testing.
SUP00307,Supplier_0307,Professional Services,Algeria,8,165934.12,20741.76,8,11.56,27.96,2.38,7,0,3,3,0,1,1,4,0,1,0,2,0,0,0.15,87.5,0.0,37.5,2,6,6,75.0,75.0,0.7058296856346996,0.78125,0.0,0.058823529411764705,0.03994666757995612,0.44999999999999996,0.5544554455445544,39.03,Medium Supplier Risk,High exception rate,Perform targeted review for Supplier_0307. Main risk driver: High exception rate. Focus on exception patterns and sample-based transaction testing.
SUP00014,Supplier_0014,Telecom,Algeria,94,2084318.32,22173.6,85,8.68,25.81,1.72,80,0,19,17,2,5,15,23,5,2,5,25,20,0,1.87,85.11,0.0,20.21,9,69,49,73.4,52.13,0.476966582282768,0.7393617021276596,0.0,0.2647058823529412,0.5049254526875645,0.44042553191489353,0.3642300400252791,38.99,Medium Supplier Risk,High exception rate,Perform targeted review for Supplier_0014. Main risk driver: High exception rate. Focus on exception patterns and sample-based transaction testing.
SUP00315,Supplier_0315,Maintenance,France,14,113413.6,8100.97,14,10.52,20.43,2.0,14,0,3,1,2,1,1,4,0,0,0,2,0,1,0.1,100.0,0.0,21.43,3,3,6,21.43,42.86,0.6232732647376501,1.0,0.0,0.08823529411764706,0.027216721418587695,0.12857142857142856,0.28712871287128705,38.47,Medium Supplier Risk,High exception rate,Perform targeted review for Supplier_0315. Main risk driver: High exception rate. Focus on exception patterns and sample-based transaction testing.
SUP00011,Supplier_0011,Marketing Services,Germany,81,894262.68,11040.28,77,8.58,30.11,1.65,70,1,11,18,2,5,15,20,0,2,6,30,9,0,0.8,86.42,1.23,13.58,9,65,46,80.25,56.79,0.46847749726115573,0.7623456790123456,0.09876543209876543,0.2647058823529412,0.2164792563012216,0.4814814814814814,0.4030069673634029,38.4,Medium Supplier Risk,High exception rate,Perform targeted review for Supplier_0011. Main risk driver: High exception rate. Focus on exception patterns and sample-based transaction testing.
SUP00233,Supplier_0233,Professional Services,France,18,266617.06,14812.06,16,8.96,33.87,2.0,15,1,0,2,0,0,2,7,0,0,1,7,5,0,0.24,83.33,5.56,0.0,0,15,10,83.33,55.56,0.4990936021576691,0.7083333333333335,0.4444444444444444,0.0,0.0643502417556933,0.5,0.3927392739273927,38.16,Medium Supplier Risk,High exception rate,Perform targeted review for Supplier_0233. Main risk driver: High exception rate. Focus on exception patterns and sample-based transaction testing.
SUP00101,Supplier_0101,Professional Services,United Arab Emirates,11,169967.92,15451.63,11,6.65,30.11,1.45,10,1,0,2,0,0,2,4,0,0,1,3,0,0,0.15,90.91,9.09,0.0,0,6,6,54.55,54.55,0.315088810910538,0.8409090909090908,0.7272727272727273,0.0,0.04092438175387763,0.3272727272727272,0.38433843384338423,37.77,Medium Supplier Risk,High exception rate,Perform targeted review for Supplier_0101. Main risk driver: High exception rate. Focus on exception patterns and sample-based transaction testing.
SUP00093,Supplier_0093,Maintenance,Algeria,31,460992.15,14870.71,30,9.92,22.04,2.0,27,0,7,3,3,0,6,14,1,1,2,16,6,0,0.41,87.1,0.0,22.58,4,28,21,90.32,67.74,0.5753822060767879,0.7741935483870968,0.0,0.11764705882352941,0.11146295942892166,0.5419354838709676,0.4940913446183327,37.75,Medium Supplier Risk,High exception rate,Perform targeted review for Supplier_0093. Main risk driver: High exception rate. Focus on exception patterns and sample-based transaction testing.
SUP00261,Supplier_0261,Training,Germany,10,92389.85,9238.98,9,10.16,16.13,1.9,9,0,2,4,0,1,3,3,0,0,1,3,2,0,0.08,90.0,0.0,20.0,1,10,7,100.0,70.0,0.5946677278153603,0.825,0.0,0.029411764705882353,0.022120975877415034,0.6,0.5128712871287129,37.49,Medium Supplier Risk,High exception rate,Perform targeted review for Supplier_0261. Main risk driver: High exception rate. Focus on exception patterns and sample-based transaction testing.
SUP00224,Supplier_0224,Maintenance,Turkey,28,575927.99,20568.86,28,10.23,28.49,2.04,24,0,7,6,1,1,4,7,0,1,2,16,3,0,0.52,85.71,0.0,25.0,3,28,14,100.0,50.0,0.6003638224091864,0.7499999999999999,0.0,0.08823529411764706,0.1393211576191082,0.6,0.3465346534653465,37.4,Medium Supplier Risk,High exception rate,Perform targeted review for Supplier_0224. Main risk driver: High exception rate. Focus on exception patterns and sample-based transaction testing.
SUP00180,Supplier_0180,Office Supplies,United Kingdom,7,67380.88,9625.84,7,9.14,15.59,1.86,7,0,1,2,1,0,0,4,0,0,1,2,1,0,0.06,100.0,0.0,14.29,1,6,5,85.71,71.43,0.5132169859587289,1.0,0.0,0.029411764705882353,0.016059291003554715,0.5142857142857142,0.5247524752475248,37.25,Medium Supplier Risk,High exception rate,Perform targeted review for Supplier_0180. Main risk driver: High exception rate. Focus on exception patterns and sample-based transaction testing.
SUP00023,Supplier_0023,Telecom,Germany,112,1468913.02,13115.29,103,7.52,31.18,1.49,94,1,10,20,5,2,8,30,4,6,4,44,7,0,1.32,83.93,0.89,8.93,13,81,49,72.32,43.75,0.3846071854925814,0.71875,0.07142857142857142,0.38235294117647056,0.3557632521529775,0.4339285714285714,0.29455445544554454,37.16,Medium Supplier Risk,High exception rate,Perform targeted review for Supplier_0023. Main risk driver: High exception rate. Focus on exception patterns and sample-based transaction testing.
SUP00012,Supplier_0012,Training,Algeria,103,1180688.31,11462.99,95,8.06,24.73,1.64,88,0,13,10,2,4,15,34,3,5,4,46,12,0,1.06,85.44,0.0,12.62,11,77,61,74.76,59.22,0.42774852321327156,0.7451456310679611,0.0,0.3235294117647059,0.28590322333612594,0.4485436893203883,0.42324329520330667,37.03,Medium Supplier Risk,High exception rate,Perform targeted review for Supplier_0012. Main risk driver: High exception rate. Focus on exception patterns and sample-based transaction testing.
SUP00158,Supplier_0158,Logistics,France,17,187317.06,11018.65,15,8.82,23.12,1.71,17,0,2,2,1,0,2,6,0,2,2,8,1,0,0.17,100.0,0.0,11.76,3,15,9,88.24,52.94,0.48814400411975384,1.0,0.0,0.08823529411764706,0.04512947374736977,0.5294117647058822,0.3709959231217239,36.87,Medium Supplier Risk,High exception rate,Perform targeted review for Supplier_0158. Main risk driver: High exception rate. Focus on exception patterns and sample-based transaction testing.
SUP00295,Supplier_0295,Maintenance,Algeria,13,132659.2,10204.55,12,9.88,20.43,2.0,12,0,3,0,0,0,1,2,0,0,0,11,6,0,0.12,92.31,0.0,23.08,0,17,4,130.77,30.77,0.5725917536502496,0.8653846153846154,0.0,0.0,0.031881478200189106,0.7846153846153846,0.18659558263518658,36.77,Medium Supplier Risk,High exception rate,Perform targeted review for Supplier_0295. Main risk driver: High exception rate. Focus on exception patterns and sample-based transaction testing.
SUP00266,Supplier_0266,Training,Algeria,14,276362.54,19740.18,14,9.56,19.89,1.86,13,0,3,4,0,1,4,4,0,2,0,4,0,0,0.25,92.86,0.0,21.43,3,10,10,71.43,71.43,0.5468137115570463,0.8750000000000001,0.0,0.08823529411764706,0.06671235537750612,0.42857142857142855,0.5247524752475248,36.74,Medium Supplier Risk,High exception rate,Perform targeted review for Supplier_0266. Main risk driver: High exception rate. Focus on exception patterns and sample-based transaction testing.
SUP00013,Supplier_0013,Professional Services,Tunisia,117,1345019.77,11495.9,113,7.63,27.96,1.51,99,0,15,14,6,4,16,33,2,4,3,43,15,0,1.21,84.62,0.0,12.82,14,79,57,67.52,48.72,0.39339366915968593,0.7307692307692307,0.0,0.4117647058823529,0.32573395308554715,0.4051282051282051,0.3358720487433358,36.63,Medium Supplier Risk,High exception rate,Perform targeted review for Supplier_0013. Main risk driver: High exception rate. Focus on exception patterns and sample-based transaction testing.
SUP00039,Supplier_0039,Professional Services,Algeria,7,106516.61,15216.66,6,9.14,18.28,1.86,7,0,2,2,1,0,2,3,0,0,0,3,0,0,0.1,100.0,0.0,28.57,1,5,5,71.43,71.43,0.5134443749644705,1.0,0.0,0.029411764705882353,0.025545026024568436,0.42857142857142855,0.5247524752475248,36.49,Medium Supplier Risk,High exception rate,Perform targeted review for Supplier_0039. Main risk driver: High exception rate. Focus on exception patterns and sample-based transaction testing.
SUP00279,Supplier_0279,Office Supplies,Morocco,20,349721.02,17486.05,17,9.33,29.03,1.7,19,0,3,2,0,0,1,3,2,2,2,10,6,0,0.31,95.0,0.0,15.0,2,22,6,110.0,30.0,0.5283326701154,0.9125,0.0,0.058823529411764705,0.08449301522016997,0.66,0.1801980198019802,36.48,Medium Supplier Risk,High exception rate,Perform targeted review for Supplier_0279. Main risk driver: High exception rate. Focus on exception patterns and sample-based transaction testing.
SUP00284,Supplier_0284,Telecom,Algeria,15,430844.22,28722.95,12,9.0,18.82,1.8,15,0,2,2,0,0,3,3,0,1,1,9,1,0,0.39,100.0,0.0,13.33,1,14,6,93.33,40.0,0.5019233320068975,1.0,0.0,0.029411764705882353,0.10415569122638475,0.5599999999999999,0.2633663366336633,36.47,Medium Supplier Risk,High exception rate,Perform targeted review for Supplier_0284. Main risk driver: High exception rate. Focus on exception patterns and sample-based transaction testing.
SUP00181,Supplier_0181,IT Services,Algeria,15,135050.22,9003.35,14,9.14,23.12,1.73,15,0,2,3,2,0,6,3,0,0,1,6,1,0,0.12,100.0,0.0,13.33,2,11,9,73.33,60.0,0.5132776230269267,1.0,0.0,0.058823529411764705,0.03246101465319366,0.43999999999999995,0.4297029702970297,36.45,Medium Supplier Risk,High exception rate,Perform targeted review for Supplier_0181. Main risk driver: High exception rate. Focus on exception patterns and sample-based transaction testing.
SUP00300,Supplier_0300,Training,France,9,84928.41,9436.49,8,9.98,18.82,1.89,8,0,3,3,0,1,2,3,0,1,0,4,0,0,0.08,88.89,0.0,33.33,2,8,6,88.89,66.67,0.5800061900340453,0.8055555555555555,0.0,0.058823529411764705,0.0203124688503277,0.5333333333333332,0.485148514851485,36.4,Medium Supplier Risk,High exception rate,Perform targeted review for Supplier_0300. Main risk driver: High exception rate. Focus on exception patterns and sample-based transaction testing.
SUP00089,Supplier_0089,Training,Algeria,13,146355.47,11258.11,12,8.48,34.95,1.69,9,1,1,1,1,0,3,5,0,1,0,4,3,0,0.13,69.23,7.69,7.69,2,9,8,69.23,61.54,0.4607426000183661,0.4615384615384615,0.6153846153846154,0.058823529411764705,0.03520118599652405,0.4153846153846153,0.4424980959634424,36.16,Medium Supplier Risk,High-risk invoices,Perform targeted review for Supplier_0089. Main risk driver: High-risk invoices. Focus on exception patterns and sample-based transaction testing.
SUP00126,Supplier_0126,Professional Services,Algeria,12,51780.79,4315.07,12,9.5,19.35,1.75,11,0,1,3,2,1,3,6,1,0,1,1,2,0,0.05,91.67,0.0,8.33,3,7,11,58.33,91.67,0.5419153733916966,0.8541666666666665,0.0,0.08823529411764706,0.012278134499154112,0.35,0.6930693069306929,36.16,Medium Supplier Risk,High exception rate,Perform targeted review for Supplier_0126. Main risk driver: High exception rate. Focus on exception patterns and sample-based transaction testing.
SUP00056,Supplier_0056,Training,France,12,132534.39,11044.53,12,8.69,14.52,1.67,12,0,0,5,0,0,4,4,0,1,1,3,0,0,0.12,100.0,0.0,0.0,1,10,8,83.33,66.67,0.4777821992306673,1.0,0.0,0.029411764705882353,0.03185122669886351,0.5,0.485148514851485,36.1,Medium Supplier Risk,High exception rate,Perform targeted review for Supplier_0056. Main risk driver: High exception rate. Focus on exception patterns and sample-based transaction testing.
SUP00026,Supplier_0026,Telecom,Algeria,88,1183861.53,13452.97,74,8.16,28.49,1.65,76,0,13,15,2,1,13,27,2,5,1,37,11,0,1.06,86.36,0.0,14.77,8,69,47,78.41,53.41,0.43508302282675543,0.7613636363636364,0.0,0.23529411764705882,0.28667234976058203,0.4704545454545454,0.37488748874887484,36.02,Medium Supplier Risk,High exception rate,Perform targeted review for Supplier_0026. Main risk driver: High exception rate. Focus on exception patterns and sample-based transaction testing.
SUP00203,Supplier_0203,Logistics,Algeria,16,194591.02,12161.94,15,9.68,22.04,1.94,15,0,3,4,1,1,2,3,1,1,1,6,0,0,0.17,93.75,0.0,18.75,3,12,8,75.0,50.0,0.5561082371667331,0.890625,0.0,0.08823529411764706,0.04689253929165508,0.44999999999999996,0.3465346534653465,35.98,Medium Supplier Risk,High exception rate,Perform targeted review for Supplier_0203. Main risk driver: High exception rate. Focus on exception patterns and sample-based transaction testing.
SUP00296,Supplier_0296,Logistics,Algeria,13,157545.95,12118.92,13,9.8,18.82,1.77,11,0,4,2,1,2,4,5,0,1,0,5,1,0,0.14,84.62,0.0,30.77,4,9,11,69.23,84.62,0.5659187609048334,0.7307692307692307,0.0,0.11764705882352941,0.03791353933803457,0.4153846153846153,0.6344249809596344,35.85,Medium Supplier Risk,High exception rate,Perform targeted review for Supplier_0296. Main risk driver: High exception rate. Focus on exception patterns and sample-based transaction testing.
SUP00097,Supplier_0097,IT Services,Spain,23,326507.77,14195.99,23,9.3,22.58,1.78,20,0,5,4,0,3,2,8,1,1,0,11,5,0,0.29,86.96,0.0,21.74,4,21,14,91.3,60.87,0.5263066835066351,0.7717391304347827,0.0,0.11764705882352941,0.07886657773001593,0.5478260869565217,0.43693499784761086,35.82,Medium Supplier Risk,High exception rate,Perform targeted review for Supplier_0097. Main risk driver: High exception rate. Focus on exception patterns and sample-based transaction testing.
SUP00015,Supplier_0015,Telecom,Algeria,104,1678146.75,16136.03,96,7.77,22.04,1.56,84,0,16,23,6,4,13,28,3,2,4,31,6,0,1.51,80.77,0.0,15.38,12,66,55,63.46,52.88,0.40429765220851577,0.6634615384615385,0.0,0.35294117647058826,0.4064774133616308,0.3807692307692307,0.37052551408987056,35.82,Medium Supplier Risk,High exception rate,Perform targeted review for Supplier_0015. Main risk driver: High exception rate. Focus on exception patterns and sample-based transaction testing.
SUP00028,Supplier_0028,Facilities,Algeria,92,1229279.75,13361.74,82,7.74,23.66,1.55,76,0,17,16,2,6,11,27,0,4,2,30,7,0,1.1,82.61,0.0,18.48,13,59,49,64.13,53.26,0.4021782383778266,0.6956521739130433,0.0,0.38235294117647056,0.29768083740208273,0.38478260869565206,0.3736547567800258,35.66,Medium Supplier Risk,High exception rate,Perform targeted review for Supplier_0028. Main risk driver: High exception rate. Focus on exception patterns and sample-based transaction testing.
SUP00239,Supplier_0239,Marketing Services,Algeria,12,148655.15,12387.93,12,9.59,19.35,1.75,11,0,3,4,2,1,1,4,0,0,0,4,2,0,0.13,91.67,0.0,25.0,3,10,6,83.33,50.0,0.5488791616925324,0.8541666666666665,0.0,0.08823529411764706,0.035758583421156856,0.5,0.3465346534653465,35.64,Medium Supplier Risk,High exception rate,Perform targeted review for Supplier_0239. Main risk driver: High exception rate. Focus on exception patterns and sample-based transaction testing.
SUP00194,Supplier_0194,Consulting,Algeria,10,98791.69,9879.17,7,9.2,17.2,1.8,10,0,1,2,0,0,1,2,0,0,0,2,0,1,0.09,100.0,0.0,10.0,0,4,4,40.0,40.0,0.5177079188221251,1.0,0.0,0.0,0.023672656602085982,0.23999999999999996,0.2633663366336633,35.42,Medium Supplier Risk,High exception rate,Perform targeted review for Supplier_0194. Main risk driver: High exception rate. Focus on exception patterns and sample-based transaction testing.
SUP00212,Supplier_0212,Marketing Services,United Arab Emirates,11,47615.29,4328.66,9,8.16,16.13,1.45,11,0,2,1,0,1,2,3,0,1,2,2,0,0,0.04,100.0,0.0,18.18,3,6,9,54.55,81.82,0.4355533046340846,1.0,0.0,0.08823529411764706,0.011268498822752198,0.3272727272727272,0.6111611161116112,34.88,Medium Supplier Risk,High exception rate,Perform targeted review for Supplier_0212. Main risk driver: High exception rate. Focus on exception patterns and sample-based transaction testing.
SUP00278,Supplier_0278,Office Supplies,Algeria,19,181190.84,9536.36,19,9.37,19.35,1.79,16,0,4,2,1,3,4,5,1,0,1,11,0,0,0.16,84.21,0.0,21.05,4,14,15,73.68,78.95,0.5313003958363877,0.7236842105263157,0.0,0.11764705882352941,0.043644597916500265,0.4421052631578946,0.587285044293903,34.87,Medium Supplier Risk,High exception rate,Perform targeted review for Supplier_0278. Main risk driver: High exception rate. Focus on exception patterns and sample-based transaction testing.
SUP00188,Supplier_0188,Office Supplies,Algeria,11,169775.0,15434.09,8,9.38,18.28,1.82,10,0,2,2,2,0,1,2,0,0,0,8,0,0,0.15,90.91,0.0,18.18,2,10,5,90.91,45.45,0.5327207611330174,0.8409090909090908,0.0,0.058823529411764705,0.04087762172154263,0.5454545454545454,0.30873087308730873,34.84,Medium Supplier Risk,High exception rate,Perform targeted review for Supplier_0188. Main risk driver: High exception rate. Focus on exception patterns and sample-based transaction testing.
SUP00217,Supplier_0217,Consulting,Algeria,8,107101.15,13387.64,8,7.93,15.05,1.75,8,0,1,1,0,0,1,3,0,0,1,3,1,0,0.1,100.0,0.0,12.5,0,6,7,75.0,87.5,0.41693195384003184,1.0,0.0,0.0,0.025686707080452235,0.44999999999999996,0.6584158415841583,34.79,Medium Supplier Risk,High exception rate,Perform targeted review for Supplier_0217. Main risk driver: High exception rate. Focus on exception patterns and sample-based transaction testing.
SUP00118,Supplier_0118,Office Supplies,Turkey,10,160468.39,16046.84,10,9.57,19.35,1.9,9,0,2,0,0,0,1,2,0,1,1,6,3,0,0.14,90.0,0.0,20.0,1,11,3,110.0,30.0,0.5475527258257065,0.825,0.0,0.029411764705882353,0.03862188159854208,0.66,0.1801980198019802,34.75,Medium Supplier Risk,High exception rate,Perform targeted review for Supplier_0118. Main risk driver: High exception rate. Focus on exception patterns and sample-based transaction testing.
SUP00062,Supplier_0062,Professional Services,Algeria,14,373961.21,26711.51,14,8.33,19.35,1.5,14,0,2,3,1,0,2,3,1,1,0,5,2,0,0.34,100.0,0.0,14.29,2,11,6,78.57,42.86,0.44909328633960544,1.0,0.0,0.058823529411764705,0.09036836286793394,0.47142857142857136,0.28712871287128705,34.74,Medium Supplier Risk,High exception rate,Perform targeted review for Supplier_0062. Main risk driver: High exception rate. Focus on exception patterns and sample-based transaction testing.
SUP00150,Supplier_0150,Marketing Services,Algeria,19,352933.36,18575.44,17,9.54,24.19,1.79,16,0,5,7,3,1,4,7,0,0,0,4,3,0,0.32,84.21,0.0,26.32,4,14,12,73.68,63.16,0.5449138165748633,0.7236842105263157,0.0,0.11764705882352941,0.08527162356700298,0.4421052631578946,0.4559666492965085,34.71,Medium Supplier Risk,High exception rate,Perform targeted review for Supplier_0150. Main risk driver: High exception rate. Focus on exception patterns and sample-based transaction testing.
SUP00246,Supplier_0246,Marketing Services,Algeria,12,147448.82,12287.4,9,9.01,21.51,1.67,11,0,3,3,0,1,2,3,0,1,0,5,2,0,0.13,91.67,0.0,25.0,2,11,6,91.67,50.0,0.502719193526993,0.8541666666666665,0.0,0.058823529411764705,0.03546619263841435,0.5499999999999999,0.3465346534653465,34.54,Medium Supplier Risk,High exception rate,Perform targeted review for Supplier_0246. Main risk driver: High exception rate. Focus on exception patterns and sample-based transaction testing.
SUP00105,Supplier_0105,Facilities,Algeria,10,89799.56,8979.96,9,8.6,20.43,1.9,9,0,1,3,0,0,0,7,1,1,0,4,0,0,0.08,90.0,0.0,10.0,1,8,9,80.0,90.0,0.47043374452845216,0.825,0.0,0.029411764705882353,0.02149314027635223,0.4799999999999999,0.6792079207920791,34.35,Medium Supplier Risk,High exception rate,Perform targeted review for Supplier_0105. Main risk driver: High exception rate. Focus on exception patterns and sample-based transaction testing.
SUP00268,Supplier_0268,Training,Spain,9,70474.92,7830.55,8,9.08,16.67,2.0,8,0,1,1,0,0,4,3,0,0,0,6,0,0,0.06,88.89,0.0,11.11,0,7,8,77.78,88.89,0.5085555113410267,0.8055555555555555,0.0,0.0,0.016809225745654,0.4666666666666667,0.6699669966996699,34.32,Medium Supplier Risk,High exception rate,Perform targeted review for Supplier_0268. Main risk driver: High exception rate. Focus on exception patterns and sample-based transaction testing.
SUP00251,Supplier_0251,Consulting,Algeria,17,161531.43,9501.85,15,8.25,18.28,1.65,16,0,1,3,0,2,4,5,0,0,1,8,0,0,0.15,94.12,0.0,5.88,2,12,13,70.59,76.47,0.44273308209077517,0.8970588235294117,0.0,0.058823529411764705,0.038879541689633736,0.4235294117647059,0.5666860803727432,34.0,Medium Supplier Risk,High exception rate,Perform targeted review for Supplier_0251. Main risk driver: High exception rate. Focus on exception patterns and sample-based transaction testing.
SUP00168,Supplier_0168,Professional Services,United Kingdom,8,374244.54,46780.57,7,9.54,17.74,1.88,7,0,2,3,0,0,1,2,1,0,0,4,0,0,0.34,87.5,0.0,25.0,0,7,4,87.5,50.0,0.5453641066454438,0.78125,0.0,0.0,0.09043703651484188,0.5249999999999999,0.3465346534653465,33.93,Medium Supplier Risk,High exception rate,Perform targeted review for Supplier_0168. Main risk driver: High exception rate. Focus on exception patterns and sample-based transaction testing.
SUP00170,Supplier_0170,Office Supplies,Algeria,16,160911.51,10056.97,15,8.94,16.13,1.69,14,0,3,3,0,2,2,4,0,0,1,5,5,0,0.14,87.5,0.0,18.75,2,14,10,87.5,62.5,0.4973139673696778,0.78125,0.0,0.058823529411764705,0.03872928521417699,0.5249999999999999,0.45049504950495045,33.82,Medium Supplier Risk,High exception rate,Perform targeted review for Supplier_0170. Main risk driver: High exception rate. Focus on exception patterns and sample-based transaction testing.
SUP00299,Supplier_0299,Marketing Services,Algeria,15,322732.58,21515.51,14,9.35,19.89,2.0,13,0,4,3,0,0,1,3,0,0,0,9,4,0,0.29,86.67,0.0,26.67,0,16,6,106.67,40.0,0.5302560021222974,0.7666666666666667,0.0,0.0,0.077951545558801,0.6399999999999999,0.2633663366336633,33.78,Medium Supplier Risk,High exception rate,Perform targeted review for Supplier_0299. Main risk driver: High exception rate. Focus on exception patterns and sample-based transaction testing.
SUP00235,Supplier_0235,Office Supplies,Algeria,13,170078.63,13082.97,12,8.56,17.2,1.85,12,0,1,2,0,0,1,7,0,2,0,5,1,0,0.15,92.31,0.0,7.69,2,10,8,76.92,61.54,0.4672319324129909,0.8653846153846154,0.0,0.058823529411764705,0.04095121569115634,0.46153846153846156,0.4424980959634424,33.67,Medium Supplier Risk,High exception rate,Perform targeted review for Supplier_0235. Main risk driver: High exception rate. Focus on exception patterns and sample-based transaction testing.
SUP00270,Supplier_0270,Consulting,France,7,132931.04,18990.15,5,9.75,20.43,1.71,6,0,2,3,0,1,1,1,0,1,0,2,0,0,0.12,85.71,0.0,28.57,2,6,3,85.71,42.86,0.5622193166960379,0.7499999999999999,0.0,0.058823529411764705,0.03194736689596946,0.5142857142857142,0.28712871287128705,33.66,Medium Supplier Risk,High exception rate,Perform targeted review for Supplier_0270. Main risk driver: High exception rate. Focus on exception patterns and sample-based transaction testing.
SUP00037,Supplier_0037,Marketing Services,Spain,26,303930.7,11689.64,25,8.52,26.88,1.62,23,0,4,6,1,2,3,8,0,0,0,7,9,0,0.27,88.46,0.0,15.38,3,22,15,84.62,57.69,0.4640178762741438,0.7980769230769229,0.0,0.08823529411764706,0.07339433782109181,0.5076923076923077,0.4105102817974104,33.58,Medium Supplier Risk,High exception rate,Perform targeted review for Supplier_0037. Main risk driver: High exception rate. Focus on exception patterns and sample-based transaction testing.
SUP00302,Supplier_0302,Logistics,Algeria,16,199196.34,12449.77,15,8.77,21.51,1.75,14,0,1,1,0,0,4,5,1,1,2,10,1,0,0.18,87.5,0.0,6.25,1,15,10,93.75,62.5,0.48398328690807807,0.78125,0.0,0.029411764705882353,0.04800877872827668,0.5624999999999999,0.45049504950495045,33.52,Medium Supplier Risk,High exception rate,Perform targeted review for Supplier_0302. Main risk driver: High exception rate. Focus on exception patterns and sample-based transaction testing.
SUP00128,Supplier_0128,Marketing Services,Algeria,17,217431.38,12790.08,14,8.92,21.51,1.82,15,0,4,2,1,0,2,8,0,0,2,6,5,0,0.2,88.24,0.0,23.53,1,15,10,88.24,58.82,0.4957280962524287,0.7941176470588235,0.0,0.029411764705882353,0.05242859554369282,0.5294117647058822,0.4199184624344788,33.5,Medium Supplier Risk,High exception rate,Perform targeted review for Supplier_0128. Main risk driver: High exception rate. Focus on exception patterns and sample-based transaction testing.
SUP00095,Supplier_0095,Maintenance,Algeria,11,142665.83,12969.62,8,8.99,16.13,1.64,10,0,3,6,0,2,1,2,0,0,0,2,1,0,0.13,90.91,0.0,27.27,2,9,5,81.82,45.45,0.5016821618492927,0.8409090909090908,0.0,0.058823529411764705,0.03430688947099781,0.4909090909090909,0.30873087308730873,33.45,Medium Supplier Risk,High exception rate,Perform targeted review for Supplier_0095. Main risk driver: High exception rate. Focus on exception patterns and sample-based transaction testing.
SUP00214,Supplier_0214,IT Services,Algeria,29,605122.24,20866.28,25,9.68,24.73,1.93,23,0,7,4,1,1,3,6,0,1,0,13,9,0,0.54,79.31,0.0,24.14,3,27,10,93.1,34.48,0.5560876545412132,0.6379310344827587,0.0,0.08823529411764706,0.1463972724542532,0.5586206896551723,0.21748036872652782,33.37,Medium Supplier Risk,High exception rate,Perform targeted review for Supplier_0214. Main risk driver: High exception rate. Focus on exception patterns and sample-based transaction testing.
SUP00291,Supplier_0291,Office Supplies,Algeria,19,193765.28,10198.17,17,7.92,18.82,1.58,19,0,2,6,1,0,3,4,0,0,1,6,2,0,0.17,100.0,0.0,10.53,1,15,9,78.95,47.37,0.4165287871489309,1.0,0.0,0.029411764705882353,0.04669239607633108,0.4736842105263157,0.3246482542991141,33.33,Medium Supplier Risk,High exception rate,Perform targeted review for Supplier_0291. Main risk driver: High exception rate. Focus on exception patterns and sample-based transaction testing.
SUP00135,Supplier_0135,Consulting,Algeria,13,123221.28,9478.56,12,8.19,21.51,1.62,12,0,1,2,0,0,3,6,0,2,1,5,0,0,0.11,92.31,0.0,7.69,2,10,9,76.92,69.23,0.4376626159355964,0.8653846153846154,0.0,0.058823529411764705,0.029593911103075396,0.46153846153846156,0.5064737242955064,33.26,Medium Supplier Risk,High exception rate,Perform targeted review for Supplier_0135. Main risk driver: High exception rate. Focus on exception patterns and sample-based transaction testing.
SUP00225,Supplier_0225,Telecom,Germany,22,406911.91,18496.0,21,7.7,38.17,1.5,17,1,1,5,0,1,5,7,0,2,1,4,1,0,0.37,77.27,4.55,4.55,3,13,13,59.09,59.09,0.3985457439496437,0.6022727272727272,0.36363636363636365,0.08823529411764706,0.0983549676650571,0.3545454545454545,0.4221422142214221,33.26,Medium Supplier Risk,High exception rate,Perform targeted review for Supplier_0225. Main risk driver: High exception rate. Focus on exception patterns and sample-based transaction testing.
SUP00200,Supplier_0200,Telecom,Algeria,11,170755.84,15523.26,10,8.99,17.2,2.0,10,0,2,3,0,0,3,2,0,0,0,4,1,0,0.15,90.91,0.0,18.18,0,8,7,72.73,63.64,0.5015374597547301,0.8409090909090908,0.0,0.0,0.04111535814138227,0.43636363636363634,0.45994599459945984,33.15,Medium Supplier Risk,High exception rate,Perform targeted review for Supplier_0200. Main risk driver: High exception rate. Focus on exception patterns and sample-based transaction testing.
SUP00060,Supplier_0060,Office Supplies,Germany,17,127831.41,7519.49,15,8.1,15.05,1.41,16,0,1,4,0,1,3,3,2,1,1,2,5,0,0.11,94.12,0.0,5.88,2,13,10,76.47,58.82,0.4302801900704573,0.8970588235294117,0.0,0.058823529411764705,0.030711316389559797,0.45882352941176463,0.4199184624344788,32.93,Medium Supplier Risk,High exception rate,Perform targeted review for Supplier_0060. Main risk driver: High exception rate. Focus on exception patterns and sample-based transaction testing.
SUP00144,Supplier_0144,Maintenance,Algeria,7,36892.9,5270.41,6,7.83,10.22,1.29,7,0,0,6,0,1,0,1,0,0,0,0,0,0,0.03,100.0,0.0,0.0,1,6,3,85.71,42.86,0.4094139048377012,1.0,0.0,0.029411764705882353,0.008669601336185134,0.5142857142857142,0.28712871287128705,32.92,Medium Supplier Risk,High exception rate,Perform targeted review for Supplier_0144. Main risk driver: High exception rate. Focus on exception patterns and sample-based transaction testing.
SUP00289,Supplier_0289,Facilities,France,8,142495.04,17811.88,7,9.28,15.59,2.12,7,0,1,6,0,0,0,4,0,0,0,1,0,0,0.13,87.5,0.0,12.5,0,7,4,87.5,50.0,0.5240748109828891,0.78125,0.0,0.0,0.0342654933175534,0.5249999999999999,0.3465346534653465,32.84,Medium Supplier Risk,High exception rate,Perform targeted review for Supplier_0289. Main risk driver: High exception rate. Focus on exception patterns and sample-based transaction testing.
SUP00081,Supplier_0081,IT Services,Algeria,26,260556.7,10021.41,25,7.92,17.74,1.65,24,0,2,4,0,0,6,11,0,2,2,12,0,0,0.23,92.31,0.0,7.69,2,20,17,76.92,65.38,0.4162661850684135,0.8653846153846154,0.0,0.058823529411764705,0.0628813290998683,0.46153846153846156,0.4744859101294745,32.84,Medium Supplier Risk,High exception rate,Perform targeted review for Supplier_0081. Main risk driver: High exception rate. Focus on exception patterns and sample-based transaction testing.
SUP00240,Supplier_0240,Marketing Services,Germany,14,199857.59,14275.54,13,8.1,16.13,1.57,13,0,3,2,0,3,0,5,0,0,1,6,1,0,0.18,92.86,0.0,21.43,3,10,8,71.43,57.14,0.43084531862884445,0.8750000000000001,0.0,0.08823529411764706,0.048169052786858055,0.42857142857142855,0.4059405940594059,32.83,Medium Supplier Risk,High exception rate,Perform targeted review for Supplier_0240. Main risk driver: High exception rate. Focus on exception patterns and sample-based transaction testing.
SUP00019,Supplier_0019,Marketing Services,France,83,1225469.15,14764.69,77,7.7,27.42,1.53,69,0,8,17,3,2,14,21,2,1,5,31,6,0,1.1,83.13,0.0,9.64,6,60,39,72.29,46.99,0.39888962934907163,0.7048192771084338,0.0,0.17647058823529413,0.2967572225398819,0.4337349397590361,0.32148395562447807,32.75,Medium Supplier Risk,High exception rate,Perform targeted review for Supplier_0019. Main risk driver: High exception rate. Focus on exception patterns and sample-based transaction testing.
SUP00309,Supplier_0309,Facilities,Algeria,16,179712.51,11232.03,13,8.23,19.35,1.5,15,0,3,4,0,0,1,3,0,2,2,6,2,0,0.16,93.75,0.0,18.75,2,16,4,100.0,25.0,0.44105650616792685,0.890625,0.0,0.058823529411764705,0.043286279657108774,0.6,0.1386138613861386,32.67,Medium Supplier Risk,High exception rate,Perform targeted review for Supplier_0309. Main risk driver: High exception rate. Focus on exception patterns and sample-based transaction testing.
SUP00219,Supplier_0219,Professional Services,United Kingdom,18,232568.83,12920.49,16,8.51,21.51,1.67,16,0,1,1,1,1,5,3,1,0,1,12,0,0,0.21,88.89,0.0,5.56,2,14,10,77.78,55.56,0.4634566918689482,0.8055555555555555,0.0,0.058823529411764705,0.05609761716648723,0.4666666666666667,0.3927392739273927,32.53,Medium Supplier Risk,High exception rate,Perform targeted review for Supplier_0219. Main risk driver: High exception rate. Focus on exception patterns and sample-based transaction testing.
SUP00317,Supplier_0317,Office Supplies,Germany,16,400352.92,25022.06,15,8.3,15.59,1.75,15,0,3,4,0,0,1,2,0,0,2,10,0,0,0.36,93.75,0.0,18.75,0,16,4,100.0,25.0,0.44652805411858343,0.890625,0.0,0.0,0.09676519685599136,0.6,0.1386138613861386,32.46,Medium Supplier Risk,High exception rate,Perform targeted review for Supplier_0317. Main risk driver: High exception rate. Focus on exception patterns and sample-based transaction testing.
SUP00142,Supplier_0142,Consulting,Tunisia,13,297938.14,22918.32,13,8.77,17.74,1.85,11,0,1,3,0,0,3,4,0,0,0,4,4,0,0.27,84.62,0.0,7.69,0,11,9,84.62,69.23,0.4837613639842053,0.7307692307692307,0.0,0.0,0.07194185855834329,0.5076923076923077,0.5064737242955064,32.4,Medium Supplier Risk,High exception rate,Perform targeted review for Supplier_0142. Main risk driver: High exception rate. Focus on exception patterns and sample-based transaction testing.
SUP00175,Supplier_0175,Office Supplies,Algeria,7,106811.72,15258.82,7,7.68,9.14,1.57,7,0,0,2,0,0,1,1,0,0,0,3,1,0,0.1,100.0,0.0,0.0,0,6,3,85.71,42.86,0.3971348985276562,1.0,0.0,0.0,0.025616554912928285,0.5142857142857142,0.28712871287128705,32.34,Medium Supplier Risk,High exception rate,Perform targeted review for Supplier_0175. Main risk driver: High exception rate. Focus on exception patterns and sample-based transaction testing.
SUP00273,Supplier_0273,Logistics,Algeria,20,473944.14,23697.21,20,8.71,18.28,2.0,17,0,2,3,0,0,4,7,1,0,0,11,0,0,0.43,85.0,0.0,10.0,0,14,15,70.0,75.0,0.479108635097493,0.7375,0.0,0.0,0.11460226831966727,0.41999999999999993,0.5544554455445544,32.27,Medium Supplier Risk,High exception rate,Perform targeted review for Supplier_0273. Main risk driver: High exception rate. Focus on exception patterns and sample-based transaction testing.
SUP00223,Supplier_0223,Consulting,Algeria,20,162267.87,8113.39,19,8.04,22.58,1.65,18,0,2,3,0,1,3,6,2,0,2,9,1,0,0.15,90.0,0.0,10.0,1,15,15,75.0,75.0,0.4256267409470753,0.825,0.0,0.029411764705882353,0.03905804033266084,0.44999999999999996,0.5544554455445544,32.23,Medium Supplier Risk,High exception rate,Perform targeted review for Supplier_0223. Main risk driver: High exception rate. Focus on exception patterns and sample-based transaction testing.
SUP00031,Supplier_0031,Facilities,Algeria,19,289726.72,15248.77,17,9.03,18.28,1.79,15,0,4,4,0,2,3,7,2,1,0,7,1,0,0.26,78.95,0.0,21.05,3,13,14,68.42,73.68,0.5042829916015668,0.631578947368421,0.0,0.08823529411764706,0.0699515710572221,0.41052631578947363,0.5435122459614381,32.01,Medium Supplier Risk,High exception rate,Perform targeted review for Supplier_0031. Main risk driver: High exception rate. Focus on exception patterns and sample-based transaction testing.
SUP00141,Supplier_0141,Telecom,Algeria,18,145206.17,8067.01,15,8.06,13.98,1.5,16,0,0,2,0,1,3,5,0,3,0,7,1,0,0.13,88.89,0.0,0.0,4,13,10,72.22,55.56,0.4276871379935448,0.8055555555555555,0.0,0.11764705882352941,0.034922618169639236,0.43333333333333324,0.3927392739273927,31.97,Medium Supplier Risk,High exception rate,Perform targeted review for Supplier_0141. Main risk driver: High exception rate. Focus on exception patterns and sample-based transaction testing.
SUP00094,Supplier_0094,Professional Services,Algeria,13,124591.6,9583.97,12,8.73,18.28,1.69,11,0,3,6,0,2,1,4,1,0,0,2,1,0,0.11,84.62,0.0,23.08,2,9,9,69.23,69.23,0.48039425755303194,0.7307692307692307,0.0,0.058823529411764705,0.029926049852346093,0.4153846153846153,0.5064737242955064,31.85,Medium Supplier Risk,High exception rate,Perform targeted review for Supplier_0094. Main risk driver: High exception rate. Focus on exception patterns and sample-based transaction testing.
SUP00025,Supplier_0025,Facilities,Algeria,95,1358357.43,14298.5,88,7.61,24.73,1.58,76,0,12,19,1,1,13,29,1,3,5,28,12,0,1.22,80.0,0.0,12.63,5,67,50,70.53,52.63,0.3917314176806919,0.65,0.0,0.14705882352941177,0.3289667408362898,0.42315789473684207,0.36842105263157887,31.85,Medium Supplier Risk,High exception rate,Perform targeted review for Supplier_0025. Main risk driver: High exception rate. Focus on exception patterns and sample-based transaction testing.
SUP00063,Supplier_0063,Professional Services,United Kingdom,22,396746.93,18033.95,19,8.9,24.73,1.82,19,0,4,2,0,0,3,4,0,0,4,8,7,0,0.36,86.36,0.0,18.18,0,21,7,95.45,31.82,0.49383207321925987,0.7613636363636364,0.0,0.0,0.09589117545333896,0.5727272727272726,0.1953195319531953,31.82,Medium Supplier Risk,High exception rate,Perform targeted review for Supplier_0063. Main risk driver: High exception rate. Focus on exception patterns and sample-based transaction testing.
SUP00280,Supplier_0280,Professional Services,Algeria,18,130308.34,7239.35,17,8.15,20.97,1.61,16,0,2,2,0,0,1,7,0,1,3,7,5,0,0.12,88.89,0.0,11.11,1,18,8,100.0,44.44,0.4347614626166159,0.8055555555555555,0.0,0.029411764705882353,0.031311675745207414,0.6,0.3003300330033003,31.81,Medium Supplier Risk,High exception rate,Perform targeted review for Supplier_0280. Main risk driver: High exception rate. Focus on exception patterns and sample-based transaction testing.
SUP00285,Supplier_0285,Logistics,Tunisia,15,297304.81,19820.32,14,9.0,23.66,2.07,12,0,5,3,0,0,3,7,0,0,0,4,4,0,0.27,80.0,0.0,33.33,0,11,12,73.33,80.0,0.5019233320068975,0.65,0.0,0.0,0.07178835176133555,0.43999999999999995,0.596039603960396,31.59,Medium Supplier Risk,High exception rate,Perform targeted review for Supplier_0285. Main risk driver: High exception rate. Focus on exception patterns and sample-based transaction testing.
SUP00195,Supplier_0195,Marketing Services,Algeria,12,175137.68,14594.81,10,8.16,21.51,1.58,11,0,1,2,0,0,1,2,1,1,0,6,2,0,0.16,91.67,0.0,8.33,1,11,4,91.67,33.33,0.435004642525534,0.8541666666666665,0.0,0.029411764705882353,0.04217743039976301,0.5499999999999999,0.20792079207920786,31.51,Medium Supplier Risk,High exception rate,Perform targeted review for Supplier_0195. Main risk driver: High exception rate. Focus on exception patterns and sample-based transaction testing.
SUP00177,Supplier_0177,Telecom,Algeria,35,762069.87,21773.42,32,8.73,26.34,1.74,27,0,7,4,1,3,3,7,1,0,0,18,6,0,0.68,77.14,0.0,20.0,4,28,15,80.0,42.86,0.48033653572849755,0.6000000000000002,0.0,0.11764705882352941,0.1844383063216706,0.4799999999999999,0.28712871287128705,31.43,Medium Supplier Risk,High exception rate,Perform targeted review for Supplier_0177. Main risk driver: High exception rate. Focus on exception patterns and sample-based transaction testing.
SUP00068,Supplier_0068,IT Services,United Arab Emirates,10,86827.74,8682.77,9,8.5,11.83,1.6,9,0,0,3,0,0,4,0,0,0,0,4,2,0,0.08,90.0,0.0,0.0,0,9,4,90.0,40.0,0.46199761241543985,0.825,0.0,0.0,0.020772829270267794,0.5399999999999999,0.2633663366336633,31.38,Medium Supplier Risk,High exception rate,Perform targeted review for Supplier_0068. Main risk driver: High exception rate. Focus on exception patterns and sample-based transaction testing.
SUP00182,Supplier_0182,IT Services,France,13,319418.94,24570.69,12,8.97,22.58,1.69,10,0,3,1,0,1,3,4,1,1,0,4,3,0,0.29,76.92,0.0,23.08,2,9,10,69.23,76.92,0.5001071352046282,0.5961538461538464,0.0,0.058823529411764705,0.07714838407452482,0.4153846153846153,0.5704493526275705,31.25,Medium Supplier Risk,High exception rate,Perform targeted review for Supplier_0182. Main risk driver: High exception rate. Focus on exception patterns and sample-based transaction testing.
SUP00100,Supplier_0100,Logistics,Algeria,20,315095.46,15754.77,18,7.61,15.05,1.8,19,0,1,3,0,0,1,8,0,0,1,10,1,0,0.28,95.0,0.0,5.0,0,15,10,75.0,50.0,0.39140469558296853,0.9125,0.0,0.0,0.07610045713797214,0.44999999999999996,0.3465346534653465,31.16,Medium Supplier Risk,High exception rate,Perform targeted review for Supplier_0100. Main risk driver: High exception rate. Focus on exception patterns and sample-based transaction testing.
SUP00116,Supplier_0116,Office Supplies,Algeria,18,327143.45,18174.64,18,8.45,17.74,1.78,15,0,2,5,1,1,3,8,0,0,0,5,1,0,0.29,83.33,0.0,11.11,2,11,13,61.11,72.22,0.45868152274837515,0.7083333333333335,0.0,0.058823529411764705,0.07902065412103144,0.36666666666666664,0.5313531353135312,31.15,Medium Supplier Risk,High exception rate,Perform targeted review for Supplier_0116. Main risk driver: High exception rate. Focus on exception patterns and sample-based transaction testing.
SUP00018,Supplier_0018,Marketing Services,Algeria,62,936673.89,15107.64,56,7.23,24.73,1.45,51,0,6,10,1,3,6,21,1,2,3,22,4,0,0.84,82.26,0.0,9.68,6,41,34,66.13,54.84,0.3615136772653172,0.6895161290322582,0.0,0.17647058823529413,0.22675890356934633,0.39677419354838706,0.38677738741616086,30.97,Medium Supplier Risk,High exception rate,Perform targeted review for Supplier_0018. Main risk driver: High exception rate. Focus on exception patterns and sample-based transaction testing.
SUP00113,Supplier_0113,Training,United Arab Emirates,16,253573.81,15848.36,14,7.69,12.37,1.75,15,0,0,1,0,0,1,4,0,0,1,12,0,0,0.23,93.75,0.0,0.0,0,14,6,87.5,37.5,0.39832869080779937,0.890625,0.0,0.0,0.06118881322701026,0.5249999999999999,0.24257425742574254,30.88,Medium Supplier Risk,High exception rate,Perform targeted review for Supplier_0113. Main risk driver: High exception rate. Focus on exception patterns and sample-based transaction testing.
SUP00176,Supplier_0176,Telecom,Algeria,14,138154.44,9868.17,14,9.48,25.81,1.57,11,0,4,4,2,2,2,1,0,0,0,0,6,0,0.12,78.57,0.0,28.57,4,10,5,71.43,35.71,0.5407879029048945,0.625,0.0,0.11764705882352941,0.03321341682805871,0.42857142857142855,0.2277227722772277,30.87,Medium Supplier Risk,High exception rate,Perform targeted review for Supplier_0176. Main risk driver: High exception rate. Focus on exception patterns and sample-based transaction testing.
SUP00075,Supplier_0075,Office Supplies,Algeria,16,125835.67,7864.73,14,8.27,17.74,1.56,13,0,2,1,0,2,4,5,0,1,0,7,2,0,0.11,81.25,0.0,12.5,3,11,12,68.75,75.0,0.44374253879824915,0.671875,0.0,0.08823529411764706,0.03022758807247364,0.4125,0.5544554455445544,30.8,Medium Supplier Risk,High exception rate,Perform targeted review for Supplier_0075. Main risk driver: High exception rate. Focus on exception patterns and sample-based transaction testing.
SUP00311,Supplier_0311,Facilities,Algeria,6,141028.25,23504.71,6,8.87,18.28,2.0,5,0,1,1,0,0,1,3,0,0,1,2,0,0,0.13,83.33,0.0,16.67,0,4,4,66.67,66.67,0.4919750630057038,0.7083333333333335,0.0,0.0,0.03390997212831092,0.3999999999999999,0.485148514851485,30.66,Medium Supplier Risk,High exception rate,Perform targeted review for Supplier_0311. Main risk driver: High exception rate. Focus on exception patterns and sample-based transaction testing.
SUP00274,Supplier_0274,Consulting,Turkey,14,234512.86,16750.92,13,7.6,17.74,1.5,13,0,1,3,1,0,2,3,0,0,0,6,0,0,0.21,92.86,0.0,7.14,2,9,7,64.29,50.0,0.3911090898755046,0.8750000000000001,0.0,0.058823529411764705,0.05656881199159721,0.38571428571428573,0.3465346534653465,30.63,Medium Supplier Risk,High exception rate,Perform targeted review for Supplier_0274. Main risk driver: High exception rate. Focus on exception patterns and sample-based transaction testing.
SUP00066,Supplier_0066,Consulting,Algeria,12,207709.02,17309.09,12,7.71,21.51,1.33,11,0,1,2,1,0,2,2,0,1,0,5,2,0,0.19,91.67,0.0,8.33,2,10,4,83.33,33.33,0.39932351770791885,0.8541666666666665,0.0,0.058823529411764705,0.050072085757395156,0.5,0.20792079207920786,30.63,Medium Supplier Risk,High exception rate,Perform targeted review for Supplier_0066. Main risk driver: High exception rate. Focus on exception patterns and sample-based transaction testing.
SUP00226,Supplier_0226,Consulting,Algeria,12,132659.41,11054.95,10,8.6,17.74,1.83,10,0,1,3,0,0,2,2,1,0,1,6,0,0,0.12,83.33,0.0,8.33,0,10,7,83.33,58.33,0.47055312375646635,0.7083333333333335,0.0,0.0,0.031881529100079166,0.5,0.41584158415841577,30.62,Medium Supplier Risk,High exception rate,Perform targeted review for Supplier_0226. Main risk driver: High exception rate. Focus on exception patterns and sample-based transaction testing.
SUP00121,Supplier_0121,Consulting,Germany,3,19682.9,6560.97,3,6.81,8.6,1.67,3,0,0,0,0,0,1,1,0,0,0,1,0,0,0.02,100.0,0.0,0.0,0,1,3,33.33,100.0,0.3276296591059823,1.0,0.0,0.0,0.004498234155564098,0.19999999999999996,0.7623762376237623,30.57,Medium Supplier Risk,High exception rate,Perform targeted review for Supplier_0121. Main risk driver: High exception rate. Focus on exception patterns and sample-based transaction testing.
SUP00033,Supplier_0033,IT Services,Spain,15,140210.62,9347.37,14,8.78,23.66,1.73,12,0,2,4,1,0,3,5,1,1,0,4,2,0,0.13,80.0,0.0,13.33,2,11,9,73.33,60.0,0.4847857806075076,0.65,0.0,0.058823529411764705,0.03371179461826494,0.43999999999999995,0.4297029702970297,30.5,Medium Supplier Risk,High exception rate,Perform targeted review for Supplier_0033. Main risk driver: High exception rate. Focus on exception patterns and sample-based transaction testing.
SUP00271,Supplier_0271,Logistics,Algeria,17,130385.45,7669.73,17,7.78,17.2,1.65,15,0,2,1,1,0,3,6,1,1,1,7,0,0,0.12,88.24,0.0,11.76,2,10,12,58.82,70.59,0.40509351372861124,0.7941176470588235,0.0,0.058823529411764705,0.031330365700076544,0.3529411764705882,0.5177635410599883,30.39,Medium Supplier Risk,High exception rate,Perform targeted review for Supplier_0271. Main risk driver: High exception rate. Focus on exception patterns and sample-based transaction testing.
SUP00109,Supplier_0109,Facilities,Algeria,25,388886.65,15555.47,22,7.46,16.67,1.72,23,0,2,3,1,0,3,8,1,0,0,12,0,0,0.35,92.0,0.0,8.0,1,15,15,60.0,60.0,0.3799124552327895,0.86,0.0,0.029411764705882353,0.09398599741600651,0.36,0.4297029702970297,30.39,Medium Supplier Risk,High exception rate,Perform targeted review for Supplier_0109. Main risk driver: High exception rate. Focus on exception patterns and sample-based transaction testing.
SUP00159,Supplier_0159,Facilities,Algeria,13,161911.53,12454.73,13,7.36,16.13,1.62,12,0,1,2,0,0,2,5,1,0,0,5,2,0,0.15,92.31,0.0,7.69,0,9,9,69.23,69.23,0.37185099023539137,0.8653846153846154,0.0,0.0,0.0389716704906421,0.4153846153846153,0.5064737242955064,30.37,Medium Supplier Risk,High exception rate,Perform targeted review for Supplier_0159. Main risk driver: High exception rate. Focus on exception patterns and sample-based transaction testing.
SUP00029,Supplier_0029,Marketing Services,Algeria,82,1131199.95,13795.12,71,7.57,24.19,1.56,64,0,11,16,0,4,13,19,3,1,5,27,5,0,1.02,78.05,0.0,13.41,5,54,42,65.85,51.22,0.3880989585860841,0.6158536585365854,0.0,0.14705882352941177,0.27390821341591914,0.39512195121951216,0.3566771311277469,30.33,Medium Supplier Risk,High exception rate,Perform targeted review for Supplier_0029. Main risk driver: High exception rate. Focus on exception patterns and sample-based transaction testing.
SUP00242,Supplier_0242,Telecom,Turkey,14,129573.58,9255.26,14,8.83,20.43,1.64,11,0,2,3,0,0,5,1,1,1,0,6,2,0,0.12,78.57,0.0,14.29,1,12,8,85.71,57.14,0.4887726678415099,0.625,0.0,0.029411764705882353,0.031133584301300785,0.5142857142857142,0.4059405940594059,30.33,Medium Supplier Risk,High exception rate,Perform targeted review for Supplier_0242. Main risk driver: High exception rate. Focus on exception patterns and sample-based transaction testing.
SUP00078,Supplier_0078,Marketing Services,Germany,19,269071.13,14161.64,18,8.83,21.51,1.68,14,0,4,1,1,2,3,7,1,1,1,6,3,0,0.24,73.68,0.0,21.05,4,12,14,63.16,73.68,0.4886170858902131,0.5394736842105262,0.0,0.11764705882352941,0.06494506029473728,0.3789473684210526,0.5435122459614381,30.32,Medium Supplier Risk,Payment control exceptions,Perform targeted review for Supplier_0078. Main risk driver: Payment control exceptions. Focus on exception patterns and sample-based transaction testing.
SUP00050,Supplier_0050,Telecom,Algeria,6,35794.01,5965.67,6,7.08,9.68,1.33,6,0,0,4,0,0,0,1,0,0,0,2,0,0,0.03,100.0,0.0,0.0,0,6,1,100.0,16.67,0.34925056373524344,1.0,0.0,0.0,0.008403251906718971,0.6,0.06930693069306929,30.3,Medium Supplier Risk,High exception rate,Perform targeted review for Supplier_0050. Main risk driver: High exception rate. Focus on exception patterns and sample-based transaction testing.
SUP00156,Supplier_0156,Professional Services,United Arab Emirates,13,197522.55,15194.04,13,8.06,22.04,1.54,11,0,1,5,0,0,1,5,0,2,0,3,1,0,0.18,84.62,0.0,7.69,2,11,6,84.62,46.15,0.4277449569928679,0.7307692307692307,0.0,0.058823529411764705,0.04760308479026089,0.5076923076923077,0.3145468392993145,30.29,Medium Supplier Risk,High exception rate,Perform targeted review for Supplier_0156. Main risk driver: High exception rate. Focus on exception patterns and sample-based transaction testing.
SUP00222,Supplier_0222,Consulting,Algeria,11,95218.38,8656.22,11,7.48,27.42,1.45,10,0,1,3,0,1,1,5,0,1,1,2,0,0,0.09,90.91,0.0,9.09,2,7,7,63.64,63.64,0.3810006149839019,0.8409090909090908,0.0,0.058823529411764705,0.022806556191848622,0.3818181818181818,0.45994599459945984,30.29,Medium Supplier Risk,High exception rate,Perform targeted review for Supplier_0222. Main risk driver: High exception rate. Focus on exception patterns and sample-based transaction testing.
SUP00310,Supplier_0310,Office Supplies,Algeria,8,100513.25,12564.16,7,7.46,9.68,1.5,8,0,0,4,0,0,0,1,0,0,0,1,2,0,0.09,100.0,0.0,0.0,0,7,1,87.5,12.5,0.3796259450855551,1.0,0.0,0.0,0.02408992905318824,0.5249999999999999,0.034653465346534656,30.22,Medium Supplier Risk,High exception rate,Perform targeted review for Supplier_0310. Main risk driver: High exception rate. Focus on exception patterns and sample-based transaction testing.
SUP00119,Supplier_0119,Marketing Services,Morocco,16,171765.08,10735.32,15,7.66,26.34,1.88,15,0,2,2,0,0,5,6,0,0,1,2,1,0,0.15,93.75,0.0,12.5,0,6,13,37.5,81.25,0.39569239952248314,0.890625,0.0,0.0,0.041359978165401455,0.22499999999999998,0.6064356435643564,30.16,Medium Supplier Risk,High exception rate,Perform targeted review for Supplier_0119. Main risk driver: High exception rate. Focus on exception patterns and sample-based transaction testing.
SUP00197,Supplier_0197,IT Services,Algeria,12,150816.35,12568.03,11,8.33,18.28,1.5,10,0,2,1,1,0,3,2,0,0,2,5,3,0,0.14,83.33,0.0,16.67,1,11,5,91.67,41.67,0.44913118450722916,0.7083333333333335,0.0,0.029411764705882353,0.036282416004001616,0.5499999999999999,0.27722772277227725,30.1,Medium Supplier Risk,High exception rate,Perform targeted review for Supplier_0197. Main risk driver: High exception rate. Focus on exception patterns and sample-based transaction testing.
SUP00057,Supplier_0057,Training,Tunisia,21,269334.02,12825.43,20,7.58,17.74,1.62,19,0,2,4,0,0,2,6,0,0,2,7,4,0,0.24,90.48,0.0,9.52,0,17,10,80.95,47.62,0.38898679248858314,0.8333333333333335,0.0,0.0,0.06500877968567936,0.48571428571428565,0.32673267326732663,30.02,Medium Supplier Risk,High exception rate,Perform targeted review for Supplier_0057. Main risk driver: High exception rate. Focus on exception patterns and sample-based transaction testing.
SUP00064,Supplier_0064,Consulting,United Kingdom,9,87413.72,9712.64,9,7.53,19.89,1.56,8,0,1,1,0,0,1,4,0,0,0,3,4,0,0.08,88.89,0.0,11.11,0,8,5,88.89,55.56,0.38502011761064686,0.8055555555555555,0.0,0.0,0.020914859353969147,0.5333333333333332,0.3927392739273927,30.0,Medium Supplier Risk,High exception rate,Perform targeted review for Supplier_0064. Main risk driver: High exception rate. Focus on exception patterns and sample-based transaction testing.
SUP00040,Supplier_0040,Marketing Services,Algeria,20,189140.3,9457.02,18,7.53,24.19,1.55,18,0,2,3,0,0,5,6,0,0,2,8,3,0,0.17,90.0,0.0,10.0,0,16,11,80.0,55.0,0.3850378034222046,0.825,0.0,0.0,0.04557139144047816,0.4799999999999999,0.38811881188118813,29.97,Low Supplier Risk,High exception rate,Maintain standard monitoring for Supplier_0040. Main observed driver: High exception rate.
SUP00288,Supplier_0288,Facilities,Spain,19,283906.27,14942.44,17,8.06,23.12,1.74,15,0,4,4,0,1,3,10,0,1,0,7,1,0,0.25,78.95,0.0,21.05,2,13,15,68.42,78.95,0.4277127358786941,0.631578947368421,0.0,0.058823529411764705,0.06854080789008407,0.41052631578947363,0.587285044293903,29.95,Low Supplier Risk,High exception rate,Maintain standard monitoring for Supplier_0288. Main observed driver: High exception rate.
SUP00083,Supplier_0083,Office Supplies,Algeria,12,99897.32,8324.78,12,7.84,17.74,1.67,10,0,2,0,0,1,1,4,1,0,2,6,0,0,0.09,83.33,0.0,16.67,1,8,10,66.67,83.33,0.40986868284918426,0.7083333333333335,0.0,0.029411764705882353,0.023940639675642635,0.3999999999999999,0.6237623762376238,29.92,Low Supplier Risk,High exception rate,Maintain standard monitoring for Supplier_0083. Main observed driver: High exception rate.
SUP00131,Supplier_0131,Logistics,Algeria,14,157894.65,11278.19,13,6.99,20.43,1.29,13,0,1,2,0,1,3,4,0,1,2,4,0,0,0.14,92.86,0.0,7.14,2,9,8,64.29,57.14,0.34216360638963106,0.8750000000000001,0.0,0.058823529411764705,0.03799805739357684,0.38571428571428573,0.4059405940594059,29.64,Low Supplier Risk,High exception rate,Maintain standard monitoring for Supplier_0131. Main observed driver: High exception rate.
SUP00125,Supplier_0125,Facilities,Algeria,25,467320.18,18692.81,23,7.89,21.51,1.64,21,0,2,2,0,0,2,6,0,1,0,14,5,0,0.42,84.0,0.0,8.0,1,22,9,88.0,36.0,0.4140708316752885,0.72,0.0,0.029411764705882353,0.1129967500541387,0.5279999999999999,0.23009900990099008,29.61,Low Supplier Risk,High exception rate,Maintain standard monitoring for Supplier_0125. Main observed driver: High exception rate.
SUP00053,Supplier_0053,Telecom,Algeria,14,90570.33,6469.31,14,7.53,16.13,1.36,12,0,1,2,0,1,2,5,0,1,0,1,6,0,0.08,85.71,0.0,7.14,2,10,9,71.43,64.29,0.3849127394690467,0.7499999999999999,0.0,0.058823529411764705,0.021679959839501984,0.42857142857142855,0.46534653465346537,29.52,Low Supplier Risk,High exception rate,Maintain standard monitoring for Supplier_0053. Main observed driver: High exception rate.
SUP00132,Supplier_0132,Consulting,Algeria,6,58637.27,9772.88,6,8.15,17.74,1.67,5,0,1,1,1,0,1,3,0,0,0,3,0,0,0.05,83.33,0.0,16.67,1,4,4,66.67,66.67,0.43493832073219263,0.7083333333333335,0.0,0.029411764705882353,0.013940011062000391,0.3999999999999999,0.485148514851485,29.48,Low Supplier Risk,High exception rate,Maintain standard monitoring for Supplier_0132. Main observed driver: High exception rate.
SUP00232,Supplier_0232,Logistics,Morocco,17,164847.47,9696.91,17,6.93,16.13,1.47,16,0,1,3,0,0,3,5,0,0,0,6,3,0,0.15,94.12,0.0,5.88,0,12,10,70.59,58.82,0.3371175768357483,0.8970588235294117,0.0,0.0,0.03968328488693916,0.4235294117647059,0.4199184624344788,29.46,Low Supplier Risk,High exception rate,Maintain standard monitoring for Supplier_0232. Main observed driver: High exception rate.
SUP00102,Supplier_0102,IT Services,United Arab Emirates,7,101778.86,14539.84,7,8.14,15.05,1.71,6,0,1,3,0,0,3,2,0,0,0,0,1,0,0.09,85.71,0.0,14.29,0,4,5,57.14,71.43,0.43397191745779096,0.7499999999999999,0.0,0.0,0.02439668814775337,0.3428571428571428,0.5247524752475248,29.45,Low Supplier Risk,High exception rate,Maintain standard monitoring for Supplier_0102. Main observed driver: High exception rate.
SUP00086,Supplier_0086,Professional Services,Algeria,17,226578.67,13328.16,14,8.41,16.13,1.59,14,0,3,4,2,1,2,2,1,0,0,7,1,0,0.2,82.35,0.0,17.65,3,12,6,70.59,35.29,0.4554668664123031,0.6911764705882352,0.0,0.08823529411764706,0.054645719616767945,0.4235294117647059,0.22422830518345951,29.43,Low Supplier Risk,High exception rate,Maintain standard monitoring for Supplier_0086. Main observed driver: High exception rate.
SUP00047,Supplier_0047,Consulting,Algeria,11,63949.28,5813.57,9,8.06,20.43,1.55,9,0,1,4,0,0,1,3,1,0,1,4,2,0,0.06,81.82,0.0,9.09,0,11,5,100.0,45.45,0.4277393915276924,0.681818181818182,0.0,0.0,0.015227538323890616,0.6,0.30873087308730873,29.23,Low Supplier Risk,High exception rate,Maintain standard monitoring for Supplier_0047. Main observed driver: High exception rate.
SUP00316,Supplier_0316,IT Services,Algeria,7,65283.34,9326.19,7,6.61,12.37,1.57,7,0,0,4,0,0,0,4,0,0,0,0,0,0,0.06,100.0,0.0,0.0,0,4,4,57.14,57.14,0.31163663236882494,1.0,0.0,0.0,0.01555088835881097,0.3428571428571428,0.4059405940594059,29.22,Low Supplier Risk,High exception rate,Maintain standard monitoring for Supplier_0316. Main observed driver: High exception rate.
SUP00185,Supplier_0185,Consulting,Algeria,15,112010.73,7467.38,14,6.81,15.05,1.47,14,0,1,2,1,0,4,6,0,0,1,4,0,0,0.1,93.33,0.0,6.67,1,7,12,46.67,80.0,0.3278418888446744,0.8833333333333333,0.0,0.029411764705882353,0.02687669318635772,0.27999999999999997,0.596039603960396,29.13,Low Supplier Risk,High exception rate,Maintain standard monitoring for Supplier_0185. Main observed driver: High exception rate.
SUP00034,Supplier_0034,Marketing Services,France,8,169485.6,21185.7,7,7.66,18.28,1.75,7,0,1,1,0,0,0,3,0,0,0,5,0,0,0.15,87.5,0.0,12.5,0,6,4,75.0,50.0,0.39554317548746526,0.78125,0.0,0.0,0.040807476825431545,0.44999999999999996,0.3465346534653465,28.94,Low Supplier Risk,High exception rate,Maintain standard monitoring for Supplier_0034. Main observed driver: High exception rate.
SUP00199,Supplier_0199,Marketing Services,Tunisia,11,99777.74,9070.7,10,7.67,15.05,1.55,9,0,1,4,0,1,3,5,0,0,0,3,0,0,0.09,81.82,0.0,9.09,1,7,9,63.64,81.82,0.3965560901494049,0.681818181818182,0.0,0.029411764705882353,0.023911655823959974,0.3818181818181818,0.6111611161116112,28.92,Low Supplier Risk,High exception rate,Maintain standard monitoring for Supplier_0199. Main observed driver: High exception rate.
SUP00243,Supplier_0243,IT Services,France,28,195360.99,6977.18,27,7.99,17.74,1.61,21,0,3,1,0,1,7,10,3,2,4,6,3,0,0.18,75.0,0.0,10.71,3,16,25,57.14,89.29,0.4215507930191576,0.5625,0.0,0.08823529411764706,0.047079164950461744,0.3428571428571428,0.6732673267326733,28.91,Low Supplier Risk,Payment control exceptions,Maintain standard monitoring for Supplier_0243. Main observed driver: Payment control exceptions.
SUP00213,Supplier_0213,Telecom,France,14,68302.54,4878.75,10,8.83,20.43,1.43,10,0,4,3,2,3,1,4,0,1,0,3,1,0,0.06,71.43,0.0,28.57,6,8,8,57.14,57.14,0.48877266784151,0.5000000000000001,0.0,0.17647058823529413,0.016282683349614635,0.3428571428571428,0.4059405940594059,28.8,Low Supplier Risk,High exception rate,Maintain standard monitoring for Supplier_0213. Main observed driver: High exception rate.
SUP00161,Supplier_0161,Logistics,Algeria,14,395359.78,28239.98,14,9.25,26.88,1.71,10,0,2,2,1,1,2,0,1,0,1,6,2,0,0.36,71.43,0.0,14.29,2,11,5,78.57,35.71,0.5224830879426979,0.5000000000000001,0.0,0.058823529411764705,0.09555495744145061,0.47142857142857136,0.2277227722772277,28.71,Low Supplier Risk,High average transaction risk,Maintain standard monitoring for Supplier_0161. Main observed driver: High average transaction risk.
SUP00204,Supplier_0204,Professional Services,Tunisia,20,184092.47,9204.62,19,7.55,17.74,1.65,16,0,1,4,0,1,4,11,0,0,1,4,3,0,0.17,80.0,0.0,5.0,1,12,18,60.0,90.0,0.3871070433744529,0.65,0.0,0.029411764705882353,0.04434789624028326,0.36,0.6792079207920791,28.67,Low Supplier Risk,Payment control exceptions,Maintain standard monitoring for Supplier_0204. Main observed driver: Payment control exceptions.
SUP00167,Supplier_0167,Marketing Services,Germany,13,125760.06,9673.85,11,7.78,22.04,1.62,11,0,2,3,0,0,1,4,0,1,0,6,1,0,0.11,84.62,0.0,15.38,1,11,5,84.62,38.46,0.4047261930270287,0.7307692307692307,0.0,0.029411764705882353,0.030209261688247804,0.5076923076923077,0.2505712109672506,28.65,Low Supplier Risk,High exception rate,Maintain standard monitoring for Supplier_0167. Main observed driver: High exception rate.
SUP00290,Supplier_0290,Office Supplies,Tunisia,10,68115.66,6811.57,10,7.42,13.98,1.6,9,0,0,2,0,0,2,2,0,0,0,6,0,0,0.06,90.0,0.0,0.0,0,8,4,80.0,40.0,0.3764424990051731,0.825,0.0,0.0,0.016237387295069926,0.4799999999999999,0.2633663366336633,28.59,Low Supplier Risk,High exception rate,Maintain standard monitoring for Supplier_0290. Main observed driver: High exception rate.
SUP00137,Supplier_0137,Telecom,Algeria,10,62675.61,6267.56,10,8.17,16.13,1.5,8,0,1,5,0,1,2,2,0,0,0,2,1,0,0.06,80.0,0.0,10.0,1,8,5,80.0,50.0,0.43637087146836456,0.65,0.0,0.029411764705882353,0.014918825643068909,0.4799999999999999,0.3465346534653465,28.48,Low Supplier Risk,High exception rate,Maintain standard monitoring for Supplier_0137. Main observed driver: High exception rate.
SUP00055,Supplier_0055,Marketing Services,Tunisia,22,401555.01,18252.5,22,7.55,19.35,1.5,18,0,3,3,1,2,0,7,0,0,1,10,2,0,0.36,81.82,0.0,13.64,3,16,9,72.73,40.91,0.3869334008609776,0.681818181818182,0.0,0.08823529411764706,0.0970565599457155,0.43636363636363634,0.2709270927092709,28.45,Low Supplier Risk,High exception rate,Maintain standard monitoring for Supplier_0055. Main observed driver: High exception rate.
SUP00183,Supplier_0183,Marketing Services,Tunisia,11,127322.54,11574.78,11,7.23,16.13,1.45,10,0,1,2,0,0,3,2,1,1,0,3,0,0,0.11,90.91,0.0,9.09,1,6,6,54.55,54.55,0.3616105343124843,0.8409090909090908,0.0,0.029411764705882353,0.03058797626072756,0.3272727272727272,0.38433843384338423,28.36,Low Supplier Risk,High exception rate,Maintain standard monitoring for Supplier_0183. Main observed driver: High exception rate.
SUP00245,Supplier_0245,Office Supplies,Algeria,13,134036.24,10310.48,12,8.19,20.97,1.54,10,0,3,3,2,0,1,5,0,0,1,3,3,0,0.12,76.92,0.0,23.08,2,10,7,76.92,53.85,0.4376626159355964,0.5961538461538464,0.0,0.058823529411764705,0.03221524574594171,0.46153846153846156,0.3785224676313785,28.35,Low Supplier Risk,High exception rate,Maintain standard monitoring for Supplier_0245. Main observed driver: High exception rate.
SUP00049,Supplier_0049,Professional Services,Algeria,13,106410.93,8185.46,11,7.78,13.98,1.54,11,0,0,5,0,0,3,2,0,0,1,4,1,0,0.1,84.62,0.0,0.0,0,11,5,84.62,38.46,0.4047261930270287,0.7307692307692307,0.0,0.0,0.025519411260846878,0.5076923076923077,0.2505712109672506,28.17,Low Supplier Risk,High exception rate,Maintain standard monitoring for Supplier_0049. Main observed driver: High exception rate.
SUP00209,Supplier_0209,Professional Services,Spain,13,126049.13,9696.09,12,6.95,12.37,1.31,12,0,0,5,0,0,2,2,0,0,1,3,2,0,0.11,92.31,0.0,0.0,0,11,4,84.62,30.77,0.3389145673268236,0.8653846153846154,0.0,0.0,0.03027932659881736,0.5076923076923077,0.18659558263518658,28.14,Low Supplier Risk,High exception rate,Maintain standard monitoring for Supplier_0209. Main observed driver: High exception rate.
SUP00020,Supplier_0020,IT Services,United Arab Emirates,73,663902.14,9094.55,66,6.9,26.34,1.44,59,0,7,16,2,2,12,23,2,0,3,25,2,0,0.6,80.82,0.0,9.59,4,46,39,63.01,53.42,0.33517762429885145,0.6643835616438357,0.0,0.11764705882352941,0.1606443698243977,0.37808219178082186,0.3750169537501695,28.12,Low Supplier Risk,High exception rate,Maintain standard monitoring for Supplier_0020. Main observed driver: High exception rate.
SUP00252,Supplier_0252,Maintenance,United Kingdom,16,436141.35,27258.83,15,9.11,22.04,2.0,11,0,5,3,0,1,1,7,1,0,1,6,0,0,0.39,68.75,0.0,31.25,1,10,10,62.5,62.5,0.5106943891762834,0.45312500000000006,0.0,0.029411764705882353,0.10543961186749357,0.37499999999999994,0.45049504950495045,27.96,Low Supplier Risk,High average transaction risk,Maintain standard monitoring for Supplier_0252. Main observed driver: High average transaction risk.
SUP00022,Supplier_0022,Consulting,Algeria,82,962821.82,11741.73,73,6.69,22.04,1.44,66,0,7,15,2,0,13,24,1,3,3,18,3,0,0.86,80.49,0.0,8.54,5,42,42,51.22,51.22,0.31817961235720593,0.6585365853658539,0.0,0.14705882352941177,0.23309665005645708,0.30731707317073165,0.3566771311277469,27.94,Low Supplier Risk,High exception rate,Maintain standard monitoring for Supplier_0022. Main observed driver: High exception rate.
SUP00169,Supplier_0169,Marketing Services,Tunisia,8,249442.54,31180.32,7,8.47,21.51,1.62,6,0,2,1,1,0,0,3,0,0,2,2,1,0,0.22,75.0,0.0,25.0,1,6,4,75.0,50.0,0.4599084759251891,0.5625,0.0,0.029411764705882353,0.06018747423268811,0.44999999999999996,0.3465346534653465,27.9,Low Supplier Risk,High exception rate,Maintain standard monitoring for Supplier_0169. Main observed driver: High exception rate.
SUP00154,Supplier_0154,Logistics,Algeria,11,150108.23,13646.2,9,7.87,16.67,1.64,9,0,3,1,0,1,2,2,0,0,0,4,2,0,0.13,81.82,0.0,27.27,1,7,6,63.64,54.55,0.4122562674094709,0.681818181818182,0.0,0.029411764705882353,0.03611078157471972,0.3818181818181818,0.38433843384338423,27.84,Low Supplier Risk,High exception rate,Maintain standard monitoring for Supplier_0154. Main observed driver: High exception rate.
SUP00189,Supplier_0189,Telecom,Germany,6,24433.21,4072.2,6,7.08,14.52,1.67,5,0,0,3,0,0,1,4,0,0,0,0,0,0,0.02,83.33,0.0,0.0,0,3,6,50.0,100.0,0.34938320732192607,0.7083333333333335,0.0,0.0,0.005649616330565603,0.3,0.7623762376237623,27.75,Low Supplier Risk,Payment control exceptions,Maintain standard monitoring for Supplier_0189. Main observed driver: Payment control exceptions.
SUP00231,Supplier_0231,Marketing Services,Algeria,17,150827.37,8872.2,15,6.64,17.74,1.53,15,0,2,2,0,0,2,9,0,0,1,6,0,0,0.14,88.24,0.0,11.76,1,9,13,52.94,76.47,0.3145057465883289,0.7941176470588235,0.0,0.029411764705882353,0.0362850870363276,0.3176470588235294,0.5666860803727432,27.72,Low Supplier Risk,High exception rate,Maintain standard monitoring for Supplier_0231. Main observed driver: High exception rate.
SUP00267,Supplier_0267,IT Services,Algeria,15,153980.49,10265.37,14,6.88,17.2,1.53,13,0,2,4,0,0,2,6,0,0,0,5,1,0,0.14,86.67,0.0,13.33,0,10,10,66.67,66.67,0.333625149224035,0.7666666666666667,0.0,0.0,0.03704934161416374,0.3999999999999999,0.485148514851485,27.61,Low Supplier Risk,High exception rate,Maintain standard monitoring for Supplier_0267. Main observed driver: High exception rate.
SUP00275,Supplier_0275,Professional Services,Spain,14,400046.61,28574.76,13,7.03,16.13,1.5,12,0,1,2,0,0,3,4,0,0,0,6,1,0,0.36,85.71,0.0,7.14,0,9,8,64.29,57.14,0.3452333579671423,0.7499999999999999,0.0,0.0,0.09669095330682832,0.38571428571428573,0.4059405940594059,27.55,Low Supplier Risk,High exception rate,Maintain standard monitoring for Supplier_0275. Main observed driver: High exception rate.
SUP00058,Supplier_0058,Logistics,United Kingdom,20,278451.97,13922.6,18,7.31,21.51,1.5,17,0,2,3,2,0,4,5,0,0,0,8,0,0,0.25,85.0,0.0,10.0,2,11,10,55.0,50.0,0.3678471945881417,0.7375,0.0,0.058823529411764705,0.06721879231697184,0.33,0.3465346534653465,27.54,Low Supplier Risk,High exception rate,Maintain standard monitoring for Supplier_0058. Main observed driver: High exception rate.
SUP00127,Supplier_0127,Marketing Services,United Arab Emirates,9,95952.93,10661.44,8,7.35,18.28,1.56,8,0,1,2,1,0,0,3,0,0,0,3,1,0,0.09,88.89,0.0,11.11,1,6,3,66.67,33.33,0.3706946102489278,0.8055555555555555,0.0,0.029411764705882353,0.02298459673586519,0.3999999999999999,0.20792079207920786,27.48,Low Supplier Risk,High exception rate,Maintain standard monitoring for Supplier_0127. Main observed driver: High exception rate.
SUP00043,Supplier_0043,Maintenance,Algeria,8,124639.35,15579.92,8,8.2,27.42,1.62,6,0,1,1,1,1,1,4,0,0,0,2,1,0,0.11,75.0,0.0,12.5,2,4,6,50.0,75.0,0.4385196975726225,0.5625,0.0,0.058823529411764705,0.02993762351782399,0.3,0.5544554455445544,27.46,Low Supplier Risk,High exception rate,Maintain standard monitoring for Supplier_0043. Main observed driver: High exception rate.
SUP00042,Supplier_0042,Office Supplies,Algeria,22,227433.05,10337.87,20,7.75,24.73,1.64,18,0,4,1,2,0,6,5,1,0,1,6,3,0,0.2,81.82,0.0,18.18,2,11,12,50.0,54.55,0.4024888760264805,0.681818181818182,0.0,0.058823529411764705,0.0548528046075744,0.3,0.38433843384338423,27.41,Low Supplier Risk,High exception rate,Maintain standard monitoring for Supplier_0042. Main observed driver: High exception rate.
SUP00187,Supplier_0187,Telecom,France,12,96745.12,8062.09,12,7.21,13.44,1.58,10,0,0,3,0,0,2,5,1,0,0,4,1,0,0.09,83.33,0.0,0.0,0,8,8,66.67,66.67,0.35999469425653274,0.7083333333333335,0.0,0.0,0.023176608087801052,0.3999999999999999,0.485148514851485,27.25,Low Supplier Risk,High exception rate,Maintain standard monitoring for Supplier_0187. Main observed driver: High exception rate.
SUP00027,Supplier_0027,Logistics,Algeria,88,984887.86,11191.91,81,6.35,28.49,1.32,69,0,7,12,2,1,12,22,1,3,2,30,4,0,0.88,78.41,0.0,7.95,6,51,38,57.95,43.18,0.29159280830590023,0.6221590909090909,0.0,0.17647058823529413,0.23844502629482262,0.3477272727272727,0.28982898289828973,27.16,Low Supplier Risk,High exception rate,Maintain standard monitoring for Supplier_0027. Main observed driver: High exception rate.
SUP00162,Supplier_0162,Consulting,Tunisia,5,42822.17,8564.43,5,5.92,11.83,1.2,5,0,0,2,0,0,1,1,0,0,0,1,0,0,0.04,100.0,0.0,0.0,0,3,2,60.0,40.0,0.25674492638280944,1.0,0.0,0.0,0.010106740341591343,0.36,0.2633663366336633,26.96,Low Supplier Risk,High exception rate,Maintain standard monitoring for Supplier_0162. Main observed driver: High exception rate.
SUP00241,Supplier_0241,Marketing Services,Algeria,14,131447.91,9389.14,13,6.64,17.74,1.57,12,0,1,2,0,0,2,8,0,0,0,4,2,0,0.12,85.71,0.0,7.14,0,8,11,57.14,78.57,0.31464953669490076,0.7499999999999999,0.0,0.0,0.03158788521051946,0.3428571428571428,0.5841584158415841,26.95,Low Supplier Risk,High exception rate,Maintain standard monitoring for Supplier_0241. Main observed driver: High exception rate.
SUP00077,Supplier_0077,Maintenance,Algeria,3,19720.02,6573.34,3,5.92,9.14,1.33,3,0,0,1,0,0,0,1,0,0,0,1,0,0,0.02,100.0,0.0,0.0,0,2,1,66.67,33.33,0.2567979838174825,1.0,0.0,0.0,0.0045072313170832524,0.3999999999999999,0.20792079207920786,26.92,Low Supplier Risk,High exception rate,Maintain standard monitoring for Supplier_0077. Main observed driver: High exception rate.
SUP00172,Supplier_0172,Facilities,Algeria,9,120049.46,13338.83,7,7.41,20.97,1.78,7,0,1,0,0,0,1,5,1,0,0,3,2,0,0.11,77.78,0.0,11.11,0,5,8,55.56,88.89,0.37538135031171244,0.6111111111111113,0.0,0.0,0.028825124011219644,0.3333333333333333,0.6699669966996699,26.86,Low Supplier Risk,Payment control exceptions,Maintain standard monitoring for Supplier_0172. Main observed driver: Payment control exceptions.
SUP00080,Supplier_0080,Maintenance,Algeria,14,407922.66,29137.33,14,7.91,19.35,1.5,11,0,4,5,1,0,1,2,0,1,0,4,0,0,0.37,78.57,0.0,28.57,2,10,3,71.43,21.43,0.41549656074128816,0.625,0.0,0.058823529411764705,0.09859995368352384,0.42857142857142855,0.1089108910891089,26.68,Low Supplier Risk,High exception rate,Maintain standard monitoring for Supplier_0080. Main observed driver: High exception rate.
SUP00256,Supplier_0256,Office Supplies,United Arab Emirates,11,80467.54,7315.23,9,7.38,20.43,1.27,9,0,1,5,1,0,2,2,1,1,0,0,0,0,0.07,81.82,0.0,9.09,2,6,6,54.55,54.55,0.37333140397207254,0.681818181818182,0.0,0.058823529411764705,0.01923124126665443,0.3272727272727272,0.38433843384338423,26.6,Low Supplier Risk,High exception rate,Maintain standard monitoring for Supplier_0256. Main observed driver: High exception rate.
SUP00051,Supplier_0051,IT Services,France,20,149578.77,7478.94,18,7.04,27.42,1.45,16,0,2,3,0,1,0,7,0,0,0,10,4,0,0.13,80.0,0.0,10.0,1,17,9,85.0,45.0,0.3464385196975728,0.65,0.0,0.029411764705882353,0.035982450832857324,0.5099999999999999,0.30495049504950494,26.45,Low Supplier Risk,High exception rate,Maintain standard monitoring for Supplier_0051. Main observed driver: High exception rate.
SUP00298,Supplier_0298,Training,Algeria,13,214892.37,16530.18,12,7.53,17.74,1.62,10,0,2,2,0,0,3,4,1,0,0,5,2,0,0.19,76.92,0.0,15.38,0,9,8,69.23,61.54,0.38495209525850194,0.5961538461538464,0.0,0.0,0.05181318921102178,0.4153846153846153,0.4424980959634424,26.34,Low Supplier Risk,High exception rate,Maintain standard monitoring for Supplier_0298. Main observed driver: High exception rate.
SUP00253,Supplier_0253,Maintenance,Turkey,18,246666.85,13703.71,17,5.97,15.05,1.33,16,0,1,2,1,0,1,10,0,1,0,4,0,0,0.22,88.89,0.0,5.56,2,7,13,38.89,72.22,0.26135208029358453,0.8055555555555555,0.0,0.058823529411764705,0.05951470130011529,0.23333333333333334,0.5313531353135312,26.15,Low Supplier Risk,High exception rate,Maintain standard monitoring for Supplier_0253. Main observed driver: High exception rate.
SUP00073,Supplier_0073,Marketing Services,France,22,726513.09,33023.32,19,7.4,26.34,1.64,17,0,4,3,0,0,3,7,0,0,1,7,0,0,0.65,77.27,0.0,18.18,1,11,11,50.0,50.0,0.3752125312013892,0.6022727272727272,0.0,0.029411764705882353,0.175820038736513,0.3,0.3465346534653465,26.04,Low Supplier Risk,High exception rate,Maintain standard monitoring for Supplier_0073. Main observed driver: High exception rate.
SUP00277,Supplier_0277,Consulting,Algeria,11,78387.67,7126.15,11,7.58,18.28,1.45,9,0,2,3,2,0,2,2,0,0,1,1,0,0,0.07,81.82,0.0,18.18,2,5,5,45.45,45.45,0.3888145280902941,0.681818181818182,0.0,0.058823529411764705,0.01872712148408858,0.2727272727272727,0.30873087308730873,25.91,Low Supplier Risk,High exception rate,Maintain standard monitoring for Supplier_0277. Main observed driver: High exception rate.
SUP00016,Supplier_0016,Consulting,United Arab Emirates,69,931810.74,13504.5,64,6.48,27.42,1.32,51,0,7,8,1,2,9,17,1,2,3,22,5,0,0.84,73.91,0.0,10.14,5,40,32,57.97,46.38,0.301896803289561,0.5434782608695651,0.0,0.14705882352941177,0.22558017118675264,0.34782608695652173,0.31640120533792504,25.85,Low Supplier Risk,High exception rate,Maintain standard monitoring for Supplier_0016. Main observed driver: High exception rate.
SUP00238,Supplier_0238,Facilities,Algeria,28,363825.64,12993.77,26,7.53,23.12,1.39,19,0,5,3,0,2,3,7,0,3,1,8,5,0,0.33,67.86,0.0,17.86,5,20,13,71.43,46.43,0.38494116309476434,0.4375000000000001,0.0,0.14705882352941177,0.08791169906462848,0.42857142857142855,0.31683168316831684,25.77,Low Supplier Risk,High exception rate,Maintain standard monitoring for Supplier_0238. Main observed driver: High exception rate.
SUP00205,Supplier_0205,Consulting,Germany,13,121334.41,9333.42,12,8.44,19.35,1.62,9,0,3,3,2,0,3,2,0,0,1,5,0,0,0.11,69.23,0.0,23.08,2,9,5,69.23,38.46,0.45737549358719287,0.4615384615384615,0.0,0.058823529411764705,0.02913657074327886,0.4153846153846153,0.2505712109672506,25.44,Low Supplier Risk,High exception rate,Maintain standard monitoring for Supplier_0205. Main observed driver: High exception rate.
SUP00098,Supplier_0098,Maintenance,Algeria,11,257508.56,23409.87,9,7.72,15.05,1.55,8,0,1,3,1,0,2,2,0,0,1,3,0,0,0.23,72.73,0.0,9.09,1,7,6,63.64,54.55,0.4005353977498825,0.5227272727272728,0.0,0.029411764705882353,0.06214251961945352,0.3818181818181818,0.38433843384338423,25.43,Low Supplier Risk,High exception rate,Maintain standard monitoring for Supplier_0098. Main observed driver: High exception rate.
SUP00173,Supplier_0173,Office Supplies,France,15,73909.9,4927.33,13,6.52,21.51,1.33,12,0,1,2,0,2,3,6,0,0,0,3,1,0,0.07,80.0,0.0,6.67,2,6,13,40.0,86.67,0.305186364239289,0.65,0.0,0.058823529411764705,0.017641797671167636,0.23999999999999996,0.6514851485148515,25.4,Low Supplier Risk,Payment control exceptions,Maintain standard monitoring for Supplier_0173. Main observed driver: Payment control exceptions.
SUP00303,Supplier_0303,Office Supplies,Algeria,9,93735.06,10415.01,9,6.51,14.52,1.56,8,0,0,2,0,0,1,3,0,0,0,3,0,0,0.08,88.89,0.0,0.0,0,5,4,55.56,44.44,0.3041959587920591,0.8055555555555555,0.0,0.0,0.02244702845411714,0.3333333333333333,0.3003300330033003,25.35,Low Supplier Risk,High exception rate,Maintain standard monitoring for Supplier_0303. Main observed driver: High exception rate.
SUP00258,Supplier_0258,Logistics,Algeria,10,75244.36,7524.44,9,6.94,15.05,1.3,8,0,1,2,0,1,1,2,0,0,0,3,0,0,0.07,80.0,0.0,10.0,2,5,6,50.0,60.0,0.33792280143255077,0.65,0.0,0.058823529411764705,0.017965244658259535,0.3,0.4297029702970297,25.27,Low Supplier Risk,High exception rate,Maintain standard monitoring for Supplier_0258. Main observed driver: High exception rate.
SUP00249,Supplier_0249,Marketing Services,Algeria,24,222579.72,9274.16,21,6.88,18.82,1.5,18,0,1,1,2,0,4,13,0,1,0,8,2,0,0.2,75.0,0.0,4.17,3,12,17,50.0,70.83,0.3332006897466507,0.5625,0.0,0.08823529411764706,0.05367645240079208,0.3,0.5198019801980198,25.27,Low Supplier Risk,High exception rate,Maintain standard monitoring for Supplier_0249. Main observed driver: High exception rate.
SUP00210,Supplier_0210,IT Services,Tunisia,21,199053.52,9478.74,21,6.91,15.05,1.38,17,0,1,4,0,0,4,4,1,0,2,5,4,0,0.18,80.95,0.0,4.76,0,15,9,71.43,42.86,0.3360430523184204,0.6666666666666666,0.0,0.0,0.04797416195542738,0.42857142857142855,0.28712871287128705,25.18,Low Supplier Risk,High exception rate,Maintain standard monitoring for Supplier_0210. Main observed driver: High exception rate.
SUP00152,Supplier_0152,Logistics,Algeria,14,101283.21,7234.52,10,6.38,11.83,1.21,12,0,0,4,0,0,1,3,0,1,1,3,1,0,0.09,85.71,0.0,0.0,1,10,5,71.43,35.71,0.293274970155193,0.7499999999999999,0.0,0.029411764705882353,0.024276552288190624,0.42857142857142855,0.2277227722772277,25.15,Low Supplier Risk,High exception rate,Maintain standard monitoring for Supplier_0152. Main observed driver: High exception rate.
SUP00149,Supplier_0149,Marketing Services,United Kingdom,18,131237.46,7290.97,16,6.93,16.13,1.39,14,0,1,9,1,0,1,7,0,0,0,3,1,0,0.12,77.78,0.0,5.56,1,13,9,72.22,50.0,0.33735685546270505,0.6111111111111113,0.0,0.029411764705882353,0.031536876249266606,0.43333333333333324,0.3465346534653465,25.12,Low Supplier Risk,High exception rate,Maintain standard monitoring for Supplier_0149. Main observed driver: High exception rate.
SUP00272,Supplier_0272,Maintenance,France,6,61740.9,10290.15,4,8.6,17.74,1.67,4,0,3,0,1,0,0,2,0,0,1,2,2,0,0.06,66.67,0.0,50.0,1,5,2,83.33,33.33,0.47048680196312515,0.4166666666666665,0.0,0.029411764705882353,0.014692270232412414,0.5,0.20792079207920786,25.06,Low Supplier Risk,Procurement control exceptions,Maintain standard monitoring for Supplier_0272. Main observed driver: Procurement control exceptions.
SUP00263,Supplier_0263,Office Supplies,United Arab Emirates,6,60929.98,10155.0,5,6.9,13.44,1.33,5,0,0,0,0,0,0,1,1,1,0,3,0,0,0.05,83.33,0.0,0.0,1,4,2,66.67,33.33,0.33505769996020685,0.7083333333333335,0.0,0.029411764705882353,0.014495719095044069,0.3999999999999999,0.20792079207920786,25.04,Low Supplier Risk,High exception rate,Maintain standard monitoring for Supplier_0263. Main observed driver: High exception rate.
SUP00146,Supplier_0146,Consulting,Algeria,19,220362.57,11598.03,19,6.65,18.28,1.58,16,0,1,1,0,0,2,5,3,0,2,5,0,0,0.2,84.21,0.0,5.26,0,8,12,42.11,63.16,0.3151192745093933,0.7236842105263157,0.0,0.0,0.05313905863295282,0.2526315789473684,0.4559666492965085,24.98,Low Supplier Risk,High exception rate,Maintain standard monitoring for Supplier_0146. Main observed driver: High exception rate.
SUP00059,Supplier_0059,Training,Algeria,14,208180.94,14870.07,12,7.3,15.05,1.36,11,0,1,4,2,0,1,2,0,0,0,3,1,0,0.19,78.57,0.0,7.14,2,8,5,57.14,35.71,0.3666079245068501,0.625,0.0,0.058823529411764705,0.05018646992938113,0.3428571428571428,0.2277227722772277,24.95,Low Supplier Risk,High exception rate,Maintain standard monitoring for Supplier_0059. Main observed driver: High exception rate.
SUP00160,Supplier_0160,IT Services,Spain,9,58210.67,6467.85,8,6.33,11.83,1.11,8,0,0,3,0,0,1,0,1,0,2,2,0,0,0.05,88.89,0.0,0.0,0,7,2,77.78,22.22,0.28987045143034007,0.8055555555555555,0.0,0.0,0.013836611571050194,0.4666666666666667,0.1155115511551155,24.94,Low Supplier Risk,High exception rate,Maintain standard monitoring for Supplier_0160. Main observed driver: High exception rate.
SUP00120,Supplier_0120,Professional Services,United Kingdom,16,182941.72,11433.86,15,7.16,15.05,1.25,12,0,1,0,1,1,5,2,0,1,3,3,1,0,0.16,75.0,0.0,6.25,3,8,9,50.0,56.25,0.35560087544767216,0.5625,0.0,0.08823529411764706,0.0440689769617766,0.3,0.3985148514851485,24.88,Low Supplier Risk,High exception rate,Maintain standard monitoring for Supplier_0120. Main observed driver: High exception rate.
SUP00151,Supplier_0151,Consulting,France,11,52458.41,4768.95,10,6.55,13.44,1.27,9,0,0,1,0,0,3,4,0,2,0,2,0,0,0.05,81.82,0.0,0.0,2,5,7,45.45,63.64,0.3072025467568643,0.681818181818182,0.0,0.058823529411764705,0.012442376325355877,0.2727272727272727,0.45994599459945984,24.86,Low Supplier Risk,High exception rate,Maintain standard monitoring for Supplier_0151. Main observed driver: High exception rate.
SUP00221,Supplier_0221,Professional Services,Algeria,5,9842.45,1968.49,5,7.1,13.98,1.2,4,0,0,0,0,1,1,1,0,1,0,0,0,0,0.01,80.0,0.0,0.0,2,1,4,20.0,80.0,0.35081575805809784,0.65,0.0,0.058823529411764705,0.0021131016644227694,0.11999999999999998,0.596039603960396,24.8,Low Supplier Risk,High exception rate,Maintain standard monitoring for Supplier_0221. Main observed driver: High exception rate.
SUP00192,Supplier_0192,Maintenance,Turkey,13,286143.45,22011.03,11,7.07,15.05,1.38,10,0,1,2,0,0,1,2,0,0,1,6,2,0,0.26,76.92,0.0,7.69,0,11,4,84.62,30.77,0.3487710061526218,0.5961538461538464,0.0,0.0,0.06908305653791331,0.5076923076923077,0.18659558263518658,24.74,Low Supplier Risk,High exception rate,Maintain standard monitoring for Supplier_0192. Main observed driver: High exception rate.
SUP00035,Supplier_0035,Telecom,Algeria,13,101922.71,7840.21,13,6.74,17.2,1.46,10,0,2,3,0,1,1,5,1,0,1,2,0,0,0.09,76.92,0.0,15.38,1,6,10,46.15,76.92,0.3223851357556093,0.5961538461538464,0.0,0.029411764705882353,0.024431554572444385,0.2769230769230769,0.5704493526275705,24.45,Low Supplier Risk,High exception rate,Maintain standard monitoring for Supplier_0035. Main observed driver: High exception rate.
SUP00211,Supplier_0211,Telecom,Algeria,13,156026.42,12002.03,12,6.82,17.2,1.38,10,0,1,5,0,0,2,4,0,1,0,2,0,0,0.14,76.92,0.0,7.69,1,8,7,61.54,53.85,0.328996908384095,0.5961538461538464,0.0,0.029411764705882353,0.0375452350049742,0.3692307692307692,0.3785224676313785,24.33,Low Supplier Risk,High exception rate,Maintain standard monitoring for Supplier_0211. Main observed driver: High exception rate.
SUP00067,Supplier_0067,Training,France,8,70352.51,8794.06,7,5.98,12.37,1.25,7,0,0,0,0,0,0,2,0,1,0,4,0,0,0.06,87.5,0.0,0.0,1,5,3,62.5,37.5,0.2620374054914445,0.78125,0.0,0.029411764705882353,0.016779555957357674,0.37499999999999994,0.24257425742574254,24.33,Low Supplier Risk,High exception rate,Maintain standard monitoring for Supplier_0067. Main observed driver: High exception rate.
SUP00294,Supplier_0294,Maintenance,Algeria,10,153616.73,15361.67,10,6.18,11.29,1.5,8,0,0,2,0,0,1,5,0,0,0,3,0,0,0.14,80.0,0.0,0.0,0,5,8,50.0,80.0,0.27799442896935933,0.65,0.0,0.0,0.03696117330936288,0.3,0.596039603960396,24.24,Low Supplier Risk,High exception rate,Maintain standard monitoring for Supplier_0294. Main observed driver: High exception rate.
SUP00103,Supplier_0103,Logistics,Algeria,5,50769.41,10153.88,5,8.92,26.34,1.6,3,0,1,2,1,0,1,1,1,0,0,1,0,0,0.05,60.0,0.0,20.0,1,3,3,60.0,60.0,0.496140071627537,0.30000000000000004,0.0,0.029411764705882353,0.012032995781017184,0.36,0.4297029702970297,24.07,Low Supplier Risk,High average transaction risk,Maintain standard monitoring for Supplier_0103. Main observed driver: High average transaction risk.
SUP00114,Supplier_0114,IT Services,Algeria,14,225449.41,16103.53,13,6.64,20.43,1.5,11,0,2,2,1,0,1,6,0,0,1,3,1,0,0.2,78.57,0.0,14.29,1,7,8,50.0,57.14,0.3146495366949008,0.625,0.0,0.029411764705882353,0.05437200909367741,0.3,0.4059405940594059,24.07,Low Supplier Risk,High exception rate,Maintain standard monitoring for Supplier_0114. Main observed driver: High exception rate.
SUP00308,Supplier_0308,Maintenance,Algeria,12,153971.75,12830.98,12,7.08,17.74,1.5,9,0,1,5,0,0,3,4,0,0,0,0,2,0,0.14,75.0,0.0,8.33,0,7,7,58.33,58.33,0.3493168855285847,0.5625,0.0,0.0,0.03704722320921553,0.35,0.41584158415841577,23.95,Low Supplier Risk,High exception rate,Maintain standard monitoring for Supplier_0308. Main observed driver: High exception rate.
SUP00196,Supplier_0196,Training,Algeria,6,40715.95,6785.99,5,6.09,11.83,1.17,5,0,0,2,0,0,0,1,0,0,0,2,1,0,0.04,83.33,0.0,0.0,0,5,2,83.33,33.33,0.2708582040058364,0.7083333333333335,0.0,0.0,0.009596233834725123,0.5,0.20792079207920786,23.95,Low Supplier Risk,High exception rate,Maintain standard monitoring for Supplier_0196. Main observed driver: High exception rate.
SUP00065,Supplier_0065,Training,Algeria,13,110994.12,8538.01,13,6.29,11.83,1.15,11,0,0,4,1,0,1,1,0,0,0,4,1,0,0.1,84.62,0.0,0.0,1,9,3,69.23,23.08,0.2862652667666596,0.7307692307692307,0.0,0.029411764705882353,0.026630286818577875,0.4153846153846153,0.12261995430312261,23.84,Low Supplier Risk,High exception rate,Maintain standard monitoring for Supplier_0065. Main observed driver: High exception rate.
SUP00048,Supplier_0048,Training,Turkey,9,72072.61,8008.07,9,6.27,16.67,1.44,7,0,1,1,0,0,2,4,0,0,0,4,0,0,0.06,77.78,0.0,11.11,0,5,7,55.56,77.78,0.2851837113675554,0.6111111111111113,0.0,0.0,0.017196474533033808,0.3333333333333333,0.5775577557755776,23.84,Low Supplier Risk,High exception rate,Maintain standard monitoring for Supplier_0048. Main observed driver: High exception rate.
SUP00313,Supplier_0313,Consulting,Spain,15,129846.18,8656.41,14,7.1,19.89,1.53,11,0,2,0,0,0,4,4,0,1,1,7,0,0,0.12,73.33,0.0,13.33,1,9,8,60.0,53.33,0.3507096431887518,0.5333333333333333,0.0,0.029411764705882353,0.031199657206207078,0.36,0.3742574257425742,23.74,Low Supplier Risk,High exception rate,Maintain standard monitoring for Supplier_0313. Main observed driver: High exception rate.
SUP00111,Supplier_0111,IT Services,Algeria,10,73383.68,7338.37,9,6.61,19.35,1.4,8,0,1,1,0,0,2,3,0,1,1,2,0,0,0.07,80.0,0.0,10.0,1,5,5,50.0,50.0,0.31213688818145646,0.65,0.0,0.029411764705882353,0.01751425224189475,0.3,0.3465346534653465,23.6,Low Supplier Risk,High exception rate,Maintain standard monitoring for Supplier_0111. Main observed driver: High exception rate.
SUP00108,Supplier_0108,Marketing Services,Algeria,18,106903.5,5939.08,17,6.3,19.35,1.33,14,0,2,5,0,0,1,6,1,1,0,3,1,0,0.1,77.78,0.0,11.11,1,10,11,55.56,61.11,0.28748286687005353,0.6111111111111113,0.0,0.029411764705882353,0.025638800588688743,0.3333333333333333,0.4389438943894389,23.46,Low Supplier Risk,High exception rate,Maintain standard monitoring for Supplier_0108. Main observed driver: High exception rate.
SUP00314,Supplier_0314,Consulting,France,12,170094.23,14174.52,10,6.77,14.52,1.5,9,0,0,3,0,0,1,3,1,0,0,3,1,0,0.15,75.0,0.0,0.0,0,7,7,58.33,58.33,0.32437989123225897,0.5625,0.0,0.0,0.0409549968258465,0.35,0.41584158415841577,23.37,Low Supplier Risk,High exception rate,Maintain standard monitoring for Supplier_0314. Main observed driver: High exception rate.
SUP00070,Supplier_0070,Telecom,Algeria,14,148943.16,10638.8,13,6.99,13.98,1.29,10,0,0,1,0,1,3,2,0,1,1,5,1,0,0.13,71.43,0.0,0.0,2,9,6,64.29,42.86,0.34216360638963106,0.5000000000000001,0.0,0.058823529411764705,0.03582839140847182,0.38571428571428573,0.28712871287128705,23.16,Low Supplier Risk,High exception rate,Maintain standard monitoring for Supplier_0070. Main observed driver: High exception rate.
SUP00220,Supplier_0220,Consulting,Algeria,12,105167.04,8763.92,12,6.27,17.2,1.25,9,0,2,2,0,1,1,3,0,0,0,4,1,0,0.09,75.0,0.0,16.67,1,7,8,58.33,66.67,0.2849847459875315,0.5625,0.0,0.029411764705882353,0.025217916669196518,0.35,0.485148514851485,23.15,Low Supplier Risk,High exception rate,Maintain standard monitoring for Supplier_0220. Main observed driver: High exception rate.
SUP00092,Supplier_0092,Telecom,Algeria,15,261814.01,17454.27,12,7.03,14.52,1.6,11,0,0,0,0,0,0,4,0,0,1,8,3,0,0.24,73.33,0.0,0.0,0,12,4,80.0,26.67,0.3450324976787372,0.5333333333333333,0.0,0.0,0.0631860764368739,0.4799999999999999,0.15247524752475247,23.12,Low Supplier Risk,High exception rate,Maintain standard monitoring for Supplier_0092. Main observed driver: High exception rate.
SUP00104,Supplier_0104,Marketing Services,Algeria,10,90944.77,9094.48,9,7.42,21.51,1.3,7,0,2,3,2,0,1,2,0,0,0,4,0,0,0.08,70.0,0.0,20.0,2,7,3,70.0,30.0,0.3765220851571828,0.47500000000000003,0.0,0.058823529411764705,0.02177071676728302,0.41999999999999993,0.1801980198019802,23.1,Low Supplier Risk,High exception rate,Maintain standard monitoring for Supplier_0104. Main observed driver: High exception rate.
SUP00032,Supplier_0032,Logistics,Algeria,11,121719.91,11065.45,10,6.21,11.83,1.36,9,0,0,2,0,0,1,3,0,0,0,3,2,0,0.11,81.82,0.0,0.0,0,7,4,63.64,36.36,0.279926201931773,0.681818181818182,0.0,0.0,0.02923000839860305,0.3818181818181818,0.23312331233123312,22.97,Low Supplier Risk,High exception rate,Maintain standard monitoring for Supplier_0032. Main observed driver: High exception rate.
SUP00174,Supplier_0174,Telecom,Algeria,17,211690.84,12452.4,17,6.7,17.2,1.35,13,0,2,1,0,0,2,2,1,2,1,6,0,0,0.19,76.47,0.0,11.76,2,10,5,58.82,29.41,0.319514992626577,0.5882352941176471,0.0,0.058823529411764705,0.0510372009966247,0.3529411764705882,0.17530576587070473,22.96,Low Supplier Risk,High exception rate,Maintain standard monitoring for Supplier_0174. Main observed driver: High exception rate.
SUP00079,Supplier_0079,Maintenance,United Kingdom,16,222276.29,13892.27,14,6.38,15.05,1.31,12,0,1,2,0,0,3,5,0,1,0,6,0,0,0.2,75.0,0.0,6.25,1,9,9,56.25,56.25,0.2939713489852766,0.5625,0.0,0.029411764705882353,0.05360290690726415,0.33749999999999997,0.3985148514851485,22.93,Low Supplier Risk,High exception rate,Maintain standard monitoring for Supplier_0079. Main observed driver: High exception rate.
SUP00087,Supplier_0087,Professional Services,Turkey,11,148026.64,13456.97,11,6.89,18.28,1.27,8,0,1,3,1,0,0,3,0,1,0,4,0,0,0.13,72.73,0.0,9.09,2,8,3,72.73,27.27,0.33433418948739285,0.5227272727272728,0.0,0.058823529411764705,0.03560624489781624,0.43636363636363634,0.1575157515751575,22.9,Low Supplier Risk,High exception rate,Maintain standard monitoring for Supplier_0087. Main observed driver: High exception rate.
SUP00179,Supplier_0179,Telecom,Germany,22,217576.86,9889.86,19,6.52,20.43,1.27,16,0,2,2,2,0,4,5,0,2,0,4,1,0,0.2,72.73,0.0,9.09,4,9,11,40.91,50.0,0.30521289295662557,0.5227272727272728,0.0,0.11764705882352941,0.052463857048482866,0.24545454545454545,0.3465346534653465,22.64,Low Supplier Risk,High exception rate,Maintain standard monitoring for Supplier_0179. Main observed driver: High exception rate.
SUP00282,Supplier_0282,Telecom,France,13,86729.51,6671.5,12,6.04,11.83,1.31,10,0,0,4,0,0,2,5,0,0,0,4,0,0,0.08,76.92,0.0,0.0,0,8,8,61.54,61.54,0.26642994888120247,0.5961538461538464,0.0,0.0,0.02074902024074121,0.3692307692307692,0.4424980959634424,22.6,Low Supplier Risk,High exception rate,Maintain standard monitoring for Supplier_0282. Main observed driver: High exception rate.
SUP00305,Supplier_0305,Professional Services,France,11,133299.11,12118.1,11,6.5,20.97,1.27,8,0,1,1,0,1,0,4,0,1,2,2,0,0,0.12,72.73,0.0,9.09,2,6,6,54.55,54.55,0.30329559020366814,0.5227272727272728,0.0,0.058823529411764705,0.03203657986041869,0.3272727272727272,0.38433843384338423,22.59,Low Supplier Risk,High exception rate,Maintain standard monitoring for Supplier_0305. Main observed driver: High exception rate.
SUP00312,Supplier_0312,Facilities,Algeria,11,87108.53,7918.96,9,5.77,14.52,1.45,9,0,0,2,0,0,2,6,1,0,0,1,0,0,0.08,81.82,0.0,0.0,0,3,9,27.27,81.82,0.24490829504757078,0.681818181818182,0.0,0.0,0.020840887270886416,0.1636363636363636,0.6111611161116112,22.47,Low Supplier Risk,High exception rate,Maintain standard monitoring for Supplier_0312. Main observed driver: High exception rate.
SUP00201,Supplier_0201,Professional Services,Algeria,15,165378.72,11025.25,14,6.63,18.28,1.47,11,0,1,3,0,0,3,4,0,0,0,5,1,0,0.15,73.33,0.0,6.67,0,9,8,60.0,53.33,0.3136224963523014,0.5333333333333333,0.0,0.0,0.039812049489769206,0.36,0.3742574257425742,22.46,Low Supplier Risk,High exception rate,Maintain standard monitoring for Supplier_0201. Main observed driver: High exception rate.
SUP00140,Supplier_0140,Marketing Services,Spain,11,120105.06,10918.64,10,5.57,13.44,1.27,9,0,0,1,0,0,3,4,0,0,0,4,0,0,0.11,81.82,0.0,0.0,0,5,7,45.45,63.64,0.2294975219766306,0.681818181818182,0.0,0.0,0.02883860036306407,0.2727272727272727,0.45994599459945984,22.2,Low Supplier Risk,High exception rate,Maintain standard monitoring for Supplier_0140. Main observed driver: High exception rate.
SUP00143,Supplier_0143,Facilities,Turkey,16,189831.39,11864.46,15,6.72,16.67,1.44,11,0,2,4,0,0,4,5,0,0,0,5,1,0,0.17,68.75,0.0,12.5,0,10,10,62.5,62.5,0.3208316752884998,0.45312500000000006,0.0,0.0,0.045738898131056624,0.37499999999999994,0.45049504950495045,22.18,Low Supplier Risk,High exception rate,Maintain standard monitoring for Supplier_0143. Main observed driver: High exception rate.
SUP00255,Supplier_0255,Training,Spain,9,115554.23,12839.36,9,6.33,12.37,1.33,7,0,0,3,0,0,1,2,0,0,1,2,0,0,0.1,77.78,0.0,0.0,0,6,3,66.67,33.33,0.2899588804881284,0.6111111111111113,0.0,0.0,0.02773556823601087,0.3999999999999999,0.20792079207920786,22.15,Low Supplier Risk,High exception rate,Maintain standard monitoring for Supplier_0255. Main observed driver: High exception rate.
SUP00206,Supplier_0206,Maintenance,Algeria,10,96249.43,9624.94,9,7.26,21.51,1.4,7,0,2,2,2,0,1,3,1,0,1,1,0,0,0.09,70.0,0.0,20.0,2,4,5,40.0,50.0,0.3636291285316356,0.47500000000000003,0.0,0.058823529411764705,0.023056462533021158,0.23999999999999996,0.3465346534653465,22.15,Low Supplier Risk,High exception rate,Maintain standard monitoring for Supplier_0206. Main observed driver: High exception rate.
SUP00145,Supplier_0145,Facilities,Algeria,9,55584.25,6176.03,8,5.68,15.59,1.22,7,0,1,1,0,0,0,3,0,0,0,3,2,0,0.05,77.78,0.0,11.11,0,6,5,66.67,55.56,0.23760887827740196,0.6111111111111113,0.0,0.0,0.013200018765092802,0.3999999999999999,0.3927392739273927,21.99,Low Supplier Risk,High exception rate,Maintain standard monitoring for Supplier_0145. Main observed driver: High exception rate.
SUP00052,Supplier_0052,Logistics,Algeria,11,188834.12,17166.74,10,7.62,19.89,1.36,7,0,3,3,1,2,0,1,0,0,0,3,0,0,0.17,63.64,0.0,27.27,3,6,4,54.55,36.36,0.3927214846434903,0.3636363636363636,0.0,0.08823529411764706,0.04549717940077086,0.3272727272727272,0.23312331233123312,21.96,Low Supplier Risk,High average transaction risk,Maintain standard monitoring for Supplier_0052. Main observed driver: High average transaction risk.
SUP00234,Supplier_0234,Maintenance,France,10,69844.82,6984.48,9,5.75,12.37,1.1,8,0,0,1,1,0,2,3,0,0,1,3,0,0,0.06,80.0,0.0,0.0,1,5,5,50.0,50.0,0.24385196975726223,0.65,0.0,0.029411764705882353,0.016656501837431496,0.3,0.3465346534653465,21.88,Low Supplier Risk,High exception rate,Maintain standard monitoring for Supplier_0234. Main observed driver: High exception rate.
SUP00287,Supplier_0287,Professional Services,Algeria,12,211299.69,17608.31,11,7.3,18.28,1.33,8,0,3,3,0,2,1,1,0,0,0,4,0,0,0.19,66.67,0.0,25.0,2,7,4,58.33,33.33,0.36715744793739225,0.4166666666666665,0.0,0.058823529411764705,0.05094239389187746,0.35,0.20792079207920786,21.78,Low Supplier Risk,High exception rate,Maintain standard monitoring for Supplier_0287. Main observed driver: High exception rate.
SUP00248,Supplier_0248,Marketing Services,United Kingdom,11,95188.58,8653.51,11,5.08,12.37,1.09,9,0,0,1,0,1,1,4,0,0,0,3,0,0,0.09,81.82,0.0,0.0,1,4,8,36.36,72.73,0.190500307491951,0.681818181818182,0.0,0.029411764705882353,0.022799333255068697,0.21818181818181817,0.5355535553555356,21.59,Low Supplier Risk,High exception rate,Maintain standard monitoring for Supplier_0248. Main observed driver: High exception rate.
SUP00320,Supplier_0320,Facilities,France,24,189545.61,7897.73,21,6.11,16.13,1.21,17,0,1,2,0,0,2,6,0,2,0,11,2,0,0.17,70.83,0.0,4.17,2,17,9,70.83,37.5,0.27254940973603925,0.48958333333333354,0.0,0.058823529411764705,0.045669630652098,0.425,0.24257425742574254,21.44,Low Supplier Risk,High exception rate,Maintain standard monitoring for Supplier_0320. Main observed driver: High exception rate.
SUP00247,Supplier_0247,Professional Services,France,18,139033.45,7724.08,18,6.18,13.98,1.5,13,0,0,2,0,0,2,8,0,0,0,8,0,0,0.12,72.22,0.0,0.0,0,10,11,55.56,61.11,0.2780209576866959,0.5138888888888887,0.0,0.0,0.0334264716488279,0.3333333333333333,0.4389438943894389,21.4,Low Supplier Risk,High exception rate,Maintain standard monitoring for Supplier_0247. Main observed driver: High exception rate.
SUP00171,Supplier_0171,Telecom,France,24,348442.58,14518.44,20,6.14,16.13,1.21,17,0,3,4,2,1,0,5,0,0,0,11,0,0,0.31,70.83,0.0,12.5,3,15,7,62.5,29.17,0.2744064199495954,0.48958333333333354,0.0,0.08823529411764706,0.0841831463847026,0.37499999999999994,0.17326732673267325,21.33,Low Supplier Risk,High exception rate,Maintain standard monitoring for Supplier_0171. Main observed driver: High exception rate.
SUP00215,Supplier_0215,Consulting,France,17,106321.72,6254.22,17,6.39,18.82,1.18,12,0,3,2,3,0,1,6,0,0,1,3,3,0,0.1,70.59,0.0,17.65,3,9,7,52.94,41.18,0.29442194705180125,0.48529411764705893,0.0,0.08823529411764706,0.025497788502788582,0.3176470588235294,0.2731508444962143,21.31,Low Supplier Risk,High exception rate,Maintain standard monitoring for Supplier_0215. Main observed driver: High exception rate.
SUP00088,Supplier_0088,Marketing Services,Algeria,29,328727.88,11335.44,27,5.84,16.13,1.24,21,0,2,2,0,2,3,8,1,0,1,9,2,0,0.3,72.41,0.0,6.9,2,14,15,48.28,51.72,0.25075126583146945,0.5172413793103448,0.0,0.058823529411764705,0.0794046889439246,0.28965517241379307,0.3608740184363263,21.13,Low Supplier Risk,High exception rate,Maintain standard monitoring for Supplier_0088. Main observed driver: High exception rate.
SUP00164,Supplier_0164,Facilities,Tunisia,12,91857.2,7654.77,9,6.23,16.13,0.92,9,0,1,3,1,0,0,1,0,2,1,1,1,0,0.08,75.0,0.0,8.33,3,8,1,66.67,8.33,0.2815360127337843,0.5625,0.0,0.08823529411764706,0.021991871941984598,0.3999999999999999,0.0,21.02,Low Supplier Risk,High exception rate,Maintain standard monitoring for Supplier_0164. Main observed driver: High exception rate.
SUP00236,Supplier_0236,IT Services,Turkey,17,278386.24,16375.66,15,5.92,23.66,1.29,13,0,1,0,0,0,4,3,0,0,0,9,0,0,0.25,76.47,0.0,5.88,0,9,7,52.94,41.18,0.25668874792256735,0.5882352941176471,0.0,0.0,0.0672028606513831,0.3176470588235294,0.2731508444962143,21.0,Low Supplier Risk,High exception rate,Maintain standard monitoring for Supplier_0236. Main observed driver: High exception rate.
SUP00091,Supplier_0091,IT Services,Algeria,19,244821.18,12885.33,17,6.73,22.04,1.47,13,0,2,4,0,0,2,5,0,1,1,4,0,0,0.22,68.42,0.0,10.53,1,10,8,52.63,42.11,0.32190504115441804,0.4473684210526316,0.0,0.029411764705882353,0.059067347013987644,0.31578947368421045,0.2808754559666492,20.91,Low Supplier Risk,High exception rate,Maintain standard monitoring for Supplier_0091. Main observed driver: High exception rate.
SUP00265,Supplier_0265,Logistics,Spain,16,214403.29,13400.21,14,6.89,24.19,1.44,11,0,1,1,0,0,1,3,0,0,0,3,7,0,0.19,68.75,0.0,6.25,0,11,4,68.75,25.0,0.3341126144050936,0.45312500000000006,0.0,0.0,0.051694645790876625,0.4125,0.1386138613861386,20.76,Low Supplier Risk,High exception rate,Maintain standard monitoring for Supplier_0265. Main observed driver: High exception rate.
SUP00304,Supplier_0304,Facilities,Algeria,17,159361.3,9374.19,16,6.8,21.51,1.41,11,0,3,2,1,0,2,5,1,0,0,4,4,0,0.14,64.71,0.0,17.65,1,10,8,58.82,47.06,0.32705226937571685,0.38235294117647056,0.0,0.029411764705882353,0.038353544649559285,0.3529411764705882,0.32207338380896905,20.52,Low Supplier Risk,High exception rate,Maintain standard monitoring for Supplier_0304. Main observed driver: High exception rate.
SUP00297,Supplier_0297,Logistics,Algeria,20,243942.8,12197.14,17,6.02,24.73,1.3,14,0,1,2,0,0,1,6,1,1,3,5,0,0,0.22,70.0,0.0,5.0,1,11,10,55.0,50.0,0.2651412654198169,0.47500000000000003,0.0,0.029411764705882353,0.05885444489288864,0.33,0.3465346534653465,20.51,Low Supplier Risk,High exception rate,Maintain standard monitoring for Supplier_0297. Main observed driver: High exception rate.
SUP00112,Supplier_0112,Office Supplies,Algeria,7,64195.35,9170.76,5,4.53,9.14,1.0,6,0,0,1,0,0,0,3,0,0,1,2,0,0,0.06,85.71,0.0,0.0,0,4,3,57.14,42.86,0.1466659087033142,0.7499999999999999,0.0,0.0,0.015287180876019343,0.3428571428571428,0.28712871287128705,20.51,Low Supplier Risk,High exception rate,Maintain standard monitoring for Supplier_0112. Main observed driver: High exception rate.
SUP00198,Supplier_0198,Telecom,Algeria,18,186853.73,10380.76,16,6.06,15.05,1.33,13,0,1,1,0,0,2,4,1,1,0,6,1,0,0.17,72.22,0.0,5.56,1,9,8,50.0,44.44,0.26851483397444403,0.5138888888888887,0.0,0.029411764705882353,0.04501717162326766,0.3,0.3003300330033003,20.41,Low Supplier Risk,High exception rate,Maintain standard monitoring for Supplier_0198. Main observed driver: High exception rate.
SUP00071,Supplier_0071,Telecom,Algeria,1,1124.33,1124.33,1,2.69,2.69,1.0,1,0,0,0,0,0,0,1,0,0,0,0,0,0,0.0,100.0,0.0,0.0,0,0,1,0.0,100.0,0.0,1.0,0.0,0.0,0.0,0.0,0.7623762376237623,20.34,Low Supplier Risk,High exception rate,Maintain standard monitoring for Supplier_0071. Main observed driver: High exception rate.
SUP00085,Supplier_0085,Marketing Services,Algeria,14,150944.0,10781.71,14,6.22,15.05,1.36,10,0,1,4,0,0,2,3,0,0,1,3,0,0,0.14,71.43,0.0,7.14,0,8,6,57.14,42.86,0.28099596384514813,0.5000000000000001,0.0,0.0,0.03631335586574515,0.3428571428571428,0.28712871287128705,20.33,Low Supplier Risk,High exception rate,Maintain standard monitoring for Supplier_0085. Main observed driver: High exception rate.
SUP00129,Supplier_0129,Marketing Services,Algeria,18,279511.26,15528.4,17,5.8,22.04,1.28,13,0,1,2,0,0,3,4,0,0,1,7,0,0,0.25,72.22,0.0,5.56,0,10,9,55.56,50.0,0.2471150019896538,0.5138888888888887,0.0,0.0,0.06747554348145529,0.3333333333333333,0.3465346534653465,20.32,Low Supplier Risk,High exception rate,Maintain standard monitoring for Supplier_0129. Main observed driver: High exception rate.
SUP00319,Supplier_0319,Facilities,Algeria,23,347340.84,15101.78,21,5.77,13.98,1.17,16,0,0,1,0,0,2,6,1,2,2,8,0,0,0.31,69.57,0.0,0.0,2,13,10,56.52,43.48,0.24540216958770913,0.46739130434782605,0.0,0.058823529411764705,0.0839161061710142,0.3391304347826086,0.29229444683598793,20.3,Low Supplier Risk,High exception rate,Maintain standard monitoring for Supplier_0319. Main observed driver: High exception rate.
SUP00082,Supplier_0082,Consulting,France,17,151005.3,8882.66,16,5.63,15.05,1.06,13,0,1,2,0,1,2,2,0,0,0,4,4,0,0.14,76.47,0.0,5.88,1,10,5,58.82,29.41,0.233983286908078,0.5882352941176471,0.0,0.029411764705882353,0.03632821378603404,0.3529411764705882,0.17530576587070473,20.23,Low Supplier Risk,High exception rate,Maintain standard monitoring for Supplier_0082. Main observed driver: High exception rate.
SUP00084,Supplier_0084,Consulting,United Kingdom,14,125444.32,8960.31,13,5.57,11.83,1.14,10,0,0,3,0,1,2,5,1,0,0,3,0,0,0.11,71.43,0.0,0.0,1,6,9,42.86,64.29,0.22903757603319883,0.5000000000000001,0.0,0.029411764705882353,0.030132732491640633,0.2571428571428571,0.46534653465346537,19.8,Low Supplier Risk,High exception rate,Maintain standard monitoring for Supplier_0084. Main observed driver: High exception rate.
SUP00262,Supplier_0262,Marketing Services,France,6,55427.63,9237.94,6,6.54,17.74,1.33,4,0,1,2,0,0,1,1,0,0,0,1,1,0,0.05,66.67,0.0,16.67,0,4,2,66.67,33.33,0.3065393288234514,0.4166666666666665,0.0,0.0,0.01316205714232529,0.3999999999999999,0.20792079207920786,19.5,Low Supplier Risk,High exception rate,Maintain standard monitoring for Supplier_0262. Main observed driver: High exception rate.
SUP00045,Supplier_0045,Facilities,France,17,384271.52,22604.21,15,6.51,23.12,1.35,11,0,2,3,0,0,1,4,0,1,0,6,0,0,0.35,64.71,0.0,11.76,1,10,5,58.82,29.41,0.30439362374476253,0.38235294117647056,0.0,0.029411764705882353,0.09286738022737781,0.3529411764705882,0.17530576587070473,19.47,Low Supplier Risk,High exception rate,Maintain standard monitoring for Supplier_0045. Main observed driver: High exception rate.
SUP00237,Supplier_0237,Consulting,Algeria,8,90633.32,11329.16,5,5.85,13.98,1.12,6,0,0,1,1,0,2,1,0,0,0,2,0,0,0.08,75.0,0.0,0.0,1,3,3,37.5,37.5,0.25129327497015524,0.5625,0.0,0.029411764705882353,0.02169522738271566,0.22499999999999998,0.24257425742574254,19.33,Low Supplier Risk,High exception rate,Maintain standard monitoring for Supplier_0237. Main observed driver: High exception rate.
SUP00230,Supplier_0230,Maintenance,United Arab Emirates,15,120553.83,8036.92,11,5.38,17.74,1.13,11,0,1,1,0,0,4,4,0,0,1,3,2,0,0.11,73.33,0.0,6.67,0,7,8,46.67,53.33,0.21382146173232527,0.5333333333333333,0.0,0.0,0.028947373428122022,0.27999999999999997,0.3742574257425742,19.05,Low Supplier Risk,High exception rate,Maintain standard monitoring for Supplier_0230. Main observed driver: High exception rate.
SUP00260,Supplier_0260,Maintenance,Algeria,8,90998.45,11374.81,7,6.38,17.74,1.25,5,0,1,1,0,0,2,1,0,0,0,4,1,0,0.08,62.5,0.0,12.5,0,6,3,75.0,37.5,0.2939713489852766,0.34375000000000006,0.0,0.0,0.021783727748704042,0.44999999999999996,0.24257425742574254,18.92,Low Supplier Risk,Procurement control exceptions,Maintain standard monitoring for Supplier_0260. Main observed driver: Procurement control exceptions.
SUP00269,Supplier_0269,Maintenance,Morocco,19,127829.76,6727.88,16,5.63,17.2,1.11,13,0,2,2,0,1,3,4,0,1,0,2,3,0,0.11,68.42,0.0,10.53,2,8,9,42.11,47.37,0.23402517435650413,0.4473684210526316,0.0,0.058823529411764705,0.030710916461852183,0.2526315789473684,0.3246482542991141,18.55,Low Supplier Risk,High exception rate,Maintain standard monitoring for Supplier_0269. Main observed driver: High exception rate.
SUP00293,Supplier_0293,Consulting,Algeria,21,156665.21,7460.25,19,5.12,10.75,0.95,15,0,0,3,0,1,3,4,0,1,0,7,0,0,0.14,71.43,0.0,0.0,2,11,8,52.38,38.1,0.1934322475508309,0.5000000000000001,0.0,0.058823529411764705,0.03770006519912346,0.3142857142857143,0.2475247524752475,18.47,Low Supplier Risk,High exception rate,Maintain standard monitoring for Supplier_0293. Main observed driver: High exception rate.
SUP00107,Supplier_0107,Office Supplies,Algeria,18,211775.29,11765.29,16,5.73,19.35,1.11,12,0,1,5,0,1,1,4,0,0,1,3,2,0,0.19,66.67,0.0,5.56,1,11,6,61.11,33.33,0.24229561834018667,0.4166666666666665,0.0,0.029411764705882353,0.05105767002384163,0.36666666666666664,0.20792079207920786,18.38,Low Supplier Risk,High exception rate,Maintain standard monitoring for Supplier_0107. Main observed driver: High exception rate.
SUP00153,Supplier_0153,Office Supplies,Spain,19,238388.06,12546.74,17,5.69,16.67,1.37,13,0,2,2,0,0,3,6,0,0,0,5,1,0,0.21,68.42,0.0,10.53,0,8,10,42.11,52.63,0.2386327936833728,0.4473684210526316,0.0,0.0,0.05750808462950207,0.2526315789473684,0.36842105263157887,18.36,Low Supplier Risk,High exception rate,Maintain standard monitoring for Supplier_0153. Main observed driver: High exception rate.
SUP00259,Supplier_0259,Maintenance,Algeria,12,213226.64,17768.89,10,6.0,22.04,1.33,8,0,1,3,0,0,0,3,0,0,0,4,0,0,0.19,66.67,0.0,8.33,0,7,4,58.33,33.33,0.26362912853163556,0.4166666666666665,0.0,0.0,0.051409448859262574,0.35,0.20792079207920786,18.31,Low Supplier Risk,High exception rate,Maintain standard monitoring for Supplier_0259. Main observed driver: High exception rate.
SUP00207,Supplier_0207,IT Services,Algeria,14,188846.41,13489.03,14,5.68,13.98,1.29,9,0,0,3,0,0,2,5,0,0,1,3,0,0,0.17,64.29,0.0,0.0,0,7,8,50.0,57.14,0.23830367801716787,0.37500000000000017,0.0,0.0,0.04550015825624151,0.3,0.4059405940594059,17.88,Low Supplier Risk,Payment control exceptions,Maintain standard monitoring for Supplier_0207. Main observed driver: Payment control exceptions.
SUP00276,Supplier_0276,Professional Services,Algeria,19,176790.85,9304.78,16,5.74,26.34,1.05,12,0,1,5,0,1,2,3,0,0,1,3,3,0,0.16,63.16,0.0,5.26,1,12,6,63.16,31.58,0.24311475066496327,0.35526315789473684,0.0,0.029411764705882353,0.04257812645333578,0.3789473684210526,0.19332985930171961,17.42,Low Supplier Risk,Procurement control exceptions,Maintain standard monitoring for Supplier_0276. Main observed driver: Procurement control exceptions.
SUP00110,Supplier_0110,Training,Algeria,21,144889.46,6899.5,17,5.97,18.82,1.14,12,0,2,5,0,1,2,5,1,1,0,5,1,0,0.13,57.14,0.0,9.52,2,12,9,57.14,42.86,0.26066359691508917,0.24999999999999997,0.0,0.058823529411764705,0.03484585386401608,0.3428571428571428,0.28712871287128705,16.94,Low Supplier Risk,Procurement control exceptions,Maintain standard monitoring for Supplier_0110. Main observed driver: Procurement control exceptions.
SUP00061,Supplier_0061,Office Supplies,Algeria,11,118661.92,10787.45,11,6.6,18.28,1.27,6,0,2,0,1,1,1,1,0,0,1,4,0,0,0.11,54.55,0.0,18.18,2,5,5,45.45,45.45,0.311037152262779,0.20454545454545447,0.0,0.058823529411764705,0.02848881147096404,0.2727272727272727,0.30873087308730873,16.9,Low Supplier Risk,High average transaction risk,Maintain standard monitoring for Supplier_0061. Main observed driver: High average transaction risk.
SUP00096,Supplier_0096,Maintenance,France,16,237616.62,14851.04,14,5.28,11.83,1.19,11,0,0,1,0,0,2,2,0,0,1,6,0,0,0.21,68.75,0.0,0.0,0,8,5,50.0,31.25,0.20573020294468766,0.45312500000000006,0.0,0.0,0.05732110267146498,0.3,0.19059405940594057,16.85,Low Supplier Risk,High exception rate,Maintain standard monitoring for Supplier_0096. Main observed driver: High exception rate.
SUP00318,Supplier_0318,Marketing Services,Algeria,15,187746.69,12516.45,13,5.88,28.49,1.13,9,0,1,3,1,1,1,3,0,0,1,3,0,0,0.17,60.0,0.0,6.67,2,7,6,46.67,40.0,0.2537206526064465,0.30000000000000004,0.0,0.058823529411764705,0.0452336076510194,0.27999999999999997,0.2633663366336633,16.82,Low Supplier Risk,High exception rate,Maintain standard monitoring for Supplier_0318. Main observed driver: High exception rate.
SUP00122,Supplier_0122,Maintenance,France,11,125809.1,11437.19,11,5.86,19.35,1.09,7,0,1,3,0,1,0,1,0,1,0,1,0,0,0.11,63.64,0.0,9.09,2,5,3,45.45,27.27,0.25264985710668153,0.3636363636363636,0.0,0.058823529411764705,0.030221148024478922,0.2727272727272727,0.1575157515751575,16.79,Low Supplier Risk,High exception rate,Maintain standard monitoring for Supplier_0122. Main observed driver: High exception rate.
SUP00178,Supplier_0178,Marketing Services,Algeria,20,224244.83,11212.24,19,5.08,17.74,1.2,14,0,2,2,0,0,2,5,0,0,1,6,0,0,0.2,70.0,0.0,10.0,0,9,7,45.0,35.0,0.19033028253083967,0.47500000000000003,0.0,0.0,0.05408004247668541,0.26999999999999996,0.22178217821782176,16.68,Low Supplier Risk,High exception rate,Maintain standard monitoring for Supplier_0178. Main observed driver: High exception rate.
SUP00264,Supplier_0264,IT Services,Algeria,7,37639.66,5377.09,7,4.3,9.14,1.0,5,0,0,1,0,0,0,4,0,0,0,0,2,0,0.03,71.43,0.0,0.0,0,3,4,42.86,57.14,0.12824739923824685,0.5000000000000001,0.0,0.0,0.008850601345238041,0.2571428571428571,0.4059405940594059,16.21,Low Supplier Risk,High exception rate,Maintain standard monitoring for Supplier_0264. Main observed driver: High exception rate.
SUP00250,Supplier_0250,Facilities,United Arab Emirates,13,99575.9,7659.68,11,6.29,19.89,1.23,7,0,3,3,1,0,2,3,0,1,0,0,1,0,0.09,53.85,0.0,23.08,2,5,6,38.46,46.15,0.2861428265327987,0.19230769230769237,0.0,0.058823529411764705,0.02386273375819957,0.23076923076923078,0.3145468392993145,15.67,Low Supplier Risk,Payment control exceptions,Maintain standard monitoring for Supplier_0250. Main observed driver: Payment control exceptions.
SUP00193,Supplier_0193,Maintenance,Germany,7,104038.89,14862.7,7,4.76,8.6,1.0,5,0,0,0,0,0,1,0,0,0,0,4,0,0,0.09,71.43,0.0,0.0,0,4,1,57.14,14.29,0.16497072366551074,0.5000000000000001,0.0,0.0,0.024944475188382012,0.3428571428571428,0.0495049504950495,15.65,Low Supplier Risk,High exception rate,Maintain standard monitoring for Supplier_0193. Main observed driver: High exception rate.
SUP00292,Supplier_0292,IT Services,Algeria,16,102922.97,6432.69,14,4.4,16.67,1.0,11,0,1,2,0,0,0,7,0,1,0,4,0,0,0.09,68.75,0.0,6.25,1,7,7,43.75,43.75,0.13629128531635495,0.45312500000000006,0.0,0.029411764705882353,0.02467399802021242,0.26249999999999996,0.29455445544554454,15.58,Low Supplier Risk,High exception rate,Maintain standard monitoring for Supplier_0292. Main observed driver: High exception rate.
SUP00069,Supplier_0069,Telecom,France,16,183389.78,11461.86,15,5.68,18.28,1.06,9,0,2,3,0,2,0,3,0,0,1,4,1,0,0.16,56.25,0.0,12.5,2,9,5,56.25,31.25,0.23786311181854358,0.23437500000000003,0.0,0.058823529411764705,0.044177577936730064,0.33749999999999997,0.19059405940594057,15.5,Low Supplier Risk,Procurement control exceptions,Maintain standard monitoring for Supplier_0069. Main observed driver: Procurement control exceptions.
SUP00044,Supplier_0044,Professional Services,Algeria,16,293014.13,18313.38,14,5.07,17.74,1.06,10,0,1,1,0,1,1,3,0,0,1,4,0,0,0.26,62.5,0.0,6.25,1,6,7,37.5,43.75,0.18976323119777158,0.34375000000000006,0.0,0.029411764705882353,0.07074837490284938,0.22499999999999998,0.29455445544554454,15.36,Low Supplier Risk,High exception rate,Maintain standard monitoring for Supplier_0044. Main observed driver: High exception rate.
SUP00254,Supplier_0254,Marketing Services,Germany,10,167529.81,16752.98,10,5.48,18.82,1.0,6,0,2,2,0,0,0,2,0,1,0,3,0,0,0.15,60.0,0.0,20.0,1,6,2,60.0,20.0,0.22244329486669318,0.30000000000000004,0.0,0.029411764705882353,0.04033343160647821,0.36,0.09702970297029703,15.18,Low Supplier Risk,Procurement control exceptions,Maintain standard monitoring for Supplier_0254. Main observed driver: Procurement control exceptions.
SUP00134,Supplier_0134,IT Services,Algeria,18,253721.58,14095.64,17,5.26,19.35,1.17,11,0,2,1,0,0,3,1,1,0,0,7,0,0,0.23,61.11,0.0,11.11,0,8,6,44.44,33.33,0.20431533802007334,0.31944444444444453,0.0,0.0,0.06122462978298238,0.2666666666666666,0.20792079207920786,14.63,Low Supplier Risk,High exception rate,Maintain standard monitoring for Supplier_0134. Main observed driver: High exception rate.
SUP00136,Supplier_0136,IT Services,Algeria,9,73459.54,8162.17,9,6.03,16.13,1.0,5,0,2,2,2,0,1,1,0,0,0,2,0,0,0.07,55.56,0.0,22.22,2,4,2,44.44,22.22,0.26617146394305163,0.2222222222222223,0.0,0.058823529411764705,0.017532639221227806,0.2666666666666666,0.1155115511551155,14.52,Low Supplier Risk,Procurement control exceptions,Maintain standard monitoring for Supplier_0136. Main observed driver: Procurement control exceptions.
SUP00257,Supplier_0257,Facilities,Algeria,21,253386.71,12066.03,20,4.97,19.35,1.1,13,0,1,4,0,0,2,5,1,0,1,3,0,0,0.23,61.9,0.0,4.76,0,8,9,38.1,42.86,0.18115324124078605,0.33333333333333337,0.0,0.0,0.06114346384877119,0.22857142857142854,0.28712871287128705,14.44,Low Supplier Risk,High exception rate,Maintain standard monitoring for Supplier_0257. Main observed driver: High exception rate.
SUP00218,Supplier_0218,Logistics,Algeria,14,85111.16,6079.37,13,3.96,12.37,0.93,10,0,0,1,0,0,1,5,0,0,0,2,2,0,0.08,71.43,0.0,0.0,0,5,6,35.71,42.86,0.10079017679495197,0.5000000000000001,0.0,0.0,0.020356763873701233,0.21428571428571427,0.28712871287128705,14.38,Low Supplier Risk,High exception rate,Maintain standard monitoring for Supplier_0218. Main observed driver: High exception rate.
SUP00046,Supplier_0046,Marketing Services,Tunisia,10,97732.3,9773.23,9,4.3,9.68,0.8,7,0,0,1,0,0,2,0,0,0,1,3,0,0,0.09,70.0,0.0,0.0,0,5,2,50.0,20.0,0.1283724631914047,0.47500000000000003,0.0,0.0,0.02341588119955965,0.3,0.09702970297029703,14.25,Low Supplier Risk,High exception rate,Maintain standard monitoring for Supplier_0046. Main observed driver: High exception rate.
SUP00244,Supplier_0244,IT Services,Algeria,11,125895.12,11445.01,10,4.4,12.37,0.91,7,0,0,0,0,1,1,2,0,0,0,4,0,0,0.11,63.64,0.0,0.0,1,4,4,36.36,36.36,0.13609231993633106,0.3636363636363636,0.0,0.029411764705882353,0.030241997588969165,0.21818181818181817,0.23312331233123312,13.41,Low Supplier Risk,High exception rate,Maintain standard monitoring for Supplier_0244. Main observed driver: High exception rate.
SUP00099,Supplier_0099,Telecom,Algeria,11,66278.87,6025.35,11,4.4,9.68,0.82,7,0,0,3,0,1,1,2,0,0,0,1,0,0,0.06,63.64,0.0,0.0,1,4,4,36.36,36.36,0.1360199688890497,0.3636363636363636,0.0,0.029411764705882353,0.01579218534715052,0.21818181818181817,0.23312331233123312,13.27,Low Supplier Risk,High exception rate,Maintain standard monitoring for Supplier_0099. Main observed driver: High exception rate.
SUP00036,Supplier_0036,Consulting,United Kingdom,7,52423.32,7489.05,7,3.46,9.14,0.86,5,0,0,2,0,0,0,3,0,0,0,0,0,0,0.05,71.43,0.0,0.0,0,2,3,28.57,42.86,0.061053948041612245,0.5000000000000001,0.0,0.0,0.012433871196107301,0.1714285714285714,0.28712871287128705,12.87,Low Supplier Risk,High exception rate,Maintain standard monitoring for Supplier_0036. Main observed driver: High exception rate.
SUP00306,Supplier_0306,Office Supplies,Algeria,8,68309.81,8538.73,8,4.44,11.29,1.0,5,0,0,2,0,0,1,2,0,0,0,1,0,0,0.06,62.5,0.0,0.0,0,3,3,37.5,37.5,0.13897731794667723,0.34375000000000006,0.0,0.0,0.01628444545533242,0.22499999999999998,0.24257425742574254,12.74,Low Supplier Risk,High exception rate,Maintain standard monitoring for Supplier_0306. Main observed driver: High exception rate.
SUP00208,Supplier_0208,Professional Services,Morocco,11,64360.78,5850.98,10,4.45,10.75,0.82,7,0,0,1,0,0,0,1,0,1,1,0,2,0,0.06,63.64,0.0,0.0,1,5,1,45.45,9.09,0.1399269254422458,0.3636363636363636,0.0,0.029411764705882353,0.01532727787036508,0.2727272727272727,0.006300630063006316,12.32,Low Supplier Risk,High exception rate,Maintain standard monitoring for Supplier_0208. Main observed driver: High exception rate.
SUP00155,Supplier_0155,Professional Services,Spain,12,84903.07,7075.26,11,4.43,15.05,0.92,7,0,1,3,0,0,1,2,1,0,0,2,0,0,0.08,58.33,0.0,8.33,0,5,5,41.67,41.67,0.1388778352566653,0.2708333333333334,0.0,0.0,0.020306326930260476,0.25,0.27722772277227725,12.18,Low Supplier Risk,Payment control exceptions,Maintain standard monitoring for Supplier_0155. Main observed driver: Payment control exceptions.
SUP00163,Supplier_0163,Logistics,Algeria,15,224663.12,14977.54,12,3.91,14.52,0.87,8,0,0,1,0,0,1,3,0,0,0,3,2,0,0.2,53.33,0.0,0.0,0,6,4,40.0,26.67,0.09688287571295928,0.18333333333333343,0.0,0.0,0.0541814277862718,0.23999999999999996,0.15247524752475247,9.18,Low Supplier Risk,Procurement control exceptions,Maintain standard monitoring for Supplier_0163. Main observed driver: Procurement control exceptions.
SUP00133,Supplier_0133,Logistics,Algeria,11,81599.52,7418.14,11,3.71,9.14,0.73,6,0,0,1,0,0,1,2,0,0,0,2,2,0,0.07,54.55,0.0,0.0,0,5,3,45.45,27.27,0.08153963028614838,0.20454545454545447,0.0,0.0,0.019505611064511454,0.2727272727272727,0.1575157515751575,9.13,Low Supplier Risk,Procurement control exceptions,Maintain standard monitoring for Supplier_0133. Main observed driver: Procurement control exceptions.
SUP00054,Supplier_0054,Training,Algeria,20,132091.97,6604.6,18,3.36,12.37,0.7,11,0,0,1,1,0,1,5,0,0,1,3,1,0,0.12,55.0,0.0,0.0,1,6,6,30.0,30.0,0.05340230799840826,0.21250000000000016,0.0,0.029411764705882353,0.031743992749528806,0.18,0.1801980198019802,8.34,Low Supplier Risk,High exception rate,Maintain standard monitoring for Supplier_0054. Main observed driver: High exception rate.
SUP00166,Supplier_0166,Facilities,France,7,35697.53,5099.65,5,2.92,10.75,0.57,3,0,0,0,0,0,1,0,0,0,1,1,0,0,0.03,42.86,0.0,0.0,0,2,1,28.57,14.29,0.018191120459325798,0.0,0.0,0.0,0.008379867042942891,0.1714285714285714,0.0495049504950495,2.6,Low Supplier Risk,Procurement control exceptions,Maintain standard monitoring for Supplier_0166. Main observed driver: Procurement control exceptions.
